id_str,hs_beto
1747300752475730129,"[{'label': 'LABEL_0', 'score': 0.9999117851257324}]"
1747297783743197385,"[{'label': 'LABEL_0', 'score': 0.9988625049591064}]"
1747292672232931781,"[{'label': 'LABEL_0', 'score': 0.9998273849487305}]"
1747046404873175457,"[{'label': 'LABEL_0', 'score': 0.9999501705169678}]"
1747291200812400862,"[{'label': 'LABEL_1', 'score': 0.8396030068397522}]"
1747290395032142059,"[{'label': 'LABEL_0', 'score': 0.9997922778129578}]"
1747290326476226858,"[{'label': 'LABEL_0', 'score': 0.9997888207435608}]"
1747287065300017356,"[{'label': 'LABEL_0', 'score': 0.9999040365219116}]"
1747286327123423546,"[{'label': 'LABEL_0', 'score': 0.9998121857643127}]"
1747284157691035981,"[{'label': 'LABEL_0', 'score': 0.9994692206382751}]"
1747270229523370181,"[{'label': 'LABEL_1', 'score': 0.9996261596679688}]"
1747269528143454681,"[{'label': 'LABEL_1', 'score': 0.9995633959770203}]"
1747254626791903317,"[{'label': 'LABEL_1', 'score': 0.8814963102340698}]"
1747252762742780074,"[{'label': 'LABEL_1', 'score': 0.9981472492218018}]"
1747242402375463158,"[{'label': 'LABEL_0', 'score': 0.9997487664222717}]"
1747240691053232383,"[{'label': 'LABEL_0', 'score': 0.9998798370361328}]"
1747153247696015782,"[{'label': 'LABEL_1', 'score': 0.9997346997261047}]"
1747114851883716742,"[{'label': 'LABEL_0', 'score': 0.5229976773262024}]"
1747113274146001066,"[{'label': 'LABEL_0', 'score': 0.9837744235992432}]"
1747109221697540208,"[{'label': 'LABEL_0', 'score': 0.9987105131149292}]"
1747104883994423494,"[{'label': 'LABEL_0', 'score': 0.9859583973884583}]"
1747100121844641863,"[{'label': 'LABEL_0', 'score': 0.9999433755874634}]"
1747094621241458876,"[{'label': 'LABEL_0', 'score': 0.9979156851768494}]"
1746921934678331409,"[{'label': 'LABEL_1', 'score': 0.9989689588546753}]"
1747077459973927359,"[{'label': 'LABEL_0', 'score': 0.9994122982025146}]"
1747076543719805276,"[{'label': 'LABEL_0', 'score': 0.9996955394744873}]"
1747062638809419989,"[{'label': 'LABEL_1', 'score': 0.9996100068092346}]"
1747049101978456106,"[{'label': 'LABEL_0', 'score': 0.9998747110366821}]"
1747044699473314265,"[{'label': 'LABEL_0', 'score': 0.9998061060905457}]"
1747042202428076039,"[{'label': 'LABEL_0', 'score': 0.9998925924301147}]"
1747037481529229671,"[{'label': 'LABEL_0', 'score': 0.9998629093170166}]"
1747037338440499598,"[{'label': 'LABEL_0', 'score': 0.9996141195297241}]"
1747023336733876377,"[{'label': 'LABEL_0', 'score': 0.9999349117279053}]"
1746855321421623411,"[{'label': 'LABEL_0', 'score': 0.999834418296814}]"
1747020399773167652,"[{'label': 'LABEL_0', 'score': 0.9999209642410278}]"
1747011548927688829,"[{'label': 'LABEL_1', 'score': 0.9994139671325684}]"
1747007584253407529,"[{'label': 'LABEL_0', 'score': 0.9221640229225159}]"
1746972204049269056,"[{'label': 'LABEL_0', 'score': 0.9997639060020447}]"
1746970836676886906,"[{'label': 'LABEL_0', 'score': 0.9998581409454346}]"
1746968984463819039,"[{'label': 'LABEL_0', 'score': 0.9997268319129944}]"
1746961147008303305,"[{'label': 'LABEL_0', 'score': 0.7115994691848755}]"
1746960317668561009,"[{'label': 'LABEL_0', 'score': 0.999933123588562}]"
1746945769007919473,"[{'label': 'LABEL_0', 'score': 0.9998499155044556}]"
1746944918054973613,"[{'label': 'LABEL_0', 'score': 0.9996519088745117}]"
1746943177108459994,"[{'label': 'LABEL_1', 'score': 0.9988771080970764}]"
1746940942962045048,"[{'label': 'LABEL_0', 'score': 0.9998130202293396}]"
1746931885463220731,"[{'label': 'LABEL_0', 'score': 0.9996938705444336}]"
1746929704886513986,"[{'label': 'LABEL_0', 'score': 0.9995889067649841}]"
1746925432790794574,"[{'label': 'LABEL_0', 'score': 0.9998718500137329}]"
1746894348367581588,"[{'label': 'LABEL_0', 'score': 0.9998975992202759}]"
1746894345364447603,"[{'label': 'LABEL_0', 'score': 0.9998849630355835}]"
1746891854463770786,"[{'label': 'LABEL_0', 'score': 0.999607503414154}]"
1746887596708438072,"[{'label': 'LABEL_0', 'score': 0.9999105930328369}]"
1746848950160707666,"[{'label': 'LABEL_0', 'score': 0.9999157190322876}]"
1746800892752306391,"[{'label': 'LABEL_0', 'score': 0.9997252821922302}]"
1746763855638761746,"[{'label': 'LABEL_0', 'score': 0.9996894598007202}]"
1746736922452451715,"[{'label': 'LABEL_0', 'score': 0.9999233484268188}]"
1746730759300284697,"[{'label': 'LABEL_0', 'score': 0.9997745156288147}]"
1746721224825176352,"[{'label': 'LABEL_0', 'score': 0.9917893409729004}]"
1746715238177689916,"[{'label': 'LABEL_0', 'score': 0.9996019005775452}]"
1746712909483282944,"[{'label': 'LABEL_0', 'score': 0.9897708892822266}]"
1746711825834479896,"[{'label': 'LABEL_0', 'score': 0.8468602299690247}]"
1746711597827920369,"[{'label': 'LABEL_0', 'score': 0.9998207688331604}]"
1746698270766674195,"[{'label': 'LABEL_0', 'score': 0.9998610019683838}]"
1746696767133913466,"[{'label': 'LABEL_0', 'score': 0.9997764229774475}]"
1746689759269843203,"[{'label': 'LABEL_0', 'score': 0.9999128580093384}]"
1746686645208813962,"[{'label': 'LABEL_0', 'score': 0.9993494153022766}]"
1746683558456971451,"[{'label': 'LABEL_0', 'score': 0.9998607635498047}]"
1746676564274581995,"[{'label': 'LABEL_0', 'score': 0.9996631145477295}]"
1746674809394680079,"[{'label': 'LABEL_0', 'score': 0.9998804330825806}]"
1746669916139192329,"[{'label': 'LABEL_0', 'score': 0.9998458623886108}]"
1746667776591171948,"[{'label': 'LABEL_0', 'score': 0.9997438788414001}]"
1746663159409086506,"[{'label': 'LABEL_1', 'score': 0.999492883682251}]"
1746661107551363299,"[{'label': 'LABEL_0', 'score': 0.9998934268951416}]"
1746660960947916826,"[{'label': 'LABEL_0', 'score': 0.9998602867126465}]"
1746657412818350302,"[{'label': 'LABEL_0', 'score': 0.999338686466217}]"
1746650267590770819,"[{'label': 'LABEL_0', 'score': 0.9998123049736023}]"
1746649005306655083,"[{'label': 'LABEL_0', 'score': 0.9998942613601685}]"
1746638340634370454,"[{'label': 'LABEL_1', 'score': 0.9995108842849731}]"
1746635009903985149,"[{'label': 'LABEL_0', 'score': 0.9998018145561218}]"
1746623122994823559,"[{'label': 'LABEL_0', 'score': 0.9998866319656372}]"
1746611446471893463,"[{'label': 'LABEL_1', 'score': 0.9531721472740173}]"
1746605431038873880,"[{'label': 'LABEL_0', 'score': 0.8070722222328186}]"
1746603183764275632,"[{'label': 'LABEL_1', 'score': 0.9970548152923584}]"
1746599710540841214,"[{'label': 'LABEL_0', 'score': 0.9963318705558777}]"
1746584272608137663,"[{'label': 'LABEL_0', 'score': 0.9708295464515686}]"
1746560893205225785,"[{'label': 'LABEL_0', 'score': 0.9998894929885864}]"
1746532017456423038,"[{'label': 'LABEL_0', 'score': 0.9998339414596558}]"
1746526537027830176,"[{'label': 'LABEL_0', 'score': 0.999748170375824}]"
1746499255265628595,"[{'label': 'LABEL_0', 'score': 0.999845027923584}]"
1746447144272191492,"[{'label': 'LABEL_0', 'score': 0.9998348951339722}]"
1746445105148342539,"[{'label': 'LABEL_0', 'score': 0.9999393224716187}]"
1746433626634346647,"[{'label': 'LABEL_0', 'score': 0.9583701491355896}]"
1746433322685718863,"[{'label': 'LABEL_1', 'score': 0.9983945488929749}]"
1746412153446224254,"[{'label': 'LABEL_0', 'score': 0.9978410005569458}]"
1746386461446861127,"[{'label': 'LABEL_0', 'score': 0.9560822248458862}]"
1746384950725591328,"[{'label': 'LABEL_0', 'score': 0.9997598528862}]"
1746373439810597010,"[{'label': 'LABEL_0', 'score': 0.7294816374778748}]"
1746369707727303066,"[{'label': 'LABEL_0', 'score': 0.9176839590072632}]"
1746366780501610616,"[{'label': 'LABEL_0', 'score': 0.9998776912689209}]"
1746363867431665670,"[{'label': 'LABEL_0', 'score': 0.9988740086555481}]"
1746344769532391741,"[{'label': 'LABEL_1', 'score': 0.9997357726097107}]"
1746344353285488867,"[{'label': 'LABEL_1', 'score': 0.999717652797699}]"
1746340329463128486,"[{'label': 'LABEL_0', 'score': 0.9996771812438965}]"
1746323447402148304,"[{'label': 'LABEL_0', 'score': 0.9973903298377991}]"
1746306905507565992,"[{'label': 'LABEL_0', 'score': 0.9706658720970154}]"
1746302791612514464,"[{'label': 'LABEL_0', 'score': 0.9999244213104248}]"
1746300515401535963,"[{'label': 'LABEL_0', 'score': 0.9234994053840637}]"
1746294694353469712,"[{'label': 'LABEL_1', 'score': 0.9509317278862}]"
1746279702103265442,"[{'label': 'LABEL_0', 'score': 0.9998862743377686}]"
1746273594470994418,"[{'label': 'LABEL_0', 'score': 0.9994032382965088}]"
1746271991290560942,"[{'label': 'LABEL_0', 'score': 0.9999442100524902}]"
1746270411875094911,"[{'label': 'LABEL_0', 'score': 0.9998593330383301}]"
1746259206980702321,"[{'label': 'LABEL_0', 'score': 0.9987179040908813}]"
1746258547464126669,"[{'label': 'LABEL_0', 'score': 0.9999475479125977}]"
1746257890212491430,"[{'label': 'LABEL_0', 'score': 0.9998131394386292}]"
1746256390476136867,"[{'label': 'LABEL_0', 'score': 0.9998743534088135}]"
1746255193912553648,"[{'label': 'LABEL_0', 'score': 0.9998821020126343}]"
1746231445339730394,"[{'label': 'LABEL_0', 'score': 0.9999325275421143}]"
1746223315138531540,"[{'label': 'LABEL_0', 'score': 0.9997654557228088}]"
1746222671950487855,"[{'label': 'LABEL_0', 'score': 0.919605553150177}]"
1746221852052090949,"[{'label': 'LABEL_0', 'score': 0.9998689889907837}]"
1746166943025861080,"[{'label': 'LABEL_0', 'score': 0.9994621872901917}]"
1746220633711690056,"[{'label': 'LABEL_0', 'score': 0.9996927976608276}]"
1746208173478854704,"[{'label': 'LABEL_0', 'score': 0.9999325275421143}]"
1746197987670294623,"[{'label': 'LABEL_0', 'score': 0.9998798370361328}]"
1746195662331425272,"[{'label': 'LABEL_0', 'score': 0.9999245405197144}]"
1746191972765687959,"[{'label': 'LABEL_0', 'score': 0.9998506307601929}]"
1746179090992816367,"[{'label': 'LABEL_0', 'score': 0.9997244477272034}]"
1746170064049475785,"[{'label': 'LABEL_1', 'score': 0.999505877494812}]"
1746169497147388282,"[{'label': 'LABEL_0', 'score': 0.9994321465492249}]"
1746164523122172040,"[{'label': 'LABEL_1', 'score': 0.999459445476532}]"
1746159895802515469,"[{'label': 'LABEL_0', 'score': 0.9997342228889465}]"
1746078808849981913,"[{'label': 'LABEL_1', 'score': 0.9941949248313904}]"
1746046973654806836,"[{'label': 'LABEL_0', 'score': 0.9998612403869629}]"
1746046657429475420,"[{'label': 'LABEL_0', 'score': 0.9998922348022461}]"
1746044633916776729,"[{'label': 'LABEL_0', 'score': 0.9999386072158813}]"
1746028026293268636,"[{'label': 'LABEL_0', 'score': 0.9999134540557861}]"
1746017441900012002,"[{'label': 'LABEL_0', 'score': 0.9999265670776367}]"
1746001616275181615,"[{'label': 'LABEL_0', 'score': 0.9999433755874634}]"
1745989851848008038,"[{'label': 'LABEL_0', 'score': 0.9676380157470703}]"
1745976155407077736,"[{'label': 'LABEL_0', 'score': 0.9999328851699829}]"
1745975466958164108,"[{'label': 'LABEL_0', 'score': 0.8155993223190308}]"
1745968078775632367,"[{'label': 'LABEL_0', 'score': 0.9998152852058411}]"
1745956841648267539,"[{'label': 'LABEL_0', 'score': 0.9976007342338562}]"
1745941630224404573,"[{'label': 'LABEL_0', 'score': 0.9986761212348938}]"
1745940532667236749,"[{'label': 'LABEL_0', 'score': 0.9997640252113342}]"
1745939757564100902,"[{'label': 'LABEL_1', 'score': 0.9990880489349365}]"
1745935572646916264,"[{'label': 'LABEL_1', 'score': 0.9992824196815491}]"
1745921449670455803,"[{'label': 'LABEL_1', 'score': 0.9996984004974365}]"
1745904891585859786,"[{'label': 'LABEL_0', 'score': 0.9949327111244202}]"
1745903506991530099,"[{'label': 'LABEL_0', 'score': 0.9965018033981323}]"
1745903320420536743,"[{'label': 'LABEL_1', 'score': 0.9955737590789795}]"
1745896764530385242,"[{'label': 'LABEL_0', 'score': 0.9997979998588562}]"
1745890750292807942,"[{'label': 'LABEL_0', 'score': 0.9972631931304932}]"
1745885800724639918,"[{'label': 'LABEL_1', 'score': 0.9997072815895081}]"
1745878859910611042,"[{'label': 'LABEL_0', 'score': 0.9999436140060425}]"
1745871880421056954,"[{'label': 'LABEL_0', 'score': 0.998443067073822}]"
1745869241503678697,"[{'label': 'LABEL_0', 'score': 0.9961447715759277}]"
1745863073368285577,"[{'label': 'LABEL_1', 'score': 0.7384757399559021}]"
1745857524501287323,"[{'label': 'LABEL_0', 'score': 0.9999281167984009}]"
1745845341759353228,"[{'label': 'LABEL_0', 'score': 0.9999088048934937}]"
1745842732277330035,"[{'label': 'LABEL_0', 'score': 0.9995656609535217}]"
1745835136397009201,"[{'label': 'LABEL_0', 'score': 0.99973064661026}]"
1745830994962178274,"[{'label': 'LABEL_0', 'score': 0.9999098777770996}]"
1745820300590067878,"[{'label': 'LABEL_1', 'score': 0.9993834495544434}]"
1745815956675309756,"[{'label': 'LABEL_0', 'score': 0.999911904335022}]"
1745814667325268238,"[{'label': 'LABEL_0', 'score': 0.9998899698257446}]"
1745814389238673807,"[{'label': 'LABEL_0', 'score': 0.99986732006073}]"
1745813910169563236,"[{'label': 'LABEL_0', 'score': 0.999894380569458}]"
1745806312313680259,"[{'label': 'LABEL_1', 'score': 0.99397873878479}]"
1745804812090781916,"[{'label': 'LABEL_1', 'score': 0.999388575553894}]"
1745803269933244453,"[{'label': 'LABEL_0', 'score': 0.9997456669807434}]"
1745801642048458838,"[{'label': 'LABEL_0', 'score': 0.9927969574928284}]"
1745779562452079023,"[{'label': 'LABEL_0', 'score': 0.9888005256652832}]"
1745598152298881212,"[{'label': 'LABEL_0', 'score': 0.9999372959136963}]"
1745672396332294559,"[{'label': 'LABEL_0', 'score': 0.9998679161071777}]"
1745668884672270455,"[{'label': 'LABEL_0', 'score': 0.9999300241470337}]"
1745654537912758442,"[{'label': 'LABEL_0', 'score': 0.999879002571106}]"
1745650767178949008,"[{'label': 'LABEL_0', 'score': 0.9900259971618652}]"
1745607835134611598,"[{'label': 'LABEL_0', 'score': 0.9997032284736633}]"
1745595609535385798,"[{'label': 'LABEL_0', 'score': 0.9996978044509888}]"
1745588045045248071,"[{'label': 'LABEL_1', 'score': 0.9447535872459412}]"
1745587369485742208,"[{'label': 'LABEL_0', 'score': 0.9971898198127747}]"
1745585277375074645,"[{'label': 'LABEL_0', 'score': 0.9998370409011841}]"
1745577312865644941,"[{'label': 'LABEL_1', 'score': 0.9995773434638977}]"
1745574783394185285,"[{'label': 'LABEL_1', 'score': 0.9995102882385254}]"
1745509551070171167,"[{'label': 'LABEL_0', 'score': 0.9997987151145935}]"
1745556502868283685,"[{'label': 'LABEL_0', 'score': 0.9999083280563354}]"
1745556328125219045,"[{'label': 'LABEL_0', 'score': 0.9997500777244568}]"
1745550946631852403,"[{'label': 'LABEL_0', 'score': 0.9998854398727417}]"
1745550040783855831,"[{'label': 'LABEL_0', 'score': 0.999606192111969}]"
1745524062997058042,"[{'label': 'LABEL_0', 'score': 0.9999245405197144}]"
1745523540571419032,"[{'label': 'LABEL_0', 'score': 0.9998465776443481}]"
1745520638792474869,"[{'label': 'LABEL_0', 'score': 0.9999140501022339}]"
1745510318820688097,"[{'label': 'LABEL_0', 'score': 0.9997721314430237}]"
1745502390722158936,"[{'label': 'LABEL_0', 'score': 0.9996744394302368}]"
1745492006099354049,"[{'label': 'LABEL_0', 'score': 0.9998652935028076}]"
1745488755589259410,"[{'label': 'LABEL_0', 'score': 0.9996569156646729}]"
1745480809488826812,"[{'label': 'LABEL_0', 'score': 0.9997684359550476}]"
1745471881031934133,"[{'label': 'LABEL_1', 'score': 0.9993830919265747}]"
1745461093001282002,"[{'label': 'LABEL_0', 'score': 0.9999207258224487}]"
1745436954831749604,"[{'label': 'LABEL_0', 'score': 0.999890923500061}]"
1745412016779448410,"[{'label': 'LABEL_0', 'score': 0.9998488426208496}]"
1745406511105343686,"[{'label': 'LABEL_0', 'score': 0.9610791206359863}]"
1745391044827419100,"[{'label': 'LABEL_0', 'score': 0.9857385158538818}]"
1745363695176143103,"[{'label': 'LABEL_1', 'score': 0.9994361996650696}]"
1745344974231638204,"[{'label': 'LABEL_0', 'score': 0.9998537302017212}]"
1745330116891181240,"[{'label': 'LABEL_0', 'score': 0.9997993111610413}]"
1745322918815338640,"[{'label': 'LABEL_1', 'score': 0.9992677569389343}]"
1745309733693607954,"[{'label': 'LABEL_0', 'score': 0.9995465874671936}]"
1745302942628893181,"[{'label': 'LABEL_1', 'score': 0.9988982677459717}]"
1745302531029323852,"[{'label': 'LABEL_0', 'score': 0.9068014621734619}]"
1745284040888881422,"[{'label': 'LABEL_1', 'score': 0.9990622401237488}]"
1745281262007230587,"[{'label': 'LABEL_1', 'score': 0.9968653321266174}]"
1745266381933723697,"[{'label': 'LABEL_0', 'score': 0.9995850920677185}]"
1745254399931290008,"[{'label': 'LABEL_0', 'score': 0.9998558759689331}]"
1745254027409981445,"[{'label': 'LABEL_1', 'score': 0.9994661211967468}]"
1745244330564997170,"[{'label': 'LABEL_1', 'score': 0.997674286365509}]"
1745241298523558164,"[{'label': 'LABEL_1', 'score': 0.999110996723175}]"
1745237506398765314,"[{'label': 'LABEL_0', 'score': 0.9998244643211365}]"
1745220753895600409,"[{'label': 'LABEL_0', 'score': 0.9999037981033325}]"
1745210199693021584,"[{'label': 'LABEL_1', 'score': 0.9996976852416992}]"
1745097990400799123,"[{'label': 'LABEL_1', 'score': 0.9997931122779846}]"
1745200561169813641,"[{'label': 'LABEL_0', 'score': 0.9999366998672485}]"
1745195551841243425,"[{'label': 'LABEL_0', 'score': 0.9998229146003723}]"
1745194497380683937,"[{'label': 'LABEL_1', 'score': 0.9994552731513977}]"
1745192634279235615,"[{'label': 'LABEL_0', 'score': 0.9998830556869507}]"
1745191707421901215,"[{'label': 'LABEL_1', 'score': 0.9993007183074951}]"
1745175137203212591,"[{'label': 'LABEL_0', 'score': 0.99916672706604}]"
1745169734935384237,"[{'label': 'LABEL_1', 'score': 0.9994311928749084}]"
1745163429994734018,"[{'label': 'LABEL_1', 'score': 0.999245285987854}]"
1745161362114810215,"[{'label': 'LABEL_0', 'score': 0.9995823502540588}]"
1745161191263965563,"[{'label': 'LABEL_0', 'score': 0.9999107122421265}]"
1745160754137874533,"[{'label': 'LABEL_1', 'score': 0.9997485280036926}]"
1745152964946231571,"[{'label': 'LABEL_0', 'score': 0.9992693066596985}]"
1745143398074380513,"[{'label': 'LABEL_0', 'score': 0.9987742304801941}]"
1745141781979636221,"[{'label': 'LABEL_1', 'score': 0.9979068040847778}]"
1745131808700694720,"[{'label': 'LABEL_0', 'score': 0.9983086585998535}]"
1745119252015714791,"[{'label': 'LABEL_1', 'score': 0.9996547698974609}]"
1745114707499913620,"[{'label': 'LABEL_0', 'score': 0.9998598098754883}]"
1745114298785902705,"[{'label': 'LABEL_0', 'score': 0.8286063075065613}]"
1745110331288891855,"[{'label': 'LABEL_0', 'score': 0.9996211528778076}]"
1745105419431768480,"[{'label': 'LABEL_0', 'score': 0.9146575331687927}]"
1745104102638391423,"[{'label': 'LABEL_0', 'score': 0.9999192953109741}]"
1745097849728032868,"[{'label': 'LABEL_0', 'score': 0.9998966455459595}]"
1745082035100651805,"[{'label': 'LABEL_0', 'score': 0.9998444318771362}]"
1745075376919888243,"[{'label': 'LABEL_0', 'score': 0.9998223185539246}]"
1745071403835990297,"[{'label': 'LABEL_1', 'score': 0.8020775318145752}]"
1745066757948055878,"[{'label': 'LABEL_0', 'score': 0.9998462200164795}]"
1745064718606180548,"[{'label': 'LABEL_0', 'score': 0.9999275207519531}]"
1745058996761829785,"[{'label': 'LABEL_0', 'score': 0.9999456405639648}]"
1745045592580231291,"[{'label': 'LABEL_1', 'score': 0.9994552731513977}]"
1745038172482883822,"[{'label': 'LABEL_0', 'score': 0.9998618364334106}]"
1745037190818623666,"[{'label': 'LABEL_0', 'score': 0.999893069267273}]"
1745035690545389624,"[{'label': 'LABEL_0', 'score': 0.9998692274093628}]"
1745002274026340370,"[{'label': 'LABEL_0', 'score': 0.9998466968536377}]"
1744971258603704787,"[{'label': 'LABEL_0', 'score': 0.9967548251152039}]"
1744916187492884617,"[{'label': 'LABEL_0', 'score': 0.9998502731323242}]"
1744908616979656852,"[{'label': 'LABEL_0', 'score': 0.999790608882904}]"
1744900781495460326,"[{'label': 'LABEL_1', 'score': 0.9997929930686951}]"
1744878787253202947,"[{'label': 'LABEL_0', 'score': 0.9994379878044128}]"
1744850123266375868,"[{'label': 'LABEL_1', 'score': 0.9967327117919922}]"
1744841453128314935,"[{'label': 'LABEL_1', 'score': 0.9996187686920166}]"
1744838683629421004,"[{'label': 'LABEL_0', 'score': 0.9999114274978638}]"
1744838508009718214,"[{'label': 'LABEL_0', 'score': 0.9999204874038696}]"
1744831519917474012,"[{'label': 'LABEL_1', 'score': 0.9966294169425964}]"
1744829823782904119,"[{'label': 'LABEL_0', 'score': 0.9996676445007324}]"
1744812562716188766,"[{'label': 'LABEL_0', 'score': 0.9998606443405151}]"
1744810797035864093,"[{'label': 'LABEL_0', 'score': 0.8646059036254883}]"
1744790296292913622,"[{'label': 'LABEL_0', 'score': 0.9997984766960144}]"
1744789793857224811,"[{'label': 'LABEL_1', 'score': 0.9916314482688904}]"
1744783108509950295,"[{'label': 'LABEL_0', 'score': 0.999666690826416}]"
1744776064633581761,"[{'label': 'LABEL_0', 'score': 0.9997422099113464}]"
1744773450948841515,"[{'label': 'LABEL_0', 'score': 0.9999301433563232}]"
1744772591485661483,"[{'label': 'LABEL_1', 'score': 0.999476969242096}]"
1744772048981782737,"[{'label': 'LABEL_0', 'score': 0.9992844462394714}]"
1744771830408261715,"[{'label': 'LABEL_0', 'score': 0.9988142251968384}]"
1744771589017571748,"[{'label': 'LABEL_0', 'score': 0.9997267127037048}]"
1744770248027365385,"[{'label': 'LABEL_0', 'score': 0.9998962879180908}]"
1744766584965541993,"[{'label': 'LABEL_0', 'score': 0.9138604998588562}]"
1744761794713809004,"[{'label': 'LABEL_1', 'score': 0.9987425208091736}]"
1744758892272193841,"[{'label': 'LABEL_0', 'score': 0.9995957016944885}]"
1744752878512648348,"[{'label': 'LABEL_1', 'score': 0.9993365406990051}]"
1744747678934639088,"[{'label': 'LABEL_0', 'score': 0.9998750686645508}]"
1744742012535111710,"[{'label': 'LABEL_0', 'score': 0.9993531107902527}]"
1744738546215526684,"[{'label': 'LABEL_1', 'score': 0.9976319074630737}]"
1744732514768584849,"[{'label': 'LABEL_1', 'score': 0.9994282126426697}]"
1744729585852535189,"[{'label': 'LABEL_0', 'score': 0.9997753500938416}]"
1744719145826984037,"[{'label': 'LABEL_1', 'score': 0.998702883720398}]"
1744716524844462362,"[{'label': 'LABEL_1', 'score': 0.9947097301483154}]"
1744705424056549417,"[{'label': 'LABEL_0', 'score': 0.9999226331710815}]"
1744699236866797689,"[{'label': 'LABEL_0', 'score': 0.9999396800994873}]"
1744697505898447273,"[{'label': 'LABEL_0', 'score': 0.9987953901290894}]"
1744669730055565560,"[{'label': 'LABEL_0', 'score': 0.9998277425765991}]"
1744668196550938630,"[{'label': 'LABEL_1', 'score': 0.9034276008605957}]"
1744668119430201591,"[{'label': 'LABEL_1', 'score': 0.998030960559845}]"
1744662915859227070,"[{'label': 'LABEL_0', 'score': 0.9997187256813049}]"
1744592866872057996,"[{'label': 'LABEL_1', 'score': 0.9017946124076843}]"
1744589502281085423,"[{'label': 'LABEL_0', 'score': 0.999895453453064}]"
1744583725008949477,"[{'label': 'LABEL_0', 'score': 0.9998792409896851}]"
1744575534091092452,"[{'label': 'LABEL_0', 'score': 0.9997420907020569}]"
1744558343471997059,"[{'label': 'LABEL_1', 'score': 0.8745024800300598}]"
1744573388125798449,"[{'label': 'LABEL_0', 'score': 0.9998501539230347}]"
1744571255959773452,"[{'label': 'LABEL_0', 'score': 0.9998987913131714}]"
1744564579017826759,"[{'label': 'LABEL_1', 'score': 0.9994673132896423}]"
1744559298959528315,"[{'label': 'LABEL_0', 'score': 0.9732738137245178}]"
1744557992450687179,"[{'label': 'LABEL_0', 'score': 0.9999092817306519}]"
1744555498387447811,"[{'label': 'LABEL_0', 'score': 0.9999090433120728}]"
1744552666338865239,"[{'label': 'LABEL_0', 'score': 0.9977465271949768}]"
1744551752114811070,"[{'label': 'LABEL_1', 'score': 0.9992865920066833}]"
1744539575257649394,"[{'label': 'LABEL_1', 'score': 0.9995949864387512}]"
1744535849247678721,"[{'label': 'LABEL_0', 'score': 0.9996720552444458}]"
1744535731156971766,"[{'label': 'LABEL_0', 'score': 0.9999113082885742}]"
1744534422722883973,"[{'label': 'LABEL_1', 'score': 0.9405899047851562}]"
1744529274478969001,"[{'label': 'LABEL_0', 'score': 0.9999102354049683}]"
1744446244355785008,"[{'label': 'LABEL_0', 'score': 0.9940783977508545}]"
1744059736171962531,"[{'label': 'LABEL_0', 'score': 0.9999392032623291}]"
1744051558562648260,"[{'label': 'LABEL_0', 'score': 0.9999327659606934}]"
1743736730123948285,"[{'label': 'LABEL_0', 'score': 0.9917268753051758}]"
1743702912688181344,"[{'label': 'LABEL_0', 'score': 0.9997016787528992}]"
1743497125785133256,"[{'label': 'LABEL_0', 'score': 0.9998432397842407}]"
1743344630316274021,"[{'label': 'LABEL_1', 'score': 0.6463263034820557}]"
1743144049467326574,"[{'label': 'LABEL_0', 'score': 0.999772846698761}]"
1743128355430420607,"[{'label': 'LABEL_0', 'score': 0.9998142123222351}]"
1742584849318212011,"[{'label': 'LABEL_0', 'score': 0.9998613595962524}]"
1749401780989960525,"[{'label': 'LABEL_0', 'score': 0.999907374382019}]"
1749395057361277121,"[{'label': 'LABEL_0', 'score': 0.9996362924575806}]"
1749351400843149361,"[{'label': 'LABEL_0', 'score': 0.9996098875999451}]"
1749286466457362897,"[{'label': 'LABEL_0', 'score': 0.9999469518661499}]"
1749281954132877457,"[{'label': 'LABEL_1', 'score': 0.9993865489959717}]"
1749278940781224153,"[{'label': 'LABEL_1', 'score': 0.9957161545753479}]"
1749275550118482053,"[{'label': 'LABEL_0', 'score': 0.9998600482940674}]"
1749272791197593927,"[{'label': 'LABEL_0', 'score': 0.999230146408081}]"
1749272063733354739,"[{'label': 'LABEL_0', 'score': 0.9999051094055176}]"
1749267492751450253,"[{'label': 'LABEL_0', 'score': 0.9999301433563232}]"
1749265066891894827,"[{'label': 'LABEL_0', 'score': 0.999893307685852}]"
1749262557523681326,"[{'label': 'LABEL_0', 'score': 0.999864935874939}]"
1749253801880465896,"[{'label': 'LABEL_0', 'score': 0.9999336004257202}]"
1749253490923212923,"[{'label': 'LABEL_0', 'score': 0.9999262094497681}]"
1749251803089174882,"[{'label': 'LABEL_1', 'score': 0.8751983642578125}]"
1749192940637872296,"[{'label': 'LABEL_1', 'score': 0.9994571805000305}]"
1749211300821954997,"[{'label': 'LABEL_0', 'score': 0.9998830556869507}]"
1749189513778172179,"[{'label': 'LABEL_0', 'score': 0.9997857213020325}]"
1749159794911453560,"[{'label': 'LABEL_0', 'score': 0.9981054067611694}]"
1749158928842154415,"[{'label': 'LABEL_1', 'score': 0.9997970461845398}]"
1749146431741374806,"[{'label': 'LABEL_0', 'score': 0.9999074935913086}]"
1749146291764871464,"[{'label': 'LABEL_1', 'score': 0.9993095397949219}]"
1749139968847471095,"[{'label': 'LABEL_0', 'score': 0.9979007244110107}]"
1749139235490111862,"[{'label': 'LABEL_1', 'score': 0.9996002316474915}]"
1749137855408996744,"[{'label': 'LABEL_0', 'score': 0.9996448755264282}]"
1749123615893688635,"[{'label': 'LABEL_0', 'score': 0.9997962117195129}]"
1749118302104719699,"[{'label': 'LABEL_1', 'score': 0.997200608253479}]"
1749111718024708171,"[{'label': 'LABEL_1', 'score': 0.9994702935218811}]"
1749078402898747673,"[{'label': 'LABEL_0', 'score': 0.99986732006073}]"
1749072146108658142,"[{'label': 'LABEL_1', 'score': 0.9993079900741577}]"
1749051173506535442,"[{'label': 'LABEL_0', 'score': 0.9997853636741638}]"
1748944649559965978,"[{'label': 'LABEL_1', 'score': 0.9976117610931396}]"
1748930271934644688,"[{'label': 'LABEL_0', 'score': 0.9998911619186401}]"
1748925431745568945,"[{'label': 'LABEL_0', 'score': 0.9982843995094299}]"
1748925372001857810,"[{'label': 'LABEL_1', 'score': 0.9997586607933044}]"
1748923218067390621,"[{'label': 'LABEL_0', 'score': 0.9999375343322754}]"
1748917737777205510,"[{'label': 'LABEL_0', 'score': 0.9994698166847229}]"
1748890457608753345,"[{'label': 'LABEL_1', 'score': 0.9988118410110474}]"
1748892592769569159,"[{'label': 'LABEL_0', 'score': 0.9996598958969116}]"
1748887821945823382,"[{'label': 'LABEL_1', 'score': 0.9997647404670715}]"
1748886865690726754,"[{'label': 'LABEL_0', 'score': 0.9998639822006226}]"
1748881344220856534,"[{'label': 'LABEL_0', 'score': 0.9945114850997925}]"
1748876421089440163,"[{'label': 'LABEL_0', 'score': 0.9927841424942017}]"
1748849776932638967,"[{'label': 'LABEL_1', 'score': 0.7780770063400269}]"
1748829168115097752,"[{'label': 'LABEL_0', 'score': 0.9998062252998352}]"
1748820524799492098,"[{'label': 'LABEL_0', 'score': 0.9999144077301025}]"
1748816935649677419,"[{'label': 'LABEL_0', 'score': 0.9998980760574341}]"
1748811504307052582,"[{'label': 'LABEL_1', 'score': 0.9996119141578674}]"
1748808043553309049,"[{'label': 'LABEL_1', 'score': 0.9951691031455994}]"
1748761093176991921,"[{'label': 'LABEL_1', 'score': 0.9998210072517395}]"
1748754057974431858,"[{'label': 'LABEL_0', 'score': 0.9997633099555969}]"
1748731862195822596,"[{'label': 'LABEL_0', 'score': 0.999715268611908}]"
1748724294643765469,"[{'label': 'LABEL_1', 'score': 0.9997127652168274}]"
1748720627396014230,"[{'label': 'LABEL_0', 'score': 0.9999377727508545}]"
1748716783752655209,"[{'label': 'LABEL_0', 'score': 0.9999227523803711}]"
1748716011115725197,"[{'label': 'LABEL_0', 'score': 0.9999314546585083}]"
1748713845479071929,"[{'label': 'LABEL_0', 'score': 0.9994916915893555}]"
1748713641652769253,"[{'label': 'LABEL_0', 'score': 0.9993196725845337}]"
1748711125779136926,"[{'label': 'LABEL_0', 'score': 0.9999433755874634}]"
1748708662699241574,"[{'label': 'LABEL_0', 'score': 0.9999094009399414}]"
1748698988587667897,"[{'label': 'LABEL_0', 'score': 0.9999139308929443}]"
1748687809718714387,"[{'label': 'LABEL_0', 'score': 0.9994634985923767}]"
1748671800634933648,"[{'label': 'LABEL_0', 'score': 0.9998435974121094}]"
1748587758015119630,"[{'label': 'LABEL_0', 'score': 0.9998832941055298}]"
1748575055787733424,"[{'label': 'LABEL_1', 'score': 0.8699505925178528}]"
1748562741340627368,"[{'label': 'LABEL_1', 'score': 0.9988152980804443}]"
1748549130706682104,"[{'label': 'LABEL_1', 'score': 0.9992893934249878}]"
1748526444592984566,"[{'label': 'LABEL_1', 'score': 0.9993306398391724}]"
1748525110091210759,"[{'label': 'LABEL_0', 'score': 0.9999271631240845}]"
1748522725595881871,"[{'label': 'LABEL_1', 'score': 0.9964710474014282}]"
1748520174578188479,"[{'label': 'LABEL_1', 'score': 0.9925128221511841}]"
1748513376609710217,"[{'label': 'LABEL_0', 'score': 0.9995519518852234}]"
1748501888578765044,"[{'label': 'LABEL_0', 'score': 0.9999290704727173}]"
1748475479324033118,"[{'label': 'LABEL_1', 'score': 0.9907495379447937}]"
1748468041224958028,"[{'label': 'LABEL_0', 'score': 0.8679364323616028}]"
1748462471419973789,"[{'label': 'LABEL_1', 'score': 0.9994121789932251}]"
1748449934641123626,"[{'label': 'LABEL_1', 'score': 0.999609649181366}]"
1748448041168724462,"[{'label': 'LABEL_0', 'score': 0.9998706579208374}]"
1748441371784995110,"[{'label': 'LABEL_0', 'score': 0.9999030828475952}]"
1748431634313937298,"[{'label': 'LABEL_0', 'score': 0.9998525381088257}]"
1748428917461901562,"[{'label': 'LABEL_1', 'score': 0.9981112480163574}]"
1748419024105398760,"[{'label': 'LABEL_0', 'score': 0.9989269375801086}]"
1748410671614566762,"[{'label': 'LABEL_1', 'score': 0.998454213142395}]"
1748407988572783050,"[{'label': 'LABEL_0', 'score': 0.9999315738677979}]"
1748386576109826290,"[{'label': 'LABEL_0', 'score': 0.9998618364334106}]"
1748381586536436099,"[{'label': 'LABEL_0', 'score': 0.9996126294136047}]"
1748377043459301767,"[{'label': 'LABEL_1', 'score': 0.9996614456176758}]"
1748373562350596144,"[{'label': 'LABEL_0', 'score': 0.9865334033966064}]"
1748369098407399490,"[{'label': 'LABEL_1', 'score': 0.9998441934585571}]"
1748350280557588934,"[{'label': 'LABEL_0', 'score': 0.9998284578323364}]"
1748348643176824941,"[{'label': 'LABEL_0', 'score': 0.9313151836395264}]"
1748319133324791866,"[{'label': 'LABEL_0', 'score': 0.9996525049209595}]"
1748312141352886383,"[{'label': 'LABEL_0', 'score': 0.9997968077659607}]"
1748310071765868585,"[{'label': 'LABEL_0', 'score': 0.9998173117637634}]"
1748302192350494750,"[{'label': 'LABEL_0', 'score': 0.9996088147163391}]"
1748301779865866331,"[{'label': 'LABEL_0', 'score': 0.9999066591262817}]"
1748251243254870358,"[{'label': 'LABEL_0', 'score': 0.9995315074920654}]"
1748201557823242759,"[{'label': 'LABEL_0', 'score': 0.9994756579399109}]"
1748195221328797818,"[{'label': 'LABEL_0', 'score': 0.9998832941055298}]"
1748171956090732830,"[{'label': 'LABEL_1', 'score': 0.9998724460601807}]"
1748149526311899448,"[{'label': 'LABEL_0', 'score': 0.9998408555984497}]"
1748148852752888200,"[{'label': 'LABEL_1', 'score': 0.9997414946556091}]"
1748147089580716532,"[{'label': 'LABEL_1', 'score': 0.9995972514152527}]"
1748147064033132822,"[{'label': 'LABEL_1', 'score': 0.999337375164032}]"
1748135357445505340,"[{'label': 'LABEL_1', 'score': 0.9994155168533325}]"
1748134872651067882,"[{'label': 'LABEL_1', 'score': 0.9985774755477905}]"
1748129285397676266,"[{'label': 'LABEL_0', 'score': 0.9996764659881592}]"
1748117887804457013,"[{'label': 'LABEL_1', 'score': 0.9998496770858765}]"
1748103936127435202,"[{'label': 'LABEL_0', 'score': 0.9999518394470215}]"
1748099204264718602,"[{'label': 'LABEL_1', 'score': 0.5819609761238098}]"
1748074603723755822,"[{'label': 'LABEL_0', 'score': 0.9994619488716125}]"
1748072105562779780,"[{'label': 'LABEL_0', 'score': 0.9998728036880493}]"
1748066766599991502,"[{'label': 'LABEL_1', 'score': 0.9957994818687439}]"
1748060281392058438,"[{'label': 'LABEL_1', 'score': 0.9996445178985596}]"
1748059861407928685,"[{'label': 'LABEL_0', 'score': 0.9999414682388306}]"
1748056168088387955,"[{'label': 'LABEL_0', 'score': 0.9997692704200745}]"
1748041798511948007,"[{'label': 'LABEL_0', 'score': 0.9999504089355469}]"
1748039185687048349,"[{'label': 'LABEL_0', 'score': 0.9999233484268188}]"
1748034560791654671,"[{'label': 'LABEL_1', 'score': 0.9347435235977173}]"
1748034553812304017,"[{'label': 'LABEL_0', 'score': 0.9999154806137085}]"
1748018534796382363,"[{'label': 'LABEL_0', 'score': 0.9982536435127258}]"
1747999097544417457,"[{'label': 'LABEL_0', 'score': 0.958322286605835}]"
1747998855415620020,"[{'label': 'LABEL_0', 'score': 0.999734103679657}]"
1747996000587796846,"[{'label': 'LABEL_0', 'score': 0.9997697472572327}]"
1747990388055408703,"[{'label': 'LABEL_0', 'score': 0.9999079704284668}]"
1747988394091610269,"[{'label': 'LABEL_0', 'score': 0.9999027252197266}]"
1747986217260449800,"[{'label': 'LABEL_0', 'score': 0.9996715784072876}]"
1747983390953857171,"[{'label': 'LABEL_0', 'score': 0.9999426603317261}]"
1747974008912380208,"[{'label': 'LABEL_0', 'score': 0.9998971223831177}]"
1747910471661842456,"[{'label': 'LABEL_1', 'score': 0.9995806813240051}]"
1747847936535318859,"[{'label': 'LABEL_0', 'score': 0.9999068975448608}]"
1747803613076836525,"[{'label': 'LABEL_0', 'score': 0.9988895058631897}]"
1747789034145886424,"[{'label': 'LABEL_0', 'score': 0.9998910427093506}]"
1747787591229845801,"[{'label': 'LABEL_0', 'score': 0.9998629093170166}]"
1747781159876968893,"[{'label': 'LABEL_0', 'score': 0.9999207258224487}]"
1747775749036109908,"[{'label': 'LABEL_0', 'score': 0.9998433589935303}]"
1747764962284470454,"[{'label': 'LABEL_0', 'score': 0.9996993541717529}]"
1747762791711224208,"[{'label': 'LABEL_1', 'score': 0.9995997548103333}]"
1747762402639090150,"[{'label': 'LABEL_0', 'score': 0.9999309778213501}]"
1747730065427661286,"[{'label': 'LABEL_0', 'score': 0.9636238813400269}]"
1747719559266684974,"[{'label': 'LABEL_0', 'score': 0.9997175335884094}]"
1747717901438828892,"[{'label': 'LABEL_0', 'score': 0.9997982382774353}]"
1747717577810268302,"[{'label': 'LABEL_0', 'score': 0.9998134970664978}]"
1747716663854694585,"[{'label': 'LABEL_0', 'score': 0.9996473789215088}]"
1747712393109479701,"[{'label': 'LABEL_1', 'score': 0.9993201494216919}]"
1747706744015339627,"[{'label': 'LABEL_0', 'score': 0.9999196529388428}]"
1747699737187254556,"[{'label': 'LABEL_0', 'score': 0.9999043941497803}]"
1747699143844176325,"[{'label': 'LABEL_1', 'score': 0.9974683523178101}]"
1747695759816888663,"[{'label': 'LABEL_1', 'score': 0.9996212720870972}]"
1747690976766816755,"[{'label': 'LABEL_0', 'score': 0.9991623163223267}]"
1747666530463060065,"[{'label': 'LABEL_0', 'score': 0.9998165965080261}]"
1747662884690133220,"[{'label': 'LABEL_1', 'score': 0.9996298551559448}]"
1747659523521663347,"[{'label': 'LABEL_1', 'score': 0.999832034111023}]"
1747659153877647544,"[{'label': 'LABEL_1', 'score': 0.9990991353988647}]"
1747650533656076507,"[{'label': 'LABEL_0', 'score': 0.999852180480957}]"
1747644626628919458,"[{'label': 'LABEL_1', 'score': 0.9997803568840027}]"
1747613490062168551,"[{'label': 'LABEL_0', 'score': 0.9998923540115356}]"
1747594531933966574,"[{'label': 'LABEL_0', 'score': 0.9998987913131714}]"
1747479860421755251,"[{'label': 'LABEL_0', 'score': 0.9998735189437866}]"
1747453780675739871,"[{'label': 'LABEL_1', 'score': 0.9880902767181396}]"
1747451494931009716,"[{'label': 'LABEL_0', 'score': 0.9998760223388672}]"
1747448643290792051,"[{'label': 'LABEL_0', 'score': 0.9996620416641235}]"
1747428490968727598,"[{'label': 'LABEL_0', 'score': 0.9999157190322876}]"
1747426801687646236,"[{'label': 'LABEL_0', 'score': 0.9997373223304749}]"
1747418861123653722,"[{'label': 'LABEL_0', 'score': 0.9998961687088013}]"
1747418267902185522,"[{'label': 'LABEL_0', 'score': 0.9999029636383057}]"
1747415069003046917,"[{'label': 'LABEL_0', 'score': 0.9016481637954712}]"
1747409660129280090,"[{'label': 'LABEL_0', 'score': 0.9989074468612671}]"
1747402777934885100,"[{'label': 'LABEL_0', 'score': 0.9998037219047546}]"
1747401430305014253,"[{'label': 'LABEL_0', 'score': 0.9998691082000732}]"
1747399633863614950,"[{'label': 'LABEL_0', 'score': 0.9997060894966125}]"
1747398054167089334,"[{'label': 'LABEL_0', 'score': 0.9999154806137085}]"
1747390129100964317,"[{'label': 'LABEL_0', 'score': 0.9990467429161072}]"
1747354013765345346,"[{'label': 'LABEL_0', 'score': 0.9995782971382141}]"
1747352365483569181,"[{'label': 'LABEL_0', 'score': 0.8229052424430847}]"
1747350374556549526,"[{'label': 'LABEL_1', 'score': 0.9992650151252747}]"
1747340508987343094,"[{'label': 'LABEL_0', 'score': 0.9998973608016968}]"
1747339626228965579,"[{'label': 'LABEL_0', 'score': 0.9998899698257446}]"
1747332362013172085,"[{'label': 'LABEL_0', 'score': 0.9997490048408508}]"
1747323775488495795,"[{'label': 'LABEL_0', 'score': 0.9911892414093018}]"
1747315941497614606,"[{'label': 'LABEL_0', 'score': 0.9998397827148438}]"
1747309923988377899,"[{'label': 'LABEL_0', 'score': 0.9997860789299011}]"
1747307862592782623,"[{'label': 'LABEL_0', 'score': 0.9996988773345947}]"
1747306043305021810,"[{'label': 'LABEL_0', 'score': 0.9998785257339478}]"
1753006756874035202,"[{'label': 'LABEL_0', 'score': 0.9994761347770691}]"
1753003861336379707,"[{'label': 'LABEL_0', 'score': 0.9998506307601929}]"
1752969295825449107,"[{'label': 'LABEL_1', 'score': 0.9870904088020325}]"
1752950965840249081,"[{'label': 'LABEL_0', 'score': 0.9993865489959717}]"
1752939233877053669,"[{'label': 'LABEL_1', 'score': 0.9995007514953613}]"
1752926357879664977,"[{'label': 'LABEL_0', 'score': 0.9983318448066711}]"
1752915243716526087,"[{'label': 'LABEL_0', 'score': 0.9999397993087769}]"
1752682286611345568,"[{'label': 'LABEL_0', 'score': 0.9998761415481567}]"
1752913944589549717,"[{'label': 'LABEL_0', 'score': 0.9998550415039062}]"
1752912586079686837,"[{'label': 'LABEL_0', 'score': 0.9744437336921692}]"
1752907128300294409,"[{'label': 'LABEL_1', 'score': 0.9995228052139282}]"
1752899349976076479,"[{'label': 'LABEL_0', 'score': 0.9997838139533997}]"
1752889240881443153,"[{'label': 'LABEL_1', 'score': 0.9994810223579407}]"
1752881395628642751,"[{'label': 'LABEL_0', 'score': 0.9999289512634277}]"
1752878941352702462,"[{'label': 'LABEL_1', 'score': 0.9994334578514099}]"
1752873039660761128,"[{'label': 'LABEL_1', 'score': 0.999222993850708}]"
1752870288440643916,"[{'label': 'LABEL_0', 'score': 0.9994695782661438}]"
1752865055320793339,"[{'label': 'LABEL_0', 'score': 0.9998486042022705}]"
1752856132895355340,"[{'label': 'LABEL_1', 'score': 0.9995152950286865}]"
1752854573423772012,"[{'label': 'LABEL_0', 'score': 0.9997987151145935}]"
1752851594469679491,"[{'label': 'LABEL_0', 'score': 0.5655713081359863}]"
1752847946985459840,"[{'label': 'LABEL_0', 'score': 0.999637246131897}]"
1752803698001006775,"[{'label': 'LABEL_0', 'score': 0.9998955726623535}]"
1752841237831320016,"[{'label': 'LABEL_0', 'score': 0.9995920062065125}]"
1752819848952815985,"[{'label': 'LABEL_0', 'score': 0.9998387098312378}]"
1752818316777832587,"[{'label': 'LABEL_0', 'score': 0.9990831613540649}]"
1752813521572614534,"[{'label': 'LABEL_0', 'score': 0.9982439279556274}]"
1752813110128189735,"[{'label': 'LABEL_0', 'score': 0.9994229078292847}]"
1752809990417494420,"[{'label': 'LABEL_0', 'score': 0.9910825490951538}]"
1752808216113586466,"[{'label': 'LABEL_1', 'score': 0.9993497729301453}]"
1752808028808642924,"[{'label': 'LABEL_0', 'score': 0.9998383522033691}]"
1752802914744008936,"[{'label': 'LABEL_1', 'score': 0.9944801330566406}]"
1752802804211614204,"[{'label': 'LABEL_1', 'score': 0.9992444515228271}]"
1752796762291458080,"[{'label': 'LABEL_0', 'score': 0.9974373579025269}]"
1752783859442225330,"[{'label': 'LABEL_1', 'score': 0.9998224377632141}]"
1752771499503628567,"[{'label': 'LABEL_0', 'score': 0.9997599720954895}]"
1752769269874532731,"[{'label': 'LABEL_0', 'score': 0.9955821633338928}]"
1752764007843303874,"[{'label': 'LABEL_0', 'score': 0.9994439482688904}]"
1752760453082579007,"[{'label': 'LABEL_0', 'score': 0.9990240335464478}]"
1752760265123197268,"[{'label': 'LABEL_0', 'score': 0.9998419284820557}]"
1752757163670274505,"[{'label': 'LABEL_0', 'score': 0.9991280436515808}]"
1752744727395410350,"[{'label': 'LABEL_0', 'score': 0.9998427629470825}]"
1752741290347761935,"[{'label': 'LABEL_1', 'score': 0.9992176294326782}]"
1752735644902637998,"[{'label': 'LABEL_0', 'score': 0.8761849403381348}]"
1752733025371054511,"[{'label': 'LABEL_1', 'score': 0.9993591904640198}]"
1752732013579174357,"[{'label': 'LABEL_1', 'score': 0.9998210072517395}]"
1752726922042241136,"[{'label': 'LABEL_1', 'score': 0.5962485671043396}]"
1752723925824315615,"[{'label': 'LABEL_1', 'score': 0.9992085099220276}]"
1752717893744165306,"[{'label': 'LABEL_0', 'score': 0.9998629093170166}]"
1752707699970855096,"[{'label': 'LABEL_0', 'score': 0.9969269633293152}]"
1752702470118388081,"[{'label': 'LABEL_0', 'score': 0.9990328550338745}]"
1752667190568825012,"[{'label': 'LABEL_0', 'score': 0.9995276927947998}]"
1752665779521163707,"[{'label': 'LABEL_0', 'score': 0.9998761415481567}]"
1752535327569285156,"[{'label': 'LABEL_1', 'score': 0.9994224309921265}]"
1752526226604933410,"[{'label': 'LABEL_0', 'score': 0.998663067817688}]"
1752521623360418137,"[{'label': 'LABEL_0', 'score': 0.9999144077301025}]"
1752500039027437686,"[{'label': 'LABEL_0', 'score': 0.9999415874481201}]"
1752500036666106139,"[{'label': 'LABEL_0', 'score': 0.9998730421066284}]"
1752492892419985841,"[{'label': 'LABEL_0', 'score': 0.9995098114013672}]"
1752484653217227233,"[{'label': 'LABEL_1', 'score': 0.9991087317466736}]"
1752471723759288818,"[{'label': 'LABEL_1', 'score': 0.9990442395210266}]"
1752446001648984254,"[{'label': 'LABEL_0', 'score': 0.999916672706604}]"
1752441691275923587,"[{'label': 'LABEL_1', 'score': 0.9946046471595764}]"
1752436780660343011,"[{'label': 'LABEL_0', 'score': 0.9996671676635742}]"
1752434857701933464,"[{'label': 'LABEL_0', 'score': 0.9998327493667603}]"
1752430691382448463,"[{'label': 'LABEL_0', 'score': 0.9998359680175781}]"
1752424992774492564,"[{'label': 'LABEL_0', 'score': 0.9998910427093506}]"
1752390400722051366,"[{'label': 'LABEL_0', 'score': 0.9999097585678101}]"
1752388802650202529,"[{'label': 'LABEL_0', 'score': 0.9998968839645386}]"
1752339825489822038,"[{'label': 'LABEL_0', 'score': 0.9999086856842041}]"
1752320516474425621,"[{'label': 'LABEL_0', 'score': 0.9996758699417114}]"
1752316139839868953,"[{'label': 'LABEL_1', 'score': 0.9992559552192688}]"
1752307707439206561,"[{'label': 'LABEL_0', 'score': 0.9996757507324219}]"
1752243472948453578,"[{'label': 'LABEL_0', 'score': 0.9999227523803711}]"
1752222262751572183,"[{'label': 'LABEL_1', 'score': 0.9998418092727661}]"
1752189211724169594,"[{'label': 'LABEL_0', 'score': 0.999941349029541}]"
1752150299769196979,"[{'label': 'LABEL_0', 'score': 0.9997981190681458}]"
1752144567120355528,"[{'label': 'LABEL_1', 'score': 0.9996907711029053}]"
1752125227700805999,"[{'label': 'LABEL_1', 'score': 0.999630331993103}]"
1752098306073804907,"[{'label': 'LABEL_1', 'score': 0.9996531009674072}]"
1752083845774442562,"[{'label': 'LABEL_1', 'score': 0.9998212456703186}]"
1752081552651980870,"[{'label': 'LABEL_0', 'score': 0.9997382760047913}]"
1752080802723025067,"[{'label': 'LABEL_0', 'score': 0.9997912049293518}]"
1752066874005987761,"[{'label': 'LABEL_0', 'score': 0.9961734414100647}]"
1752050690036207913,"[{'label': 'LABEL_0', 'score': 0.9999096393585205}]"
1752036786287542558,"[{'label': 'LABEL_0', 'score': 0.9999511241912842}]"
1752032405178007941,"[{'label': 'LABEL_0', 'score': 0.9998668432235718}]"
1752029534822556016,"[{'label': 'LABEL_0', 'score': 0.9997721314430237}]"
1752024945448669603,"[{'label': 'LABEL_0', 'score': 0.9998292922973633}]"
1752017481663721594,"[{'label': 'LABEL_0', 'score': 0.9997283816337585}]"
1752010467336146979,"[{'label': 'LABEL_1', 'score': 0.9932036399841309}]"
1752008797285958108,"[{'label': 'LABEL_0', 'score': 0.9079157114028931}]"
1752005513192087889,"[{'label': 'LABEL_0', 'score': 0.9967947602272034}]"
1751998337685868734,"[{'label': 'LABEL_1', 'score': 0.999688982963562}]"
1751987215868031212,"[{'label': 'LABEL_1', 'score': 0.9922268390655518}]"
1751981016783221230,"[{'label': 'LABEL_0', 'score': 0.9866968989372253}]"
1751979462344786307,"[{'label': 'LABEL_1', 'score': 0.9997939467430115}]"
1751970609838321956,"[{'label': 'LABEL_0', 'score': 0.9997707009315491}]"
1751953089530053028,"[{'label': 'LABEL_1', 'score': 0.9996809959411621}]"
1751947003095826717,"[{'label': 'LABEL_0', 'score': 0.7169981002807617}]"
1751939590103945636,"[{'label': 'LABEL_0', 'score': 0.9987807869911194}]"
1751908020752208348,"[{'label': 'LABEL_0', 'score': 0.9999164342880249}]"
1751903622906949929,"[{'label': 'LABEL_0', 'score': 0.99979168176651}]"
1751823160234725835,"[{'label': 'LABEL_0', 'score': 0.9990317821502686}]"
1751793789528621257,"[{'label': 'LABEL_0', 'score': 0.9990745782852173}]"
1751780550862311717,"[{'label': 'LABEL_0', 'score': 0.999841570854187}]"
1751767325584609540,"[{'label': 'LABEL_0', 'score': 0.9924311637878418}]"
1751764508018868704,"[{'label': 'LABEL_1', 'score': 0.9995455145835876}]"
1751752661160886410,"[{'label': 'LABEL_0', 'score': 0.9999169111251831}]"
1751749194379898999,"[{'label': 'LABEL_0', 'score': 0.9998695850372314}]"
1751730312097202339,"[{'label': 'LABEL_0', 'score': 0.9998459815979004}]"
1751703091630551102,"[{'label': 'LABEL_0', 'score': 0.9998921155929565}]"
1751700599714759038,"[{'label': 'LABEL_0', 'score': 0.9549438953399658}]"
1751700138530058494,"[{'label': 'LABEL_0', 'score': 0.955369234085083}]"
1751685179637166122,"[{'label': 'LABEL_0', 'score': 0.9999492168426514}]"
1751681071698133229,"[{'label': 'LABEL_0', 'score': 0.9975099563598633}]"
1751674494811336951,"[{'label': 'LABEL_0', 'score': 0.9997997879981995}]"
1751673667749052460,"[{'label': 'LABEL_0', 'score': 0.999790370464325}]"
1751673449922150526,"[{'label': 'LABEL_0', 'score': 0.9998748302459717}]"
1751670904155734524,"[{'label': 'LABEL_0', 'score': 0.9989016056060791}]"
1751639036924412104,"[{'label': 'LABEL_0', 'score': 0.9999006986618042}]"
1751638254598631546,"[{'label': 'LABEL_0', 'score': 0.9992484450340271}]"
1751635423275663757,"[{'label': 'LABEL_0', 'score': 0.7003970146179199}]"
1751635159332311105,"[{'label': 'LABEL_0', 'score': 0.9988372921943665}]"
1751633485322658062,"[{'label': 'LABEL_0', 'score': 0.9999027252197266}]"
1751633281894752263,"[{'label': 'LABEL_0', 'score': 0.9998708963394165}]"
1751625536265208032,"[{'label': 'LABEL_1', 'score': 0.9997437596321106}]"
1751615227093807565,"[{'label': 'LABEL_0', 'score': 0.9999418258666992}]"
1751598597458575375,"[{'label': 'LABEL_0', 'score': 0.9998290538787842}]"
1751560020125167683,"[{'label': 'LABEL_0', 'score': 0.9998987913131714}]"
1751475435949420942,"[{'label': 'LABEL_0', 'score': 0.9999135732650757}]"
1751455703611351428,"[{'label': 'LABEL_1', 'score': 0.5378584265708923}]"
1751450427952869839,"[{'label': 'LABEL_0', 'score': 0.8781387209892273}]"
1751430448901714353,"[{'label': 'LABEL_0', 'score': 0.9998028874397278}]"
1751423335328608637,"[{'label': 'LABEL_0', 'score': 0.9720046520233154}]"
1751420472976085196,"[{'label': 'LABEL_1', 'score': 0.9998401403427124}]"
1751404867292196912,"[{'label': 'LABEL_0', 'score': 0.9997745156288147}]"
1751402238017171594,"[{'label': 'LABEL_0', 'score': 0.9924739003181458}]"
1751401680162156575,"[{'label': 'LABEL_0', 'score': 0.9999035596847534}]"
1751401296068776245,"[{'label': 'LABEL_0', 'score': 0.9998589754104614}]"
1751400437230580130,"[{'label': 'LABEL_1', 'score': 0.6989590525627136}]"
1751391328305369146,"[{'label': 'LABEL_0', 'score': 0.9991797804832458}]"
1751382298006618460,"[{'label': 'LABEL_0', 'score': 0.9998761415481567}]"
1751377743810277836,"[{'label': 'LABEL_0', 'score': 0.9996676445007324}]"
1751373816205373442,"[{'label': 'LABEL_1', 'score': 0.9990407824516296}]"
1751368942994469218,"[{'label': 'LABEL_1', 'score': 0.999736487865448}]"
1751365197669728316,"[{'label': 'LABEL_1', 'score': 0.9996090531349182}]"
1751352770714628337,"[{'label': 'LABEL_1', 'score': 0.9976860284805298}]"
1751331501868748991,"[{'label': 'LABEL_0', 'score': 0.9998626708984375}]"
1751312640977096961,"[{'label': 'LABEL_0', 'score': 0.9999344348907471}]"
1751306446925381889,"[{'label': 'LABEL_0', 'score': 0.9998698234558105}]"
1751001744266371378,"[{'label': 'LABEL_0', 'score': 0.9995811581611633}]"
1751296030824439843,"[{'label': 'LABEL_0', 'score': 0.9997726082801819}]"
1751295981155451138,"[{'label': 'LABEL_0', 'score': 0.9998176693916321}]"
1751286384956948805,"[{'label': 'LABEL_0', 'score': 0.9992790818214417}]"
1751276107242827931,"[{'label': 'LABEL_0', 'score': 0.9998526573181152}]"
1751261404579930579,"[{'label': 'LABEL_0', 'score': 0.9998109936714172}]"
1751234960441122901,"[{'label': 'LABEL_0', 'score': 0.9972348809242249}]"
1751228820437241874,"[{'label': 'LABEL_1', 'score': 0.9848843812942505}]"
1751226595937796430,"[{'label': 'LABEL_0', 'score': 0.9997934699058533}]"
1751223202942976352,"[{'label': 'LABEL_0', 'score': 0.9998737573623657}]"
1751214524043030722,"[{'label': 'LABEL_1', 'score': 0.9987381100654602}]"
1751196910075998243,"[{'label': 'LABEL_0', 'score': 0.9997950196266174}]"
1751173610612355167,"[{'label': 'LABEL_0', 'score': 0.9998238682746887}]"
1751072123869687815,"[{'label': 'LABEL_0', 'score': 0.9998689889907837}]"
1751068768925622507,"[{'label': 'LABEL_0', 'score': 0.536312460899353}]"
1751062334628364689,"[{'label': 'LABEL_0', 'score': 0.9999327659606934}]"
1751060439524417764,"[{'label': 'LABEL_0', 'score': 0.9988940358161926}]"
1751052051180617879,"[{'label': 'LABEL_0', 'score': 0.9999181032180786}]"
1751042984131321917,"[{'label': 'LABEL_1', 'score': 0.9991782307624817}]"
1751028738945438159,"[{'label': 'LABEL_0', 'score': 0.9998738765716553}]"
1751024087025987668,"[{'label': 'LABEL_1', 'score': 0.9995280504226685}]"
1751023068548300978,"[{'label': 'LABEL_1', 'score': 0.8401002883911133}]"
1751010023184953697,"[{'label': 'LABEL_0', 'score': 0.9996336698532104}]"
1751009769207288147,"[{'label': 'LABEL_0', 'score': 0.9996482133865356}]"
1750967980136010152,"[{'label': 'LABEL_0', 'score': 0.9998406171798706}]"
1750964504425333117,"[{'label': 'LABEL_0', 'score': 0.9995284080505371}]"
1750958012414480799,"[{'label': 'LABEL_1', 'score': 0.9929473400115967}]"
1750956248135057902,"[{'label': 'LABEL_0', 'score': 0.9995174407958984}]"
1750954079692427701,"[{'label': 'LABEL_0', 'score': 0.9998910427093506}]"
1750953450198777930,"[{'label': 'LABEL_1', 'score': 0.9995478987693787}]"
1750945906323583400,"[{'label': 'LABEL_0', 'score': 0.9998152852058411}]"
1750933072042705058,"[{'label': 'LABEL_0', 'score': 0.9998683929443359}]"
1750928167785594961,"[{'label': 'LABEL_0', 'score': 0.9998002648353577}]"
1750925670815879215,"[{'label': 'LABEL_1', 'score': 0.9992256164550781}]"
1750913698883936618,"[{'label': 'LABEL_0', 'score': 0.9999152421951294}]"
1750912944391471502,"[{'label': 'LABEL_1', 'score': 0.9995259046554565}]"
1750912042628763678,"[{'label': 'LABEL_0', 'score': 0.9998242259025574}]"
1750904607021142233,"[{'label': 'LABEL_0', 'score': 0.9990808963775635}]"
1750887419681845608,"[{'label': 'LABEL_0', 'score': 0.9943934679031372}]"
1750870396339892522,"[{'label': 'LABEL_0', 'score': 0.9924678206443787}]"
1750870269118349397,"[{'label': 'LABEL_1', 'score': 0.9990537762641907}]"
1750869655961338010,"[{'label': 'LABEL_0', 'score': 0.9999431371688843}]"
1750780986604884244,"[{'label': 'LABEL_0', 'score': 0.9983924031257629}]"
1750767108458246400,"[{'label': 'LABEL_0', 'score': 0.9997050166130066}]"
1750737677513597284,"[{'label': 'LABEL_0', 'score': 0.7576909065246582}]"
1750735160281030913,"[{'label': 'LABEL_1', 'score': 0.9995280504226685}]"
1750704959614583226,"[{'label': 'LABEL_0', 'score': 0.9967818260192871}]"
1750691751663145120,"[{'label': 'LABEL_0', 'score': 0.9825101494789124}]"
1750690273368137745,"[{'label': 'LABEL_0', 'score': 0.9999092817306519}]"
1750686741894135987,"[{'label': 'LABEL_0', 'score': 0.999737560749054}]"
1750624885854912794,"[{'label': 'LABEL_0', 'score': 0.9999022483825684}]"
1750622550961324230,"[{'label': 'LABEL_0', 'score': 0.9880625009536743}]"
1750613084689891654,"[{'label': 'LABEL_0', 'score': 0.9998799562454224}]"
1750606317234819153,"[{'label': 'LABEL_0', 'score': 0.7421907782554626}]"
1750602458580308462,"[{'label': 'LABEL_0', 'score': 0.9997197985649109}]"
1750596937617936746,"[{'label': 'LABEL_0', 'score': 0.9999336004257202}]"
1750596114083123551,"[{'label': 'LABEL_1', 'score': 0.9983288645744324}]"
1750595243412697468,"[{'label': 'LABEL_0', 'score': 0.9996287822723389}]"
1750588234743320633,"[{'label': 'LABEL_0', 'score': 0.9999361038208008}]"
1750560756347679164,"[{'label': 'LABEL_0', 'score': 0.9999148845672607}]"
1750547572786163717,"[{'label': 'LABEL_0', 'score': 0.999491810798645}]"
1750544364311298278,"[{'label': 'LABEL_0', 'score': 0.9998809099197388}]"
1750530065363017925,"[{'label': 'LABEL_0', 'score': 0.9999043941497803}]"
1750526478746583326,"[{'label': 'LABEL_1', 'score': 0.9996175765991211}]"
1750516500094406843,"[{'label': 'LABEL_1', 'score': 0.9963669776916504}]"
1750504995391209677,"[{'label': 'LABEL_0', 'score': 0.9997726082801819}]"
1750483181977960532,"[{'label': 'LABEL_1', 'score': 0.9993546605110168}]"
1750482316420370689,"[{'label': 'LABEL_1', 'score': 0.9993891716003418}]"
1750474431204294851,"[{'label': 'LABEL_1', 'score': 0.9995797276496887}]"
1750427576453955970,"[{'label': 'LABEL_0', 'score': 0.9985241293907166}]"
1750408995225919645,"[{'label': 'LABEL_0', 'score': 0.9992715716362}]"
1750388748762644618,"[{'label': 'LABEL_1', 'score': 0.9995518326759338}]"
1750377360770077157,"[{'label': 'LABEL_0', 'score': 0.9982205033302307}]"
1750355212064215228,"[{'label': 'LABEL_0', 'score': 0.9985743761062622}]"
1750355117142839486,"[{'label': 'LABEL_0', 'score': 0.9989979863166809}]"
1750353616651616719,"[{'label': 'LABEL_0', 'score': 0.997369647026062}]"
1750350490750079110,"[{'label': 'LABEL_0', 'score': 0.9998788833618164}]"
1750350474824327571,"[{'label': 'LABEL_0', 'score': 0.9996892213821411}]"
1750345076226637873,"[{'label': 'LABEL_0', 'score': 0.9999169111251831}]"
1750344683912376688,"[{'label': 'LABEL_0', 'score': 0.999329686164856}]"
1750335589319049600,"[{'label': 'LABEL_0', 'score': 0.9995917677879333}]"
1750314101245346011,"[{'label': 'LABEL_1', 'score': 0.9997735619544983}]"
1750308337919422864,"[{'label': 'LABEL_0', 'score': 0.9999212026596069}]"
1750302610706362428,"[{'label': 'LABEL_0', 'score': 0.9998568296432495}]"
1750279565300170774,"[{'label': 'LABEL_0', 'score': 0.9966094493865967}]"
1750274736821506421,"[{'label': 'LABEL_0', 'score': 0.9998853206634521}]"
1750273916294025465,"[{'label': 'LABEL_0', 'score': 0.9998413324356079}]"
1750273504916754613,"[{'label': 'LABEL_1', 'score': 0.9994599223136902}]"
1750271179393269860,"[{'label': 'LABEL_0', 'score': 0.9999164342880249}]"
1750270693260787998,"[{'label': 'LABEL_0', 'score': 0.9990856647491455}]"
1750270156234731805,"[{'label': 'LABEL_1', 'score': 0.9993066787719727}]"
1750258287897969021,"[{'label': 'LABEL_0', 'score': 0.9993376135826111}]"
1750254880139227286,"[{'label': 'LABEL_0', 'score': 0.9953045845031738}]"
1750246288124166410,"[{'label': 'LABEL_0', 'score': 0.9997921586036682}]"
1750243644710289663,"[{'label': 'LABEL_0', 'score': 0.8905749917030334}]"
1750239880297291832,"[{'label': 'LABEL_0', 'score': 0.9998000264167786}]"
1750222572484993029,"[{'label': 'LABEL_0', 'score': 0.9995824694633484}]"
1750221942701920399,"[{'label': 'LABEL_0', 'score': 0.9993152618408203}]"
1750218151642718456,"[{'label': 'LABEL_0', 'score': 0.9997798800468445}]"
1750216560390668342,"[{'label': 'LABEL_0', 'score': 0.9996390342712402}]"
1750211376813887574,"[{'label': 'LABEL_0', 'score': 0.9992554783821106}]"
1750206505473757247,"[{'label': 'LABEL_0', 'score': 0.9993777275085449}]"
1750202177644044427,"[{'label': 'LABEL_0', 'score': 0.9996806383132935}]"
1750197617143816217,"[{'label': 'LABEL_1', 'score': 0.9995372295379639}]"
1750196595335774271,"[{'label': 'LABEL_1', 'score': 0.9992771744728088}]"
1750189776051847373,"[{'label': 'LABEL_0', 'score': 0.9996139407157898}]"
1750189657889837515,"[{'label': 'LABEL_1', 'score': 0.9995819926261902}]"
1750188270611239352,"[{'label': 'LABEL_0', 'score': 0.9995777010917664}]"
1750184689791311883,"[{'label': 'LABEL_0', 'score': 0.9987102746963501}]"
1750184304896782428,"[{'label': 'LABEL_0', 'score': 0.9997261166572571}]"
1750176676229628156,"[{'label': 'LABEL_0', 'score': 0.9493459463119507}]"
1750149489002693062,"[{'label': 'LABEL_0', 'score': 0.9998689889907837}]"
1750137142930554882,"[{'label': 'LABEL_0', 'score': 0.9998804330825806}]"
1750043459837215018,"[{'label': 'LABEL_0', 'score': 0.9979245662689209}]"
1750012897051226591,"[{'label': 'LABEL_0', 'score': 0.9999125003814697}]"
1749989891637641563,"[{'label': 'LABEL_0', 'score': 0.9999064207077026}]"
1749964925428961604,"[{'label': 'LABEL_1', 'score': 0.9997606873512268}]"
1749934004944409077,"[{'label': 'LABEL_1', 'score': 0.973950207233429}]"
1749912398994034983,"[{'label': 'LABEL_1', 'score': 0.9996613264083862}]"
1749905402345541637,"[{'label': 'LABEL_0', 'score': 0.9997870326042175}]"
1749902529305931873,"[{'label': 'LABEL_1', 'score': 0.999620795249939}]"
1749896424983060926,"[{'label': 'LABEL_1', 'score': 0.999504804611206}]"
1749893697301360705,"[{'label': 'LABEL_0', 'score': 0.9997548460960388}]"
1749892404042191061,"[{'label': 'LABEL_0', 'score': 0.9995480179786682}]"
1749886989195698388,"[{'label': 'LABEL_0', 'score': 0.9997386336326599}]"
1749878722163847628,"[{'label': 'LABEL_1', 'score': 0.9998212456703186}]"
1749870639865835886,"[{'label': 'LABEL_1', 'score': 0.9993647933006287}]"
1749840924132429874,"[{'label': 'LABEL_0', 'score': 0.9991695880889893}]"
1749839178169286837,"[{'label': 'LABEL_0', 'score': 0.9999145269393921}]"
1749839036754108780,"[{'label': 'LABEL_0', 'score': 0.9998459815979004}]"
1749835208898015598,"[{'label': 'LABEL_0', 'score': 0.9997221827507019}]"
1749619899108892916,"[{'label': 'LABEL_1', 'score': 0.9568226933479309}]"
1749594993428135977,"[{'label': 'LABEL_0', 'score': 0.9996583461761475}]"
1754485980990439652,"[{'label': 'LABEL_0', 'score': 0.9998961687088013}]"
1754482879873036442,"[{'label': 'LABEL_0', 'score': 0.9981659054756165}]"
1754471727793381837,"[{'label': 'LABEL_0', 'score': 0.9998600482940674}]"
1754461202678181960,"[{'label': 'LABEL_0', 'score': 0.999751627445221}]"
1754403008241086664,"[{'label': 'LABEL_0', 'score': 0.9998865127563477}]"
1754391814692323561,"[{'label': 'LABEL_1', 'score': 0.5342510342597961}]"
1754196068344922117,"[{'label': 'LABEL_1', 'score': 0.9745315909385681}]"
1754390007475794355,"[{'label': 'LABEL_1', 'score': 0.9924277663230896}]"
1754384315637461123,"[{'label': 'LABEL_0', 'score': 0.9999361038208008}]"
1754372607132996078,"[{'label': 'LABEL_0', 'score': 0.9992434978485107}]"
1754360819662336398,"[{'label': 'LABEL_1', 'score': 0.9439924955368042}]"
1754357862082515029,"[{'label': 'LABEL_0', 'score': 0.9998927116394043}]"
1754355133658406944,"[{'label': 'LABEL_0', 'score': 0.9996029734611511}]"
1754345826141212705,"[{'label': 'LABEL_1', 'score': 0.9655138254165649}]"
1754344980817104920,"[{'label': 'LABEL_0', 'score': 0.999700665473938}]"
1754344499734561196,"[{'label': 'LABEL_1', 'score': 0.9993947744369507}]"
1754342082871738649,"[{'label': 'LABEL_0', 'score': 0.9998786449432373}]"
1754340997159346453,"[{'label': 'LABEL_1', 'score': 0.999333918094635}]"
1754340571269718350,"[{'label': 'LABEL_0', 'score': 0.9998699426651001}]"
1754339054043246960,"[{'label': 'LABEL_0', 'score': 0.9998487234115601}]"
1754338044818125288,"[{'label': 'LABEL_0', 'score': 0.9998273253440857}]"
1754333710390903158,"[{'label': 'LABEL_0', 'score': 0.999727189540863}]"
1754332618340843926,"[{'label': 'LABEL_0', 'score': 0.9999306201934814}]"
1754331636299165929,"[{'label': 'LABEL_0', 'score': 0.9995864033699036}]"
1754310441348510056,"[{'label': 'LABEL_0', 'score': 0.999862551689148}]"
1754307548461617547,"[{'label': 'LABEL_0', 'score': 0.9994093179702759}]"
1754305536479134095,"[{'label': 'LABEL_0', 'score': 0.9998999834060669}]"
1754304827469840652,"[{'label': 'LABEL_0', 'score': 0.9998489618301392}]"
1754303068609315094,"[{'label': 'LABEL_1', 'score': 0.9970935583114624}]"
1754298815153115562,"[{'label': 'LABEL_0', 'score': 0.9998441934585571}]"
1754298381181005972,"[{'label': 'LABEL_1', 'score': 0.9784608483314514}]"
1754161225984864319,"[{'label': 'LABEL_1', 'score': 0.9995552897453308}]"
1754294340904505630,"[{'label': 'LABEL_0', 'score': 0.9997771382331848}]"
1754293329917861954,"[{'label': 'LABEL_0', 'score': 0.9998070597648621}]"
1754292410291478752,"[{'label': 'LABEL_0', 'score': 0.9997947812080383}]"
1754291089412886969,"[{'label': 'LABEL_0', 'score': 0.9963405728340149}]"
1754290064530591790,"[{'label': 'LABEL_0', 'score': 0.9961976408958435}]"
1754288380920188942,"[{'label': 'LABEL_0', 'score': 0.9999290704727173}]"
1754159042535039175,"[{'label': 'LABEL_0', 'score': 0.9999291896820068}]"
1754284359157244165,"[{'label': 'LABEL_0', 'score': 0.999874472618103}]"
1754284206564217022,"[{'label': 'LABEL_0', 'score': 0.9996278285980225}]"
1754283283699978744,"[{'label': 'LABEL_0', 'score': 0.9997292160987854}]"
1754283193014861998,"[{'label': 'LABEL_1', 'score': 0.9052339792251587}]"
1754282762951893294,"[{'label': 'LABEL_0', 'score': 0.9998372793197632}]"
1754279675071717487,"[{'label': 'LABEL_0', 'score': 0.9999113082885742}]"
1754276826724155564,"[{'label': 'LABEL_0', 'score': 0.9967737793922424}]"
1754271838585131046,"[{'label': 'LABEL_0', 'score': 0.616146445274353}]"
1754271226309079412,"[{'label': 'LABEL_0', 'score': 0.9998165965080261}]"
1754264684721512797,"[{'label': 'LABEL_1', 'score': 0.9990525841712952}]"
1754262782202057086,"[{'label': 'LABEL_0', 'score': 0.9999198913574219}]"
1754262729936826712,"[{'label': 'LABEL_1', 'score': 0.9996116757392883}]"
1754261451760398738,"[{'label': 'LABEL_1', 'score': 0.9997633099555969}]"
1754250305384960244,"[{'label': 'LABEL_0', 'score': 0.9074099063873291}]"
1754234654608011301,"[{'label': 'LABEL_0', 'score': 0.9998654127120972}]"
1754228713439347192,"[{'label': 'LABEL_0', 'score': 0.9995647072792053}]"
1754228607826751637,"[{'label': 'LABEL_0', 'score': 0.9999277591705322}]"
1754226261843403249,"[{'label': 'LABEL_0', 'score': 0.9999241828918457}]"
1754224890113126722,"[{'label': 'LABEL_0', 'score': 0.9998262524604797}]"
1754223103922561278,"[{'label': 'LABEL_0', 'score': 0.9875698685646057}]"
1754220566305718687,"[{'label': 'LABEL_0', 'score': 0.9998518228530884}]"
1754217466840965296,"[{'label': 'LABEL_0', 'score': 0.9998719692230225}]"
1754213694450352360,"[{'label': 'LABEL_0', 'score': 0.9998663663864136}]"
1754210663226843180,"[{'label': 'LABEL_0', 'score': 0.9999215602874756}]"
1754210052485898268,"[{'label': 'LABEL_0', 'score': 0.9989116191864014}]"
1754207411634610345,"[{'label': 'LABEL_0', 'score': 0.9998865127563477}]"
1754203255318429698,"[{'label': 'LABEL_0', 'score': 0.9996711015701294}]"
1754197040295297516,"[{'label': 'LABEL_0', 'score': 0.9988515377044678}]"
1754194066995024009,"[{'label': 'LABEL_1', 'score': 0.9995835423469543}]"
1754192842522550656,"[{'label': 'LABEL_1', 'score': 0.9993525147438049}]"
1754190049996861640,"[{'label': 'LABEL_0', 'score': 0.737118661403656}]"
1754187238852706643,"[{'label': 'LABEL_0', 'score': 0.9999245405197144}]"
1754184681258365422,"[{'label': 'LABEL_0', 'score': 0.9998564720153809}]"
1754184650119942505,"[{'label': 'LABEL_1', 'score': 0.9986612796783447}]"
1754184260221538544,"[{'label': 'LABEL_1', 'score': 0.9996163845062256}]"
1754180026902159766,"[{'label': 'LABEL_0', 'score': 0.9997913241386414}]"
1754177202940211265,"[{'label': 'LABEL_0', 'score': 0.9999371767044067}]"
1754171644522746003,"[{'label': 'LABEL_0', 'score': 0.9988264441490173}]"
1754157318915137962,"[{'label': 'LABEL_0', 'score': 0.9821311235427856}]"
1754149361980694915,"[{'label': 'LABEL_0', 'score': 0.9998799562454224}]"
1754118149006336124,"[{'label': 'LABEL_0', 'score': 0.9999003410339355}]"
1754084909902074285,"[{'label': 'LABEL_0', 'score': 0.9998687505722046}]"
1754005015843229798,"[{'label': 'LABEL_0', 'score': 0.9998189806938171}]"
1753995866644316406,"[{'label': 'LABEL_1', 'score': 0.9977505803108215}]"
1753967945858814255,"[{'label': 'LABEL_0', 'score': 0.9993688464164734}]"
1753914644228366761,"[{'label': 'LABEL_0', 'score': 0.9996857643127441}]"
1753894577553965258,"[{'label': 'LABEL_0', 'score': 0.9999011754989624}]"
1753891419582828608,"[{'label': 'LABEL_0', 'score': 0.998665452003479}]"
1753882164423221565,"[{'label': 'LABEL_0', 'score': 0.9808351993560791}]"
1753875022513348767,"[{'label': 'LABEL_0', 'score': 0.9998874664306641}]"
1753874140623483000,"[{'label': 'LABEL_0', 'score': 0.9998730421066284}]"
1753860004367483148,"[{'label': 'LABEL_1', 'score': 0.9999127388000488}]"
1753849657791496668,"[{'label': 'LABEL_0', 'score': 0.9984630346298218}]"
1753798490281373972,"[{'label': 'LABEL_1', 'score': 0.9995146989822388}]"
1753773712199819633,"[{'label': 'LABEL_0', 'score': 0.997532844543457}]"
1753742673767174335,"[{'label': 'LABEL_1', 'score': 0.9999088048934937}]"
1753671731548508632,"[{'label': 'LABEL_0', 'score': 0.9999018907546997}]"
1753655459087524036,"[{'label': 'LABEL_1', 'score': 0.962231457233429}]"
1753630565587165236,"[{'label': 'LABEL_0', 'score': 0.9997041821479797}]"
1753617672095277110,"[{'label': 'LABEL_0', 'score': 0.9999276399612427}]"
1753615792745197691,"[{'label': 'LABEL_0', 'score': 0.9998425245285034}]"
1753607237526823378,"[{'label': 'LABEL_1', 'score': 0.9992013573646545}]"
1753587786509132265,"[{'label': 'LABEL_0', 'score': 0.9998617172241211}]"
1753585496163303605,"[{'label': 'LABEL_0', 'score': 0.9998360872268677}]"
1753575809753686476,"[{'label': 'LABEL_0', 'score': 0.9999017715454102}]"
1753566593076895847,"[{'label': 'LABEL_0', 'score': 0.999660849571228}]"
1753553491849539726,"[{'label': 'LABEL_1', 'score': 0.9995322227478027}]"
1753545330056917150,"[{'label': 'LABEL_1', 'score': 0.7240283489227295}]"
1753538085235679323,"[{'label': 'LABEL_1', 'score': 0.9937088489532471}]"
1753523769987956950,"[{'label': 'LABEL_0', 'score': 0.9999212026596069}]"
1753511499207761971,"[{'label': 'LABEL_0', 'score': 0.9998791217803955}]"
1753502615143338121,"[{'label': 'LABEL_0', 'score': 0.9995416402816772}]"
1753502560613175651,"[{'label': 'LABEL_1', 'score': 0.9999114274978638}]"
1753501338577613027,"[{'label': 'LABEL_0', 'score': 0.9804959893226624}]"
1753492046612930667,"[{'label': 'LABEL_0', 'score': 0.9997876286506653}]"
1753484248756228431,"[{'label': 'LABEL_0', 'score': 0.9995480179786682}]"
1753478570045767955,"[{'label': 'LABEL_0', 'score': 0.9999042749404907}]"
1753466478785958247,"[{'label': 'LABEL_0', 'score': 0.999723494052887}]"
1753455677979164768,"[{'label': 'LABEL_0', 'score': 0.9992715716362}]"
1753451996063949265,"[{'label': 'LABEL_0', 'score': 0.9998238682746887}]"
1753445268295455125,"[{'label': 'LABEL_1', 'score': 0.9988704323768616}]"
1753431618029494659,"[{'label': 'LABEL_1', 'score': 0.9937692284584045}]"
1753421566723928336,"[{'label': 'LABEL_0', 'score': 0.9995771050453186}]"
1753415370285724111,"[{'label': 'LABEL_0', 'score': 0.9998489618301392}]"
1753378752149537040,"[{'label': 'LABEL_0', 'score': 0.999895453453064}]"
1753273412267471049,"[{'label': 'LABEL_0', 'score': 0.9999264478683472}]"
1753261758293197158,"[{'label': 'LABEL_1', 'score': 0.9958698153495789}]"
1753249820645466378,"[{'label': 'LABEL_0', 'score': 0.9973235726356506}]"
1753248252684583025,"[{'label': 'LABEL_1', 'score': 0.7438213229179382}]"
1753238719513903493,"[{'label': 'LABEL_0', 'score': 0.9997788071632385}]"
1753237444504232178,"[{'label': 'LABEL_1', 'score': 0.9860568046569824}]"
1753236333982580997,"[{'label': 'LABEL_1', 'score': 0.9536640048027039}]"
1753234470834970825,"[{'label': 'LABEL_1', 'score': 0.96864914894104}]"
1753220074511450184,"[{'label': 'LABEL_0', 'score': 0.9997926354408264}]"
1753215774498369547,"[{'label': 'LABEL_0', 'score': 0.996661901473999}]"
1753210752041693424,"[{'label': 'LABEL_0', 'score': 0.9997974038124084}]"
1753201432000446542,"[{'label': 'LABEL_0', 'score': 0.9998571872711182}]"
1753196911048188177,"[{'label': 'LABEL_0', 'score': 0.9999129772186279}]"
1753196405055774893,"[{'label': 'LABEL_0', 'score': 0.9970065951347351}]"
1753187317345333317,"[{'label': 'LABEL_1', 'score': 0.9992192983627319}]"
1753182981303214398,"[{'label': 'LABEL_0', 'score': 0.9996662139892578}]"
1753182943139205297,"[{'label': 'LABEL_0', 'score': 0.9999252557754517}]"
1753171521600647319,"[{'label': 'LABEL_0', 'score': 0.9997467398643494}]"
1753170157562667514,"[{'label': 'LABEL_1', 'score': 0.9989044666290283}]"
1753163813870825616,"[{'label': 'LABEL_0', 'score': 0.9999183416366577}]"
1753140178686718251,"[{'label': 'LABEL_1', 'score': 0.9996854066848755}]"
1753128178908803197,"[{'label': 'LABEL_0', 'score': 0.9999293088912964}]"
1753126225676042662,"[{'label': 'LABEL_0', 'score': 0.9992226362228394}]"
1753125510237069454,"[{'label': 'LABEL_0', 'score': 0.9991210103034973}]"
1753118656802718192,"[{'label': 'LABEL_0', 'score': 0.9420470595359802}]"
1753108750679060873,"[{'label': 'LABEL_0', 'score': 0.9656364917755127}]"
1753103534281891868,"[{'label': 'LABEL_1', 'score': 0.9985882639884949}]"
1753103357613596942,"[{'label': 'LABEL_0', 'score': 0.9998801946640015}]"
1753099915151208624,"[{'label': 'LABEL_0', 'score': 0.6794309616088867}]"
1753099133215535201,"[{'label': 'LABEL_0', 'score': 0.9972996115684509}]"
1753097517514764371,"[{'label': 'LABEL_0', 'score': 0.9997410178184509}]"
1752901561091600672,"[{'label': 'LABEL_0', 'score': 0.999826967716217}]"
1753095728715501915,"[{'label': 'LABEL_0', 'score': 0.9875010251998901}]"
1753090122097045817,"[{'label': 'LABEL_0', 'score': 0.9982373714447021}]"
1753086256970441007,"[{'label': 'LABEL_1', 'score': 0.9996501207351685}]"
1753081010106093921,"[{'label': 'LABEL_1', 'score': 0.9997990727424622}]"
1753075164357754967,"[{'label': 'LABEL_1', 'score': 0.99954754114151}]"
1753073767105069299,"[{'label': 'LABEL_1', 'score': 0.9994578957557678}]"
1753068945572340092,"[{'label': 'LABEL_1', 'score': 0.9115172028541565}]"
1753067072450650561,"[{'label': 'LABEL_0', 'score': 0.999871015548706}]"
1753064770071306713,"[{'label': 'LABEL_0', 'score': 0.9998196959495544}]"
1753052102899748912,"[{'label': 'LABEL_0', 'score': 0.999919056892395}]"
1753032439226577346,"[{'label': 'LABEL_0', 'score': 0.9999023675918579}]"
1755971267746758761,"[{'label': 'LABEL_0', 'score': 0.9997414946556091}]"
1755968038485058007,"[{'label': 'LABEL_0', 'score': 0.9994910955429077}]"
1755907187249906096,"[{'label': 'LABEL_0', 'score': 0.9998637437820435}]"
1755902313527398451,"[{'label': 'LABEL_0', 'score': 0.9996222257614136}]"
1755887263622299675,"[{'label': 'LABEL_0', 'score': 0.9998674392700195}]"
1755875597228650625,"[{'label': 'LABEL_1', 'score': 0.9995216131210327}]"
1755872608522760198,"[{'label': 'LABEL_0', 'score': 0.9998193383216858}]"
1755867222742851945,"[{'label': 'LABEL_0', 'score': 0.9981855750083923}]"
1755859517613514977,"[{'label': 'LABEL_0', 'score': 0.9827080368995667}]"
1755843008635810091,"[{'label': 'LABEL_1', 'score': 0.9997310042381287}]"
1755838599713444294,"[{'label': 'LABEL_1', 'score': 0.9995267391204834}]"
1755826751286997068,"[{'label': 'LABEL_1', 'score': 0.9997716546058655}]"
1755802676179140911,"[{'label': 'LABEL_0', 'score': 0.9999033212661743}]"
1755789156171571346,"[{'label': 'LABEL_0', 'score': 0.999887228012085}]"
1755785514240622697,"[{'label': 'LABEL_0', 'score': 0.9998134970664978}]"
1755776311891517715,"[{'label': 'LABEL_0', 'score': 0.9997994303703308}]"
1755771984363847951,"[{'label': 'LABEL_0', 'score': 0.9955429434776306}]"
1755766785490432152,"[{'label': 'LABEL_0', 'score': 0.9997196793556213}]"
1755752080629702696,"[{'label': 'LABEL_0', 'score': 0.999819815158844}]"
1755740149424718118,"[{'label': 'LABEL_0', 'score': 0.999163031578064}]"
1755735072198598767,"[{'label': 'LABEL_0', 'score': 0.9999181032180786}]"
1755723894940409994,"[{'label': 'LABEL_0', 'score': 0.9998949766159058}]"
1755717428640678376,"[{'label': 'LABEL_0', 'score': 0.9998912811279297}]"
1755716783443443974,"[{'label': 'LABEL_0', 'score': 0.9998434782028198}]"
1755701674574753909,"[{'label': 'LABEL_0', 'score': 0.9994432330131531}]"
1755674275787251719,"[{'label': 'LABEL_1', 'score': 0.999669075012207}]"
1755668139008770075,"[{'label': 'LABEL_0', 'score': 0.9997254014015198}]"
1755658044225069382,"[{'label': 'LABEL_0', 'score': 0.9999287128448486}]"
1755654794344104240,"[{'label': 'LABEL_0', 'score': 0.9998546838760376}]"
1755654312477274281,"[{'label': 'LABEL_0', 'score': 0.9996930360794067}]"
1755636633871815003,"[{'label': 'LABEL_0', 'score': 0.9998817443847656}]"
1755633913278439923,"[{'label': 'LABEL_0', 'score': 0.9998968839645386}]"
1755627283883159867,"[{'label': 'LABEL_0', 'score': 0.9999301433563232}]"
1755626335232241908,"[{'label': 'LABEL_0', 'score': 0.8194061517715454}]"
1755593545430216804,"[{'label': 'LABEL_0', 'score': 0.9998900890350342}]"
1755567404527067423,"[{'label': 'LABEL_0', 'score': 0.8062831163406372}]"
1755566063452823816,"[{'label': 'LABEL_0', 'score': 0.9996418952941895}]"
1755564523719721313,"[{'label': 'LABEL_0', 'score': 0.9996381998062134}]"
1755450647023915414,"[{'label': 'LABEL_0', 'score': 0.9997974038124084}]"
1755438367905366346,"[{'label': 'LABEL_0', 'score': 0.9999252557754517}]"
1755431285529452852,"[{'label': 'LABEL_0', 'score': 0.9998936653137207}]"
1755425723202908386,"[{'label': 'LABEL_1', 'score': 0.9991567134857178}]"
1755405936544325669,"[{'label': 'LABEL_0', 'score': 0.9985353946685791}]"
1755394514368319695,"[{'label': 'LABEL_0', 'score': 0.9994309544563293}]"
1755393339308822959,"[{'label': 'LABEL_1', 'score': 0.9996353387832642}]"
1755353960615952702,"[{'label': 'LABEL_0', 'score': 0.9996764659881592}]"
1755345284576448556,"[{'label': 'LABEL_0', 'score': 0.9997485280036926}]"
1755332194149474553,"[{'label': 'LABEL_1', 'score': 0.9998289346694946}]"
1755325274269405223,"[{'label': 'LABEL_0', 'score': 0.9998703002929688}]"
1755322666448220281,"[{'label': 'LABEL_0', 'score': 0.9989956021308899}]"
1755315156022599965,"[{'label': 'LABEL_1', 'score': 0.9876590371131897}]"
1755279223957147782,"[{'label': 'LABEL_0', 'score': 0.9998453855514526}]"
1755270085994836407,"[{'label': 'LABEL_0', 'score': 0.6239529252052307}]"
1755269642518433972,"[{'label': 'LABEL_0', 'score': 0.999751627445221}]"
1755263404237890004,"[{'label': 'LABEL_0', 'score': 0.9998098015785217}]"
1755263274566705310,"[{'label': 'LABEL_0', 'score': 0.9997058510780334}]"
1755258447799415067,"[{'label': 'LABEL_0', 'score': 0.9998915195465088}]"
1755254372215243161,"[{'label': 'LABEL_0', 'score': 0.9993313550949097}]"
1755253147411619916,"[{'label': 'LABEL_0', 'score': 0.9999415874481201}]"
1755248186472427596,"[{'label': 'LABEL_0', 'score': 0.9999185800552368}]"
1755234880034574542,"[{'label': 'LABEL_1', 'score': 0.6954863667488098}]"
1755233672192573773,"[{'label': 'LABEL_0', 'score': 0.9998445510864258}]"
1755218917214048425,"[{'label': 'LABEL_1', 'score': 0.9993534684181213}]"
1755208419227611410,"[{'label': 'LABEL_0', 'score': 0.9998921155929565}]"
1755198966742876170,"[{'label': 'LABEL_0', 'score': 0.9998612403869629}]"
1755190667930685651,"[{'label': 'LABEL_0', 'score': 0.9998038411140442}]"
1755171944469606613,"[{'label': 'LABEL_0', 'score': 0.9996620416641235}]"
1755112652357923175,"[{'label': 'LABEL_1', 'score': 0.9996991157531738}]"
1755073540099871011,"[{'label': 'LABEL_0', 'score': 0.9997968077659607}]"
1755072970379214934,"[{'label': 'LABEL_0', 'score': 0.7987520098686218}]"
1755063545102746089,"[{'label': 'LABEL_0', 'score': 0.9999144077301025}]"
1755060843996225781,"[{'label': 'LABEL_0', 'score': 0.9998182654380798}]"
1755052839137640857,"[{'label': 'LABEL_1', 'score': 0.992950439453125}]"
1755038705947996327,"[{'label': 'LABEL_0', 'score': 0.9974896907806396}]"
1755023012779225345,"[{'label': 'LABEL_0', 'score': 0.9998216032981873}]"
1755016341734498433,"[{'label': 'LABEL_1', 'score': 0.999473512172699}]"
1755011908426510692,"[{'label': 'LABEL_0', 'score': 0.9997288584709167}]"
1755000456118403187,"[{'label': 'LABEL_1', 'score': 0.9998784065246582}]"
1754993419074646425,"[{'label': 'LABEL_0', 'score': 0.9998223185539246}]"
1754991968982094276,"[{'label': 'LABEL_0', 'score': 0.9998219609260559}]"
1754988741045690486,"[{'label': 'LABEL_0', 'score': 0.9998056292533875}]"
1754968807364284842,"[{'label': 'LABEL_0', 'score': 0.9994435906410217}]"
1754853615548670021,"[{'label': 'LABEL_0', 'score': 0.999225378036499}]"
1754948827629355373,"[{'label': 'LABEL_0', 'score': 0.9935553669929504}]"
1754942078377742420,"[{'label': 'LABEL_1', 'score': 0.9995748400688171}]"
1754933579761516992,"[{'label': 'LABEL_1', 'score': 0.9833642244338989}]"
1754933577421050136,"[{'label': 'LABEL_0', 'score': 0.9999171495437622}]"
1754920342844256634,"[{'label': 'LABEL_0', 'score': 0.9984506368637085}]"
1754920173130166765,"[{'label': 'LABEL_0', 'score': 0.9996553659439087}]"
1754918780029776327,"[{'label': 'LABEL_0', 'score': 0.978285551071167}]"
1754918325828689970,"[{'label': 'LABEL_0', 'score': 0.9985872507095337}]"
1754914383963054441,"[{'label': 'LABEL_0', 'score': 0.9994420409202576}]"
1754913360989094331,"[{'label': 'LABEL_0', 'score': 0.9992509484291077}]"
1754894633845363099,"[{'label': 'LABEL_0', 'score': 0.9995754361152649}]"
1754893931286766034,"[{'label': 'LABEL_0', 'score': 0.9996634721755981}]"
1754698992443629982,"[{'label': 'LABEL_0', 'score': 0.9986675977706909}]"
1754892825705984512,"[{'label': 'LABEL_0', 'score': 0.999929666519165}]"
1754892782194332051,"[{'label': 'LABEL_1', 'score': 0.9987362027168274}]"
1754891534044889254,"[{'label': 'LABEL_1', 'score': 0.9110671281814575}]"
1754891487555289257,"[{'label': 'LABEL_0', 'score': 0.999942421913147}]"
1754860864656527624,"[{'label': 'LABEL_1', 'score': 0.9999061822891235}]"
1754857898780274785,"[{'label': 'LABEL_0', 'score': 0.9998681545257568}]"
1754854177119883286,"[{'label': 'LABEL_0', 'score': 0.9994981288909912}]"
1754852716197679356,"[{'label': 'LABEL_0', 'score': 0.9997430443763733}]"
1754833352199119339,"[{'label': 'LABEL_0', 'score': 0.9996302127838135}]"
1754829203210375384,"[{'label': 'LABEL_0', 'score': 0.999823272228241}]"
1754820127642488855,"[{'label': 'LABEL_0', 'score': 0.9995717406272888}]"
1754764159411974181,"[{'label': 'LABEL_0', 'score': 0.9998358488082886}]"
1754729076525260812,"[{'label': 'LABEL_1', 'score': 0.9978377223014832}]"
1754715656304345476,"[{'label': 'LABEL_1', 'score': 0.999881386756897}]"
1754711176846442865,"[{'label': 'LABEL_0', 'score': 0.9999386072158813}]"
1754710418356883635,"[{'label': 'LABEL_0', 'score': 0.9950634837150574}]"
1754710296407486813,"[{'label': 'LABEL_0', 'score': 0.9998726844787598}]"
1754707000850612694,"[{'label': 'LABEL_0', 'score': 0.999894380569458}]"
1754703044418142401,"[{'label': 'LABEL_0', 'score': 0.9998477697372437}]"
1754700918941945940,"[{'label': 'LABEL_0', 'score': 0.9999023675918579}]"
1754700565999710235,"[{'label': 'LABEL_1', 'score': 0.9771310091018677}]"
1754699426612846744,"[{'label': 'LABEL_0', 'score': 0.9998481273651123}]"
1754699423211229462,"[{'label': 'LABEL_1', 'score': 0.7281719446182251}]"
1754696096683540624,"[{'label': 'LABEL_0', 'score': 0.9998493194580078}]"
1754695487565770777,"[{'label': 'LABEL_0', 'score': 0.9997418522834778}]"
1754693956942659886,"[{'label': 'LABEL_0', 'score': 0.9998838901519775}]"
1754690638593851748,"[{'label': 'LABEL_0', 'score': 0.9998880624771118}]"
1754690386163871767,"[{'label': 'LABEL_1', 'score': 0.8738815784454346}]"
1754687425081717239,"[{'label': 'LABEL_0', 'score': 0.9998934268951416}]"
1754685326855934286,"[{'label': 'LABEL_0', 'score': 0.9997130036354065}]"
1754684962362552710,"[{'label': 'LABEL_1', 'score': 0.9996398687362671}]"
1754680029324186021,"[{'label': 'LABEL_0', 'score': 0.9991413354873657}]"
1754679151489937705,"[{'label': 'LABEL_0', 'score': 0.9998999834060669}]"
1754674926529720502,"[{'label': 'LABEL_0', 'score': 0.9998934268951416}]"
1754674270540636345,"[{'label': 'LABEL_0', 'score': 0.9995226860046387}]"
1754669124527992850,"[{'label': 'LABEL_0', 'score': 0.9998140931129456}]"
1754667686234079301,"[{'label': 'LABEL_0', 'score': 0.9998681545257568}]"
1754662473733390765,"[{'label': 'LABEL_0', 'score': 0.9988872408866882}]"
1754661016972013780,"[{'label': 'LABEL_1', 'score': 0.999855637550354}]"
1754657889547891079,"[{'label': 'LABEL_0', 'score': 0.9997063279151917}]"
1754655770472325213,"[{'label': 'LABEL_0', 'score': 0.9728521108627319}]"
1754653103255687195,"[{'label': 'LABEL_1', 'score': 0.9948573112487793}]"
1754651812445999168,"[{'label': 'LABEL_1', 'score': 0.9988539218902588}]"
1754649980285952376,"[{'label': 'LABEL_0', 'score': 0.9995744824409485}]"
1754637550013096411,"[{'label': 'LABEL_0', 'score': 0.9623110890388489}]"
1754633266827510200,"[{'label': 'LABEL_0', 'score': 0.9998338222503662}]"
1754632834055016746,"[{'label': 'LABEL_0', 'score': 0.9981245398521423}]"
1754631523427344525,"[{'label': 'LABEL_0', 'score': 0.9998204112052917}]"
1754631435770569160,"[{'label': 'LABEL_1', 'score': 0.9917581677436829}]"
1754630026819997978,"[{'label': 'LABEL_0', 'score': 0.8736744523048401}]"
1754629769176465835,"[{'label': 'LABEL_0', 'score': 0.9999023675918579}]"
1754624556810031588,"[{'label': 'LABEL_0', 'score': 0.9998183846473694}]"
1754622568777101706,"[{'label': 'LABEL_1', 'score': 0.9922109842300415}]"
1754621322825548076,"[{'label': 'LABEL_0', 'score': 0.9990474581718445}]"
1754620616294986083,"[{'label': 'LABEL_0', 'score': 0.9998916387557983}]"
1754620535319691489,"[{'label': 'LABEL_0', 'score': 0.9962253570556641}]"
1754620080686563764,"[{'label': 'LABEL_0', 'score': 0.9999191761016846}]"
1754615535742902409,"[{'label': 'LABEL_0', 'score': 0.9999446868896484}]"
1754615255517352202,"[{'label': 'LABEL_0', 'score': 0.9999086856842041}]"
1754609675033628845,"[{'label': 'LABEL_0', 'score': 0.9999130964279175}]"
1754605812637393152,"[{'label': 'LABEL_0', 'score': 0.9997963309288025}]"
1754605684958642199,"[{'label': 'LABEL_0', 'score': 0.9994786381721497}]"
1754602968345645412,"[{'label': 'LABEL_1', 'score': 0.9989467263221741}]"
1754598382616686802,"[{'label': 'LABEL_1', 'score': 0.9998353719711304}]"
1754596017008218308,"[{'label': 'LABEL_0', 'score': 0.9998131394386292}]"
1754594655956574481,"[{'label': 'LABEL_0', 'score': 0.9993836879730225}]"
1754591312236400820,"[{'label': 'LABEL_0', 'score': 0.999757707118988}]"
1754590175471005792,"[{'label': 'LABEL_0', 'score': 0.9998934268951416}]"
1754586836012290385,"[{'label': 'LABEL_1', 'score': 0.9993603825569153}]"
1754584908872217085,"[{'label': 'LABEL_0', 'score': 0.9992069602012634}]"
1754567318892376225,"[{'label': 'LABEL_0', 'score': 0.9998899698257446}]"
1754560412920504697,"[{'label': 'LABEL_0', 'score': 0.9998045563697815}]"
1754220962294235497,"[{'label': 'LABEL_0', 'score': 0.9998762607574463}]"
1754554119564501070,"[{'label': 'LABEL_0', 'score': 0.9991881251335144}]"
1754553818350538903,"[{'label': 'LABEL_0', 'score': 0.9859806299209595}]"
1754550997588832716,"[{'label': 'LABEL_1', 'score': 0.9997774958610535}]"
1754548736770834532,"[{'label': 'LABEL_0', 'score': 0.9998472929000854}]"
1754546643968377316,"[{'label': 'LABEL_0', 'score': 0.9990863800048828}]"
1754539690282172767,"[{'label': 'LABEL_0', 'score': 0.9972392320632935}]"
1754538906727350608,"[{'label': 'LABEL_0', 'score': 0.9999120235443115}]"
1754538567211061424,"[{'label': 'LABEL_1', 'score': 0.9968546032905579}]"
1754538473225060568,"[{'label': 'LABEL_0', 'score': 0.9991164803504944}]"
1754538084639625256,"[{'label': 'LABEL_1', 'score': 0.9951227307319641}]"
1754535960459522211,"[{'label': 'LABEL_0', 'score': 0.9999037981033325}]"
1754533824195645584,"[{'label': 'LABEL_0', 'score': 0.9993574023246765}]"
1754530024965742614,"[{'label': 'LABEL_0', 'score': 0.976581871509552}]"
1754524741283553409,"[{'label': 'LABEL_0', 'score': 0.9997623562812805}]"
1754523348816511352,"[{'label': 'LABEL_0', 'score': 0.9979939460754395}]"
1754523122991034489,"[{'label': 'LABEL_0', 'score': 0.9980338215827942}]"
1754515108628230491,"[{'label': 'LABEL_0', 'score': 0.9980231523513794}]"
1754507451741704305,"[{'label': 'LABEL_0', 'score': 0.9999306201934814}]"
1754507033720566072,"[{'label': 'LABEL_0', 'score': 0.9995366334915161}]"
1754502790888517895,"[{'label': 'LABEL_0', 'score': 0.9998043179512024}]"
1754499475773464873,"[{'label': 'LABEL_0', 'score': 0.9996448755264282}]"
1754496368003932380,"[{'label': 'LABEL_0', 'score': 0.9998698234558105}]"
1758161837189738992,"[{'label': 'LABEL_0', 'score': 0.9968816041946411}]"
1758151030926135336,"[{'label': 'LABEL_0', 'score': 0.9999159574508667}]"
1758144055853076655,"[{'label': 'LABEL_1', 'score': 0.9997929930686951}]"
1758139949415587942,"[{'label': 'LABEL_0', 'score': 0.9999376535415649}]"
1758136362111492244,"[{'label': 'LABEL_0', 'score': 0.9998316764831543}]"
1758092662123503896,"[{'label': 'LABEL_0', 'score': 0.9996671676635742}]"
1758091725719973962,"[{'label': 'LABEL_1', 'score': 0.999423623085022}]"
1758088637642580362,"[{'label': 'LABEL_0', 'score': 0.74574214220047}]"
1757989991383216134,"[{'label': 'LABEL_0', 'score': 0.9999179840087891}]"
1757967680097619998,"[{'label': 'LABEL_0', 'score': 0.9997466206550598}]"
1757964222359626196,"[{'label': 'LABEL_1', 'score': 0.9996719360351562}]"
1757963239118303418,"[{'label': 'LABEL_0', 'score': 0.9999197721481323}]"
1757934635357532573,"[{'label': 'LABEL_0', 'score': 0.9998230338096619}]"
1757926075626115296,"[{'label': 'LABEL_0', 'score': 0.9999227523803711}]"
1757925789620736441,"[{'label': 'LABEL_0', 'score': 0.9998928308486938}]"
1757920381929935239,"[{'label': 'LABEL_1', 'score': 0.9993288516998291}]"
1757917210352427375,"[{'label': 'LABEL_0', 'score': 0.9998714923858643}]"
1757903793067302937,"[{'label': 'LABEL_0', 'score': 0.9998730421066284}]"
1757884698250858799,"[{'label': 'LABEL_0', 'score': 0.9989138841629028}]"
1757881594730221846,"[{'label': 'LABEL_0', 'score': 0.9969272017478943}]"
1757872716915298387,"[{'label': 'LABEL_1', 'score': 0.9682123064994812}]"
1757867030781300948,"[{'label': 'LABEL_1', 'score': 0.9990087747573853}]"
1757857309961687351,"[{'label': 'LABEL_0', 'score': 0.999922513961792}]"
1757844752110673940,"[{'label': 'LABEL_1', 'score': 0.7787377238273621}]"
1757838575570133458,"[{'label': 'LABEL_0', 'score': 0.9993265867233276}]"
1757814911294460268,"[{'label': 'LABEL_0', 'score': 0.9998965263366699}]"
1757798840680292829,"[{'label': 'LABEL_0', 'score': 0.9858760237693787}]"
1757798521065857191,"[{'label': 'LABEL_0', 'score': 0.9022470116615295}]"
1757753935379530113,"[{'label': 'LABEL_1', 'score': 0.9998881816864014}]"
1757667951027642843,"[{'label': 'LABEL_0', 'score': 0.9987471103668213}]"
1757660332351168740,"[{'label': 'LABEL_0', 'score': 0.9999275207519531}]"
1757589577835934200,"[{'label': 'LABEL_0', 'score': 0.9998680353164673}]"
1757570618805911652,"[{'label': 'LABEL_0', 'score': 0.9959954023361206}]"
1757530446424948863,"[{'label': 'LABEL_0', 'score': 0.999924898147583}]"
1757528985204838458,"[{'label': 'LABEL_1', 'score': 0.9993539452552795}]"
1757510062837211506,"[{'label': 'LABEL_0', 'score': 0.9999358654022217}]"
1757507829982724289,"[{'label': 'LABEL_0', 'score': 0.9997251629829407}]"
1757506756484178413,"[{'label': 'LABEL_0', 'score': 0.9995517134666443}]"
1757741962151547221,"[{'label': 'LABEL_0', 'score': 0.9998513460159302}]"
1757456415403237884,"[{'label': 'LABEL_0', 'score': 0.9999363422393799}]"
1757255407746113536,"[{'label': 'LABEL_0', 'score': 0.9998180270195007}]"
1757455886807625728,"[{'label': 'LABEL_1', 'score': 0.9996142387390137}]"
1757440547726242242,"[{'label': 'LABEL_1', 'score': 0.9902787804603577}]"
1757406829900857539,"[{'label': 'LABEL_1', 'score': 0.9992152452468872}]"
1757394211245080731,"[{'label': 'LABEL_1', 'score': 0.9998965263366699}]"
1757389085331648921,"[{'label': 'LABEL_0', 'score': 0.9999154806137085}]"
1757373624120414587,"[{'label': 'LABEL_0', 'score': 0.998839795589447}]"
1757251684911202386,"[{'label': 'LABEL_1', 'score': 0.9995787739753723}]"
1757241348523004359,"[{'label': 'LABEL_1', 'score': 0.9989607334136963}]"
1757237781208711255,"[{'label': 'LABEL_0', 'score': 0.9997300505638123}]"
1757214235925377261,"[{'label': 'LABEL_0', 'score': 0.9999300241470337}]"
1757188575597150692,"[{'label': 'LABEL_1', 'score': 0.9998165965080261}]"
1757182587796172902,"[{'label': 'LABEL_1', 'score': 0.9966026544570923}]"
1757171342544150960,"[{'label': 'LABEL_0', 'score': 0.9999241828918457}]"
1757157961040867411,"[{'label': 'LABEL_0', 'score': 0.9992290735244751}]"
1757152106455171540,"[{'label': 'LABEL_0', 'score': 0.9998699426651001}]"
1757133302924771728,"[{'label': 'LABEL_0', 'score': 0.9998819828033447}]"
1757115678060945790,"[{'label': 'LABEL_0', 'score': 0.9999085664749146}]"
1757099226771718311,"[{'label': 'LABEL_0', 'score': 0.9998445510864258}]"
1757094207519416565,"[{'label': 'LABEL_0', 'score': 0.9997658133506775}]"
1757086307547861104,"[{'label': 'LABEL_0', 'score': 0.9998552799224854}]"
1757074160172331190,"[{'label': 'LABEL_0', 'score': 0.9997137188911438}]"
1757067844435509261,"[{'label': 'LABEL_0', 'score': 0.9998898506164551}]"
1757046962883346862,"[{'label': 'LABEL_0', 'score': 0.9999051094055176}]"
1756977086542045243,"[{'label': 'LABEL_0', 'score': 0.9998632669448853}]"
1756964981784863169,"[{'label': 'LABEL_0', 'score': 0.9998224377632141}]"
1756951061779063279,"[{'label': 'LABEL_0', 'score': 0.9996514320373535}]"
1756943922901786973,"[{'label': 'LABEL_0', 'score': 0.9999092817306519}]"
1756938328094417274,"[{'label': 'LABEL_1', 'score': 0.9949988126754761}]"
1756903152283009119,"[{'label': 'LABEL_0', 'score': 0.9996076226234436}]"
1756885994731655243,"[{'label': 'LABEL_0', 'score': 0.9996213912963867}]"
1756871066717245452,"[{'label': 'LABEL_0', 'score': 0.9992592930793762}]"
1756855414577082817,"[{'label': 'LABEL_0', 'score': 0.9998403787612915}]"
1756841400287608872,"[{'label': 'LABEL_0', 'score': 0.9999175071716309}]"
1756840467700871668,"[{'label': 'LABEL_0', 'score': 0.999933123588562}]"
1756823465825374400,"[{'label': 'LABEL_0', 'score': 0.999811589717865}]"
1756817186474152221,"[{'label': 'LABEL_0', 'score': 0.9998687505722046}]"
1756789793948574127,"[{'label': 'LABEL_0', 'score': 0.9999123811721802}]"
1756789016375050570,"[{'label': 'LABEL_0', 'score': 0.9995450377464294}]"
1756775385222557777,"[{'label': 'LABEL_0', 'score': 0.9998562335968018}]"
1756752874812379560,"[{'label': 'LABEL_0', 'score': 0.6570081114768982}]"
1756750483539001837,"[{'label': 'LABEL_1', 'score': 0.8727983236312866}]"
1756721771804254392,"[{'label': 'LABEL_1', 'score': 0.7437505125999451}]"
1756712228022092234,"[{'label': 'LABEL_0', 'score': 0.5132426023483276}]"
1756706547877458364,"[{'label': 'LABEL_0', 'score': 0.9999258518218994}]"
1756702669085782235,"[{'label': 'LABEL_1', 'score': 0.9603418111801147}]"
1756668984378765687,"[{'label': 'LABEL_1', 'score': 0.9998683929443359}]"
1756621295263842443,"[{'label': 'LABEL_0', 'score': 0.9999163150787354}]"
1756591086246477873,"[{'label': 'LABEL_0', 'score': 0.9993459582328796}]"
1756313481521807565,"[{'label': 'LABEL_0', 'score': 0.9998825788497925}]"
1756553388739694695,"[{'label': 'LABEL_0', 'score': 0.9998995065689087}]"
1756549785962631350,"[{'label': 'LABEL_0', 'score': 0.9997894167900085}]"
1756538108999266317,"[{'label': 'LABEL_0', 'score': 0.9998492002487183}]"
1756512938309898383,"[{'label': 'LABEL_0', 'score': 0.9996683597564697}]"
1756479558977458280,"[{'label': 'LABEL_0', 'score': 0.9995934367179871}]"
1756478909137264874,"[{'label': 'LABEL_1', 'score': 0.9995145797729492}]"
1756466326929908094,"[{'label': 'LABEL_0', 'score': 0.9996262788772583}]"
1756432272071274556,"[{'label': 'LABEL_1', 'score': 0.9992177486419678}]"
1756415572525396065,"[{'label': 'LABEL_0', 'score': 0.9999473094940186}]"
1756413753921298698,"[{'label': 'LABEL_0', 'score': 0.9999080896377563}]"
1756409694665552077,"[{'label': 'LABEL_0', 'score': 0.9999251365661621}]"
1756400247721365799,"[{'label': 'LABEL_1', 'score': 0.9992305040359497}]"
1756392987662180746,"[{'label': 'LABEL_0', 'score': 0.9999101161956787}]"
1756390165004648455,"[{'label': 'LABEL_1', 'score': 0.7173751592636108}]"
1756356997178335295,"[{'label': 'LABEL_0', 'score': 0.9998024106025696}]"
1756356895521079410,"[{'label': 'LABEL_1', 'score': 0.9997321963310242}]"
1756355894730715390,"[{'label': 'LABEL_0', 'score': 0.9998831748962402}]"
1756350995292975501,"[{'label': 'LABEL_0', 'score': 0.9998940229415894}]"
1756344188126335263,"[{'label': 'LABEL_0', 'score': 0.999933123588562}]"
1756341369025520097,"[{'label': 'LABEL_1', 'score': 0.9720785021781921}]"
1756332993138811168,"[{'label': 'LABEL_0', 'score': 0.9998824596405029}]"
1756329619504935024,"[{'label': 'LABEL_1', 'score': 0.9998792409896851}]"
1756328697697615972,"[{'label': 'LABEL_0', 'score': 0.999698281288147}]"
1756199574421569679,"[{'label': 'LABEL_0', 'score': 0.9890936613082886}]"
1756199353230790985,"[{'label': 'LABEL_0', 'score': 0.9998613595962524}]"
1756198688261652516,"[{'label': 'LABEL_1', 'score': 0.9995118379592896}]"
1756144787936149969,"[{'label': 'LABEL_0', 'score': 0.9999113082885742}]"
1756119585386823782,"[{'label': 'LABEL_0', 'score': 0.9999216794967651}]"
1756101910191382920,"[{'label': 'LABEL_0', 'score': 0.9999109506607056}]"
1756100345522995319,"[{'label': 'LABEL_1', 'score': 0.9994662404060364}]"
1756092652590633291,"[{'label': 'LABEL_0', 'score': 0.9999386072158813}]"
1756083021520798019,"[{'label': 'LABEL_0', 'score': 0.9998918771743774}]"
1756078775006097562,"[{'label': 'LABEL_1', 'score': 0.9757229089736938}]"
1756051366865195268,"[{'label': 'LABEL_0', 'score': 0.9998929500579834}]"
1756048060436578492,"[{'label': 'LABEL_0', 'score': 0.999703586101532}]"
1756027049272127519,"[{'label': 'LABEL_1', 'score': 0.9994277358055115}]"
1756011730373620079,"[{'label': 'LABEL_0', 'score': 0.9999276399612427}]"
1756009441659347383,"[{'label': 'LABEL_0', 'score': 0.9999217987060547}]"
1756006974523630055,"[{'label': 'LABEL_0', 'score': 0.9836276769638062}]"
1756000205919400259,"[{'label': 'LABEL_0', 'score': 0.999725878238678}]"
1755997721742147803,"[{'label': 'LABEL_1', 'score': 0.9997676014900208}]"
1755984971238375432,"[{'label': 'LABEL_0', 'score': 0.9996140599250793}]"
1755973138897088744,"[{'label': 'LABEL_0', 'score': 0.9998340606689453}]"
1762176337211543593,"[{'label': 'LABEL_0', 'score': 0.999225378036499}]"
1762137378745917711,"[{'label': 'LABEL_0', 'score': 0.6861337423324585}]"
1762136713223107011,"[{'label': 'LABEL_0', 'score': 0.9996123909950256}]"
1762126908710441047,"[{'label': 'LABEL_0', 'score': 0.9996767044067383}]"
1762121145799586076,"[{'label': 'LABEL_1', 'score': 0.9993234872817993}]"
1762099486422090019,"[{'label': 'LABEL_0', 'score': 0.9998595714569092}]"
1762098279288889628,"[{'label': 'LABEL_1', 'score': 0.9993263483047485}]"
1762095060097572970,"[{'label': 'LABEL_0', 'score': 0.9997736811637878}]"
1761961898658971892,"[{'label': 'LABEL_1', 'score': 0.9992986917495728}]"
1761950735267156291,"[{'label': 'LABEL_0', 'score': 0.9976847171783447}]"
1761920973572280673,"[{'label': 'LABEL_0', 'score': 0.9998784065246582}]"
1761917634566635924,"[{'label': 'LABEL_0', 'score': 0.9998418092727661}]"
1761916400048750659,"[{'label': 'LABEL_0', 'score': 0.9979641437530518}]"
1761903766519857362,"[{'label': 'LABEL_0', 'score': 0.9991592168807983}]"
1761900850581057542,"[{'label': 'LABEL_0', 'score': 0.9998668432235718}]"
1761898144374165708,"[{'label': 'LABEL_0', 'score': 0.9998188614845276}]"
1761879620725493985,"[{'label': 'LABEL_0', 'score': 0.9999047517776489}]"
1761860723779465457,"[{'label': 'LABEL_1', 'score': 0.9991822838783264}]"
1761858896808063027,"[{'label': 'LABEL_1', 'score': 0.8718665242195129}]"
1761836803311751252,"[{'label': 'LABEL_0', 'score': 0.9997835755348206}]"
1761830220733026502,"[{'label': 'LABEL_0', 'score': 0.9998838901519775}]"
1761662861070201074,"[{'label': 'LABEL_0', 'score': 0.9996744394302368}]"
1761822013750919656,"[{'label': 'LABEL_0', 'score': 0.999911904335022}]"
1761820902990241845,"[{'label': 'LABEL_0', 'score': 0.9999387264251709}]"
1761808921495326984,"[{'label': 'LABEL_0', 'score': 0.9993059635162354}]"
1761805254834680016,"[{'label': 'LABEL_0', 'score': 0.9997811913490295}]"
1761796418795192635,"[{'label': 'LABEL_0', 'score': 0.9309950470924377}]"
1761795017142632803,"[{'label': 'LABEL_0', 'score': 0.9998830556869507}]"
1761789542695059768,"[{'label': 'LABEL_1', 'score': 0.9993733763694763}]"
1761786897636921739,"[{'label': 'LABEL_1', 'score': 0.986055850982666}]"
1761784154163658996,"[{'label': 'LABEL_0', 'score': 0.9999183416366577}]"
1761779830847103119,"[{'label': 'LABEL_1', 'score': 0.9997702240943909}]"
1761778005544718537,"[{'label': 'LABEL_0', 'score': 0.9997658133506775}]"
1761767646192648547,"[{'label': 'LABEL_1', 'score': 0.9996523857116699}]"
1761740929600250268,"[{'label': 'LABEL_0', 'score': 0.99988853931427}]"
1761582908211335173,"[{'label': 'LABEL_0', 'score': 0.9989606142044067}]"
1761562481216901435,"[{'label': 'LABEL_1', 'score': 0.9625120162963867}]"
1761553885234082057,"[{'label': 'LABEL_0', 'score': 0.9995148181915283}]"
1761547499758563741,"[{'label': 'LABEL_0', 'score': 0.9999170303344727}]"
1761541393980239991,"[{'label': 'LABEL_0', 'score': 0.9998375177383423}]"
1761530562114736278,"[{'label': 'LABEL_0', 'score': 0.9985706806182861}]"
1761522495721496928,"[{'label': 'LABEL_0', 'score': 0.9999078512191772}]"
1761507333958406184,"[{'label': 'LABEL_0', 'score': 0.999924898147583}]"
1761502919730323504,"[{'label': 'LABEL_1', 'score': 0.9994149208068848}]"
1761494623438975078,"[{'label': 'LABEL_1', 'score': 0.9994169473648071}]"
1761489860131733635,"[{'label': 'LABEL_0', 'score': 0.9994320273399353}]"
1761489791529505084,"[{'label': 'LABEL_0', 'score': 0.9998384714126587}]"
1761462898985988367,"[{'label': 'LABEL_0', 'score': 0.9999141693115234}]"
1761461620994150541,"[{'label': 'LABEL_0', 'score': 0.9998747110366821}]"
1761444704699191462,"[{'label': 'LABEL_1', 'score': 0.9991387128829956}]"
1761437634948104402,"[{'label': 'LABEL_0', 'score': 0.9995501637458801}]"
1761436865519895033,"[{'label': 'LABEL_0', 'score': 0.9995328187942505}]"
1761410802387411163,"[{'label': 'LABEL_0', 'score': 0.9997844099998474}]"
1761410593041342746,"[{'label': 'LABEL_0', 'score': 0.9992077946662903}]"
1761407996700053788,"[{'label': 'LABEL_1', 'score': 0.9993072748184204}]"
1761404770865057999,"[{'label': 'LABEL_0', 'score': 0.9998779296875}]"
1761397887336862184,"[{'label': 'LABEL_1', 'score': 0.9996778964996338}]"
1761386357115564350,"[{'label': 'LABEL_1', 'score': 0.9998862743377686}]"
1761384680580845783,"[{'label': 'LABEL_0', 'score': 0.9998878240585327}]"
1761379178148970558,"[{'label': 'LABEL_0', 'score': 0.9999054670333862}]"
1761359647582073330,"[{'label': 'LABEL_1', 'score': 0.999414324760437}]"
1761284092375523337,"[{'label': 'LABEL_0', 'score': 0.9998780488967896}]"
1761277148675936708,"[{'label': 'LABEL_0', 'score': 0.9999316930770874}]"
1761254687922061487,"[{'label': 'LABEL_1', 'score': 0.9990828037261963}]"
1761231422851792901,"[{'label': 'LABEL_1', 'score': 0.9996474981307983}]"
1761223736030626115,"[{'label': 'LABEL_0', 'score': 0.9998238682746887}]"
1761220971803885989,"[{'label': 'LABEL_0', 'score': 0.9994472861289978}]"
1761212367533117892,"[{'label': 'LABEL_1', 'score': 0.9914655089378357}]"
1761208860646215897,"[{'label': 'LABEL_1', 'score': 0.9985390901565552}]"
1761200576086647135,"[{'label': 'LABEL_0', 'score': 0.9998984336853027}]"
1761200575260041488,"[{'label': 'LABEL_0', 'score': 0.9998106360435486}]"
1761193199094104199,"[{'label': 'LABEL_0', 'score': 0.9963123202323914}]"
1761182736243442159,"[{'label': 'LABEL_0', 'score': 0.9998551607131958}]"
1761180187415175266,"[{'label': 'LABEL_1', 'score': 0.9994932413101196}]"
1761170342800756807,"[{'label': 'LABEL_0', 'score': 0.9999277591705322}]"
1761152202305945986,"[{'label': 'LABEL_0', 'score': 0.9998379945755005}]"
1761147283805016351,"[{'label': 'LABEL_0', 'score': 0.9963071346282959}]"
1761139840878354936,"[{'label': 'LABEL_0', 'score': 0.9998942613601685}]"
1761137647022428577,"[{'label': 'LABEL_1', 'score': 0.977663516998291}]"
1761134867453018279,"[{'label': 'LABEL_0', 'score': 0.9998929500579834}]"
1761134066080899412,"[{'label': 'LABEL_1', 'score': 0.9987484216690063}]"
1761117525121585460,"[{'label': 'LABEL_1', 'score': 0.9647901058197021}]"
1761106380683972633,"[{'label': 'LABEL_0', 'score': 0.9998705387115479}]"
1761098135344951729,"[{'label': 'LABEL_0', 'score': 0.9994658827781677}]"
1761029994493493433,"[{'label': 'LABEL_0', 'score': 0.999910831451416}]"
1761019659736719673,"[{'label': 'LABEL_0', 'score': 0.9998121857643127}]"
1761013270092112323,"[{'label': 'LABEL_0', 'score': 0.9998966455459595}]"
1761010935680962943,"[{'label': 'LABEL_0', 'score': 0.9998490810394287}]"
1760992977252401544,"[{'label': 'LABEL_0', 'score': 0.9998424053192139}]"
1760976382807707827,"[{'label': 'LABEL_1', 'score': 0.9995543360710144}]"
1760921592958259325,"[{'label': 'LABEL_1', 'score': 0.9996274709701538}]"
1760893426948526268,"[{'label': 'LABEL_1', 'score': 0.9850221276283264}]"
1760890902229266827,"[{'label': 'LABEL_0', 'score': 0.9990115165710449}]"
1760888399173464400,"[{'label': 'LABEL_0', 'score': 0.9904766082763672}]"
1760882096292167878,"[{'label': 'LABEL_1', 'score': 0.9961740374565125}]"
1760872004817756227,"[{'label': 'LABEL_0', 'score': 0.9994595646858215}]"
1760870188914737198,"[{'label': 'LABEL_1', 'score': 0.9997300505638123}]"
1760863873769378284,"[{'label': 'LABEL_0', 'score': 0.9998216032981873}]"
1760856653878948237,"[{'label': 'LABEL_0', 'score': 0.9998992681503296}]"
1760855346296291839,"[{'label': 'LABEL_0', 'score': 0.9998453855514526}]"
1760853420481626561,"[{'label': 'LABEL_1', 'score': 0.9997413754463196}]"
1760852030094995876,"[{'label': 'LABEL_0', 'score': 0.9998819828033447}]"
1760851539042648248,"[{'label': 'LABEL_1', 'score': 0.9015978574752808}]"
1760849677862256862,"[{'label': 'LABEL_0', 'score': 0.9997450709342957}]"
1760846656327565811,"[{'label': 'LABEL_0', 'score': 0.9998229146003723}]"
1760645425797665185,"[{'label': 'LABEL_0', 'score': 0.9996271133422852}]"
1760842575085269436,"[{'label': 'LABEL_0', 'score': 0.9999384880065918}]"
1760834338076196986,"[{'label': 'LABEL_0', 'score': 0.9999170303344727}]"
1760810112472523062,"[{'label': 'LABEL_1', 'score': 0.9985311031341553}]"
1760800850266427680,"[{'label': 'LABEL_1', 'score': 0.9993131160736084}]"
1760799351369007345,"[{'label': 'LABEL_0', 'score': 0.997815728187561}]"
1760795338221256955,"[{'label': 'LABEL_0', 'score': 0.9994081258773804}]"
1760781913806028947,"[{'label': 'LABEL_0', 'score': 0.9994908571243286}]"
1760776564751384668,"[{'label': 'LABEL_0', 'score': 0.9998456239700317}]"
1760770719477317705,"[{'label': 'LABEL_0', 'score': 0.9999407529830933}]"
1760756374588322224,"[{'label': 'LABEL_0', 'score': 0.9999136924743652}]"
1760725792810803370,"[{'label': 'LABEL_0', 'score': 0.9797824025154114}]"
1760725304035954747,"[{'label': 'LABEL_0', 'score': 0.99982088804245}]"
1760718150876758195,"[{'label': 'LABEL_0', 'score': 0.9999185800552368}]"
1760706469215830420,"[{'label': 'LABEL_0', 'score': 0.9999291896820068}]"
1760700976288133144,"[{'label': 'LABEL_0', 'score': 0.9998106360435486}]"
1760691407520489960,"[{'label': 'LABEL_0', 'score': 0.9990295171737671}]"
1760691132244095223,"[{'label': 'LABEL_0', 'score': 0.999749481678009}]"
1760689549192396962,"[{'label': 'LABEL_1', 'score': 0.9539892673492432}]"
1760685443346235605,"[{'label': 'LABEL_0', 'score': 0.9998637437820435}]"
1760661919122219335,"[{'label': 'LABEL_1', 'score': 0.9994828701019287}]"
1760655350598934540,"[{'label': 'LABEL_0', 'score': 0.9978809952735901}]"
1760646966508130513,"[{'label': 'LABEL_1', 'score': 0.9931560158729553}]"
1760635055632740786,"[{'label': 'LABEL_0', 'score': 0.9998451471328735}]"
1760634215241015331,"[{'label': 'LABEL_0', 'score': 0.9985759258270264}]"
1760609256158478337,"[{'label': 'LABEL_0', 'score': 0.9992640614509583}]"
1760530082664231094,"[{'label': 'LABEL_0', 'score': 0.999889612197876}]"
1760520770080432552,"[{'label': 'LABEL_0', 'score': 0.9998809099197388}]"
1760520635774562585,"[{'label': 'LABEL_0', 'score': 0.7918931245803833}]"
1760515604883325259,"[{'label': 'LABEL_1', 'score': 0.9991820454597473}]"
1760504674115838315,"[{'label': 'LABEL_1', 'score': 0.9991996884346008}]"
1760499206291099653,"[{'label': 'LABEL_1', 'score': 0.916520893573761}]"
1760483174314905899,"[{'label': 'LABEL_0', 'score': 0.9998351335525513}]"
1760481266648883634,"[{'label': 'LABEL_0', 'score': 0.996806263923645}]"
1760480829627629676,"[{'label': 'LABEL_0', 'score': 0.9998008608818054}]"
1760467989239824790,"[{'label': 'LABEL_0', 'score': 0.9873145818710327}]"
1760463313375309856,"[{'label': 'LABEL_0', 'score': 0.9988982677459717}]"
1760460163914359052,"[{'label': 'LABEL_1', 'score': 0.9985713958740234}]"
1760445016634204179,"[{'label': 'LABEL_0', 'score': 0.9998834133148193}]"
1760438797752291562,"[{'label': 'LABEL_1', 'score': 0.999480664730072}]"
1760423082257170941,"[{'label': 'LABEL_0', 'score': 0.9999369382858276}]"
1760401307666358513,"[{'label': 'LABEL_1', 'score': 0.9995517134666443}]"
1760399632788533451,"[{'label': 'LABEL_0', 'score': 0.9999243021011353}]"
1760397202361299054,"[{'label': 'LABEL_0', 'score': 0.9999434947967529}]"
1760390935337185648,"[{'label': 'LABEL_0', 'score': 0.9998112320899963}]"
1760389538969489575,"[{'label': 'LABEL_0', 'score': 0.9344838261604309}]"
1760385582688346538,"[{'label': 'LABEL_0', 'score': 0.5852407813072205}]"
1760365955161448772,"[{'label': 'LABEL_0', 'score': 0.9995146989822388}]"
1760364638267490619,"[{'label': 'LABEL_0', 'score': 0.9998733997344971}]"
1760344820059340835,"[{'label': 'LABEL_1', 'score': 0.9997435212135315}]"
1760329825405800783,"[{'label': 'LABEL_0', 'score': 0.9998903274536133}]"
1760329684749852726,"[{'label': 'LABEL_0', 'score': 0.9644731879234314}]"
1760285154646401456,"[{'label': 'LABEL_0', 'score': 0.9998155236244202}]"
1760274525260845373,"[{'label': 'LABEL_1', 'score': 0.9979850053787231}]"
1760270286618869996,"[{'label': 'LABEL_0', 'score': 0.9997419714927673}]"
1760269193373483173,"[{'label': 'LABEL_0', 'score': 0.9998544454574585}]"
1760267573579407445,"[{'label': 'LABEL_0', 'score': 0.9998910427093506}]"
1760201514054738170,"[{'label': 'LABEL_0', 'score': 0.9999343156814575}]"
1760184699605877016,"[{'label': 'LABEL_0', 'score': 0.9998658895492554}]"
1760145016897302998,"[{'label': 'LABEL_0', 'score': 0.9910271763801575}]"
1760129911337951729,"[{'label': 'LABEL_1', 'score': 0.9985179305076599}]"
1760124734698607055,"[{'label': 'LABEL_0', 'score': 0.9987795948982239}]"
1760120056250257915,"[{'label': 'LABEL_0', 'score': 0.9999291896820068}]"
1760085917987946694,"[{'label': 'LABEL_1', 'score': 0.9998517036437988}]"
1760084075665109127,"[{'label': 'LABEL_0', 'score': 0.9784663319587708}]"
1760076128666943766,"[{'label': 'LABEL_0', 'score': 0.999756395816803}]"
1760179623634354351,"[{'label': 'LABEL_0', 'score': 0.9969307780265808}]"
1760063265067991044,"[{'label': 'LABEL_0', 'score': 0.9998446702957153}]"
1760043266626445580,"[{'label': 'LABEL_0', 'score': 0.9999022483825684}]"
1760027688205742123,"[{'label': 'LABEL_0', 'score': 0.999848484992981}]"
1759997625087209754,"[{'label': 'LABEL_0', 'score': 0.9905555844306946}]"
1759980901885243598,"[{'label': 'LABEL_0', 'score': 0.9999125003814697}]"
1759962488148210106,"[{'label': 'LABEL_1', 'score': 0.9929816722869873}]"
1759953596110471296,"[{'label': 'LABEL_1', 'score': 0.9998524188995361}]"
1759937802777563567,"[{'label': 'LABEL_0', 'score': 0.6284999251365662}]"
1759934413322768653,"[{'label': 'LABEL_0', 'score': 0.9999115467071533}]"
1759921753575260571,"[{'label': 'LABEL_1', 'score': 0.9997150301933289}]"
1759915355869176249,"[{'label': 'LABEL_0', 'score': 0.9998372793197632}]"
1759909926535610429,"[{'label': 'LABEL_0', 'score': 0.9998258948326111}]"
1759891533916975466,"[{'label': 'LABEL_0', 'score': 0.9997991919517517}]"
1759891107524030804,"[{'label': 'LABEL_1', 'score': 0.8431870341300964}]"
1759881904336081066,"[{'label': 'LABEL_0', 'score': 0.9997925162315369}]"
1759834956606406910,"[{'label': 'LABEL_1', 'score': 0.9999110698699951}]"
1759816609680544010,"[{'label': 'LABEL_0', 'score': 0.9999299049377441}]"
1759792370722169172,"[{'label': 'LABEL_1', 'score': 0.9993312358856201}]"
1759771595382358050,"[{'label': 'LABEL_0', 'score': 0.9998278617858887}]"
1759766156959789396,"[{'label': 'LABEL_0', 'score': 0.9973902106285095}]"
1759756224315224183,"[{'label': 'LABEL_1', 'score': 0.999812662601471}]"
1759755828389634458,"[{'label': 'LABEL_0', 'score': 0.9999228715896606}]"
1759738477816557768,"[{'label': 'LABEL_0', 'score': 0.9998181462287903}]"
1759718855843143948,"[{'label': 'LABEL_1', 'score': 0.999599277973175}]"
1759714060889637353,"[{'label': 'LABEL_0', 'score': 0.9997081160545349}]"
1759711377772445812,"[{'label': 'LABEL_0', 'score': 0.590027928352356}]"
1759704302614884659,"[{'label': 'LABEL_0', 'score': 0.9450406432151794}]"
1759701036401385966,"[{'label': 'LABEL_0', 'score': 0.9998723268508911}]"
1759697222394872145,"[{'label': 'LABEL_0', 'score': 0.9998811483383179}]"
1759685789363900858,"[{'label': 'LABEL_0', 'score': 0.9999109506607056}]"
1759684281285083374,"[{'label': 'LABEL_0', 'score': 0.999919056892395}]"
1759655637170950237,"[{'label': 'LABEL_0', 'score': 0.9998953342437744}]"
1759653802641158563,"[{'label': 'LABEL_1', 'score': 0.999049961566925}]"
1759649651374879090,"[{'label': 'LABEL_0', 'score': 0.999931812286377}]"
1759641375799181824,"[{'label': 'LABEL_0', 'score': 0.9971323013305664}]"
1759618307408146501,"[{'label': 'LABEL_1', 'score': 0.9996376037597656}]"
1759612209972355439,"[{'label': 'LABEL_0', 'score': 0.9994044303894043}]"
1759604928320778241,"[{'label': 'LABEL_0', 'score': 0.9999146461486816}]"
1759604134896972008,"[{'label': 'LABEL_1', 'score': 0.9947587847709656}]"
1759600190091092227,"[{'label': 'LABEL_0', 'score': 0.9996734857559204}]"
1759588180460785933,"[{'label': 'LABEL_0', 'score': 0.9997920393943787}]"
1759567260329341034,"[{'label': 'LABEL_0', 'score': 0.9998751878738403}]"
1759566688075264246,"[{'label': 'LABEL_0', 'score': 0.9961358904838562}]"
1759444600677138875,"[{'label': 'LABEL_0', 'score': 0.999541163444519}]"
1759390817502863766,"[{'label': 'LABEL_0', 'score': 0.9998879432678223}]"
1759390813287489582,"[{'label': 'LABEL_0', 'score': 0.9998975992202759}]"
1759357504801189931,"[{'label': 'LABEL_0', 'score': 0.9957802295684814}]"
1759353656745611772,"[{'label': 'LABEL_0', 'score': 0.9996538162231445}]"
1759337412952486232,"[{'label': 'LABEL_0', 'score': 0.9998812675476074}]"
1759309864654750067,"[{'label': 'LABEL_0', 'score': 0.9994513392448425}]"
1759276739929215269,"[{'label': 'LABEL_0', 'score': 0.999849796295166}]"
1759275735024308632,"[{'label': 'LABEL_0', 'score': 0.9998763799667358}]"
1759265465816207764,"[{'label': 'LABEL_0', 'score': 0.9998217225074768}]"
1759237120630174147,"[{'label': 'LABEL_0', 'score': 0.9999285936355591}]"
1759234189549863094,"[{'label': 'LABEL_0', 'score': 0.999911904335022}]"
1759223961806660018,"[{'label': 'LABEL_0', 'score': 0.9999032020568848}]"
1759222741759144224,"[{'label': 'LABEL_1', 'score': 0.6589829325675964}]"
1759218680229954027,"[{'label': 'LABEL_0', 'score': 0.9998533725738525}]"
1759192796764745939,"[{'label': 'LABEL_0', 'score': 0.9998742341995239}]"
1759163337357627760,"[{'label': 'LABEL_0', 'score': 0.9998549222946167}]"
1759152662275076477,"[{'label': 'LABEL_0', 'score': 0.9998830556869507}]"
1759108683500253423,"[{'label': 'LABEL_1', 'score': 0.9995394945144653}]"
1759105088205803721,"[{'label': 'LABEL_1', 'score': 0.9993828535079956}]"
1759054706976903516,"[{'label': 'LABEL_0', 'score': 0.999841570854187}]"
1759046528272851421,"[{'label': 'LABEL_0', 'score': 0.9999079704284668}]"
1759042451182886967,"[{'label': 'LABEL_0', 'score': 0.9999129772186279}]"
1759038554477379995,"[{'label': 'LABEL_0', 'score': 0.9997469782829285}]"
1759033628472860965,"[{'label': 'LABEL_1', 'score': 0.9935823082923889}]"
1759031163757195439,"[{'label': 'LABEL_0', 'score': 0.999819815158844}]"
1759031051844727008,"[{'label': 'LABEL_0', 'score': 0.999901294708252}]"
1759027625433923963,"[{'label': 'LABEL_0', 'score': 0.9999332427978516}]"
1759017680852426997,"[{'label': 'LABEL_0', 'score': 0.9999120235443115}]"
1759003241977614514,"[{'label': 'LABEL_1', 'score': 0.9996635913848877}]"
1759002607148995054,"[{'label': 'LABEL_1', 'score': 0.9996278285980225}]"
1758985331339100634,"[{'label': 'LABEL_0', 'score': 0.9981525540351868}]"
1758979213577580578,"[{'label': 'LABEL_0', 'score': 0.9995548129081726}]"
1758976678427087318,"[{'label': 'LABEL_0', 'score': 0.9899572730064392}]"
1758973832667275512,"[{'label': 'LABEL_0', 'score': 0.9999330043792725}]"
1758973519960965311,"[{'label': 'LABEL_0', 'score': 0.9991946816444397}]"
1758967648618959010,"[{'label': 'LABEL_1', 'score': 0.9127475023269653}]"
1758967470033952962,"[{'label': 'LABEL_1', 'score': 0.862385094165802}]"
1758964641487577304,"[{'label': 'LABEL_0', 'score': 0.9990739822387695}]"
1758963533880926402,"[{'label': 'LABEL_0', 'score': 0.9990454316139221}]"
1758953488585760806,"[{'label': 'LABEL_0', 'score': 0.9998494386672974}]"
1758945161411735793,"[{'label': 'LABEL_0', 'score': 0.9999204874038696}]"
1758895358803878395,"[{'label': 'LABEL_1', 'score': 0.9995212554931641}]"
1758886411061563584,"[{'label': 'LABEL_0', 'score': 0.9999290704727173}]"
1758883213827531202,"[{'label': 'LABEL_1', 'score': 0.9998202919960022}]"
1758833244198297966,"[{'label': 'LABEL_0', 'score': 0.9999388456344604}]"
1758669257276334579,"[{'label': 'LABEL_0', 'score': 0.9999052286148071}]"
1758609439098036232,"[{'label': 'LABEL_0', 'score': 0.9999179840087891}]"
1758291996232524029,"[{'label': 'LABEL_0', 'score': 0.9999285936355591}]"
1763269242873405550,"[{'label': 'LABEL_0', 'score': 0.9986263513565063}]"
1763263415600996492,"[{'label': 'LABEL_1', 'score': 0.9992332458496094}]"
1763258241658569150,"[{'label': 'LABEL_0', 'score': 0.9999185800552368}]"
1763250359533724113,"[{'label': 'LABEL_0', 'score': 0.9999308586120605}]"
1763232714042282351,"[{'label': 'LABEL_1', 'score': 0.999861478805542}]"
1763232694320742461,"[{'label': 'LABEL_0', 'score': 0.9996126294136047}]"
1763223725061644431,"[{'label': 'LABEL_1', 'score': 0.9995026588439941}]"
1763223705033879999,"[{'label': 'LABEL_0', 'score': 0.9998798370361328}]"
1763206432663523820,"[{'label': 'LABEL_0', 'score': 0.9997792840003967}]"
1763200924032352371,"[{'label': 'LABEL_0', 'score': 0.9998350143432617}]"
1763166518324392446,"[{'label': 'LABEL_1', 'score': 0.9994977712631226}]"
1763162491540938890,"[{'label': 'LABEL_1', 'score': 0.9994986057281494}]"
1763000049947000939,"[{'label': 'LABEL_0', 'score': 0.9995036125183105}]"
1763160975945900107,"[{'label': 'LABEL_0', 'score': 0.9998452663421631}]"
1763151878219604316,"[{'label': 'LABEL_1', 'score': 0.9977656602859497}]"
1763150784751899103,"[{'label': 'LABEL_0', 'score': 0.9998365640640259}]"
1763147848122548224,"[{'label': 'LABEL_0', 'score': 0.9997410178184509}]"
1763130904585584862,"[{'label': 'LABEL_0', 'score': 0.9998769760131836}]"
1763070976760172820,"[{'label': 'LABEL_0', 'score': 0.9994649291038513}]"
1763065318451118517,"[{'label': 'LABEL_1', 'score': 0.996096670627594}]"
1763063555249545290,"[{'label': 'LABEL_0', 'score': 0.9998518228530884}]"
1763045260865773639,"[{'label': 'LABEL_0', 'score': 0.9999356269836426}]"
1763033270453698820,"[{'label': 'LABEL_0', 'score': 0.9998661279678345}]"
1763030998311199133,"[{'label': 'LABEL_0', 'score': 0.9998019337654114}]"
1763022560579473689,"[{'label': 'LABEL_0', 'score': 0.9996950626373291}]"
1763019554844725412,"[{'label': 'LABEL_0', 'score': 0.9998985528945923}]"
1763005404282327411,"[{'label': 'LABEL_0', 'score': 0.999790370464325}]"
1762996483652034699,"[{'label': 'LABEL_0', 'score': 0.9998107552528381}]"
1762993395021025587,"[{'label': 'LABEL_1', 'score': 0.6812390089035034}]"
1762985206732992761,"[{'label': 'LABEL_0', 'score': 0.9998281002044678}]"
1762969994235646439,"[{'label': 'LABEL_0', 'score': 0.9998849630355835}]"
1762969728518078970,"[{'label': 'LABEL_0', 'score': 0.9999024868011475}]"
1762965902452981980,"[{'label': 'LABEL_0', 'score': 0.9998946189880371}]"
1762962515871346931,"[{'label': 'LABEL_0', 'score': 0.9998082518577576}]"
1762957830724731282,"[{'label': 'LABEL_0', 'score': 0.999140739440918}]"
1762935968997183946,"[{'label': 'LABEL_0', 'score': 0.9999333620071411}]"
1762928054945395026,"[{'label': 'LABEL_0', 'score': 0.9996017813682556}]"
1762927252092653661,"[{'label': 'LABEL_0', 'score': 0.9996438026428223}]"
1762914623819260031,"[{'label': 'LABEL_0', 'score': 0.9999195337295532}]"
1762912874584752254,"[{'label': 'LABEL_0', 'score': 0.9998859167098999}]"
1762907566835749363,"[{'label': 'LABEL_1', 'score': 0.9703346490859985}]"
1762885009914876104,"[{'label': 'LABEL_0', 'score': 0.9999371767044067}]"
1762884758348927479,"[{'label': 'LABEL_0', 'score': 0.9998894929885864}]"
1762880994690924791,"[{'label': 'LABEL_1', 'score': 0.9997381567955017}]"
1762871301675352097,"[{'label': 'LABEL_0', 'score': 0.9985871315002441}]"
1762866152903266427,"[{'label': 'LABEL_0', 'score': 0.999881386756897}]"
1762863710643552611,"[{'label': 'LABEL_0', 'score': 0.6835089325904846}]"
1762861341537091657,"[{'label': 'LABEL_0', 'score': 0.9999161958694458}]"
1762860009992421858,"[{'label': 'LABEL_0', 'score': 0.9998258948326111}]"
1762858855367594092,"[{'label': 'LABEL_0', 'score': 0.9998586177825928}]"
1762858004599173221,"[{'label': 'LABEL_0', 'score': 0.999884843826294}]"
1762857376485376487,"[{'label': 'LABEL_0', 'score': 0.9999163150787354}]"
1762845630513263062,"[{'label': 'LABEL_0', 'score': 0.9997366070747375}]"
1762841786433564683,"[{'label': 'LABEL_0', 'score': 0.9998148083686829}]"
1762839335924121676,"[{'label': 'LABEL_0', 'score': 0.9997126460075378}]"
1762812944943841666,"[{'label': 'LABEL_1', 'score': 0.8723381757736206}]"
1762812329228447918,"[{'label': 'LABEL_1', 'score': 0.9981915354728699}]"
1762746922824024554,"[{'label': 'LABEL_1', 'score': 0.9991742968559265}]"
1762740006207029310,"[{'label': 'LABEL_1', 'score': 0.9996172189712524}]"
1762683913841815897,"[{'label': 'LABEL_0', 'score': 0.9998675584793091}]"
1762680534046589181,"[{'label': 'LABEL_0', 'score': 0.9908210635185242}]"
1762669349481886145,"[{'label': 'LABEL_0', 'score': 0.9999163150787354}]"
1762648057772962103,"[{'label': 'LABEL_0', 'score': 0.9998212456703186}]"
1762626398131253477,"[{'label': 'LABEL_0', 'score': 0.9963963627815247}]"
1762622506664333635,"[{'label': 'LABEL_1', 'score': 0.9993176460266113}]"
1762612789498065250,"[{'label': 'LABEL_0', 'score': 0.9998705387115479}]"
1762603702391591018,"[{'label': 'LABEL_0', 'score': 0.9998502731323242}]"
1762589768292962544,"[{'label': 'LABEL_0', 'score': 0.9999091625213623}]"
1762585129493442607,"[{'label': 'LABEL_0', 'score': 0.9999172687530518}]"
1762583938885620199,"[{'label': 'LABEL_0', 'score': 0.9999414682388306}]"
1762583561624838508,"[{'label': 'LABEL_0', 'score': 0.9995717406272888}]"
1762582816863182982,"[{'label': 'LABEL_1', 'score': 0.9997857213020325}]"
1762582700676755698,"[{'label': 'LABEL_1', 'score': 0.9998558759689331}]"
1762582597098451245,"[{'label': 'LABEL_1', 'score': 0.9986191987991333}]"
1762582037368611066,"[{'label': 'LABEL_0', 'score': 0.99973064661026}]"
1762577474255294623,"[{'label': 'LABEL_0', 'score': 0.9956929087638855}]"
1762576042676404271,"[{'label': 'LABEL_0', 'score': 0.9999178647994995}]"
1762572993140584593,"[{'label': 'LABEL_0', 'score': 0.9998348951339722}]"
1762569904035643408,"[{'label': 'LABEL_0', 'score': 0.9999376535415649}]"
1762567260961436159,"[{'label': 'LABEL_0', 'score': 0.9993883371353149}]"
1762566840469839932,"[{'label': 'LABEL_0', 'score': 0.999932050704956}]"
1762554757250486448,"[{'label': 'LABEL_0', 'score': 0.9996670484542847}]"
1762527861053825198,"[{'label': 'LABEL_0', 'score': 0.9978594183921814}]"
1762521874498535705,"[{'label': 'LABEL_0', 'score': 0.9998694658279419}]"
1762518706175836245,"[{'label': 'LABEL_0', 'score': 0.9998675584793091}]"
1762514614456082508,"[{'label': 'LABEL_0', 'score': 0.9998679161071777}]"
1762509090415091762,"[{'label': 'LABEL_0', 'score': 0.9997046589851379}]"
1762495828919484629,"[{'label': 'LABEL_0', 'score': 0.9991579055786133}]"
1762495805280391509,"[{'label': 'LABEL_0', 'score': 0.9998763799667358}]"
1762478519920037932,"[{'label': 'LABEL_0', 'score': 0.9999014139175415}]"
1762477268142592220,"[{'label': 'LABEL_0', 'score': 0.9740185141563416}]"
1762471079791013900,"[{'label': 'LABEL_0', 'score': 0.9999220371246338}]"
1762425048818688020,"[{'label': 'LABEL_1', 'score': 0.9997187256813049}]"
1762353390464512383,"[{'label': 'LABEL_1', 'score': 0.9994319081306458}]"
1762315949334544741,"[{'label': 'LABEL_0', 'score': 0.9992794394493103}]"
1762306878208352257,"[{'label': 'LABEL_0', 'score': 0.9997156262397766}]"
1762286023873011784,"[{'label': 'LABEL_0', 'score': 0.9986938834190369}]"
1762278979585630718,"[{'label': 'LABEL_0', 'score': 0.9998792409896851}]"
1762273193648161056,"[{'label': 'LABEL_0', 'score': 0.9997921586036682}]"
1762267629723480275,"[{'label': 'LABEL_0', 'score': 0.9998985528945923}]"
1762264494900727856,"[{'label': 'LABEL_0', 'score': 0.9998440742492676}]"
1762263985078841642,"[{'label': 'LABEL_1', 'score': 0.9991457462310791}]"
1762261967224336872,"[{'label': 'LABEL_0', 'score': 0.999733030796051}]"
1762260539105833361,"[{'label': 'LABEL_1', 'score': 0.9998736381530762}]"
1762258607804944879,"[{'label': 'LABEL_0', 'score': 0.9937782287597656}]"
1762258120368132258,"[{'label': 'LABEL_0', 'score': 0.9985398054122925}]"
1762256793139323026,"[{'label': 'LABEL_0', 'score': 0.9999082088470459}]"
1762220366217298329,"[{'label': 'LABEL_1', 'score': 0.9997877478599548}]"
1762182090873794923,"[{'label': 'LABEL_0', 'score': 0.9907436966896057}]"
1762182069214400946,"[{'label': 'LABEL_1', 'score': 0.8833300471305847}]"
1765010548331098437,"[{'label': 'LABEL_0', 'score': 0.9998687505722046}]"
1764994304093679984,"[{'label': 'LABEL_0', 'score': 0.9998262524604797}]"
1764991565548724673,"[{'label': 'LABEL_0', 'score': 0.9999158382415771}]"
1764990672812036399,"[{'label': 'LABEL_0', 'score': 0.9998708963394165}]"
1764989152322330878,"[{'label': 'LABEL_0', 'score': 0.9998131394386292}]"
1764989076485062930,"[{'label': 'LABEL_1', 'score': 0.999136745929718}]"
1764976826563080278,"[{'label': 'LABEL_0', 'score': 0.9998151659965515}]"
1764975342949736687,"[{'label': 'LABEL_1', 'score': 0.9994484782218933}]"
1764969641401540997,"[{'label': 'LABEL_0', 'score': 0.999858021736145}]"
1764949250020868181,"[{'label': 'LABEL_0', 'score': 0.9999295473098755}]"
1764794248396775909,"[{'label': 'LABEL_0', 'score': 0.9999071359634399}]"
1764948865843957765,"[{'label': 'LABEL_0', 'score': 0.9999499320983887}]"
1764852618755481644,"[{'label': 'LABEL_1', 'score': 0.5428725481033325}]"
1764845451818197466,"[{'label': 'LABEL_0', 'score': 0.9998430013656616}]"
1764839759753421129,"[{'label': 'LABEL_1', 'score': 0.9993187189102173}]"
1764835649981399185,"[{'label': 'LABEL_0', 'score': 0.9998908042907715}]"
1764830297894383974,"[{'label': 'LABEL_0', 'score': 0.9998630285263062}]"
1764827772872983034,"[{'label': 'LABEL_0', 'score': 0.9996033310890198}]"
1764827101910143271,"[{'label': 'LABEL_0', 'score': 0.9997130036354065}]"
1764808685732118943,"[{'label': 'LABEL_1', 'score': 0.9952392578125}]"
1764808314498453936,"[{'label': 'LABEL_0', 'score': 0.9998633861541748}]"
1764806816460923368,"[{'label': 'LABEL_0', 'score': 0.9998773336410522}]"
1764801125251698705,"[{'label': 'LABEL_0', 'score': 0.9393667578697205}]"
1764798986261606858,"[{'label': 'LABEL_0', 'score': 0.9998176693916321}]"
1764787666871013420,"[{'label': 'LABEL_0', 'score': 0.999915599822998}]"
1764786415395545466,"[{'label': 'LABEL_0', 'score': 0.9999275207519531}]"
1764786192699027640,"[{'label': 'LABEL_0', 'score': 0.999722421169281}]"
1764774705095909450,"[{'label': 'LABEL_0', 'score': 0.9999366998672485}]"
1764774353227391063,"[{'label': 'LABEL_0', 'score': 0.9999144077301025}]"
1764772693881028863,"[{'label': 'LABEL_0', 'score': 0.9999160766601562}]"
1764772308432851324,"[{'label': 'LABEL_0', 'score': 0.9999237060546875}]"
1764772219794669746,"[{'label': 'LABEL_0', 'score': 0.9998716115951538}]"
1764761505847738600,"[{'label': 'LABEL_0', 'score': 0.9996324777603149}]"
1764758419452350574,"[{'label': 'LABEL_0', 'score': 0.9999352693557739}]"
1764756529083793885,"[{'label': 'LABEL_0', 'score': 0.9699188470840454}]"
1764750372483092938,"[{'label': 'LABEL_1', 'score': 0.999576985836029}]"
1764746886051766379,"[{'label': 'LABEL_0', 'score': 0.999618411064148}]"
1764739251273404675,"[{'label': 'LABEL_0', 'score': 0.999907374382019}]"
1764730619915886964,"[{'label': 'LABEL_0', 'score': 0.9997898936271667}]"
1764730616673698018,"[{'label': 'LABEL_0', 'score': 0.9999008178710938}]"
1764730273025978675,"[{'label': 'LABEL_0', 'score': 0.999950647354126}]"
1764729450921410925,"[{'label': 'LABEL_0', 'score': 0.9998438358306885}]"
1764721577650749504,"[{'label': 'LABEL_0', 'score': 0.9997758269309998}]"
1764708300703023511,"[{'label': 'LABEL_1', 'score': 0.9804343581199646}]"
1764705629229224314,"[{'label': 'LABEL_1', 'score': 0.9823091626167297}]"
1764702883784634805,"[{'label': 'LABEL_1', 'score': 0.9730097651481628}]"
1764695247857013001,"[{'label': 'LABEL_0', 'score': 0.999890923500061}]"
1764688623746596902,"[{'label': 'LABEL_1', 'score': 0.9998692274093628}]"
1764685137269215401,"[{'label': 'LABEL_0', 'score': 0.9998950958251953}]"
1764682047849648134,"[{'label': 'LABEL_0', 'score': 0.9999239444732666}]"
1764681206124204401,"[{'label': 'LABEL_0', 'score': 0.9997263550758362}]"
1764680273008980279,"[{'label': 'LABEL_0', 'score': 0.999121367931366}]"
1764676587364991416,"[{'label': 'LABEL_0', 'score': 0.9997995495796204}]"
1764674609071206782,"[{'label': 'LABEL_0', 'score': 0.9998434782028198}]"
1764673859867865181,"[{'label': 'LABEL_0', 'score': 0.9996439218521118}]"
1764670995363660257,"[{'label': 'LABEL_0', 'score': 0.9998718500137329}]"
1764670993031667793,"[{'label': 'LABEL_0', 'score': 0.9996699094772339}]"
1764670990213124473,"[{'label': 'LABEL_0', 'score': 0.9998729228973389}]"
1764669877023863108,"[{'label': 'LABEL_0', 'score': 0.9999020099639893}]"
1764669322788585489,"[{'label': 'LABEL_0', 'score': 0.9999217987060547}]"
1764666105912516753,"[{'label': 'LABEL_0', 'score': 0.9998282194137573}]"
1764661063394398538,"[{'label': 'LABEL_0', 'score': 0.9998493194580078}]"
1764660270700355971,"[{'label': 'LABEL_0', 'score': 0.999605119228363}]"
1764660085928652886,"[{'label': 'LABEL_0', 'score': 0.9999102354049683}]"
1764659498822570122,"[{'label': 'LABEL_1', 'score': 0.9996870756149292}]"
1764657046241116488,"[{'label': 'LABEL_0', 'score': 0.9999178647994995}]"
1764656224912482451,"[{'label': 'LABEL_0', 'score': 0.9999063014984131}]"
1764652839299625082,"[{'label': 'LABEL_0', 'score': 0.9998599290847778}]"
1764652282933584267,"[{'label': 'LABEL_0', 'score': 0.9998247027397156}]"
1764641992896614868,"[{'label': 'LABEL_0', 'score': 0.9999346733093262}]"
1764639048851771552,"[{'label': 'LABEL_0', 'score': 0.9999110698699951}]"
1764638814570414290,"[{'label': 'LABEL_0', 'score': 0.9980376362800598}]"
1764637114405110096,"[{'label': 'LABEL_0', 'score': 0.9999216794967651}]"
1764637112861688088,"[{'label': 'LABEL_0', 'score': 0.9999297857284546}]"
1764631349653119111,"[{'label': 'LABEL_0', 'score': 0.999779999256134}]"
1764629864517075038,"[{'label': 'LABEL_0', 'score': 0.9999405145645142}]"
1764629173354598564,"[{'label': 'LABEL_0', 'score': 0.999945878982544}]"
1764629061999960501,"[{'label': 'LABEL_0', 'score': 0.9999128580093384}]"
1764628966604673453,"[{'label': 'LABEL_0', 'score': 0.999779999256134}]"
1764624672862130670,"[{'label': 'LABEL_0', 'score': 0.9997901320457458}]"
1764622409271783541,"[{'label': 'LABEL_0', 'score': 0.9999023675918579}]"
1764622392486228410,"[{'label': 'LABEL_0', 'score': 0.9998509883880615}]"
1764620197892079756,"[{'label': 'LABEL_0', 'score': 0.9999397993087769}]"
1764615554290028971,"[{'label': 'LABEL_0', 'score': 0.9997374415397644}]"
1764609734441619839,"[{'label': 'LABEL_0', 'score': 0.9998759031295776}]"
1764605818144423982,"[{'label': 'LABEL_0', 'score': 0.9998663663864136}]"
1764543342342184976,"[{'label': 'LABEL_0', 'score': 0.9995318651199341}]"
1764533700182655441,"[{'label': 'LABEL_0', 'score': 0.9883502721786499}]"
1764522001610236384,"[{'label': 'LABEL_0', 'score': 0.9983622431755066}]"
1764507078238797841,"[{'label': 'LABEL_0', 'score': 0.9998180270195007}]"
1764487181244973185,"[{'label': 'LABEL_0', 'score': 0.9992111921310425}]"
1764486170644553992,"[{'label': 'LABEL_0', 'score': 0.9997956156730652}]"
1764468694392901973,"[{'label': 'LABEL_0', 'score': 0.8034101724624634}]"
1764441447661486552,"[{'label': 'LABEL_0', 'score': 0.984409511089325}]"
1764465904367157668,"[{'label': 'LABEL_0', 'score': 0.9998763799667358}]"
1764456405220606377,"[{'label': 'LABEL_0', 'score': 0.9999243021011353}]"
1764451971992273045,"[{'label': 'LABEL_0', 'score': 0.9998911619186401}]"
1764444771806806443,"[{'label': 'LABEL_0', 'score': 0.9998993873596191}]"
1764439288064745941,"[{'label': 'LABEL_0', 'score': 0.9992730021476746}]"
1764425526792630542,"[{'label': 'LABEL_0', 'score': 0.9998350143432617}]"
1764423396874440719,"[{'label': 'LABEL_0', 'score': 0.9998373985290527}]"
1764404110743265710,"[{'label': 'LABEL_0', 'score': 0.9998553991317749}]"
1764394371326062919,"[{'label': 'LABEL_0', 'score': 0.9998569488525391}]"
1764393015588602053,"[{'label': 'LABEL_0', 'score': 0.9998726844787598}]"
1764390270563479990,"[{'label': 'LABEL_0', 'score': 0.9999113082885742}]"
1764386599566000234,"[{'label': 'LABEL_0', 'score': 0.999897837638855}]"
1764371150103101906,"[{'label': 'LABEL_0', 'score': 0.9997705817222595}]"
1764370819763863807,"[{'label': 'LABEL_0', 'score': 0.9999152421951294}]"
1764354846168158554,"[{'label': 'LABEL_0', 'score': 0.999748170375824}]"
1764352876032209164,"[{'label': 'LABEL_0', 'score': 0.9999020099639893}]"
1764351675953828346,"[{'label': 'LABEL_0', 'score': 0.9998769760131836}]"
1764350075008893033,"[{'label': 'LABEL_0', 'score': 0.9998124241828918}]"
1764347300841652558,"[{'label': 'LABEL_0', 'score': 0.9999088048934937}]"
1764325316430884913,"[{'label': 'LABEL_0', 'score': 0.9998365640640259}]"
1764320769826341193,"[{'label': 'LABEL_0', 'score': 0.9998948574066162}]"
1764300160559988896,"[{'label': 'LABEL_0', 'score': 0.9997245669364929}]"
1764294737027076371,"[{'label': 'LABEL_0', 'score': 0.9998857975006104}]"
1764278248261701912,"[{'label': 'LABEL_0', 'score': 0.9998186230659485}]"
1764275626683339161,"[{'label': 'LABEL_0', 'score': 0.9996260404586792}]"
1764264831744344209,"[{'label': 'LABEL_0', 'score': 0.9998421669006348}]"
1764223656043929681,"[{'label': 'LABEL_0', 'score': 0.9999014139175415}]"
1764103127286923323,"[{'label': 'LABEL_1', 'score': 0.9960263967514038}]"
1764098189475365304,"[{'label': 'LABEL_0', 'score': 0.9999321699142456}]"
1764098115148145005,"[{'label': 'LABEL_1', 'score': 0.9989628791809082}]"
1764096686941745214,"[{'label': 'LABEL_0', 'score': 0.9960854053497314}]"
1764069520899973515,"[{'label': 'LABEL_0', 'score': 0.9998300075531006}]"
1764055943237533763,"[{'label': 'LABEL_0', 'score': 0.9997548460960388}]"
1764055721451171950,"[{'label': 'LABEL_0', 'score': 0.5961726903915405}]"
1764055720331182220,"[{'label': 'LABEL_1', 'score': 0.9992839694023132}]"
1764016971014689053,"[{'label': 'LABEL_1', 'score': 0.9997726082801819}]"
1764010581361570210,"[{'label': 'LABEL_0', 'score': 0.9998656511306763}]"
1763991005353656418,"[{'label': 'LABEL_0', 'score': 0.9999266862869263}]"
1763977243917685111,"[{'label': 'LABEL_0', 'score': 0.9977307915687561}]"
1763971439365927335,"[{'label': 'LABEL_0', 'score': 0.9998524188995361}]"
1763971184717086869,"[{'label': 'LABEL_0', 'score': 0.9994785189628601}]"
1763970767190896946,"[{'label': 'LABEL_1', 'score': 0.9994774460792542}]"
1763970587385323796,"[{'label': 'LABEL_0', 'score': 0.9924339056015015}]"
1763961418074722428,"[{'label': 'LABEL_1', 'score': 0.9999103546142578}]"
1763956015043649861,"[{'label': 'LABEL_0', 'score': 0.999887228012085}]"
1763955631340310575,"[{'label': 'LABEL_0', 'score': 0.9998636245727539}]"
1763953331297292493,"[{'label': 'LABEL_0', 'score': 0.999496579170227}]"
1763952015284023670,"[{'label': 'LABEL_1', 'score': 0.9995822310447693}]"
1763935073894563945,"[{'label': 'LABEL_0', 'score': 0.9998934268951416}]"
1763913729106649289,"[{'label': 'LABEL_0', 'score': 0.9999232292175293}]"
1763912137758662782,"[{'label': 'LABEL_0', 'score': 0.9999072551727295}]"
1763901200737464468,"[{'label': 'LABEL_0', 'score': 0.9997822642326355}]"
1763898075762811068,"[{'label': 'LABEL_0', 'score': 0.9999276399612427}]"
1763894959009046841,"[{'label': 'LABEL_0', 'score': 0.999881386756897}]"
1763894136048906600,"[{'label': 'LABEL_0', 'score': 0.9998458623886108}]"
1763779522451718519,"[{'label': 'LABEL_0', 'score': 0.9992652535438538}]"
1763771306003018017,"[{'label': 'LABEL_0', 'score': 0.9998186230659485}]"
1763770519667482815,"[{'label': 'LABEL_1', 'score': 0.9992784857749939}]"
1763767871014846893,"[{'label': 'LABEL_0', 'score': 0.9998775720596313}]"
1763766674551972080,"[{'label': 'LABEL_0', 'score': 0.9871669411659241}]"
1763759726301434080,"[{'label': 'LABEL_0', 'score': 0.9997953772544861}]"
1763755163871801646,"[{'label': 'LABEL_0', 'score': 0.9987441301345825}]"
1763753623157141665,"[{'label': 'LABEL_0', 'score': 0.9999237060546875}]"
1763752660224651363,"[{'label': 'LABEL_0', 'score': 0.9998937845230103}]"
1763747916043124844,"[{'label': 'LABEL_0', 'score': 0.9999277591705322}]"
1763745381890891905,"[{'label': 'LABEL_0', 'score': 0.9993593096733093}]"
1763731867335868681,"[{'label': 'LABEL_0', 'score': 0.9950798749923706}]"
1763725744520220875,"[{'label': 'LABEL_1', 'score': 0.8305637836456299}]"
1763720841433428107,"[{'label': 'LABEL_0', 'score': 0.9995039701461792}]"
1763719498266255852,"[{'label': 'LABEL_0', 'score': 0.999881386756897}]"
1763719438262513952,"[{'label': 'LABEL_0', 'score': 0.9957569241523743}]"
1763718011297423518,"[{'label': 'LABEL_0', 'score': 0.9999234676361084}]"
1763717463827443891,"[{'label': 'LABEL_0', 'score': 0.981255829334259}]"
1763712574162346323,"[{'label': 'LABEL_1', 'score': 0.99871826171875}]"
1763710695013572766,"[{'label': 'LABEL_0', 'score': 0.9998270869255066}]"
1763704611129487654,"[{'label': 'LABEL_1', 'score': 0.8585246205329895}]"
1763693197727814125,"[{'label': 'LABEL_1', 'score': 0.9995267391204834}]"
1763691394739139010,"[{'label': 'LABEL_0', 'score': 0.9937408566474915}]"
1763686359917613375,"[{'label': 'LABEL_0', 'score': 0.9997816681861877}]"
1763684432014151945,"[{'label': 'LABEL_0', 'score': 0.9999219179153442}]"
1763681684526862582,"[{'label': 'LABEL_0', 'score': 0.9759731292724609}]"
1763676225363472586,"[{'label': 'LABEL_1', 'score': 0.9987768530845642}]"
1763660968997822509,"[{'label': 'LABEL_0', 'score': 0.9998829364776611}]"
1763649549799674065,"[{'label': 'LABEL_0', 'score': 0.9995079040527344}]"
1763649026690351314,"[{'label': 'LABEL_0', 'score': 0.9999071359634399}]"
1763647444481442082,"[{'label': 'LABEL_0', 'score': 0.9992855191230774}]"
1763640353247068429,"[{'label': 'LABEL_0', 'score': 0.9998350143432617}]"
1763637606745550948,"[{'label': 'LABEL_1', 'score': 0.9999229907989502}]"
1763634382949011839,"[{'label': 'LABEL_0', 'score': 0.9982342720031738}]"
1763631381576356293,"[{'label': 'LABEL_0', 'score': 0.999829888343811}]"
1763627618316804239,"[{'label': 'LABEL_0', 'score': 0.9930397272109985}]"
1763621531056271625,"[{'label': 'LABEL_0', 'score': 0.9762075543403625}]"
1763620427027415501,"[{'label': 'LABEL_1', 'score': 0.9866754412651062}]"
1763618127877726414,"[{'label': 'LABEL_0', 'score': 0.9998575448989868}]"
1763616662773784998,"[{'label': 'LABEL_0', 'score': 0.9999037981033325}]"
1763616530271441151,"[{'label': 'LABEL_1', 'score': 0.9994481205940247}]"
1763608141407674553,"[{'label': 'LABEL_0', 'score': 0.9998682737350464}]"
1763596044380565741,"[{'label': 'LABEL_0', 'score': 0.9998952150344849}]"
1763594007412605284,"[{'label': 'LABEL_0', 'score': 0.9998936653137207}]"
1763585634784956462,"[{'label': 'LABEL_0', 'score': 0.999944806098938}]"
1763564232912617774,"[{'label': 'LABEL_0', 'score': 0.9998233914375305}]"
1763556655592010119,"[{'label': 'LABEL_0', 'score': 0.9998206496238708}]"
1763547511124361636,"[{'label': 'LABEL_0', 'score': 0.9996743202209473}]"
1763544198249111846,"[{'label': 'LABEL_0', 'score': 0.9997997879981995}]"
1763538113945616458,"[{'label': 'LABEL_0', 'score': 0.9997902512550354}]"
1763534034997543225,"[{'label': 'LABEL_0', 'score': 0.999591052532196}]"
1763523276448424344,"[{'label': 'LABEL_0', 'score': 0.9998350143432617}]"
1763519962801446978,"[{'label': 'LABEL_0', 'score': 0.9991601705551147}]"
1763468880192704693,"[{'label': 'LABEL_0', 'score': 0.999936580657959}]"
1763468002152861766,"[{'label': 'LABEL_0', 'score': 0.9995463490486145}]"
1763459651968897071,"[{'label': 'LABEL_1', 'score': 0.9994470477104187}]"
1763418649669369879,"[{'label': 'LABEL_1', 'score': 0.833641529083252}]"
1763390817606001135,"[{'label': 'LABEL_1', 'score': 0.9992454051971436}]"
1763390523841151035,"[{'label': 'LABEL_0', 'score': 0.9998750686645508}]"
1763386276357545993,"[{'label': 'LABEL_0', 'score': 0.9999088048934937}]"
1763377431262511133,"[{'label': 'LABEL_0', 'score': 0.9998838901519775}]"
1763375249058365919,"[{'label': 'LABEL_0', 'score': 0.986172616481781}]"
1763368697840693421,"[{'label': 'LABEL_1', 'score': 0.5245664715766907}]"
1763367890458173695,"[{'label': 'LABEL_0', 'score': 0.9997885823249817}]"
1763364316818890816,"[{'label': 'LABEL_0', 'score': 0.9999082088470459}]"
1763348040453095579,"[{'label': 'LABEL_0', 'score': 0.9998459815979004}]"
1763344536468660627,"[{'label': 'LABEL_1', 'score': 0.9972164630889893}]"
1763343206198956173,"[{'label': 'LABEL_0', 'score': 0.9998218417167664}]"
1763318635941052552,"[{'label': 'LABEL_0', 'score': 0.999845027923584}]"
1763315744127762765,"[{'label': 'LABEL_0', 'score': 0.9997491240501404}]"
1763314622365393229,"[{'label': 'LABEL_0', 'score': 0.9992334842681885}]"
1763312692918374752,"[{'label': 'LABEL_1', 'score': 0.9994214773178101}]"
1763304567532384658,"[{'label': 'LABEL_1', 'score': 0.9996238946914673}]"
1763292612239258034,"[{'label': 'LABEL_0', 'score': 0.998907208442688}]"
1763283196584890841,"[{'label': 'LABEL_1', 'score': 0.9982378482818604}]"
1767145250256990448,"[{'label': 'LABEL_0', 'score': 0.999868631362915}]"
1767052089996247426,"[{'label': 'LABEL_1', 'score': 0.9989892840385437}]"
1767019241159508233,"[{'label': 'LABEL_0', 'score': 0.9996727705001831}]"
1767016317284913416,"[{'label': 'LABEL_0', 'score': 0.9998866319656372}]"
1767007059382239575,"[{'label': 'LABEL_0', 'score': 0.9991216063499451}]"
1767004823595917406,"[{'label': 'LABEL_0', 'score': 0.9998928308486938}]"
1767001535962103994,"[{'label': 'LABEL_0', 'score': 0.9997584223747253}]"
1766999340294291514,"[{'label': 'LABEL_1', 'score': 0.9996967315673828}]"
1766992056310727109,"[{'label': 'LABEL_0', 'score': 0.9999275207519531}]"
1766985263891271866,"[{'label': 'LABEL_1', 'score': 0.9984682202339172}]"
1766973159754924136,"[{'label': 'LABEL_0', 'score': 0.999915599822998}]"
1766956015486898630,"[{'label': 'LABEL_0', 'score': 0.9997251629829407}]"
1766950573528563940,"[{'label': 'LABEL_1', 'score': 0.9994649291038513}]"
1766927799552471195,"[{'label': 'LABEL_0', 'score': 0.9996294975280762}]"
1766924541241012705,"[{'label': 'LABEL_1', 'score': 0.9995720982551575}]"
1766922346672099461,"[{'label': 'LABEL_0', 'score': 0.9999381303787231}]"
1766915096213660046,"[{'label': 'LABEL_1', 'score': 0.9994497895240784}]"
1766914761004884406,"[{'label': 'LABEL_1', 'score': 0.9990955591201782}]"
1766914604184027357,"[{'label': 'LABEL_0', 'score': 0.9904602766036987}]"
1766908623228199364,"[{'label': 'LABEL_0', 'score': 0.999497652053833}]"
1766904810698134013,"[{'label': 'LABEL_0', 'score': 0.985950767993927}]"
1766889089783972185,"[{'label': 'LABEL_1', 'score': 0.9994484782218933}]"
1766880477627974055,"[{'label': 'LABEL_0', 'score': 0.9980462789535522}]"
1766847665365557506,"[{'label': 'LABEL_0', 'score': 0.9999052286148071}]"
1766830313118867758,"[{'label': 'LABEL_1', 'score': 0.999743640422821}]"
1766823652916355218,"[{'label': 'LABEL_0', 'score': 0.9996294975280762}]"
1766821800971837584,"[{'label': 'LABEL_0', 'score': 0.9999141693115234}]"
1766813520144781714,"[{'label': 'LABEL_0', 'score': 0.9996212720870972}]"
1766787133849608615,"[{'label': 'LABEL_0', 'score': 0.9998489618301392}]"
1766756059694166025,"[{'label': 'LABEL_0', 'score': 0.9998781681060791}]"
1766725007193891307,"[{'label': 'LABEL_1', 'score': 0.999882698059082}]"
1766724989443584238,"[{'label': 'LABEL_0', 'score': 0.9925116300582886}]"
1766720812633993289,"[{'label': 'LABEL_1', 'score': 0.9842090010643005}]"
1766656440649879614,"[{'label': 'LABEL_1', 'score': 0.998172402381897}]"
1766652982198747412,"[{'label': 'LABEL_0', 'score': 0.9973506927490234}]"
1766635343913058644,"[{'label': 'LABEL_0', 'score': 0.9999217987060547}]"
1766632234637836643,"[{'label': 'LABEL_0', 'score': 0.9999114274978638}]"
1766629811257028858,"[{'label': 'LABEL_1', 'score': 0.99937504529953}]"
1766615362525860157,"[{'label': 'LABEL_1', 'score': 0.959426999092102}]"
1766606814676676811,"[{'label': 'LABEL_1', 'score': 0.9991105198860168}]"
1766606680928747767,"[{'label': 'LABEL_0', 'score': 0.9997021555900574}]"
1766596419710836863,"[{'label': 'LABEL_0', 'score': 0.9999111890792847}]"
1766585861053759604,"[{'label': 'LABEL_0', 'score': 0.9992380142211914}]"
1766584022384115998,"[{'label': 'LABEL_1', 'score': 0.9984703660011292}]"
1766579843288735804,"[{'label': 'LABEL_0', 'score': 0.9998453855514526}]"
1766555739663769856,"[{'label': 'LABEL_0', 'score': 0.9999122619628906}]"
1766550031572570124,"[{'label': 'LABEL_0', 'score': 0.9998387098312378}]"
1766549314686374214,"[{'label': 'LABEL_0', 'score': 0.9993764758110046}]"
1766532701362754047,"[{'label': 'LABEL_0', 'score': 0.9994816184043884}]"
1766521999101161561,"[{'label': 'LABEL_1', 'score': 0.9996906518936157}]"
1766521404327907672,"[{'label': 'LABEL_1', 'score': 0.9995561242103577}]"
1766511253810286765,"[{'label': 'LABEL_0', 'score': 0.9998699426651001}]"
1766507752837255355,"[{'label': 'LABEL_1', 'score': 0.999407172203064}]"
1766499202408886281,"[{'label': 'LABEL_1', 'score': 0.9997883439064026}]"
1766495251689046454,"[{'label': 'LABEL_0', 'score': 0.9998449087142944}]"
1766482940777668655,"[{'label': 'LABEL_1', 'score': 0.9977795481681824}]"
1766448766641426669,"[{'label': 'LABEL_1', 'score': 0.9994321465492249}]"
1766446998834602379,"[{'label': 'LABEL_0', 'score': 0.9997839331626892}]"
1766321705234940085,"[{'label': 'LABEL_0', 'score': 0.9977858066558838}]"
1766298506954732005,"[{'label': 'LABEL_1', 'score': 0.9966415166854858}]"
1766287564783177838,"[{'label': 'LABEL_0', 'score': 0.9999268054962158}]"
1766282052578476164,"[{'label': 'LABEL_0', 'score': 0.9997208714485168}]"
1766272428571857348,"[{'label': 'LABEL_0', 'score': 0.9999213218688965}]"
1766269830489837834,"[{'label': 'LABEL_0', 'score': 0.9989271759986877}]"
1766269272714510574,"[{'label': 'LABEL_1', 'score': 0.9997064471244812}]"
1766246356983632119,"[{'label': 'LABEL_0', 'score': 0.9847666025161743}]"
1766245525093773342,"[{'label': 'LABEL_0', 'score': 0.9999278783798218}]"
1766227004544720936,"[{'label': 'LABEL_0', 'score': 0.5677474737167358}]"
1766217741273330142,"[{'label': 'LABEL_1', 'score': 0.9989470839500427}]"
1766217431016518078,"[{'label': 'LABEL_0', 'score': 0.9999024868011475}]"
1766217374200471879,"[{'label': 'LABEL_0', 'score': 0.9998574256896973}]"
1766213258422153290,"[{'label': 'LABEL_0', 'score': 0.9988467693328857}]"
1766209834632761684,"[{'label': 'LABEL_0', 'score': 0.9992662072181702}]"
1766203916356579618,"[{'label': 'LABEL_0', 'score': 0.9999028444290161}]"
1766180529957695845,"[{'label': 'LABEL_0', 'score': 0.9997302889823914}]"
1766172777604636882,"[{'label': 'LABEL_1', 'score': 0.9994707703590393}]"
1766166201724498364,"[{'label': 'LABEL_0', 'score': 0.9998666048049927}]"
1766149606813954533,"[{'label': 'LABEL_1', 'score': 0.9990692734718323}]"
1766149151513813050,"[{'label': 'LABEL_1', 'score': 0.9987311959266663}]"
1766140652373356719,"[{'label': 'LABEL_0', 'score': 0.9998787641525269}]"
1766130980773863692,"[{'label': 'LABEL_1', 'score': 0.9991313815116882}]"
1766099625256059379,"[{'label': 'LABEL_0', 'score': 0.998852014541626}]"
1766094843720212533,"[{'label': 'LABEL_0', 'score': 0.9999083280563354}]"
1766087585498009964,"[{'label': 'LABEL_0', 'score': 0.9998987913131714}]"
1766082441716932786,"[{'label': 'LABEL_0', 'score': 0.9995365142822266}]"
1766056826850680931,"[{'label': 'LABEL_0', 'score': 0.9997641444206238}]"
1766054545040257269,"[{'label': 'LABEL_1', 'score': 0.99940025806427}]"
1766014659067289617,"[{'label': 'LABEL_0', 'score': 0.998717188835144}]"
1765939133652861383,"[{'label': 'LABEL_0', 'score': 0.9997571110725403}]"
1765932152229626179,"[{'label': 'LABEL_1', 'score': 0.789469301700592}]"
1765911924321997203,"[{'label': 'LABEL_0', 'score': 0.9997228980064392}]"
1765911637569962270,"[{'label': 'LABEL_0', 'score': 0.9998121857643127}]"
1765905925620052249,"[{'label': 'LABEL_0', 'score': 0.9996378421783447}]"
1765900414661083381,"[{'label': 'LABEL_0', 'score': 0.9998804330825806}]"
1765876637411774713,"[{'label': 'LABEL_0', 'score': 0.9999384880065918}]"
1765863403774509127,"[{'label': 'LABEL_1', 'score': 0.5667962431907654}]"
1765852879338803274,"[{'label': 'LABEL_0', 'score': 0.9998725652694702}]"
1765846626600387004,"[{'label': 'LABEL_0', 'score': 0.9999125003814697}]"
1765842367548915716,"[{'label': 'LABEL_0', 'score': 0.999921441078186}]"
1765835994073628811,"[{'label': 'LABEL_0', 'score': 0.9998970031738281}]"
1765823703018090712,"[{'label': 'LABEL_0', 'score': 0.9998619556427002}]"
1765814278374805761,"[{'label': 'LABEL_0', 'score': 0.7940403819084167}]"
1765770355233223075,"[{'label': 'LABEL_1', 'score': 0.8209589719772339}]"
1765750446470173045,"[{'label': 'LABEL_0', 'score': 0.9997836947441101}]"
1765736743678959779,"[{'label': 'LABEL_0', 'score': 0.9998630285263062}]"
1765734753381048344,"[{'label': 'LABEL_1', 'score': 0.9990307092666626}]"
1765727890740519115,"[{'label': 'LABEL_0', 'score': 0.9996525049209595}]"
1765725864686219605,"[{'label': 'LABEL_0', 'score': 0.9995155334472656}]"
1765716705286709320,"[{'label': 'LABEL_0', 'score': 0.9993545413017273}]"
1765691554369347961,"[{'label': 'LABEL_0', 'score': 0.999664306640625}]"
1765683599271932004,"[{'label': 'LABEL_1', 'score': 0.9988467693328857}]"
1765566900853989685,"[{'label': 'LABEL_0', 'score': 0.9999376535415649}]"
1765562382569349354,"[{'label': 'LABEL_0', 'score': 0.9998979568481445}]"
1765536763060105428,"[{'label': 'LABEL_0', 'score': 0.9997113347053528}]"
1765520382583271587,"[{'label': 'LABEL_1', 'score': 0.9994768500328064}]"
1765513018207502651,"[{'label': 'LABEL_0', 'score': 0.9998131394386292}]"
1765499523986571282,"[{'label': 'LABEL_0', 'score': 0.9998844861984253}]"
1765493247902708001,"[{'label': 'LABEL_0', 'score': 0.9908949136734009}]"
1765484522752074210,"[{'label': 'LABEL_0', 'score': 0.9997777342796326}]"
1765410194148712722,"[{'label': 'LABEL_0', 'score': 0.9998492002487183}]"
1765470985241665856,"[{'label': 'LABEL_0', 'score': 0.9991400241851807}]"
1765463566914597128,"[{'label': 'LABEL_0', 'score': 0.9998451471328735}]"
1765463006152982616,"[{'label': 'LABEL_0', 'score': 0.9999203681945801}]"
1765438685707661800,"[{'label': 'LABEL_0', 'score': 0.9959049820899963}]"
1765438477489828262,"[{'label': 'LABEL_1', 'score': 0.9998519420623779}]"
1765428728140542184,"[{'label': 'LABEL_0', 'score': 0.9982351064682007}]"
1765426620179820889,"[{'label': 'LABEL_0', 'score': 0.9998737573623657}]"
1765426566039769096,"[{'label': 'LABEL_0', 'score': 0.9999147653579712}]"
1765416163066933444,"[{'label': 'LABEL_0', 'score': 0.999812662601471}]"
1765387364354973836,"[{'label': 'LABEL_1', 'score': 0.9997630715370178}]"
1765344351285039348,"[{'label': 'LABEL_0', 'score': 0.9996248483657837}]"
1765298904432513419,"[{'label': 'LABEL_0', 'score': 0.9974299073219299}]"
1765228756723990592,"[{'label': 'LABEL_0', 'score': 0.9998131394386292}]"
1765212474679144521,"[{'label': 'LABEL_0', 'score': 0.9996191263198853}]"
1765203622206255588,"[{'label': 'LABEL_0', 'score': 0.9783890843391418}]"
1765193046855954807,"[{'label': 'LABEL_1', 'score': 0.9998025298118591}]"
1765185681423253772,"[{'label': 'LABEL_0', 'score': 0.9998780488967896}]"
1765185258549338388,"[{'label': 'LABEL_0', 'score': 0.9998422861099243}]"
1765183883992064280,"[{'label': 'LABEL_0', 'score': 0.9998841285705566}]"
1765171061287444551,"[{'label': 'LABEL_0', 'score': 0.9997647404670715}]"
1765164738172842273,"[{'label': 'LABEL_1', 'score': 0.849089503288269}]"
1765161977477791805,"[{'label': 'LABEL_0', 'score': 0.9999206066131592}]"
1765157234604994812,"[{'label': 'LABEL_0', 'score': 0.9994760155677795}]"
1765148559853162853,"[{'label': 'LABEL_1', 'score': 0.9972962737083435}]"
1765146154080104823,"[{'label': 'LABEL_0', 'score': 0.9999327659606934}]"
1765141960266805681,"[{'label': 'LABEL_1', 'score': 0.9997063279151917}]"
1765141008910561689,"[{'label': 'LABEL_1', 'score': 0.7687042355537415}]"
1765139426978460160,"[{'label': 'LABEL_1', 'score': 0.9989039897918701}]"
1765138755210428763,"[{'label': 'LABEL_0', 'score': 0.9999310970306396}]"
1765137582210298351,"[{'label': 'LABEL_1', 'score': 0.9998754262924194}]"
1765120554485649660,"[{'label': 'LABEL_0', 'score': 0.9998942613601685}]"
1765119767084417065,"[{'label': 'LABEL_0', 'score': 0.9997155070304871}]"
1765118223194718290,"[{'label': 'LABEL_0', 'score': 0.9998664855957031}]"
1765089219670597777,"[{'label': 'LABEL_0', 'score': 0.9998781681060791}]"
1765062614777057371,"[{'label': 'LABEL_0', 'score': 0.9998778104782104}]"
1765057583310889139,"[{'label': 'LABEL_0', 'score': 0.9998599290847778}]"
1765056192387375145,"[{'label': 'LABEL_0', 'score': 0.999936580657959}]"
1765053763403010376,"[{'label': 'LABEL_0', 'score': 0.9999171495437622}]"
1765045788005081287,"[{'label': 'LABEL_1', 'score': 0.9931515455245972}]"
1765042818106449969,"[{'label': 'LABEL_0', 'score': 0.9995617270469666}]"
1765032240549912743,"[{'label': 'LABEL_1', 'score': 0.9975607395172119}]"
1765030292861948404,"[{'label': 'LABEL_0', 'score': 0.9998410940170288}]"
1765029473819197692,"[{'label': 'LABEL_0', 'score': 0.9993926286697388}]"
1770130358060638220,"[{'label': 'LABEL_1', 'score': 0.9992094039916992}]"
1770122951385354446,"[{'label': 'LABEL_0', 'score': 0.999893069267273}]"
1770111187209900487,"[{'label': 'LABEL_0', 'score': 0.9996531009674072}]"
1770104220953284713,"[{'label': 'LABEL_0', 'score': 0.9998741149902344}]"
1770085149486551352,"[{'label': 'LABEL_0', 'score': 0.9998421669006348}]"
1770056180628369600,"[{'label': 'LABEL_0', 'score': 0.9998070597648621}]"
1770040729231859866,"[{'label': 'LABEL_0', 'score': 0.9998842477798462}]"
1769966648893583543,"[{'label': 'LABEL_0', 'score': 0.9995914101600647}]"
1769924620902072813,"[{'label': 'LABEL_1', 'score': 0.9996559619903564}]"
1769916497424478634,"[{'label': 'LABEL_1', 'score': 0.9971457123756409}]"
1769906357245706394,"[{'label': 'LABEL_1', 'score': 0.9996854066848755}]"
1769876260644143577,"[{'label': 'LABEL_0', 'score': 0.9917786717414856}]"
1769873184864493660,"[{'label': 'LABEL_0', 'score': 0.9998563528060913}]"
1769872718135017790,"[{'label': 'LABEL_0', 'score': 0.999769389629364}]"
1769872655694299586,"[{'label': 'LABEL_0', 'score': 0.9998905658721924}]"
1769872260066574492,"[{'label': 'LABEL_0', 'score': 0.9996960163116455}]"
1769870748993139184,"[{'label': 'LABEL_0', 'score': 0.999733030796051}]"
1769869377241838044,"[{'label': 'LABEL_0', 'score': 0.9998500347137451}]"
1769869203987652707,"[{'label': 'LABEL_0', 'score': 0.999812662601471}]"
1769868430675517560,"[{'label': 'LABEL_0', 'score': 0.9998570680618286}]"
1769868137044873616,"[{'label': 'LABEL_0', 'score': 0.9994354844093323}]"
1769860419907195350,"[{'label': 'LABEL_0', 'score': 0.9999135732650757}]"
1769858588128792702,"[{'label': 'LABEL_1', 'score': 0.9819574356079102}]"
1769856318817349959,"[{'label': 'LABEL_1', 'score': 0.9998742341995239}]"
1769842759538495860,"[{'label': 'LABEL_0', 'score': 0.9997227787971497}]"
1769841835315188086,"[{'label': 'LABEL_0', 'score': 0.9999215602874756}]"
1769828080690848015,"[{'label': 'LABEL_0', 'score': 0.9998795986175537}]"
1769809814165573637,"[{'label': 'LABEL_0', 'score': 0.9985330104827881}]"
1769806684820578460,"[{'label': 'LABEL_0', 'score': 0.9998315572738647}]"
1769796026938847274,"[{'label': 'LABEL_0', 'score': 0.9998098015785217}]"
1769791176607977829,"[{'label': 'LABEL_0', 'score': 0.999863862991333}]"
1769789982728753177,"[{'label': 'LABEL_1', 'score': 0.8510021567344666}]"
1769784121490813190,"[{'label': 'LABEL_0', 'score': 0.9990328550338745}]"
1769530286256033928,"[{'label': 'LABEL_0', 'score': 0.9997026324272156}]"
1769774041458516430,"[{'label': 'LABEL_0', 'score': 0.9975211024284363}]"
1769773493514621312,"[{'label': 'LABEL_0', 'score': 0.9997758269309998}]"
1769772096609996975,"[{'label': 'LABEL_1', 'score': 0.9986660480499268}]"
1769771614214742198,"[{'label': 'LABEL_1', 'score': 0.9889693260192871}]"
1769763034879123613,"[{'label': 'LABEL_0', 'score': 0.9998537302017212}]"
1769746249744547991,"[{'label': 'LABEL_0', 'score': 0.9991441965103149}]"
1769745735233290727,"[{'label': 'LABEL_1', 'score': 0.9996757507324219}]"
1769745429367751129,"[{'label': 'LABEL_0', 'score': 0.9999473094940186}]"
1769742123115356364,"[{'label': 'LABEL_0', 'score': 0.9999217987060547}]"
1769730762918531325,"[{'label': 'LABEL_0', 'score': 0.9998217225074768}]"
1769712279665226239,"[{'label': 'LABEL_1', 'score': 0.9996954202651978}]"
1769709888987435349,"[{'label': 'LABEL_0', 'score': 0.9998732805252075}]"
1769706618185293880,"[{'label': 'LABEL_1', 'score': 0.9876396059989929}]"
1769699377067487701,"[{'label': 'LABEL_1', 'score': 0.9092422127723694}]"
1769668347581419853,"[{'label': 'LABEL_0', 'score': 0.9998981952667236}]"
1769638348740608317,"[{'label': 'LABEL_0', 'score': 0.9910961389541626}]"
1769580662732832970,"[{'label': 'LABEL_0', 'score': 0.9999101161956787}]"
1769578060007854441,"[{'label': 'LABEL_0', 'score': 0.9999233484268188}]"
1769566847865676039,"[{'label': 'LABEL_0', 'score': 0.9996814727783203}]"
1769564523466219697,"[{'label': 'LABEL_0', 'score': 0.9998900890350342}]"
1769556718000701805,"[{'label': 'LABEL_0', 'score': 0.9999322891235352}]"
1769546885264535892,"[{'label': 'LABEL_1', 'score': 0.9992030262947083}]"
1769535698762166308,"[{'label': 'LABEL_0', 'score': 0.9864820241928101}]"
1769529277807005706,"[{'label': 'LABEL_1', 'score': 0.9983575940132141}]"
1769526620245709192,"[{'label': 'LABEL_0', 'score': 0.9978064894676208}]"
1769528950496038938,"[{'label': 'LABEL_0', 'score': 0.999788224697113}]"
1769518369940648411,"[{'label': 'LABEL_0', 'score': 0.9696815013885498}]"
1769512908260569262,"[{'label': 'LABEL_0', 'score': 0.9999397993087769}]"
1769511981843706146,"[{'label': 'LABEL_0', 'score': 0.9998527765274048}]"
1769500306402914548,"[{'label': 'LABEL_0', 'score': 0.9985124468803406}]"
1769491095572939057,"[{'label': 'LABEL_1', 'score': 0.9993914365768433}]"
1769489645069377900,"[{'label': 'LABEL_0', 'score': 0.9990969896316528}]"
1769459085059989587,"[{'label': 'LABEL_1', 'score': 0.9991149306297302}]"
1769448006850343027,"[{'label': 'LABEL_1', 'score': 0.9994644522666931}]"
1769446902729216058,"[{'label': 'LABEL_1', 'score': 0.9998200535774231}]"
1769431261536276854,"[{'label': 'LABEL_0', 'score': 0.9579238295555115}]"
1769420924044857591,"[{'label': 'LABEL_0', 'score': 0.9998971223831177}]"
1769414942396981603,"[{'label': 'LABEL_1', 'score': 0.9824864864349365}]"
1769412609478914072,"[{'label': 'LABEL_0', 'score': 0.9999322891235352}]"
1769087021589393544,"[{'label': 'LABEL_1', 'score': 0.9843518137931824}]"
1769406942529605954,"[{'label': 'LABEL_0', 'score': 0.9998946189880371}]"
1769400592466595908,"[{'label': 'LABEL_0', 'score': 0.9994590878486633}]"
1769357415160394079,"[{'label': 'LABEL_0', 'score': 0.9998363256454468}]"
1769320207070249209,"[{'label': 'LABEL_0', 'score': 0.999772846698761}]"
1769227811464581412,"[{'label': 'LABEL_0', 'score': 0.9998594522476196}]"
1769186262441660703,"[{'label': 'LABEL_0', 'score': 0.9995143413543701}]"
1769184066954268745,"[{'label': 'LABEL_0', 'score': 0.9998631477355957}]"
1769173569123016893,"[{'label': 'LABEL_0', 'score': 0.9998012185096741}]"
1769170509944504564,"[{'label': 'LABEL_0', 'score': 0.9997733235359192}]"
1769158221078380602,"[{'label': 'LABEL_0', 'score': 0.6759392023086548}]"
1769155126332096873,"[{'label': 'LABEL_0', 'score': 0.9991598129272461}]"
1769153652139217014,"[{'label': 'LABEL_1', 'score': 0.9997681975364685}]"
1769112619342790862,"[{'label': 'LABEL_0', 'score': 0.9994994401931763}]"
1769111214225785111,"[{'label': 'LABEL_0', 'score': 0.9980667233467102}]"
1769106709350416615,"[{'label': 'LABEL_0', 'score': 0.8080747723579407}]"
1769075446149251347,"[{'label': 'LABEL_0', 'score': 0.9999330043792725}]"
1769067743133741153,"[{'label': 'LABEL_0', 'score': 0.9997599720954895}]"
1769063416872734869,"[{'label': 'LABEL_0', 'score': 0.9994198083877563}]"
1769016701822095410,"[{'label': 'LABEL_0', 'score': 0.9999340772628784}]"
1769010734045024503,"[{'label': 'LABEL_0', 'score': 0.9999406337738037}]"
1769010445388521932,"[{'label': 'LABEL_0', 'score': 0.9974997639656067}]"
1769009264276684924,"[{'label': 'LABEL_0', 'score': 0.999906063079834}]"
1769008662192758832,"[{'label': 'LABEL_0', 'score': 0.9999251365661621}]"
1768994253709930672,"[{'label': 'LABEL_0', 'score': 0.9998718500137329}]"
1768986467722731886,"[{'label': 'LABEL_0', 'score': 0.9989258646965027}]"
1768940387232534876,"[{'label': 'LABEL_0', 'score': 0.9901614189147949}]"
1768933549522968840,"[{'label': 'LABEL_0', 'score': 0.9987982511520386}]"
1768866723409588719,"[{'label': 'LABEL_0', 'score': 0.9998500347137451}]"
1768859275999220222,"[{'label': 'LABEL_0', 'score': 0.9998387098312378}]"
1768650979732320651,"[{'label': 'LABEL_0', 'score': 0.9998705387115479}]"
1768850707824648215,"[{'label': 'LABEL_0', 'score': 0.999581515789032}]"
1768835177529200806,"[{'label': 'LABEL_0', 'score': 0.9996907711029053}]"
1768819192709480448,"[{'label': 'LABEL_0', 'score': 0.9998577833175659}]"
1768817149202583559,"[{'label': 'LABEL_0', 'score': 0.9979091286659241}]"
1768805031879274843,"[{'label': 'LABEL_0', 'score': 0.999941349029541}]"
1768803655145152626,"[{'label': 'LABEL_0', 'score': 0.9999045133590698}]"
1768789278715187699,"[{'label': 'LABEL_0', 'score': 0.9991820454597473}]"
1768771454185640095,"[{'label': 'LABEL_0', 'score': 0.997205913066864}]"
1768763734275629389,"[{'label': 'LABEL_1', 'score': 0.7099352478981018}]"
1768755797872324672,"[{'label': 'LABEL_0', 'score': 0.9999182224273682}]"
1768751133600747719,"[{'label': 'LABEL_0', 'score': 0.9987385869026184}]"
1768746528204546251,"[{'label': 'LABEL_0', 'score': 0.9998210072517395}]"
1768744609239232750,"[{'label': 'LABEL_0', 'score': 0.9999406337738037}]"
1768743262867623940,"[{'label': 'LABEL_0', 'score': 0.9999408721923828}]"
1768742732208521500,"[{'label': 'LABEL_1', 'score': 0.9998958110809326}]"
1768739852479004938,"[{'label': 'LABEL_1', 'score': 0.9991124272346497}]"
1768736604191895649,"[{'label': 'LABEL_0', 'score': 0.9998935461044312}]"
1768736130600476717,"[{'label': 'LABEL_0', 'score': 0.9998296499252319}]"
1768736035012288910,"[{'label': 'LABEL_0', 'score': 0.999818742275238}]"
1768735240451698717,"[{'label': 'LABEL_0', 'score': 0.9998897314071655}]"
1768722944480407618,"[{'label': 'LABEL_1', 'score': 0.9968255758285522}]"
1768700622310690889,"[{'label': 'LABEL_0', 'score': 0.9998924732208252}]"
1768697222386835605,"[{'label': 'LABEL_0', 'score': 0.9998565912246704}]"
1768695129559138513,"[{'label': 'LABEL_0', 'score': 0.9997538924217224}]"
1768683206021124475,"[{'label': 'LABEL_0', 'score': 0.9998958110809326}]"
1768676881220382802,"[{'label': 'LABEL_0', 'score': 0.9998356103897095}]"
1768671552411680849,"[{'label': 'LABEL_0', 'score': 0.9991776347160339}]"
1768637204010594519,"[{'label': 'LABEL_0', 'score': 0.999927282333374}]"
1768634013923586559,"[{'label': 'LABEL_1', 'score': 0.9988935589790344}]"
1768591259717849134,"[{'label': 'LABEL_0', 'score': 0.9999082088470459}]"
1768582236146749859,"[{'label': 'LABEL_0', 'score': 0.9996820688247681}]"
1768469798227148906,"[{'label': 'LABEL_0', 'score': 0.9995607733726501}]"
1768468983898837356,"[{'label': 'LABEL_0', 'score': 0.999862551689148}]"
1768464108108619894,"[{'label': 'LABEL_1', 'score': 0.9998307228088379}]"
1768463513175896458,"[{'label': 'LABEL_0', 'score': 0.9998027682304382}]"
1768456082374934615,"[{'label': 'LABEL_0', 'score': 0.9999412298202515}]"
1768436474196713639,"[{'label': 'LABEL_0', 'score': 0.9998645782470703}]"
1768416348193870153,"[{'label': 'LABEL_0', 'score': 0.9997859597206116}]"
1768405681227330020,"[{'label': 'LABEL_0', 'score': 0.9998941421508789}]"
1768395049128042710,"[{'label': 'LABEL_0', 'score': 0.999875545501709}]"
1768393744280178949,"[{'label': 'LABEL_0', 'score': 0.9997124075889587}]"
1768391180151050678,"[{'label': 'LABEL_0', 'score': 0.9996588230133057}]"
1768378607146037347,"[{'label': 'LABEL_0', 'score': 0.9997816681861877}]"
1768375072178217204,"[{'label': 'LABEL_0', 'score': 0.999797523021698}]"
1768370412650385653,"[{'label': 'LABEL_0', 'score': 0.9996888637542725}]"
1768361150599602685,"[{'label': 'LABEL_0', 'score': 0.9990580677986145}]"
1768354087219744828,"[{'label': 'LABEL_0', 'score': 0.9999046325683594}]"
1768349972599083138,"[{'label': 'LABEL_1', 'score': 0.9998633861541748}]"
1768341243090653534,"[{'label': 'LABEL_1', 'score': 0.9998239874839783}]"
1768334487849435278,"[{'label': 'LABEL_0', 'score': 0.9999345541000366}]"
1768312827121447259,"[{'label': 'LABEL_0', 'score': 0.9999200105667114}]"
1768291548205125907,"[{'label': 'LABEL_1', 'score': 0.9703996181488037}]"
1768272369477451870,"[{'label': 'LABEL_0', 'score': 0.9999260902404785}]"
1768244852087517587,"[{'label': 'LABEL_0', 'score': 0.9998985528945923}]"
1768012840361726199,"[{'label': 'LABEL_0', 'score': 0.995257556438446}]"
1768146822881546399,"[{'label': 'LABEL_0', 'score': 0.9983137845993042}]"
1768141821576626394,"[{'label': 'LABEL_0', 'score': 0.9999033212661743}]"
1768124862080360959,"[{'label': 'LABEL_0', 'score': 0.9998961687088013}]"
1768117586930049507,"[{'label': 'LABEL_0', 'score': 0.9997039437294006}]"
1768113349597003905,"[{'label': 'LABEL_0', 'score': 0.999478280544281}]"
1768109445752479945,"[{'label': 'LABEL_1', 'score': 0.9994187355041504}]"
1768106088241524897,"[{'label': 'LABEL_0', 'score': 0.9997040629386902}]"
1768084403190665302,"[{'label': 'LABEL_0', 'score': 0.9998878240585327}]"
1768074669167456561,"[{'label': 'LABEL_0', 'score': 0.9998995065689087}]"
1768050790793417022,"[{'label': 'LABEL_0', 'score': 0.9999120235443115}]"
1768042729454379203,"[{'label': 'LABEL_1', 'score': 0.9995386600494385}]"
1768029716450005493,"[{'label': 'LABEL_0', 'score': 0.9998456239700317}]"
1768025039000027382,"[{'label': 'LABEL_0', 'score': 0.9984203577041626}]"
1768021550635118859,"[{'label': 'LABEL_0', 'score': 0.9998729228973389}]"
1768014026410250644,"[{'label': 'LABEL_0', 'score': 0.9998233914375305}]"
1767990075130810606,"[{'label': 'LABEL_0', 'score': 0.999809205532074}]"
1767983592137724073,"[{'label': 'LABEL_0', 'score': 0.9998830556869507}]"
1767978843610976504,"[{'label': 'LABEL_1', 'score': 0.9015027284622192}]"
1767977294633570711,"[{'label': 'LABEL_0', 'score': 0.9999210834503174}]"
1767967437427773810,"[{'label': 'LABEL_0', 'score': 0.9997782111167908}]"
1767963562566119835,"[{'label': 'LABEL_0', 'score': 0.9994314312934875}]"
1767955904085791200,"[{'label': 'LABEL_0', 'score': 0.999883770942688}]"
1767948732488937848,"[{'label': 'LABEL_0', 'score': 0.998794436454773}]"
1767941493275181453,"[{'label': 'LABEL_0', 'score': 0.9960712194442749}]"
1767902934266675652,"[{'label': 'LABEL_1', 'score': 0.8322606682777405}]"
1767896067016700285,"[{'label': 'LABEL_0', 'score': 0.9998809099197388}]"
1767894038739288348,"[{'label': 'LABEL_0', 'score': 0.999724805355072}]"
1767891862797295767,"[{'label': 'LABEL_0', 'score': 0.972367525100708}]"
1767883488693190934,"[{'label': 'LABEL_0', 'score': 0.9999244213104248}]"
1767880986090500511,"[{'label': 'LABEL_0', 'score': 0.9997120499610901}]"
1767786217641259074,"[{'label': 'LABEL_1', 'score': 0.9994729161262512}]"
1767766721157361698,"[{'label': 'LABEL_0', 'score': 0.9998997449874878}]"
1767765560782172422,"[{'label': 'LABEL_0', 'score': 0.9997263550758362}]"
1767758789237727689,"[{'label': 'LABEL_1', 'score': 0.9995904564857483}]"
1767753517630988632,"[{'label': 'LABEL_0', 'score': 0.9998260140419006}]"
1767749988107399393,"[{'label': 'LABEL_1', 'score': 0.9919472336769104}]"
1767745530677821635,"[{'label': 'LABEL_0', 'score': 0.9999306201934814}]"
1767745163105804718,"[{'label': 'LABEL_1', 'score': 0.9984423518180847}]"
1767743408469115388,"[{'label': 'LABEL_1', 'score': 0.9989271759986877}]"
1767730805147599215,"[{'label': 'LABEL_1', 'score': 0.9982147216796875}]"
1767719942156124624,"[{'label': 'LABEL_0', 'score': 0.9998527765274048}]"
1767701311917564302,"[{'label': 'LABEL_0', 'score': 0.9999351501464844}]"
1767697726836236455,"[{'label': 'LABEL_0', 'score': 0.9920403361320496}]"
1767690786622394531,"[{'label': 'LABEL_0', 'score': 0.999904990196228}]"
1767687799489085790,"[{'label': 'LABEL_1', 'score': 0.9992378950119019}]"
1767683794197241947,"[{'label': 'LABEL_0', 'score': 0.9997184872627258}]"
1767670375851188379,"[{'label': 'LABEL_0', 'score': 0.9998906850814819}]"
1767653174607773808,"[{'label': 'LABEL_0', 'score': 0.9999240636825562}]"
1767635790144647241,"[{'label': 'LABEL_0', 'score': 0.9999016523361206}]"
1767628994344562993,"[{'label': 'LABEL_0', 'score': 0.9999046325683594}]"
1767626468916441180,"[{'label': 'LABEL_0', 'score': 0.9991728663444519}]"
1767625255869190559,"[{'label': 'LABEL_0', 'score': 0.9959182143211365}]"
1767608505316376883,"[{'label': 'LABEL_0', 'score': 0.9999085664749146}]"
1767591493290893688,"[{'label': 'LABEL_0', 'score': 0.9997027516365051}]"
1767586601452900847,"[{'label': 'LABEL_1', 'score': 0.9995601773262024}]"
1767586311299375535,"[{'label': 'LABEL_0', 'score': 0.9997943043708801}]"
1767580341441823222,"[{'label': 'LABEL_0', 'score': 0.9963729381561279}]"
1767569423815135559,"[{'label': 'LABEL_0', 'score': 0.9996521472930908}]"
1767548320740708652,"[{'label': 'LABEL_1', 'score': 0.999681830406189}]"
1767531829681074572,"[{'label': 'LABEL_0', 'score': 0.9997734427452087}]"
1767530719864103143,"[{'label': 'LABEL_0', 'score': 0.9998987913131714}]"
1767527568381517888,"[{'label': 'LABEL_0', 'score': 0.9997435212135315}]"
1767516549408010268,"[{'label': 'LABEL_0', 'score': 0.9996480941772461}]"
1767423753460363480,"[{'label': 'LABEL_1', 'score': 0.9994755387306213}]"
1767401407676596569,"[{'label': 'LABEL_0', 'score': 0.9978514909744263}]"
1767400216154538346,"[{'label': 'LABEL_1', 'score': 0.561463475227356}]"
1767398477695222187,"[{'label': 'LABEL_0', 'score': 0.9999212026596069}]"
1767394155125187001,"[{'label': 'LABEL_1', 'score': 0.9971501231193542}]"
1767387091288138194,"[{'label': 'LABEL_0', 'score': 0.9998875856399536}]"
1767385314765529449,"[{'label': 'LABEL_0', 'score': 0.9998563528060913}]"
1767381696821764424,"[{'label': 'LABEL_0', 'score': 0.999860405921936}]"
1767373664498950282,"[{'label': 'LABEL_0', 'score': 0.9991087317466736}]"
1767362530270146741,"[{'label': 'LABEL_1', 'score': 0.9994016885757446}]"
1767361586774102292,"[{'label': 'LABEL_0', 'score': 0.9223705530166626}]"
1767357298664480973,"[{'label': 'LABEL_0', 'score': 0.9999220371246338}]"
1767353981112610909,"[{'label': 'LABEL_1', 'score': 0.9995094537734985}]"
1767351375392907683,"[{'label': 'LABEL_1', 'score': 0.99944669008255}]"
1767345672582258742,"[{'label': 'LABEL_0', 'score': 0.9998733997344971}]"
1767343745031160086,"[{'label': 'LABEL_0', 'score': 0.992094099521637}]"
1767340617758114223,"[{'label': 'LABEL_0', 'score': 0.9998717308044434}]"
1767316979797381406,"[{'label': 'LABEL_0', 'score': 0.9998698234558105}]"
1767314997539991607,"[{'label': 'LABEL_0', 'score': 0.999911904335022}]"
1767304578465243482,"[{'label': 'LABEL_1', 'score': 0.9894441962242126}]"
1767300630580781223,"[{'label': 'LABEL_0', 'score': 0.9999121427536011}]"
1767290842664812826,"[{'label': 'LABEL_0', 'score': 0.9998973608016968}]"
1767284120046948821,"[{'label': 'LABEL_1', 'score': 0.9996639490127563}]"
1767268759826252064,"[{'label': 'LABEL_1', 'score': 0.8089128136634827}]"
1767267454231752726,"[{'label': 'LABEL_1', 'score': 0.9986754059791565}]"
1767251118935908650,"[{'label': 'LABEL_0', 'score': 0.9999098777770996}]"
1767248521126654112,"[{'label': 'LABEL_0', 'score': 0.9979512095451355}]"
1767247200424247338,"[{'label': 'LABEL_0', 'score': 0.9995658993721008}]"
1767236698969108868,"[{'label': 'LABEL_0', 'score': 0.9999252557754517}]"
1767235869117702382,"[{'label': 'LABEL_0', 'score': 0.9993425011634827}]"
1767226750142959969,"[{'label': 'LABEL_0', 'score': 0.9999417066574097}]"
1767226504738435486,"[{'label': 'LABEL_1', 'score': 0.9971984624862671}]"
1767226136520487119,"[{'label': 'LABEL_0', 'score': 0.9978777170181274}]"
1767225722723037212,"[{'label': 'LABEL_0', 'score': 0.999830961227417}]"
1767218852780245257,"[{'label': 'LABEL_0', 'score': 0.999937891960144}]"
1767215947696255324,"[{'label': 'LABEL_0', 'score': 0.9998082518577576}]"
1767192819385430527,"[{'label': 'LABEL_1', 'score': 0.989170253276825}]"
1767186832876257366,"[{'label': 'LABEL_0', 'score': 0.9999268054962158}]"
1767184136052023355,"[{'label': 'LABEL_0', 'score': 0.9997935891151428}]"
1767007983827906935,"[{'label': 'LABEL_0', 'score': 0.9998602867126465}]"
1767173714817265794,"[{'label': 'LABEL_1', 'score': 0.9992838501930237}]"
1767172339957948685,"[{'label': 'LABEL_1', 'score': 0.999492883682251}]"
1767171524455264583,"[{'label': 'LABEL_0', 'score': 0.9998680353164673}]"
1767168682185077147,"[{'label': 'LABEL_0', 'score': 0.9998966455459595}]"
1772609951917088775,"[{'label': 'LABEL_0', 'score': 0.999896764755249}]"
1772608916263706772,"[{'label': 'LABEL_0', 'score': 0.999933123588562}]"
1772601470405300612,"[{'label': 'LABEL_1', 'score': 0.9997469782829285}]"
1772594563250540639,"[{'label': 'LABEL_0', 'score': 0.999933123588562}]"
1772522992465006827,"[{'label': 'LABEL_0', 'score': 0.9998337030410767}]"
1772476467793838262,"[{'label': 'LABEL_1', 'score': 0.9997677206993103}]"
1772449222693916931,"[{'label': 'LABEL_0', 'score': 0.999933123588562}]"
1772448286936351006,"[{'label': 'LABEL_1', 'score': 0.9991231560707092}]"
1772438286583144785,"[{'label': 'LABEL_0', 'score': 0.9994078874588013}]"
1772435223466090805,"[{'label': 'LABEL_0', 'score': 0.9997074007987976}]"
1772422022485717154,"[{'label': 'LABEL_0', 'score': 0.999933123588562}]"
1772421568653644218,"[{'label': 'LABEL_0', 'score': 0.7888455986976624}]"
1772412738569978169,"[{'label': 'LABEL_1', 'score': 0.9995182752609253}]"
1772399144868475287,"[{'label': 'LABEL_1', 'score': 0.9996800422668457}]"
1772397792201220455,"[{'label': 'LABEL_0', 'score': 0.999842643737793}]"
1772391598531268992,"[{'label': 'LABEL_1', 'score': 0.999911904335022}]"
1772357859373617631,"[{'label': 'LABEL_1', 'score': 0.9990671277046204}]"
1772320728668418322,"[{'label': 'LABEL_0', 'score': 0.9997501969337463}]"
1772291115359584398,"[{'label': 'LABEL_0', 'score': 0.9999014139175415}]"
1772261891403849803,"[{'label': 'LABEL_0', 'score': 0.9998231530189514}]"
1772246271186608513,"[{'label': 'LABEL_0', 'score': 0.9990732669830322}]"
1772206666307576303,"[{'label': 'LABEL_0', 'score': 0.9993420243263245}]"
1772198564514414817,"[{'label': 'LABEL_0', 'score': 0.9996922016143799}]"
1772138917078192138,"[{'label': 'LABEL_0', 'score': 0.9998179078102112}]"
1772128593574867188,"[{'label': 'LABEL_1', 'score': 0.9989724159240723}]"
1772098371181789629,"[{'label': 'LABEL_1', 'score': 0.9992479681968689}]"
1772090359440437549,"[{'label': 'LABEL_0', 'score': 0.9998970031738281}]"
1772068087476441091,"[{'label': 'LABEL_0', 'score': 0.9984461665153503}]"
1772065288516690115,"[{'label': 'LABEL_0', 'score': 0.9994598031044006}]"
1772054266489770322,"[{'label': 'LABEL_0', 'score': 0.9998737573623657}]"
1772052281673798061,"[{'label': 'LABEL_0', 'score': 0.9994319081306458}]"
1772051806916350341,"[{'label': 'LABEL_1', 'score': 0.9711541533470154}]"
1772035242116763838,"[{'label': 'LABEL_0', 'score': 0.9997158646583557}]"
1772011700209721830,"[{'label': 'LABEL_0', 'score': 0.9998992681503296}]"
1772009222290444433,"[{'label': 'LABEL_1', 'score': 0.771718442440033}]"
1772001171961483348,"[{'label': 'LABEL_0', 'score': 0.9993560910224915}]"
1771968854744351190,"[{'label': 'LABEL_0', 'score': 0.9997957348823547}]"
1771966695940260164,"[{'label': 'LABEL_0', 'score': 0.9998769760131836}]"
1771965486231671061,"[{'label': 'LABEL_0', 'score': 0.9981332421302795}]"
1771928573206581632,"[{'label': 'LABEL_0', 'score': 0.999843955039978}]"
1771927168165056629,"[{'label': 'LABEL_1', 'score': 0.9995346069335938}]"
1771908441532969213,"[{'label': 'LABEL_0', 'score': 0.9998787641525269}]"
1771897856808665521,"[{'label': 'LABEL_0', 'score': 0.999178946018219}]"
1771895881601585406,"[{'label': 'LABEL_0', 'score': 0.9993202686309814}]"
1771870383479705768,"[{'label': 'LABEL_0', 'score': 0.9819790124893188}]"
1771836052723941639,"[{'label': 'LABEL_0', 'score': 0.9997519850730896}]"
1771808746240417990,"[{'label': 'LABEL_1', 'score': 0.9972731471061707}]"
1771796387442704530,"[{'label': 'LABEL_0', 'score': 0.9999312162399292}]"
1771763844223771047,"[{'label': 'LABEL_0', 'score': 0.9998470544815063}]"
1771719824617484546,"[{'label': 'LABEL_0', 'score': 0.9998849630355835}]"
1771690122309759303,"[{'label': 'LABEL_0', 'score': 0.9976179003715515}]"
1771667336677695995,"[{'label': 'LABEL_0', 'score': 0.9998838901519775}]"
1771661890789183779,"[{'label': 'LABEL_0', 'score': 0.999869704246521}]"
1771637530087092576,"[{'label': 'LABEL_0', 'score': 0.9995542168617249}]"
1771634311805944159,"[{'label': 'LABEL_1', 'score': 0.9292076826095581}]"
1771633424542945732,"[{'label': 'LABEL_1', 'score': 0.7678294777870178}]"
1771614669360234894,"[{'label': 'LABEL_0', 'score': 0.9996048808097839}]"
1771597118500721084,"[{'label': 'LABEL_0', 'score': 0.9998559951782227}]"
1771576315897917465,"[{'label': 'LABEL_0', 'score': 0.9998990297317505}]"
1771572183287906768,"[{'label': 'LABEL_0', 'score': 0.999815046787262}]"
1771532692883968486,"[{'label': 'LABEL_0', 'score': 0.9998500347137451}]"
1771530079765500411,"[{'label': 'LABEL_0', 'score': 0.9957036375999451}]"
1771526987787423860,"[{'label': 'LABEL_1', 'score': 0.9967957139015198}]"
1771441944691953953,"[{'label': 'LABEL_1', 'score': 0.9995850920677185}]"
1771361524168183862,"[{'label': 'LABEL_1', 'score': 0.9996885061264038}]"
1771283878835065203,"[{'label': 'LABEL_0', 'score': 0.9997541308403015}]"
1771262964005245083,"[{'label': 'LABEL_1', 'score': 0.8428409695625305}]"
1771249849674961143,"[{'label': 'LABEL_1', 'score': 0.9992683529853821}]"
1771234677254176928,"[{'label': 'LABEL_0', 'score': 0.6320056319236755}]"
1771232897783017923,"[{'label': 'LABEL_1', 'score': 0.9988439083099365}]"
1771228311009558988,"[{'label': 'LABEL_0', 'score': 0.765678346157074}]"
1771226424050852190,"[{'label': 'LABEL_0', 'score': 0.9997656941413879}]"
1771216753982427497,"[{'label': 'LABEL_0', 'score': 0.9999094009399414}]"
1770960078302064774,"[{'label': 'LABEL_0', 'score': 0.9924182891845703}]"
1771204902615736371,"[{'label': 'LABEL_0', 'score': 0.9967771172523499}]"
1771197642887848305,"[{'label': 'LABEL_0', 'score': 0.9997404217720032}]"
1771196428158738433,"[{'label': 'LABEL_0', 'score': 0.9998224377632141}]"
1771195757934051706,"[{'label': 'LABEL_0', 'score': 0.7809741497039795}]"
1771187706610995250,"[{'label': 'LABEL_0', 'score': 0.9967799782752991}]"
1771184129293353196,"[{'label': 'LABEL_0', 'score': 0.5309173464775085}]"
1771176370061643873,"[{'label': 'LABEL_0', 'score': 0.9998730421066284}]"
1771169076775092430,"[{'label': 'LABEL_0', 'score': 0.9990467429161072}]"
1771021573584986501,"[{'label': 'LABEL_0', 'score': 0.9998695850372314}]"
1771012583526396281,"[{'label': 'LABEL_0', 'score': 0.999890923500061}]"
1770967584386507117,"[{'label': 'LABEL_0', 'score': 0.999893307685852}]"
1770961615690600847,"[{'label': 'LABEL_0', 'score': 0.995762288570404}]"
1770958647582957994,"[{'label': 'LABEL_0', 'score': 0.9999099969863892}]"
1770934708114784538,"[{'label': 'LABEL_0', 'score': 0.9998294115066528}]"
1770916484895666279,"[{'label': 'LABEL_0', 'score': 0.8800557851791382}]"
1770912936183140483,"[{'label': 'LABEL_0', 'score': 0.9990712404251099}]"
1770895706712117578,"[{'label': 'LABEL_0', 'score': 0.9998243451118469}]"
1770858415323009218,"[{'label': 'LABEL_1', 'score': 0.9996137022972107}]"
1770817045916983456,"[{'label': 'LABEL_0', 'score': 0.9998071789741516}]"
1770844180215943512,"[{'label': 'LABEL_0', 'score': 0.9992864727973938}]"
1770821915726295071,"[{'label': 'LABEL_0', 'score': 0.8976051211357117}]"
1770801290018201981,"[{'label': 'LABEL_0', 'score': 0.9999270439147949}]"
1770786845200109581,"[{'label': 'LABEL_1', 'score': 0.998815655708313}]"
1770963794841186350,"[{'label': 'LABEL_0', 'score': 0.9998514652252197}]"
1770777542330380628,"[{'label': 'LABEL_0', 'score': 0.9999150037765503}]"
1770683610082771072,"[{'label': 'LABEL_0', 'score': 0.9869648218154907}]"
1770658943045628090,"[{'label': 'LABEL_0', 'score': 0.9992306232452393}]"
1770647747084923155,"[{'label': 'LABEL_1', 'score': 0.9998001456260681}]"
1770639823792955622,"[{'label': 'LABEL_0', 'score': 0.981200635433197}]"
1770636194532954207,"[{'label': 'LABEL_0', 'score': 0.8124111294746399}]"
1770628840462663863,"[{'label': 'LABEL_0', 'score': 0.9989427924156189}]"
1770610934844662252,"[{'label': 'LABEL_0', 'score': 0.9997919201850891}]"
1770543275943821588,"[{'label': 'LABEL_0', 'score': 0.9997385144233704}]"
1770522910576222522,"[{'label': 'LABEL_0', 'score': 0.9989532232284546}]"
1770490557237797082,"[{'label': 'LABEL_0', 'score': 0.9998887777328491}]"
1770487374725648439,"[{'label': 'LABEL_0', 'score': 0.9998301267623901}]"
1770478125966582057,"[{'label': 'LABEL_0', 'score': 0.9998078942298889}]"
1770473851526218151,"[{'label': 'LABEL_0', 'score': 0.9999138116836548}]"
1770460250044285321,"[{'label': 'LABEL_0', 'score': 0.9975640773773193}]"
1770455833182171470,"[{'label': 'LABEL_0', 'score': 0.9998626708984375}]"
1770453087485931635,"[{'label': 'LABEL_0', 'score': 0.9999071359634399}]"
1770441881186369768,"[{'label': 'LABEL_0', 'score': 0.9998281002044678}]"
1770437893216989586,"[{'label': 'LABEL_0', 'score': 0.9998528957366943}]"
1770437507089314153,"[{'label': 'LABEL_1', 'score': 0.9992673993110657}]"
1770342456392818761,"[{'label': 'LABEL_0', 'score': 0.9999287128448486}]"
1770289148085047648,"[{'label': 'LABEL_0', 'score': 0.9997925162315369}]"
1770281664159121558,"[{'label': 'LABEL_0', 'score': 0.9998577833175659}]"
1770271630054322595,"[{'label': 'LABEL_0', 'score': 0.9996775388717651}]"
1770270542941114783,"[{'label': 'LABEL_1', 'score': 0.9192675948143005}]"
1770238120635617364,"[{'label': 'LABEL_0', 'score': 0.999946117401123}]"
1770232808172130639,"[{'label': 'LABEL_0', 'score': 0.9998806715011597}]"
1770202951665008645,"[{'label': 'LABEL_0', 'score': 0.9997925162315369}]"
1770201037573337198,"[{'label': 'LABEL_0', 'score': 0.9993628859519958}]"
1770176175827988589,"[{'label': 'LABEL_1', 'score': 0.9981352090835571}]"
1770158579846123909,"[{'label': 'LABEL_1', 'score': 0.9982268214225769}]"
1770156336795222379,"[{'label': 'LABEL_0', 'score': 0.9999222755432129}]"
1770144862903410795,"[{'label': 'LABEL_0', 'score': 0.9999133348464966}]"
1770142418714734746,"[{'label': 'LABEL_0', 'score': 0.9994565844535828}]"
1775515223681630693,"[{'label': 'LABEL_0', 'score': 0.9996799230575562}]"
1775486496448946684,"[{'label': 'LABEL_1', 'score': 0.7718525528907776}]"
1775464179421368759,"[{'label': 'LABEL_0', 'score': 0.9998728036880493}]"
1775462719300206789,"[{'label': 'LABEL_0', 'score': 0.999909520149231}]"
1775461158876537237,"[{'label': 'LABEL_0', 'score': 0.9999333620071411}]"
1775460962214043715,"[{'label': 'LABEL_1', 'score': 0.9986286163330078}]"
1775350456643977503,"[{'label': 'LABEL_0', 'score': 0.9999325275421143}]"
1775342349196894501,"[{'label': 'LABEL_0', 'score': 0.9997884631156921}]"
1775314008586776760,"[{'label': 'LABEL_0', 'score': 0.9996559619903564}]"
1775308402329100359,"[{'label': 'LABEL_0', 'score': 0.8060188889503479}]"
1775307656162361426,"[{'label': 'LABEL_0', 'score': 0.9998475313186646}]"
1775303670302740706,"[{'label': 'LABEL_0', 'score': 0.9997405409812927}]"
1775292494395195658,"[{'label': 'LABEL_0', 'score': 0.9998503923416138}]"
1775291657547624489,"[{'label': 'LABEL_0', 'score': 0.9996623992919922}]"
1775291054729691537,"[{'label': 'LABEL_1', 'score': 0.9834991097450256}]"
1775277870191137224,"[{'label': 'LABEL_0', 'score': 0.9998530149459839}]"
1775272310989332713,"[{'label': 'LABEL_0', 'score': 0.9999252557754517}]"
1775262435248849224,"[{'label': 'LABEL_0', 'score': 0.9995772242546082}]"
1775261979311235237,"[{'label': 'LABEL_0', 'score': 0.9999173879623413}]"
1775238723199738279,"[{'label': 'LABEL_1', 'score': 0.9427463412284851}]"
1775232105284358499,"[{'label': 'LABEL_0', 'score': 0.9998776912689209}]"
1775228054152859869,"[{'label': 'LABEL_1', 'score': 0.8885636925697327}]"
1775206279121662003,"[{'label': 'LABEL_0', 'score': 0.999772846698761}]"
1775206021985681613,"[{'label': 'LABEL_0', 'score': 0.9729329943656921}]"
1775205607273853009,"[{'label': 'LABEL_1', 'score': 0.9635236859321594}]"
1775202340892520834,"[{'label': 'LABEL_0', 'score': 0.9999374151229858}]"
1775202096674976075,"[{'label': 'LABEL_0', 'score': 0.9999244213104248}]"
1775199233148117302,"[{'label': 'LABEL_0', 'score': 0.9999229907989502}]"
1775196358779056270,"[{'label': 'LABEL_0', 'score': 0.998982846736908}]"
1775192243189506409,"[{'label': 'LABEL_0', 'score': 0.9980472326278687}]"
1775188868788085039,"[{'label': 'LABEL_0', 'score': 0.9996799230575562}]"
1775181355099287689,"[{'label': 'LABEL_0', 'score': 0.9812867045402527}]"
1775180167130009992,"[{'label': 'LABEL_1', 'score': 0.6579686999320984}]"
1775170846237090009,"[{'label': 'LABEL_1', 'score': 0.9992784857749939}]"
1775169256398684310,"[{'label': 'LABEL_1', 'score': 0.999423623085022}]"
1775166324831883318,"[{'label': 'LABEL_0', 'score': 0.9963046312332153}]"
1775162205744320891,"[{'label': 'LABEL_0', 'score': 0.9997155070304871}]"
1775044420263354856,"[{'label': 'LABEL_0', 'score': 0.999902606010437}]"
1775035461599150132,"[{'label': 'LABEL_0', 'score': 0.9996370077133179}]"
1775007534790623707,"[{'label': 'LABEL_0', 'score': 0.9998563528060913}]"
1775003717147693293,"[{'label': 'LABEL_0', 'score': 0.9883372187614441}]"
1775000573009346814,"[{'label': 'LABEL_1', 'score': 0.692550778388977}]"
1774999213807374522,"[{'label': 'LABEL_0', 'score': 0.9999117851257324}]"
1774994823994315158,"[{'label': 'LABEL_0', 'score': 0.9998290538787842}]"
1774989996476321806,"[{'label': 'LABEL_0', 'score': 0.9997277855873108}]"
1774988850474909730,"[{'label': 'LABEL_0', 'score': 0.9998863935470581}]"
1775022077709254804,"[{'label': 'LABEL_0', 'score': 0.9999366998672485}]"
1774986807425314853,"[{'label': 'LABEL_1', 'score': 0.9994958639144897}]"
1774983344356221196,"[{'label': 'LABEL_0', 'score': 0.9995212554931641}]"
1774980662400847978,"[{'label': 'LABEL_1', 'score': 0.6593935489654541}]"
1774979882541273142,"[{'label': 'LABEL_1', 'score': 0.9986635446548462}]"
1774978409761751389,"[{'label': 'LABEL_1', 'score': 0.9502328634262085}]"
1774958873608065348,"[{'label': 'LABEL_0', 'score': 0.9998007416725159}]"
1774919880786972907,"[{'label': 'LABEL_0', 'score': 0.9999302625656128}]"
1774958646830551075,"[{'label': 'LABEL_1', 'score': 0.9984524250030518}]"
1774957393421521324,"[{'label': 'LABEL_0', 'score': 0.9990547299385071}]"
1774949983172559302,"[{'label': 'LABEL_0', 'score': 0.9999289512634277}]"
1774884077918728313,"[{'label': 'LABEL_0', 'score': 0.9999247789382935}]"
1774944064086921372,"[{'label': 'LABEL_0', 'score': 0.9997368454933167}]"
1774939487455568186,"[{'label': 'LABEL_0', 'score': 0.9999109506607056}]"
1774937807091327483,"[{'label': 'LABEL_0', 'score': 0.9993778467178345}]"
1774936727771078797,"[{'label': 'LABEL_0', 'score': 0.9998973608016968}]"
1774935815057035771,"[{'label': 'LABEL_0', 'score': 0.999858021736145}]"
1774935292425785515,"[{'label': 'LABEL_0', 'score': 0.9998294115066528}]"
1774934633827766557,"[{'label': 'LABEL_0', 'score': 0.9995431900024414}]"
1774931581494268036,"[{'label': 'LABEL_0', 'score': 0.9998856782913208}]"
1774931004270018716,"[{'label': 'LABEL_0', 'score': 0.8892286419868469}]"
1774929481880191356,"[{'label': 'LABEL_0', 'score': 0.9959624409675598}]"
1774926736184025098,"[{'label': 'LABEL_1', 'score': 0.9994698166847229}]"
1774925282446651577,"[{'label': 'LABEL_0', 'score': 0.999940037727356}]"
1774924961469067720,"[{'label': 'LABEL_0', 'score': 0.956577718257904}]"
1774924701317398931,"[{'label': 'LABEL_0', 'score': 0.9998227953910828}]"
1774919555825168450,"[{'label': 'LABEL_1', 'score': 0.9974820017814636}]"
1774915450767393036,"[{'label': 'LABEL_0', 'score': 0.9985206723213196}]"
1774915338850754603,"[{'label': 'LABEL_0', 'score': 0.9997132420539856}]"
1774906742993813608,"[{'label': 'LABEL_0', 'score': 0.9997910857200623}]"
1774903026139922464,"[{'label': 'LABEL_0', 'score': 0.9998687505722046}]"
1774900855667404907,"[{'label': 'LABEL_0', 'score': 0.9997218251228333}]"
1774900195039281554,"[{'label': 'LABEL_0', 'score': 0.9995686411857605}]"
1774898419942776869,"[{'label': 'LABEL_0', 'score': 0.9982506632804871}]"
1774893293836345723,"[{'label': 'LABEL_0', 'score': 0.9996119141578674}]"
1774889789310881914,"[{'label': 'LABEL_0', 'score': 0.9997585415840149}]"
1774887854864212190,"[{'label': 'LABEL_0', 'score': 0.9994361996650696}]"
1774880593827782947,"[{'label': 'LABEL_0', 'score': 0.9998325109481812}]"
1774868571933303231,"[{'label': 'LABEL_0', 'score': 0.9995606541633606}]"
1774863298036453862,"[{'label': 'LABEL_0', 'score': 0.9999345541000366}]"
1774817294658494569,"[{'label': 'LABEL_0', 'score': 0.9998915195465088}]"
1774858842490257776,"[{'label': 'LABEL_0', 'score': 0.9996412992477417}]"
1774857766147911879,"[{'label': 'LABEL_0', 'score': 0.9965720176696777}]"
1774855381430272383,"[{'label': 'LABEL_1', 'score': 0.9998494386672974}]"
1774834964963479854,"[{'label': 'LABEL_0', 'score': 0.9998980760574341}]"
1774834407137829112,"[{'label': 'LABEL_0', 'score': 0.9993795156478882}]"
1774821346314223836,"[{'label': 'LABEL_0', 'score': 0.9998974800109863}]"
1774817327709622288,"[{'label': 'LABEL_0', 'score': 0.9997039437294006}]"
1774816658294497707,"[{'label': 'LABEL_1', 'score': 0.9770568013191223}]"
1774807541299433566,"[{'label': 'LABEL_0', 'score': 0.9996002316474915}]"
1774848900861440031,"[{'label': 'LABEL_0', 'score': 0.9999237060546875}]"
1774806362297418105,"[{'label': 'LABEL_1', 'score': 0.950154721736908}]"
1774805371107807722,"[{'label': 'LABEL_1', 'score': 0.9996315240859985}]"
1774764433195036809,"[{'label': 'LABEL_0', 'score': 0.9998946189880371}]"
1774734846205493447,"[{'label': 'LABEL_0', 'score': 0.9998911619186401}]"
1774671715521438069,"[{'label': 'LABEL_0', 'score': 0.999910831451416}]"
1774664677617770676,"[{'label': 'LABEL_0', 'score': 0.9997945427894592}]"
1774658713715937737,"[{'label': 'LABEL_0', 'score': 0.9893133044242859}]"
1774651513752732145,"[{'label': 'LABEL_0', 'score': 0.9997654557228088}]"
1774644975080247770,"[{'label': 'LABEL_0', 'score': 0.9997779726982117}]"
1774641018765246940,"[{'label': 'LABEL_0', 'score': 0.999836802482605}]"
1774639818305135019,"[{'label': 'LABEL_0', 'score': 0.9999145269393921}]"
1774638290248847387,"[{'label': 'LABEL_0', 'score': 0.9998134970664978}]"
1774630442605437365,"[{'label': 'LABEL_0', 'score': 0.9998792409896851}]"
1774627663329497306,"[{'label': 'LABEL_1', 'score': 0.9996830224990845}]"
1774618702190624863,"[{'label': 'LABEL_0', 'score': 0.999922513961792}]"
1774614782538047802,"[{'label': 'LABEL_1', 'score': 0.9989562034606934}]"
1774582975809593515,"[{'label': 'LABEL_1', 'score': 0.9996520280838013}]"
1774575413232103816,"[{'label': 'LABEL_1', 'score': 0.9997252821922302}]"
1774570054601805932,"[{'label': 'LABEL_0', 'score': 0.9999068975448608}]"
1774556178812403844,"[{'label': 'LABEL_0', 'score': 0.9904512166976929}]"
1774541112469848103,"[{'label': 'LABEL_0', 'score': 0.999880313873291}]"
1774536382750290241,"[{'label': 'LABEL_0', 'score': 0.9999338388442993}]"
1774535771883495740,"[{'label': 'LABEL_0', 'score': 0.9921661615371704}]"
1774533392115151061,"[{'label': 'LABEL_0', 'score': 0.9999358654022217}]"
1774527879050658268,"[{'label': 'LABEL_0', 'score': 0.9999312162399292}]"
1774527397812998631,"[{'label': 'LABEL_0', 'score': 0.9998944997787476}]"
1774516509261419007,"[{'label': 'LABEL_1', 'score': 0.9994937181472778}]"
1774496654265065937,"[{'label': 'LABEL_0', 'score': 0.9998218417167664}]"
1774485178238291974,"[{'label': 'LABEL_0', 'score': 0.9998961687088013}]"
1774071300790599814,"[{'label': 'LABEL_0', 'score': 0.9999102354049683}]"
1774462361690059185,"[{'label': 'LABEL_0', 'score': 0.9998925924301147}]"
1774457584746938793,"[{'label': 'LABEL_0', 'score': 0.9998733997344971}]"
1774448724720148556,"[{'label': 'LABEL_0', 'score': 0.9997509121894836}]"
1774447237847732628,"[{'label': 'LABEL_0', 'score': 0.9998598098754883}]"
1774421795199668230,"[{'label': 'LABEL_0', 'score': 0.9998018145561218}]"
1774419180311204252,"[{'label': 'LABEL_1', 'score': 0.99983811378479}]"
1774415501919227985,"[{'label': 'LABEL_0', 'score': 0.9998730421066284}]"
1774393576119488588,"[{'label': 'LABEL_0', 'score': 0.9998438358306885}]"
1774384914961404138,"[{'label': 'LABEL_0', 'score': 0.9936290383338928}]"
1774326271813750860,"[{'label': 'LABEL_0', 'score': 0.9987801909446716}]"
1774300639092154385,"[{'label': 'LABEL_0', 'score': 0.9995589852333069}]"
1774271708532232364,"[{'label': 'LABEL_0', 'score': 0.9997090697288513}]"
1774271276732895741,"[{'label': 'LABEL_0', 'score': 0.9995861649513245}]"
1774260291678740982,"[{'label': 'LABEL_0', 'score': 0.999729335308075}]"
1774254448807727492,"[{'label': 'LABEL_0', 'score': 0.9998571872711182}]"
1774251899715289167,"[{'label': 'LABEL_1', 'score': 0.9992177486419678}]"
1774245129475248629,"[{'label': 'LABEL_0', 'score': 0.9998568296432495}]"
1774244989771403355,"[{'label': 'LABEL_0', 'score': 0.997229278087616}]"
1774244174809764300,"[{'label': 'LABEL_0', 'score': 0.9998871088027954}]"
1774243268458402131,"[{'label': 'LABEL_0', 'score': 0.9999027252197266}]"
1774242825057579477,"[{'label': 'LABEL_1', 'score': 0.9995539784431458}]"
1774237784967897481,"[{'label': 'LABEL_0', 'score': 0.9997155070304871}]"
1774237548165882188,"[{'label': 'LABEL_0', 'score': 0.9999270439147949}]"
1774232573541036462,"[{'label': 'LABEL_0', 'score': 0.9998608827590942}]"
1774231496259252688,"[{'label': 'LABEL_0', 'score': 0.9998389482498169}]"
1774227371173794031,"[{'label': 'LABEL_0', 'score': 0.9998902082443237}]"
1774226471155831069,"[{'label': 'LABEL_0', 'score': 0.9998239874839783}]"
1774225791678660987,"[{'label': 'LABEL_0', 'score': 0.9994599223136902}]"
1774222710429622647,"[{'label': 'LABEL_0', 'score': 0.9998691082000732}]"
1774213999959199963,"[{'label': 'LABEL_1', 'score': 0.8522449731826782}]"
1774209999180370323,"[{'label': 'LABEL_0', 'score': 0.9998317956924438}]"
1774209064597131327,"[{'label': 'LABEL_1', 'score': 0.9989386200904846}]"
1774192810414977049,"[{'label': 'LABEL_0', 'score': 0.9998875856399536}]"
1774186274506592682,"[{'label': 'LABEL_0', 'score': 0.9998620748519897}]"
1774178552302191077,"[{'label': 'LABEL_0', 'score': 0.9995977282524109}]"
1774175486802882968,"[{'label': 'LABEL_0', 'score': 0.9706475734710693}]"
1774174867853631796,"[{'label': 'LABEL_0', 'score': 0.9998763799667358}]"
1774171534728351791,"[{'label': 'LABEL_0', 'score': 0.9999305009841919}]"
1774171203306914151,"[{'label': 'LABEL_0', 'score': 0.9996519088745117}]"
1774171164241228100,"[{'label': 'LABEL_1', 'score': 0.9741702079772949}]"
1774165512282317043,"[{'label': 'LABEL_0', 'score': 0.9997010827064514}]"
1774163894803550351,"[{'label': 'LABEL_1', 'score': 0.9996065497398376}]"
1774163865841885545,"[{'label': 'LABEL_0', 'score': 0.999880313873291}]"
1774163312655147497,"[{'label': 'LABEL_0', 'score': 0.9952507019042969}]"
1774162355246489824,"[{'label': 'LABEL_0', 'score': 0.9991162419319153}]"
1774159319417672018,"[{'label': 'LABEL_0', 'score': 0.9999401569366455}]"
1774156320414781633,"[{'label': 'LABEL_0', 'score': 0.9999200105667114}]"
1774144683217748398,"[{'label': 'LABEL_1', 'score': 0.9996657371520996}]"
1774142369417335245,"[{'label': 'LABEL_0', 'score': 0.9999094009399414}]"
1774139850083447038,"[{'label': 'LABEL_0', 'score': 0.9998037219047546}]"
1774138844650074345,"[{'label': 'LABEL_0', 'score': 0.9999202489852905}]"
1774138384937619888,"[{'label': 'LABEL_1', 'score': 0.9997367262840271}]"
1774135755910103361,"[{'label': 'LABEL_0', 'score': 0.9998053908348083}]"
1774132014880293061,"[{'label': 'LABEL_0', 'score': 0.996566116809845}]"
1774124975634444537,"[{'label': 'LABEL_0', 'score': 0.9997848868370056}]"
1774124632339079269,"[{'label': 'LABEL_0', 'score': 0.9998664855957031}]"
1774120861483614265,"[{'label': 'LABEL_1', 'score': 0.9805049300193787}]"
1774120040100458720,"[{'label': 'LABEL_0', 'score': 0.999931812286377}]"
1774118875023462711,"[{'label': 'LABEL_1', 'score': 0.9993718266487122}]"
1774117503758672028,"[{'label': 'LABEL_0', 'score': 0.9999064207077026}]"
1774117421403492446,"[{'label': 'LABEL_0', 'score': 0.9998158812522888}]"
1774116099971269077,"[{'label': 'LABEL_0', 'score': 0.9999072551727295}]"
1774110068729933861,"[{'label': 'LABEL_0', 'score': 0.9993888139724731}]"
1774109996290076700,"[{'label': 'LABEL_0', 'score': 0.9999065399169922}]"
1774104322000695395,"[{'label': 'LABEL_0', 'score': 0.9991969466209412}]"
1774096714909016071,"[{'label': 'LABEL_0', 'score': 0.9999445676803589}]"
1774096539838808259,"[{'label': 'LABEL_0', 'score': 0.999207079410553}]"
1774092488514424968,"[{'label': 'LABEL_0', 'score': 0.9734712243080139}]"
1774090389928005751,"[{'label': 'LABEL_0', 'score': 0.9998764991760254}]"
1774079841341501534,"[{'label': 'LABEL_0', 'score': 0.9992440938949585}]"
1774058972636483966,"[{'label': 'LABEL_1', 'score': 0.9996465444564819}]"
1773932026510401551,"[{'label': 'LABEL_0', 'score': 0.9999179840087891}]"
1773890665379729731,"[{'label': 'LABEL_0', 'score': 0.9999066591262817}]"
1773885082094162403,"[{'label': 'LABEL_1', 'score': 0.9957225322723389}]"
1773883072380874766,"[{'label': 'LABEL_0', 'score': 0.9954215884208679}]"
1773882050799694214,"[{'label': 'LABEL_1', 'score': 0.99901282787323}]"
1773869013283529056,"[{'label': 'LABEL_1', 'score': 0.9671936631202698}]"
1773868648442024144,"[{'label': 'LABEL_0', 'score': 0.9998308420181274}]"
1773865648247984518,"[{'label': 'LABEL_0', 'score': 0.9999353885650635}]"
1773865357524062322,"[{'label': 'LABEL_0', 'score': 0.9796104431152344}]"
1773862790245085272,"[{'label': 'LABEL_0', 'score': 0.5386779308319092}]"
1773859346918560223,"[{'label': 'LABEL_0', 'score': 0.9998962879180908}]"
1773807451420115420,"[{'label': 'LABEL_0', 'score': 0.9998801946640015}]"
1773798809300074776,"[{'label': 'LABEL_1', 'score': 0.999875545501709}]"
1773739698252288385,"[{'label': 'LABEL_0', 'score': 0.9969612956047058}]"
1773725720704958745,"[{'label': 'LABEL_1', 'score': 0.9997931122779846}]"
1773720238799913181,"[{'label': 'LABEL_0', 'score': 0.9998605251312256}]"
1773717952384118993,"[{'label': 'LABEL_0', 'score': 0.9996974468231201}]"
1773707413490643252,"[{'label': 'LABEL_0', 'score': 0.9985224604606628}]"
1773686616436990019,"[{'label': 'LABEL_0', 'score': 0.9999463558197021}]"
1773565117772308509,"[{'label': 'LABEL_1', 'score': 0.9989420771598816}]"
1773543200872960462,"[{'label': 'LABEL_0', 'score': 0.9998648166656494}]"
1773541373913767973,"[{'label': 'LABEL_0', 'score': 0.9998089671134949}]"
1773532500343525499,"[{'label': 'LABEL_1', 'score': 0.9994537234306335}]"
1773530571215347737,"[{'label': 'LABEL_0', 'score': 0.9997971653938293}]"
1773527024704925770,"[{'label': 'LABEL_0', 'score': 0.999306321144104}]"
1773523152900854028,"[{'label': 'LABEL_0', 'score': 0.9998522996902466}]"
1773509309885772039,"[{'label': 'LABEL_1', 'score': 0.9999122619628906}]"
1773508742673281471,"[{'label': 'LABEL_0', 'score': 0.9998853206634521}]"
1773504406291468698,"[{'label': 'LABEL_0', 'score': 0.9998810291290283}]"
1773502259373994286,"[{'label': 'LABEL_0', 'score': 0.9996033310890198}]"
1773478527913894202,"[{'label': 'LABEL_0', 'score': 0.9999443292617798}]"
1773461431112872379,"[{'label': 'LABEL_0', 'score': 0.9989890456199646}]"
1773457433383342168,"[{'label': 'LABEL_0', 'score': 0.9998353719711304}]"
1773453416091492556,"[{'label': 'LABEL_0', 'score': 0.999900221824646}]"
1773405486475350381,"[{'label': 'LABEL_0', 'score': 0.9999196529388428}]"
1773404686164332829,"[{'label': 'LABEL_0', 'score': 0.999536395072937}]"
1773402209771831762,"[{'label': 'LABEL_0', 'score': 0.9831438660621643}]"
1773401440272150607,"[{'label': 'LABEL_1', 'score': 0.9996511936187744}]"
1773375206725201999,"[{'label': 'LABEL_0', 'score': 0.9996987581253052}]"
1773366803818852647,"[{'label': 'LABEL_0', 'score': 0.9998726844787598}]"
1773349943387853202,"[{'label': 'LABEL_1', 'score': 0.5908235907554626}]"
1773345912355500532,"[{'label': 'LABEL_0', 'score': 0.9944577217102051}]"
1773343788934578358,"[{'label': 'LABEL_0', 'score': 0.9993607401847839}]"
1773341662250492345,"[{'label': 'LABEL_0', 'score': 0.9999377727508545}]"
1773317874653814903,"[{'label': 'LABEL_0', 'score': 0.9999043941497803}]"
1773242446412980245,"[{'label': 'LABEL_0', 'score': 0.9998865127563477}]"
1773235274585096548,"[{'label': 'LABEL_0', 'score': 0.9998862743377686}]"
1773227292426207632,"[{'label': 'LABEL_0', 'score': 0.999914288520813}]"
1773204573626282204,"[{'label': 'LABEL_0', 'score': 0.9995324611663818}]"
1773174792666898514,"[{'label': 'LABEL_0', 'score': 0.9770836234092712}]"
1773170275594486105,"[{'label': 'LABEL_0', 'score': 0.9999284744262695}]"
1773167704188326062,"[{'label': 'LABEL_0', 'score': 0.7909421920776367}]"
1773151785735114918,"[{'label': 'LABEL_0', 'score': 0.9998517036437988}]"
1773150219191898453,"[{'label': 'LABEL_0', 'score': 0.9999094009399414}]"
1773147605012213934,"[{'label': 'LABEL_0', 'score': 0.9996217489242554}]"
1773143723771113955,"[{'label': 'LABEL_0', 'score': 0.9995593428611755}]"
1773141818420416608,"[{'label': 'LABEL_0', 'score': 0.9997414946556091}]"
1773131209268199846,"[{'label': 'LABEL_0', 'score': 0.9999417066574097}]"
1773125441924059364,"[{'label': 'LABEL_1', 'score': 0.9998133778572083}]"
1773115967481991225,"[{'label': 'LABEL_0', 'score': 0.9998929500579834}]"
1773111060150489552,"[{'label': 'LABEL_0', 'score': 0.9998689889907837}]"
1773109124298870861,"[{'label': 'LABEL_1', 'score': 0.9997982382774353}]"
1773089057892933922,"[{'label': 'LABEL_0', 'score': 0.9998962879180908}]"
1773088392592433406,"[{'label': 'LABEL_0', 'score': 0.9998878240585327}]"
1773086828792369508,"[{'label': 'LABEL_0', 'score': 0.9998588562011719}]"
1773076736734863421,"[{'label': 'LABEL_0', 'score': 0.9998705387115479}]"
1773030626209218845,"[{'label': 'LABEL_1', 'score': 0.9994358420372009}]"
1773024832591929588,"[{'label': 'LABEL_1', 'score': 0.9996826648712158}]"
1773022186082603264,"[{'label': 'LABEL_1', 'score': 0.999168872833252}]"
1773019689897082991,"[{'label': 'LABEL_1', 'score': 0.9998393058776855}]"
1773017483135398328,"[{'label': 'LABEL_0', 'score': 0.999846339225769}]"
1773017232542437825,"[{'label': 'LABEL_0', 'score': 0.9991328120231628}]"
1773015438290489837,"[{'label': 'LABEL_1', 'score': 0.9993442893028259}]"
1773009518198145454,"[{'label': 'LABEL_0', 'score': 0.9997219443321228}]"
1772995392939921421,"[{'label': 'LABEL_0', 'score': 0.9998575448989868}]"
1772993501426266233,"[{'label': 'LABEL_1', 'score': 0.9891678094863892}]"
1772992936759738797,"[{'label': 'LABEL_0', 'score': 0.999593198299408}]"
1772979806486823020,"[{'label': 'LABEL_0', 'score': 0.9999212026596069}]"
1772974417900916959,"[{'label': 'LABEL_0', 'score': 0.9998760223388672}]"
1772969292130140575,"[{'label': 'LABEL_0', 'score': 0.9998224377632141}]"
1772953016867447141,"[{'label': 'LABEL_0', 'score': 0.9998488426208496}]"
1772940393077989790,"[{'label': 'LABEL_0', 'score': 0.9998175501823425}]"
1772858911164362976,"[{'label': 'LABEL_0', 'score': 0.999618411064148}]"
1772856698639704299,"[{'label': 'LABEL_0', 'score': 0.9999023675918579}]"
1772844972888502406,"[{'label': 'LABEL_1', 'score': 0.9534993767738342}]"
1772840281450143805,"[{'label': 'LABEL_0', 'score': 0.9999009370803833}]"
1772839051290157430,"[{'label': 'LABEL_1', 'score': 0.9997023940086365}]"
1772836751414890551,"[{'label': 'LABEL_0', 'score': 0.9998953342437744}]"
1772833973728649425,"[{'label': 'LABEL_0', 'score': 0.9998748302459717}]"
1772822606057521639,"[{'label': 'LABEL_1', 'score': 0.9993804693222046}]"
1772821278602264949,"[{'label': 'LABEL_0', 'score': 0.9999061822891235}]"
1772821116630737071,"[{'label': 'LABEL_0', 'score': 0.9999057054519653}]"
1772818772102881686,"[{'label': 'LABEL_0', 'score': 0.999931812286377}]"
1772816739958415441,"[{'label': 'LABEL_0', 'score': 0.9999101161956787}]"
1772813091891298445,"[{'label': 'LABEL_0', 'score': 0.9998763799667358}]"
1772810045979242666,"[{'label': 'LABEL_0', 'score': 0.908644437789917}]"
1772809092962116055,"[{'label': 'LABEL_0', 'score': 0.9999327659606934}]"
1772805579989303492,"[{'label': 'LABEL_0', 'score': 0.9998819828033447}]"
1772804558000886067,"[{'label': 'LABEL_0', 'score': 0.9998049139976501}]"
1772781592441749593,"[{'label': 'LABEL_1', 'score': 0.999528169631958}]"
1772750139028877498,"[{'label': 'LABEL_1', 'score': 0.9992584586143494}]"
1772737255636877375,"[{'label': 'LABEL_0', 'score': 0.9947746396064758}]"
1772794590434570501,"[{'label': 'LABEL_0', 'score': 0.9997780919075012}]"
1772667288598048909,"[{'label': 'LABEL_0', 'score': 0.999893307685852}]"
1772663484611736033,"[{'label': 'LABEL_0', 'score': 0.9973510503768921}]"
1772663188988862543,"[{'label': 'LABEL_0', 'score': 0.9997149109840393}]"
1772660143227814362,"[{'label': 'LABEL_0', 'score': 0.9999175071716309}]"
1772652446331871277,"[{'label': 'LABEL_0', 'score': 0.999847412109375}]"
1772650974743572732,"[{'label': 'LABEL_0', 'score': 0.9975377321243286}]"
1772645958527951143,"[{'label': 'LABEL_0', 'score': 0.9989031553268433}]"
1772645370801140129,"[{'label': 'LABEL_0', 'score': 0.9999096393585205}]"
1772640607883694482,"[{'label': 'LABEL_0', 'score': 0.9998705387115479}]"
1772622612914438271,"[{'label': 'LABEL_0', 'score': 0.999438464641571}]"
1772645936793096455,"[{'label': 'LABEL_0', 'score': 0.9998509883880615}]"
1777344923206922350,"[{'label': 'LABEL_0', 'score': 0.8839174509048462}]"
1777341857317482942,"[{'label': 'LABEL_0', 'score': 0.9998102784156799}]"
1777321657104826593,"[{'label': 'LABEL_0', 'score': 0.9998182654380798}]"
1777308751164215323,"[{'label': 'LABEL_0', 'score': 0.995475709438324}]"
1777183111157088586,"[{'label': 'LABEL_0', 'score': 0.9998660087585449}]"
1777181897883316733,"[{'label': 'LABEL_0', 'score': 0.9933832287788391}]"
1777175803999952941,"[{'label': 'LABEL_0', 'score': 0.9996033310890198}]"
1777166473741435233,"[{'label': 'LABEL_0', 'score': 0.9998058676719666}]"
1777160311415435393,"[{'label': 'LABEL_0', 'score': 0.9986805319786072}]"
1777159310721614185,"[{'label': 'LABEL_0', 'score': 0.9998804330825806}]"
1777154762514788678,"[{'label': 'LABEL_0', 'score': 0.9983747005462646}]"
1777127354994729017,"[{'label': 'LABEL_0', 'score': 0.9998134970664978}]"
1777090397807824970,"[{'label': 'LABEL_1', 'score': 0.9996699094772339}]"
1777085233893962101,"[{'label': 'LABEL_1', 'score': 0.9884059429168701}]"
1777080141593583662,"[{'label': 'LABEL_1', 'score': 0.9995819926261902}]"
1777062353927843977,"[{'label': 'LABEL_0', 'score': 0.9998283386230469}]"
1777053913553732068,"[{'label': 'LABEL_0', 'score': 0.9997003078460693}]"
1777044527364096309,"[{'label': 'LABEL_0', 'score': 0.9997161030769348}]"
1777041959716082083,"[{'label': 'LABEL_0', 'score': 0.9997500777244568}]"
1777033772157763938,"[{'label': 'LABEL_1', 'score': 0.9065110087394714}]"
1777028955440042219,"[{'label': 'LABEL_0', 'score': 0.9996587038040161}]"
1777016320220914118,"[{'label': 'LABEL_0', 'score': 0.9996862411499023}]"
1777013069224333399,"[{'label': 'LABEL_0', 'score': 0.999809205532074}]"
1777011421798080719,"[{'label': 'LABEL_0', 'score': 0.6281896233558655}]"
1776990023306338508,"[{'label': 'LABEL_1', 'score': 0.9990843534469604}]"
1776986703925764262,"[{'label': 'LABEL_0', 'score': 0.9998422861099243}]"
1776975110886355238,"[{'label': 'LABEL_0', 'score': 0.9986377358436584}]"
1776974033071878559,"[{'label': 'LABEL_1', 'score': 0.9992983341217041}]"
1776955402761933034,"[{'label': 'LABEL_0', 'score': 0.9997827410697937}]"
1776951261775954429,"[{'label': 'LABEL_0', 'score': 0.9997363686561584}]"
1776930406744400003,"[{'label': 'LABEL_0', 'score': 0.9998420476913452}]"
1776923305892614248,"[{'label': 'LABEL_1', 'score': 0.7747092843055725}]"
1776842241966813590,"[{'label': 'LABEL_0', 'score': 0.9999128580093384}]"
1776797480161517682,"[{'label': 'LABEL_0', 'score': 0.9999126195907593}]"
1776783247164244021,"[{'label': 'LABEL_0', 'score': 0.9998996257781982}]"
1776771986951131281,"[{'label': 'LABEL_0', 'score': 0.9996705055236816}]"
1776769216290468255,"[{'label': 'LABEL_0', 'score': 0.9996472597122192}]"
1776767055179432119,"[{'label': 'LABEL_1', 'score': 0.997811496257782}]"
1776756511353557466,"[{'label': 'LABEL_0', 'score': 0.9998946189880371}]"
1776753689039917502,"[{'label': 'LABEL_1', 'score': 0.7792768478393555}]"
1776752787411362119,"[{'label': 'LABEL_0', 'score': 0.9999105930328369}]"
1776743176293712050,"[{'label': 'LABEL_0', 'score': 0.9998955726623535}]"
1776733864687202740,"[{'label': 'LABEL_1', 'score': 0.9991783499717712}]"
1776729036661621098,"[{'label': 'LABEL_1', 'score': 0.9996997117996216}]"
1776727644085567857,"[{'label': 'LABEL_0', 'score': 0.9998722076416016}]"
1776721923268870233,"[{'label': 'LABEL_0', 'score': 0.9998385906219482}]"
1776706386665128362,"[{'label': 'LABEL_0', 'score': 0.9996961355209351}]"
1776706254494183782,"[{'label': 'LABEL_1', 'score': 0.9776893854141235}]"
1776700605538418786,"[{'label': 'LABEL_0', 'score': 0.9994111061096191}]"
1776693891166601294,"[{'label': 'LABEL_0', 'score': 0.985770583152771}]"
1776689160222392389,"[{'label': 'LABEL_0', 'score': 0.9993564486503601}]"
1776678951168963037,"[{'label': 'LABEL_0', 'score': 0.9999445676803589}]"
1776646619464683921,"[{'label': 'LABEL_0', 'score': 0.9998407363891602}]"
1776643806030340522,"[{'label': 'LABEL_0', 'score': 0.99676513671875}]"
1776637580089446541,"[{'label': 'LABEL_0', 'score': 0.9999009370803833}]"
1776631028083220728,"[{'label': 'LABEL_0', 'score': 0.9999485015869141}]"
1776625624670495146,"[{'label': 'LABEL_0', 'score': 0.9997994303703308}]"
1776620138487255205,"[{'label': 'LABEL_1', 'score': 0.9995369911193848}]"
1776620002507943946,"[{'label': 'LABEL_0', 'score': 0.9997850060462952}]"
1776600523052830887,"[{'label': 'LABEL_0', 'score': 0.9979913234710693}]"
1776592612234830003,"[{'label': 'LABEL_0', 'score': 0.9998615980148315}]"
1776473985716265103,"[{'label': 'LABEL_0', 'score': 0.9917240738868713}]"
1776447298668478893,"[{'label': 'LABEL_0', 'score': 0.9996693134307861}]"
1776434250763395290,"[{'label': 'LABEL_0', 'score': 0.9999058246612549}]"
1776432826465874339,"[{'label': 'LABEL_0', 'score': 0.9998260140419006}]"
1776430177465110689,"[{'label': 'LABEL_0', 'score': 0.9999006986618042}]"
1776414861536158095,"[{'label': 'LABEL_0', 'score': 0.9996113181114197}]"
1776389708953665557,"[{'label': 'LABEL_0', 'score': 0.7200607657432556}]"
1776378435109077204,"[{'label': 'LABEL_0', 'score': 0.9999111890792847}]"
1776355018536624601,"[{'label': 'LABEL_1', 'score': 0.999897837638855}]"
1776351429352980803,"[{'label': 'LABEL_0', 'score': 0.9997120499610901}]"
1776340370265108899,"[{'label': 'LABEL_0', 'score': 0.9998642206192017}]"
1776334159323017307,"[{'label': 'LABEL_0', 'score': 0.9995877146720886}]"
1776312249092591917,"[{'label': 'LABEL_0', 'score': 0.9998711347579956}]"
1776304066399809802,"[{'label': 'LABEL_0', 'score': 0.9999064207077026}]"
1776292536983695434,"[{'label': 'LABEL_0', 'score': 0.9998770952224731}]"
1776271867608781123,"[{'label': 'LABEL_0', 'score': 0.9998912811279297}]"
1776268558701310356,"[{'label': 'LABEL_0', 'score': 0.9997079968452454}]"
1776264196943991257,"[{'label': 'LABEL_0', 'score': 0.9998124241828918}]"
1776245760729706906,"[{'label': 'LABEL_0', 'score': 0.9975672960281372}]"
1776218304643760377,"[{'label': 'LABEL_0', 'score': 0.9997079968452454}]"
1776208352407703827,"[{'label': 'LABEL_0', 'score': 0.9984258413314819}]"
1776191778896396781,"[{'label': 'LABEL_1', 'score': 0.996087908744812}]"
1776103004795466201,"[{'label': 'LABEL_0', 'score': 0.9999165534973145}]"
1776102643737198669,"[{'label': 'LABEL_0', 'score': 0.9998754262924194}]"
1776065560708567153,"[{'label': 'LABEL_0', 'score': 0.9997079968452454}]"
1776063746558791887,"[{'label': 'LABEL_0', 'score': 0.999941349029541}]"
1776063523572867373,"[{'label': 'LABEL_0', 'score': 0.9999188184738159}]"
1776048478071721988,"[{'label': 'LABEL_1', 'score': 0.9017223715782166}]"
1776034647891235263,"[{'label': 'LABEL_1', 'score': 0.6539545059204102}]"
1776029821136420901,"[{'label': 'LABEL_1', 'score': 0.7407051920890808}]"
1776019415470870665,"[{'label': 'LABEL_0', 'score': 0.9999077320098877}]"
1775998901260030426,"[{'label': 'LABEL_0', 'score': 0.9236857295036316}]"
1775996798626091227,"[{'label': 'LABEL_0', 'score': 0.9999324083328247}]"
1775995149992001846,"[{'label': 'LABEL_1', 'score': 0.9997155070304871}]"
1775987053982892305,"[{'label': 'LABEL_1', 'score': 0.9996213912963867}]"
1775984981031931961,"[{'label': 'LABEL_0', 'score': 0.9998145699501038}]"
1775984231941808436,"[{'label': 'LABEL_0', 'score': 0.9998527765274048}]"
1775954733947146313,"[{'label': 'LABEL_0', 'score': 0.9998501539230347}]"
1775953582715527596,"[{'label': 'LABEL_0', 'score': 0.9990959167480469}]"
1775950211623297483,"[{'label': 'LABEL_0', 'score': 0.999884843826294}]"
1775949516023222544,"[{'label': 'LABEL_0', 'score': 0.9930660724639893}]"
1775945571544535146,"[{'label': 'LABEL_0', 'score': 0.9996591806411743}]"
1775940167041265967,"[{'label': 'LABEL_0', 'score': 0.9999395608901978}]"
1775935307495387605,"[{'label': 'LABEL_0', 'score': 0.9418794512748718}]"
1775913040434589801,"[{'label': 'LABEL_0', 'score': 0.9998998641967773}]"
1775912610069668338,"[{'label': 'LABEL_1', 'score': 0.9980711340904236}]"
1775909262692069720,"[{'label': 'LABEL_0', 'score': 0.9999105930328369}]"
1775917218632503787,"[{'label': 'LABEL_0', 'score': 0.9999101161956787}]"
1775903737287999925,"[{'label': 'LABEL_0', 'score': 0.9997565150260925}]"
1775851231178539207,"[{'label': 'LABEL_0', 'score': 0.9998853206634521}]"
1775830722298720465,"[{'label': 'LABEL_1', 'score': 0.9998561143875122}]"
1775818303539183769,"[{'label': 'LABEL_0', 'score': 0.9999481439590454}]"
1775731267184570605,"[{'label': 'LABEL_0', 'score': 0.9999121427536011}]"
1775729880312770686,"[{'label': 'LABEL_1', 'score': 0.9998286962509155}]"
1775729253830815851,"[{'label': 'LABEL_0', 'score': 0.9999381303787231}]"
1775728325572370847,"[{'label': 'LABEL_0', 'score': 0.848129153251648}]"
1775710122339176557,"[{'label': 'LABEL_1', 'score': 0.6235898733139038}]"
1775709818101112988,"[{'label': 'LABEL_0', 'score': 0.999923586845398}]"
1775706077624996127,"[{'label': 'LABEL_0', 'score': 0.999819815158844}]"
1775697586952790186,"[{'label': 'LABEL_0', 'score': 0.566067099571228}]"
1775697277874565127,"[{'label': 'LABEL_1', 'score': 0.9995081424713135}]"
1775690581164855648,"[{'label': 'LABEL_0', 'score': 0.9997116923332214}]"
1775684737958355113,"[{'label': 'LABEL_0', 'score': 0.99986732006073}]"
1775682267236753660,"[{'label': 'LABEL_1', 'score': 0.999627947807312}]"
1775679997925073320,"[{'label': 'LABEL_0', 'score': 0.9997935891151428}]"
1775665614587146574,"[{'label': 'LABEL_1', 'score': 0.9995548129081726}]"
1775661343841865902,"[{'label': 'LABEL_1', 'score': 0.9994871616363525}]"
1775637883954598394,"[{'label': 'LABEL_0', 'score': 0.9998490810394287}]"
1775636540443578436,"[{'label': 'LABEL_0', 'score': 0.9994872808456421}]"
1775635756096061729,"[{'label': 'LABEL_0', 'score': 0.9998220801353455}]"
1775633375291707487,"[{'label': 'LABEL_0', 'score': 0.9995077848434448}]"
1775620768736346176,"[{'label': 'LABEL_0', 'score': 0.9979262351989746}]"
1775606696234070334,"[{'label': 'LABEL_0', 'score': 0.9999064207077026}]"
1775596338916229617,"[{'label': 'LABEL_0', 'score': 0.9998898506164551}]"
1775591418704142396,"[{'label': 'LABEL_1', 'score': 0.9990038275718689}]"
1775574893528072668,"[{'label': 'LABEL_0', 'score': 0.9967232346534729}]"
1775571544053367237,"[{'label': 'LABEL_1', 'score': 0.9997240900993347}]"
1775565779745824917,"[{'label': 'LABEL_0', 'score': 0.999916672706604}]"
1775551845412245776,"[{'label': 'LABEL_0', 'score': 0.9998871088027954}]"
1775548538044227932,"[{'label': 'LABEL_0', 'score': 0.9998414516448975}]"
1775536131293249701,"[{'label': 'LABEL_1', 'score': 0.9995974898338318}]"
1779858165435138090,"[{'label': 'LABEL_0', 'score': 0.9984204769134521}]"
1779858131624886546,"[{'label': 'LABEL_0', 'score': 0.9994577765464783}]"
1779855416958071028,"[{'label': 'LABEL_1', 'score': 0.9835430383682251}]"
1779850569357668630,"[{'label': 'LABEL_0', 'score': 0.9989424347877502}]"
1779836598575566929,"[{'label': 'LABEL_0', 'score': 0.9999334812164307}]"
1779815099127013815,"[{'label': 'LABEL_1', 'score': 0.9987248778343201}]"
1779724181208285361,"[{'label': 'LABEL_0', 'score': 0.9914525747299194}]"
1779721317664649313,"[{'label': 'LABEL_0', 'score': 0.9995331764221191}]"
1779696270589743608,"[{'label': 'LABEL_0', 'score': 0.998094379901886}]"
1779691620998291783,"[{'label': 'LABEL_1', 'score': 0.9998080134391785}]"
1779682470369112153,"[{'label': 'LABEL_0', 'score': 0.9998477697372437}]"
1779682077522149499,"[{'label': 'LABEL_0', 'score': 0.999606192111969}]"
1779671299092082961,"[{'label': 'LABEL_0', 'score': 0.9998422861099243}]"
1779657998543032668,"[{'label': 'LABEL_1', 'score': 0.9990745782852173}]"
1779631089348178102,"[{'label': 'LABEL_0', 'score': 0.999868631362915}]"
1779629522666566003,"[{'label': 'LABEL_0', 'score': 0.9999308586120605}]"
1779621314019365197,"[{'label': 'LABEL_0', 'score': 0.999927282333374}]"
1779613442661404980,"[{'label': 'LABEL_0', 'score': 0.9967913031578064}]"
1779226123580105107,"[{'label': 'LABEL_0', 'score': 0.9973856806755066}]"
1779562391157735902,"[{'label': 'LABEL_0', 'score': 0.9991725087165833}]"
1779558055174173031,"[{'label': 'LABEL_0', 'score': 0.9999184608459473}]"
1779507996680245356,"[{'label': 'LABEL_0', 'score': 0.9998430013656616}]"
1779491980227060085,"[{'label': 'LABEL_0', 'score': 0.998867392539978}]"
1779484458237743547,"[{'label': 'LABEL_0', 'score': 0.9989961981773376}]"
1779443680077549858,"[{'label': 'LABEL_0', 'score': 0.9998416900634766}]"
1779409749760508297,"[{'label': 'LABEL_0', 'score': 0.9999445676803589}]"
1779396659794817185,"[{'label': 'LABEL_0', 'score': 0.9999064207077026}]"
1779392459627278583,"[{'label': 'LABEL_1', 'score': 0.9991859793663025}]"
1779376654432805102,"[{'label': 'LABEL_0', 'score': 0.9999052286148071}]"
1779321854827680232,"[{'label': 'LABEL_0', 'score': 0.9993237257003784}]"
1779315646339178559,"[{'label': 'LABEL_1', 'score': 0.9996925592422485}]"
1779300561248264648,"[{'label': 'LABEL_1', 'score': 0.9998581409454346}]"
1779262837677809852,"[{'label': 'LABEL_0', 'score': 0.9992721676826477}]"
1779243593233822014,"[{'label': 'LABEL_1', 'score': 0.9993463158607483}]"
1779229528616755481,"[{'label': 'LABEL_0', 'score': 0.9963665008544922}]"
1779206813738549337,"[{'label': 'LABEL_0', 'score': 0.989266037940979}]"
1779204357520797927,"[{'label': 'LABEL_1', 'score': 0.9990822076797485}]"
1779194094587433014,"[{'label': 'LABEL_1', 'score': 0.999874472618103}]"
1779170950669304084,"[{'label': 'LABEL_0', 'score': 0.9991826415061951}]"
1779142981695529398,"[{'label': 'LABEL_0', 'score': 0.9992254972457886}]"
1779130600332439661,"[{'label': 'LABEL_0', 'score': 0.9999059438705444}]"
1779111964213383338,"[{'label': 'LABEL_0', 'score': 0.9998979568481445}]"
1779103508303683799,"[{'label': 'LABEL_0', 'score': 0.8965578675270081}]"
1779094712483282983,"[{'label': 'LABEL_0', 'score': 0.9999179840087891}]"
1779083407672099288,"[{'label': 'LABEL_0', 'score': 0.9999206066131592}]"
1779001366435823932,"[{'label': 'LABEL_0', 'score': 0.9998993873596191}]"
1778973990876283377,"[{'label': 'LABEL_0', 'score': 0.9998903274536133}]"
1778969801467011199,"[{'label': 'LABEL_1', 'score': 0.997184693813324}]"
1778954735799644584,"[{'label': 'LABEL_0', 'score': 0.999906063079834}]"
1778926233725567418,"[{'label': 'LABEL_0', 'score': 0.9996936321258545}]"
1778906994398593282,"[{'label': 'LABEL_1', 'score': 0.9996391534805298}]"
1778903208343019602,"[{'label': 'LABEL_0', 'score': 0.9999221563339233}]"
1778900971768172791,"[{'label': 'LABEL_0', 'score': 0.9996455907821655}]"
1778900215870673314,"[{'label': 'LABEL_1', 'score': 0.9990777969360352}]"
1778855385044017294,"[{'label': 'LABEL_1', 'score': 0.9990461468696594}]"
1778825885820309826,"[{'label': 'LABEL_0', 'score': 0.9998995065689087}]"
1778818844334739641,"[{'label': 'LABEL_0', 'score': 0.6216084957122803}]"
1778815584580587878,"[{'label': 'LABEL_0', 'score': 0.9999247789382935}]"
1778791775211225373,"[{'label': 'LABEL_0', 'score': 0.9999223947525024}]"
1778790116724556001,"[{'label': 'LABEL_0', 'score': 0.9988622665405273}]"
1778635260760109444,"[{'label': 'LABEL_0', 'score': 0.9997182488441467}]"
1778783757434331451,"[{'label': 'LABEL_1', 'score': 0.9095439910888672}]"
1778780362140729559,"[{'label': 'LABEL_1', 'score': 0.9996751546859741}]"
1778767765060432186,"[{'label': 'LABEL_0', 'score': 0.9999294281005859}]"
1778753259936563636,"[{'label': 'LABEL_0', 'score': 0.9995098114013672}]"
1778690806636745017,"[{'label': 'LABEL_0', 'score': 0.9999216794967651}]"
1778653113722818977,"[{'label': 'LABEL_1', 'score': 0.9998642206192017}]"
1778622062774407441,"[{'label': 'LABEL_1', 'score': 0.9993940591812134}]"
1778619293866885345,"[{'label': 'LABEL_1', 'score': 0.9953935146331787}]"
1778616003032650087,"[{'label': 'LABEL_0', 'score': 0.9954854846000671}]"
1778594963212693587,"[{'label': 'LABEL_0', 'score': 0.9998918771743774}]"
1778594239359680772,"[{'label': 'LABEL_0', 'score': 0.9999362230300903}]"
1778592273615241350,"[{'label': 'LABEL_0', 'score': 0.9999217987060547}]"
1778584029253501018,"[{'label': 'LABEL_0', 'score': 0.9996458292007446}]"
1778558970283655638,"[{'label': 'LABEL_0', 'score': 0.9999450445175171}]"
1778543516450533782,"[{'label': 'LABEL_0', 'score': 0.7706047892570496}]"
1778540152765452487,"[{'label': 'LABEL_1', 'score': 0.9993676543235779}]"
1778533496740528277,"[{'label': 'LABEL_1', 'score': 0.9887357354164124}]"
1778523369941639203,"[{'label': 'LABEL_1', 'score': 0.9989984631538391}]"
1778510795136971157,"[{'label': 'LABEL_1', 'score': 0.8013553023338318}]"
1778510613209059393,"[{'label': 'LABEL_0', 'score': 0.9999058246612549}]"
1778489024841130231,"[{'label': 'LABEL_0', 'score': 0.9997991919517517}]"
1778487741371596876,"[{'label': 'LABEL_0', 'score': 0.9998102784156799}]"
1778486016564719691,"[{'label': 'LABEL_0', 'score': 0.999870777130127}]"
1778485910771744981,"[{'label': 'LABEL_0', 'score': 0.999869704246521}]"
1778477757485215912,"[{'label': 'LABEL_0', 'score': 0.9377046227455139}]"
1778476201415184781,"[{'label': 'LABEL_1', 'score': 0.9993830919265747}]"
1778462550755086746,"[{'label': 'LABEL_0', 'score': 0.9996515512466431}]"
1778451651608670550,"[{'label': 'LABEL_0', 'score': 0.9998488426208496}]"
1778444157746311517,"[{'label': 'LABEL_1', 'score': 0.9835729002952576}]"
1778412397876650173,"[{'label': 'LABEL_0', 'score': 0.9985710382461548}]"
1778396076229132781,"[{'label': 'LABEL_1', 'score': 0.9885374307632446}]"
1778393662839284087,"[{'label': 'LABEL_1', 'score': 0.9998117089271545}]"
1778261943758815681,"[{'label': 'LABEL_0', 'score': 0.9999072551727295}]"
1778255091142701519,"[{'label': 'LABEL_0', 'score': 0.9900866150856018}]"
1778254448680128869,"[{'label': 'LABEL_0', 'score': 0.9999451637268066}]"
1778227361013432768,"[{'label': 'LABEL_0', 'score': 0.9583913683891296}]"
1778220067504669001,"[{'label': 'LABEL_1', 'score': 0.999890923500061}]"
1778210519503008244,"[{'label': 'LABEL_0', 'score': 0.9998708963394165}]"
1778199121897365746,"[{'label': 'LABEL_1', 'score': 0.9995515942573547}]"
1778188364979830790,"[{'label': 'LABEL_0', 'score': 0.9995280504226685}]"
1778188132426612816,"[{'label': 'LABEL_0', 'score': 0.956024706363678}]"
1778186005079859370,"[{'label': 'LABEL_0', 'score': 0.9997647404670715}]"
1778179087418183948,"[{'label': 'LABEL_0', 'score': 0.9991481304168701}]"
1778177531956375756,"[{'label': 'LABEL_0', 'score': 0.7241110801696777}]"
1778145541337100711,"[{'label': 'LABEL_1', 'score': 0.9996598958969116}]"
1778145490049118459,"[{'label': 'LABEL_1', 'score': 0.9996726512908936}]"
1778141197426380984,"[{'label': 'LABEL_0', 'score': 0.9994826316833496}]"
1778139623379624159,"[{'label': 'LABEL_0', 'score': 0.999555766582489}]"
1778135666213179684,"[{'label': 'LABEL_0', 'score': 0.9999423027038574}]"
1778114065786646563,"[{'label': 'LABEL_0', 'score': 0.9996802806854248}]"
1778095166336782450,"[{'label': 'LABEL_0', 'score': 0.9999176263809204}]"
1778094681915642207,"[{'label': 'LABEL_1', 'score': 0.9997764229774475}]"
1778083432486056139,"[{'label': 'LABEL_0', 'score': 0.9999388456344604}]"
1778080296262393892,"[{'label': 'LABEL_1', 'score': 0.9997501969337463}]"
1778073380911972859,"[{'label': 'LABEL_0', 'score': 0.5127052664756775}]"
1778070843085434981,"[{'label': 'LABEL_0', 'score': 0.9982790946960449}]"
1778069016524841417,"[{'label': 'LABEL_1', 'score': 0.9998583793640137}]"
1778060275645571497,"[{'label': 'LABEL_0', 'score': 0.9982885718345642}]"
1778050814239527117,"[{'label': 'LABEL_0', 'score': 0.9998784065246582}]"
1778047702774776041,"[{'label': 'LABEL_0', 'score': 0.9998999834060669}]"
1778043747160240508,"[{'label': 'LABEL_0', 'score': 0.9998905658721924}]"
1777994164954640818,"[{'label': 'LABEL_0', 'score': 0.9999017715454102}]"
1777904377807724648,"[{'label': 'LABEL_0', 'score': 0.9996403455734253}]"
1777893661088317820,"[{'label': 'LABEL_0', 'score': 0.9997949004173279}]"
1777872503450341608,"[{'label': 'LABEL_0', 'score': 0.9997599720954895}]"
1777862849638916240,"[{'label': 'LABEL_0', 'score': 0.9999390840530396}]"
1777853806451057122,"[{'label': 'LABEL_0', 'score': 0.9948607087135315}]"
1777852799008571532,"[{'label': 'LABEL_0', 'score': 0.999002993106842}]"
1777837082628563178,"[{'label': 'LABEL_0', 'score': 0.9830027222633362}]"
1777835557768368353,"[{'label': 'LABEL_0', 'score': 0.9998301267623901}]"
1777823929731625223,"[{'label': 'LABEL_0', 'score': 0.9997751116752625}]"
1777823203110379673,"[{'label': 'LABEL_0', 'score': 0.9997913241386414}]"
1777812133813621043,"[{'label': 'LABEL_0', 'score': 0.9999040365219116}]"
1777470563889320205,"[{'label': 'LABEL_1', 'score': 0.9991787075996399}]"
1777769134421336382,"[{'label': 'LABEL_0', 'score': 0.9202597141265869}]"
1777768503061159997,"[{'label': 'LABEL_1', 'score': 0.9878095388412476}]"
1777759899574731064,"[{'label': 'LABEL_0', 'score': 0.999921441078186}]"
1777749550918201570,"[{'label': 'LABEL_1', 'score': 0.9983589053153992}]"
1777738016645120050,"[{'label': 'LABEL_1', 'score': 0.9994545578956604}]"
1777735002865709489,"[{'label': 'LABEL_0', 'score': 0.9998644590377808}]"
1777726719362740385,"[{'label': 'LABEL_0', 'score': 0.9999080896377563}]"
1777725454641664348,"[{'label': 'LABEL_1', 'score': 0.9994619488716125}]"
1777695658826191189,"[{'label': 'LABEL_0', 'score': 0.9999344348907471}]"
1777683734168236070,"[{'label': 'LABEL_0', 'score': 0.9998581409454346}]"
1777680295937880559,"[{'label': 'LABEL_0', 'score': 0.999909520149231}]"
1777678521764098264,"[{'label': 'LABEL_0', 'score': 0.9999257326126099}]"
1777654315366105468,"[{'label': 'LABEL_0', 'score': 0.9990066885948181}]"
1777639013739852169,"[{'label': 'LABEL_0', 'score': 0.9997612833976746}]"
1777590946684702770,"[{'label': 'LABEL_0', 'score': 0.9998470544815063}]"
1777547311188500672,"[{'label': 'LABEL_0', 'score': 0.999789297580719}]"
1777538892863856956,"[{'label': 'LABEL_1', 'score': 0.9998914003372192}]"
1777533220893925477,"[{'label': 'LABEL_0', 'score': 0.9997861981391907}]"
1777530475864596991,"[{'label': 'LABEL_0', 'score': 0.9998928308486938}]"
1777529236275757149,"[{'label': 'LABEL_0', 'score': 0.9997687935829163}]"
1777528683080687721,"[{'label': 'LABEL_0', 'score': 0.9944697618484497}]"
1777528629162864878,"[{'label': 'LABEL_0', 'score': 0.9999232292175293}]"
1777528131525411096,"[{'label': 'LABEL_1', 'score': 0.9990848302841187}]"
1777527499309629689,"[{'label': 'LABEL_1', 'score': 0.940374493598938}]"
1777523389931892771,"[{'label': 'LABEL_0', 'score': 0.9996953010559082}]"
1777520558873149854,"[{'label': 'LABEL_0', 'score': 0.5710548758506775}]"
1777519520103465019,"[{'label': 'LABEL_0', 'score': 0.9999357461929321}]"
1777513463016833083,"[{'label': 'LABEL_0', 'score': 0.7043043971061707}]"
1777506883865026721,"[{'label': 'LABEL_0', 'score': 0.9991962313652039}]"
1777490261574107361,"[{'label': 'LABEL_0', 'score': 0.9984503984451294}]"
1777489797998624935,"[{'label': 'LABEL_0', 'score': 0.9992696642875671}]"
1777480942996652447,"[{'label': 'LABEL_0', 'score': 0.998477041721344}]"
1777471267697762353,"[{'label': 'LABEL_1', 'score': 0.9999017715454102}]"
1777463708941246549,"[{'label': 'LABEL_1', 'score': 0.9997398257255554}]"
1777461502481514754,"[{'label': 'LABEL_0', 'score': 0.9972903728485107}]"
1777457245648765310,"[{'label': 'LABEL_0', 'score': 0.9998877048492432}]"
1777444524161167620,"[{'label': 'LABEL_0', 'score': 0.9999004602432251}]"
1777430258389585995,"[{'label': 'LABEL_0', 'score': 0.9995904564857483}]"
1777429561313046962,"[{'label': 'LABEL_0', 'score': 0.9997294545173645}]"
1777427755610648608,"[{'label': 'LABEL_0', 'score': 0.9778487086296082}]"
1777421265273225409,"[{'label': 'LABEL_1', 'score': 0.9998525381088257}]"
1777390715519001035,"[{'label': 'LABEL_0', 'score': 0.9998751878738403}]"
1777383423843160561,"[{'label': 'LABEL_0', 'score': 0.9998006224632263}]"
1777368686354989468,"[{'label': 'LABEL_0', 'score': 0.9989026784896851}]"
1777365189375267253,"[{'label': 'LABEL_0', 'score': 0.9998345375061035}]"
1777356487234306075,"[{'label': 'LABEL_0', 'score': 0.999893069267273}]"
1777352229323669791,"[{'label': 'LABEL_1', 'score': 0.9996988773345947}]"
1780555094921986337,"[{'label': 'LABEL_1', 'score': 0.9996527433395386}]"
1780543126706204887,"[{'label': 'LABEL_0', 'score': 0.9998424053192139}]"
1780488762373361758,"[{'label': 'LABEL_1', 'score': 0.9991528987884521}]"
1780477621651869933,"[{'label': 'LABEL_0', 'score': 0.9998867511749268}]"
1780462844451954841,"[{'label': 'LABEL_0', 'score': 0.9997256398200989}]"
1780451005580132485,"[{'label': 'LABEL_0', 'score': 0.9577037692070007}]"
1780428928965861426,"[{'label': 'LABEL_0', 'score': 0.9992551207542419}]"
1780424503144620510,"[{'label': 'LABEL_0', 'score': 0.9965090155601501}]"
1780398715364131294,"[{'label': 'LABEL_1', 'score': 0.9928873181343079}]"
1780395331684843565,"[{'label': 'LABEL_0', 'score': 0.9995802044868469}]"
1780381904304320602,"[{'label': 'LABEL_0', 'score': 0.9996548891067505}]"
1780377721190711798,"[{'label': 'LABEL_1', 'score': 0.9992503523826599}]"
1780362468323131470,"[{'label': 'LABEL_0', 'score': 0.998638927936554}]"
1780358845438566768,"[{'label': 'LABEL_0', 'score': 0.9998347759246826}]"
1780347462835716443,"[{'label': 'LABEL_0', 'score': 0.9998735189437866}]"
1780346038437437538,"[{'label': 'LABEL_0', 'score': 0.9990941286087036}]"
1780344508397281296,"[{'label': 'LABEL_0', 'score': 0.993050217628479}]"
1780338284540883217,"[{'label': 'LABEL_0', 'score': 0.9998142123222351}]"
1780335375942074650,"[{'label': 'LABEL_1', 'score': 0.9958369731903076}]"
1780334309448077689,"[{'label': 'LABEL_1', 'score': 0.9995644688606262}]"
1780316553516351646,"[{'label': 'LABEL_1', 'score': 0.9972463846206665}]"
1780311354198331603,"[{'label': 'LABEL_1', 'score': 0.9990234375}]"
1780306580967129264,"[{'label': 'LABEL_1', 'score': 0.9996296167373657}]"
1780291950177878314,"[{'label': 'LABEL_0', 'score': 0.9994884729385376}]"
1780284192007291246,"[{'label': 'LABEL_0', 'score': 0.9999237060546875}]"
1780262442959855722,"[{'label': 'LABEL_1', 'score': 0.9991794228553772}]"
1780242602178068963,"[{'label': 'LABEL_0', 'score': 0.9999209642410278}]"
1780230522435674542,"[{'label': 'LABEL_0', 'score': 0.9998912811279297}]"
1780228754297463038,"[{'label': 'LABEL_0', 'score': 0.9997896552085876}]"
1780226588304441610,"[{'label': 'LABEL_0', 'score': 0.9995817542076111}]"
1780220288971489502,"[{'label': 'LABEL_0', 'score': 0.999842643737793}]"
1780215623005376986,"[{'label': 'LABEL_0', 'score': 0.9998750686645508}]"
1780204713125802377,"[{'label': 'LABEL_0', 'score': 0.9998877048492432}]"
1780193393278124370,"[{'label': 'LABEL_0', 'score': 0.9995513558387756}]"
1780178647116030292,"[{'label': 'LABEL_0', 'score': 0.9999401569366455}]"
1780035030271799405,"[{'label': 'LABEL_0', 'score': 0.9997963309288025}]"
1780173920307429423,"[{'label': 'LABEL_0', 'score': 0.9999434947967529}]"
1780170858230657240,"[{'label': 'LABEL_0', 'score': 0.9998946189880371}]"
1780159286808613165,"[{'label': 'LABEL_1', 'score': 0.9998918771743774}]"
1780087768363766246,"[{'label': 'LABEL_0', 'score': 0.9997888207435608}]"
1780067330510172268,"[{'label': 'LABEL_0', 'score': 0.9998623132705688}]"
1780027595687403898,"[{'label': 'LABEL_0', 'score': 0.9994508624076843}]"
1780025198705598976,"[{'label': 'LABEL_0', 'score': 0.9958708882331848}]"
1780021075406942573,"[{'label': 'LABEL_0', 'score': 0.9998562335968018}]"
1780019789328527610,"[{'label': 'LABEL_0', 'score': 0.9998723268508911}]"
1780014658902012129,"[{'label': 'LABEL_1', 'score': 0.9997462630271912}]"
1779920813690372150,"[{'label': 'LABEL_0', 'score': 0.9998621940612793}]"
1780009372350927155,"[{'label': 'LABEL_0', 'score': 0.9998779296875}]"
1780008616122015888,"[{'label': 'LABEL_0', 'score': 0.9926000833511353}]"
1780007772903403948,"[{'label': 'LABEL_0', 'score': 0.9998834133148193}]"
1780005007170900214,"[{'label': 'LABEL_0', 'score': 0.9998316764831543}]"
1779974105590051299,"[{'label': 'LABEL_1', 'score': 0.6634089350700378}]"
1779973873141768508,"[{'label': 'LABEL_0', 'score': 0.9716926217079163}]"
1779963497255731323,"[{'label': 'LABEL_0', 'score': 0.9998785257339478}]"
1779950111197438010,"[{'label': 'LABEL_0', 'score': 0.9997033476829529}]"
1779944246524645389,"[{'label': 'LABEL_0', 'score': 0.9996405839920044}]"
1779941987178963146,"[{'label': 'LABEL_1', 'score': 0.8100881576538086}]"
1779936608835269055,"[{'label': 'LABEL_1', 'score': 0.9999161958694458}]"
1779935495675421071,"[{'label': 'LABEL_1', 'score': 0.691003143787384}]"
1779935437890503091,"[{'label': 'LABEL_1', 'score': 0.9379510283470154}]"
1779930946810101951,"[{'label': 'LABEL_0', 'score': 0.9998973608016968}]"
1779928488167784597,"[{'label': 'LABEL_0', 'score': 0.9989608526229858}]"
1779920590079414297,"[{'label': 'LABEL_0', 'score': 0.9998961687088013}]"
1779920468738187276,"[{'label': 'LABEL_0', 'score': 0.9999185800552368}]"
1779918700189000165,"[{'label': 'LABEL_0', 'score': 0.9999182224273682}]"
1779915738398044313,"[{'label': 'LABEL_1', 'score': 0.9990880489349365}]"
1779912599569612824,"[{'label': 'LABEL_0', 'score': 0.8608449697494507}]"
1779886901886865720,"[{'label': 'LABEL_0', 'score': 0.9998893737792969}]"
1779882418054312106,"[{'label': 'LABEL_0', 'score': 0.9997981190681458}]"
1779872543135916101,"[{'label': 'LABEL_0', 'score': 0.9999191761016846}]"
1781324773726798290,"[{'label': 'LABEL_0', 'score': 0.9999291896820068}]"
1781317937879482594,"[{'label': 'LABEL_0', 'score': 0.9998568296432495}]"
1781307230412738623,"[{'label': 'LABEL_1', 'score': 0.9997612833976746}]"
1781305432566288717,"[{'label': 'LABEL_0', 'score': 0.9998568296432495}]"
1781285435378971037,"[{'label': 'LABEL_0', 'score': 0.9999191761016846}]"
1781278412067287130,"[{'label': 'LABEL_0', 'score': 0.9993482232093811}]"
1781243899782050012,"[{'label': 'LABEL_1', 'score': 0.6708695888519287}]"
1781192051066904838,"[{'label': 'LABEL_0', 'score': 0.9998399019241333}]"
1781183991086727195,"[{'label': 'LABEL_1', 'score': 0.9589762091636658}]"
1781156044313370666,"[{'label': 'LABEL_1', 'score': 0.9998216032981873}]"
1781155548043329703,"[{'label': 'LABEL_0', 'score': 0.9986974596977234}]"
1781150626677702706,"[{'label': 'LABEL_0', 'score': 0.803999125957489}]"
1781146706664407221,"[{'label': 'LABEL_1', 'score': 0.9960052371025085}]"
1781109469088301323,"[{'label': 'LABEL_0', 'score': 0.9998414516448975}]"
1781093551129948626,"[{'label': 'LABEL_0', 'score': 0.9996076226234436}]"
1781086303301275675,"[{'label': 'LABEL_0', 'score': 0.9998816251754761}]"
1781019871410614724,"[{'label': 'LABEL_0', 'score': 0.9999486207962036}]"
1781081446511206604,"[{'label': 'LABEL_1', 'score': 0.6726540327072144}]"
1781080015678927158,"[{'label': 'LABEL_0', 'score': 0.9997703433036804}]"
1781075922067603830,"[{'label': 'LABEL_0', 'score': 0.955600917339325}]"
1781073114190782700,"[{'label': 'LABEL_0', 'score': 0.9989516735076904}]"
1781069211424498020,"[{'label': 'LABEL_0', 'score': 0.9979745745658875}]"
1781063472228258094,"[{'label': 'LABEL_0', 'score': 0.9999345541000366}]"
1781059358379384840,"[{'label': 'LABEL_1', 'score': 0.9989365935325623}]"
1781048989506293953,"[{'label': 'LABEL_0', 'score': 0.9997660517692566}]"
1781044976056439053,"[{'label': 'LABEL_0', 'score': 0.9998047947883606}]"
1781039018148335964,"[{'label': 'LABEL_0', 'score': 0.999788224697113}]"
1781037443388494305,"[{'label': 'LABEL_1', 'score': 0.9997816681861877}]"
1781009228292878612,"[{'label': 'LABEL_0', 'score': 0.9999411106109619}]"
1780998003798454442,"[{'label': 'LABEL_0', 'score': 0.999826967716217}]"
1780992995740815569,"[{'label': 'LABEL_0', 'score': 0.999873161315918}]"
1780987540012503533,"[{'label': 'LABEL_0', 'score': 0.9998593330383301}]"
1780984847604895830,"[{'label': 'LABEL_0', 'score': 0.9990932941436768}]"
1780968737702604896,"[{'label': 'LABEL_0', 'score': 0.9952326416969299}]"
1780968686586597380,"[{'label': 'LABEL_0', 'score': 0.9997376799583435}]"
1780958205692317742,"[{'label': 'LABEL_0', 'score': 0.9488471746444702}]"
1780937682174054725,"[{'label': 'LABEL_0', 'score': 0.9999072551727295}]"
1780926751666737262,"[{'label': 'LABEL_0', 'score': 0.9869404435157776}]"
1780925928643670425,"[{'label': 'LABEL_0', 'score': 0.9889292120933533}]"
1780900979145126203,"[{'label': 'LABEL_0', 'score': 0.9664846062660217}]"
1780828857756422468,"[{'label': 'LABEL_0', 'score': 0.9990708827972412}]"
1780813893905916290,"[{'label': 'LABEL_0', 'score': 0.9996742010116577}]"
1780794004340089171,"[{'label': 'LABEL_1', 'score': 0.9273203015327454}]"
1780791137357205915,"[{'label': 'LABEL_0', 'score': 0.9812235832214355}]"
1780784454060912766,"[{'label': 'LABEL_0', 'score': 0.9990921020507812}]"
1780783250933223538,"[{'label': 'LABEL_0', 'score': 0.9998434782028198}]"
1780779581563125872,"[{'label': 'LABEL_0', 'score': 0.9998846054077148}]"
1780763079447359887,"[{'label': 'LABEL_0', 'score': 0.9997820258140564}]"
1780748941660680234,"[{'label': 'LABEL_1', 'score': 0.9964444041252136}]"
1780745741842989431,"[{'label': 'LABEL_0', 'score': 0.9982155561447144}]"
1780741551179632839,"[{'label': 'LABEL_0', 'score': 0.9992582201957703}]"
1780734530602611044,"[{'label': 'LABEL_0', 'score': 0.9999275207519531}]"
1780730286499856873,"[{'label': 'LABEL_0', 'score': 0.9997544884681702}]"
1780726979827794111,"[{'label': 'LABEL_0', 'score': 0.9998854398727417}]"
1780719588751089872,"[{'label': 'LABEL_0', 'score': 0.9904341697692871}]"
1780706237317095819,"[{'label': 'LABEL_0', 'score': 0.9849581718444824}]"
1780693605444956403,"[{'label': 'LABEL_0', 'score': 0.9998512268066406}]"
1780693399718289439,"[{'label': 'LABEL_0', 'score': 0.9996664524078369}]"
1780693080363909604,"[{'label': 'LABEL_1', 'score': 0.9854246973991394}]"
1780683395116282013,"[{'label': 'LABEL_1', 'score': 0.9995433688163757}]"
1780681533927436558,"[{'label': 'LABEL_0', 'score': 0.9999284744262695}]"
1780677402324058364,"[{'label': 'LABEL_0', 'score': 0.9826089143753052}]"
1780654534722793605,"[{'label': 'LABEL_0', 'score': 0.9998559951782227}]"
1780653807409549680,"[{'label': 'LABEL_0', 'score': 0.9998524188995361}]"
1780649132564037800,"[{'label': 'LABEL_0', 'score': 0.9998058676719666}]"
1780608056054673458,"[{'label': 'LABEL_0', 'score': 0.9997150301933289}]"
1780603179220263411,"[{'label': 'LABEL_0', 'score': 0.9998480081558228}]"
1780602239653994532,"[{'label': 'LABEL_0', 'score': 0.9931806325912476}]"
1780594223810830684,"[{'label': 'LABEL_0', 'score': 0.9998658895492554}]"
1780588925582483842,"[{'label': 'LABEL_0', 'score': 0.9996274709701538}]"
1783172745062175014,"[{'label': 'LABEL_0', 'score': 0.6443182229995728}]"
1783172528757686532,"[{'label': 'LABEL_1', 'score': 0.9993607401847839}]"
1783169272891486632,"[{'label': 'LABEL_0', 'score': 0.999824583530426}]"
1783152492986937443,"[{'label': 'LABEL_0', 'score': 0.999818742275238}]"
1782932872883536119,"[{'label': 'LABEL_0', 'score': 0.9993465542793274}]"
1783141836711764239,"[{'label': 'LABEL_0', 'score': 0.9998953342437744}]"
1783136731446829141,"[{'label': 'LABEL_0', 'score': 0.9999313354492188}]"
1783135120695656612,"[{'label': 'LABEL_0', 'score': 0.9992881417274475}]"
1783131180411286003,"[{'label': 'LABEL_0', 'score': 0.9997614026069641}]"
1783129206500515955,"[{'label': 'LABEL_0', 'score': 0.9998887777328491}]"
1783121249046061183,"[{'label': 'LABEL_0', 'score': 0.9998866319656372}]"
1783112652010467563,"[{'label': 'LABEL_0', 'score': 0.9997406601905823}]"
1783112168746922244,"[{'label': 'LABEL_0', 'score': 0.9998457431793213}]"
1783105945062498705,"[{'label': 'LABEL_0', 'score': 0.9994519352912903}]"
1783076414440304910,"[{'label': 'LABEL_0', 'score': 0.9998824596405029}]"
1782992359988318690,"[{'label': 'LABEL_0', 'score': 0.9568967819213867}]"
1782949064729845936,"[{'label': 'LABEL_0', 'score': 0.9970608353614807}]"
1782941039168282760,"[{'label': 'LABEL_0', 'score': 0.9999336004257202}]"
1782938517976322549,"[{'label': 'LABEL_0', 'score': 0.9999121427536011}]"
1782937002968580242,"[{'label': 'LABEL_0', 'score': 0.9999300241470337}]"
1782918768584237348,"[{'label': 'LABEL_0', 'score': 0.9843186736106873}]"
1782917531281334328,"[{'label': 'LABEL_0', 'score': 0.9985986351966858}]"
1782891207384875513,"[{'label': 'LABEL_1', 'score': 0.9995697140693665}]"
1782878999368061035,"[{'label': 'LABEL_1', 'score': 0.9996821880340576}]"
1782878520084971662,"[{'label': 'LABEL_0', 'score': 0.9998973608016968}]"
1782867451283193941,"[{'label': 'LABEL_0', 'score': 0.9998313188552856}]"
1782837525024776302,"[{'label': 'LABEL_0', 'score': 0.9998099207878113}]"
1782836274249736242,"[{'label': 'LABEL_1', 'score': 0.9995524287223816}]"
1782835679233220701,"[{'label': 'LABEL_1', 'score': 0.999589741230011}]"
1782834297709170966,"[{'label': 'LABEL_0', 'score': 0.9999289512634277}]"
1782798974090440718,"[{'label': 'LABEL_0', 'score': 0.999797523021698}]"
1782798935003713656,"[{'label': 'LABEL_1', 'score': 0.9999170303344727}]"
1782737341825622123,"[{'label': 'LABEL_1', 'score': 0.9685717225074768}]"
1782735712548192445,"[{'label': 'LABEL_1', 'score': 0.9998345375061035}]"
1782660697446350929,"[{'label': 'LABEL_0', 'score': 0.9999024868011475}]"
1782658625799868714,"[{'label': 'LABEL_0', 'score': 0.9699706435203552}]"
1782600298097188942,"[{'label': 'LABEL_0', 'score': 0.9998804330825806}]"
1782584483872383099,"[{'label': 'LABEL_0', 'score': 0.9981704950332642}]"
1782584347184263209,"[{'label': 'LABEL_1', 'score': 0.9991342425346375}]"
1782582797200396452,"[{'label': 'LABEL_0', 'score': 0.9981124401092529}]"
1782577027914010669,"[{'label': 'LABEL_0', 'score': 0.999872088432312}]"
1782572203294216477,"[{'label': 'LABEL_0', 'score': 0.9997796416282654}]"
1782572089293025489,"[{'label': 'LABEL_1', 'score': 0.9996542930603027}]"
1782562017393385653,"[{'label': 'LABEL_0', 'score': 0.9998993873596191}]"
1782547753945440465,"[{'label': 'LABEL_0', 'score': 0.9999269247055054}]"
1782545103292084710,"[{'label': 'LABEL_0', 'score': 0.999842643737793}]"
1782523804494831665,"[{'label': 'LABEL_0', 'score': 0.9998797178268433}]"
1782496206360310247,"[{'label': 'LABEL_0', 'score': 0.9998940229415894}]"
1782479376174420090,"[{'label': 'LABEL_0', 'score': 0.9997602105140686}]"
1782477532194877862,"[{'label': 'LABEL_0', 'score': 0.9998656511306763}]"
1782474251229888516,"[{'label': 'LABEL_0', 'score': 0.9997033476829529}]"
1782473052267184408,"[{'label': 'LABEL_0', 'score': 0.9862826466560364}]"
1782464459497197702,"[{'label': 'LABEL_0', 'score': 0.999916672706604}]"
1782459998485831983,"[{'label': 'LABEL_0', 'score': 0.9662054181098938}]"
1782447206319988944,"[{'label': 'LABEL_0', 'score': 0.9998698234558105}]"
1782440637884670227,"[{'label': 'LABEL_0', 'score': 0.999835729598999}]"
1782433036346253508,"[{'label': 'LABEL_1', 'score': 0.9383795261383057}]"
1782426220405092810,"[{'label': 'LABEL_0', 'score': 0.9999005794525146}]"
1782425868695921112,"[{'label': 'LABEL_1', 'score': 0.9478350281715393}]"
1782417032346046852,"[{'label': 'LABEL_0', 'score': 0.9417389035224915}]"
1782409994035483088,"[{'label': 'LABEL_0', 'score': 0.9987775683403015}]"
1782405886507409884,"[{'label': 'LABEL_0', 'score': 0.9990189075469971}]"
1782403695575195674,"[{'label': 'LABEL_1', 'score': 0.9995892643928528}]"
1782388573582266562,"[{'label': 'LABEL_0', 'score': 0.9998935461044312}]"
1782380856130130185,"[{'label': 'LABEL_0', 'score': 0.9997254014015198}]"
1782369943402561769,"[{'label': 'LABEL_0', 'score': 0.9776167869567871}]"
1782321083481276537,"[{'label': 'LABEL_0', 'score': 0.9993755221366882}]"
1782295167682162739,"[{'label': 'LABEL_1', 'score': 0.9993465542793274}]"
1782274919742464475,"[{'label': 'LABEL_0', 'score': 0.9998618364334106}]"
1782252674685043139,"[{'label': 'LABEL_0', 'score': 0.9995831847190857}]"
1782252218193702941,"[{'label': 'LABEL_0', 'score': 0.9996981620788574}]"
1782246982087487866,"[{'label': 'LABEL_0', 'score': 0.7462561130523682}]"
1782234131990008045,"[{'label': 'LABEL_0', 'score': 0.9998408555984497}]"
1782204409276998089,"[{'label': 'LABEL_0', 'score': 0.9998482465744019}]"
1782175933912269165,"[{'label': 'LABEL_0', 'score': 0.9999090433120728}]"
1782165405148049630,"[{'label': 'LABEL_0', 'score': 0.9998832941055298}]"
1782162642989097237,"[{'label': 'LABEL_1', 'score': 0.9997743964195251}]"
1782162198644580699,"[{'label': 'LABEL_1', 'score': 0.997400164604187}]"
1782161900026876313,"[{'label': 'LABEL_1', 'score': 0.999163031578064}]"
1782146797567123490,"[{'label': 'LABEL_0', 'score': 0.9997908473014832}]"
1782143056138916031,"[{'label': 'LABEL_1', 'score': 0.999484658241272}]"
1782134379877171652,"[{'label': 'LABEL_0', 'score': 0.9999173879623413}]"
1782120526766330175,"[{'label': 'LABEL_0', 'score': 0.9998630285263062}]"
1782119003848085603,"[{'label': 'LABEL_1', 'score': 0.9993517994880676}]"
1782079459882897677,"[{'label': 'LABEL_0', 'score': 0.9998397827148438}]"
1782015089366761938,"[{'label': 'LABEL_0', 'score': 0.9998948574066162}]"
1781870295768264734,"[{'label': 'LABEL_0', 'score': 0.9998811483383179}]"
1781862489858142539,"[{'label': 'LABEL_0', 'score': 0.9998935461044312}]"
1781857511278072203,"[{'label': 'LABEL_1', 'score': 0.9996470212936401}]"
1781855767231881237,"[{'label': 'LABEL_0', 'score': 0.9998927116394043}]"
1781836827457958361,"[{'label': 'LABEL_0', 'score': 0.9998564720153809}]"
1781821115578355718,"[{'label': 'LABEL_0', 'score': 0.8811869621276855}]"
1781812731290456475,"[{'label': 'LABEL_1', 'score': 0.9995902180671692}]"
1781788914191045111,"[{'label': 'LABEL_0', 'score': 0.9996622800827026}]"
1781782446045811113,"[{'label': 'LABEL_1', 'score': 0.9996147155761719}]"
1781781034326974849,"[{'label': 'LABEL_0', 'score': 0.9995143413543701}]"
1781773100482224474,"[{'label': 'LABEL_0', 'score': 0.999369204044342}]"
1781767131740111047,"[{'label': 'LABEL_0', 'score': 0.9998915195465088}]"
1781747715115725049,"[{'label': 'LABEL_0', 'score': 0.9993846416473389}]"
1781728125711216801,"[{'label': 'LABEL_0', 'score': 0.9997374415397644}]"
1781695825036394879,"[{'label': 'LABEL_1', 'score': 0.9992765784263611}]"
1781695666009391257,"[{'label': 'LABEL_0', 'score': 0.9998341798782349}]"
1781693836537831587,"[{'label': 'LABEL_0', 'score': 0.9996170997619629}]"
1781657227801092268,"[{'label': 'LABEL_0', 'score': 0.9998980760574341}]"
1781595688242913722,"[{'label': 'LABEL_1', 'score': 0.996828019618988}]"
1781592090985525670,"[{'label': 'LABEL_0', 'score': 0.997732400894165}]"
1781512947413418216,"[{'label': 'LABEL_1', 'score': 0.9919344186782837}]"
1781509994464125017,"[{'label': 'LABEL_0', 'score': 0.9995848536491394}]"
1781487363237073349,"[{'label': 'LABEL_0', 'score': 0.9998307228088379}]"
1781474237976379514,"[{'label': 'LABEL_0', 'score': 0.9998437166213989}]"
1781472848336371870,"[{'label': 'LABEL_0', 'score': 0.9972777962684631}]"
1781463275269411007,"[{'label': 'LABEL_0', 'score': 0.9999282360076904}]"
1781461864540520648,"[{'label': 'LABEL_0', 'score': 0.9999023675918579}]"
1781454721917518032,"[{'label': 'LABEL_0', 'score': 0.9998587369918823}]"
1781437467205173329,"[{'label': 'LABEL_0', 'score': 0.9998749494552612}]"
1781435719606546676,"[{'label': 'LABEL_0', 'score': 0.9998997449874878}]"
1781431657968333305,"[{'label': 'LABEL_0', 'score': 0.9999421834945679}]"
1781422843290362328,"[{'label': 'LABEL_0', 'score': 0.9999204874038696}]"
1781398881663598940,"[{'label': 'LABEL_0', 'score': 0.9967993497848511}]"
1781383896065626411,"[{'label': 'LABEL_0', 'score': 0.999907374382019}]"
1781365256972853670,"[{'label': 'LABEL_0', 'score': 0.99988853931427}]"
1781363327442067755,"[{'label': 'LABEL_0', 'score': 0.9999490976333618}]"
1781363169899807169,"[{'label': 'LABEL_0', 'score': 0.9993634819984436}]"
1781358016337518957,"[{'label': 'LABEL_0', 'score': 0.9998290538787842}]"
1781354085439996178,"[{'label': 'LABEL_0', 'score': 0.999790370464325}]"
1781346324870320631,"[{'label': 'LABEL_0', 'score': 0.9998854398727417}]"
1781339028630999545,"[{'label': 'LABEL_0', 'score': 0.9999151229858398}]"
1781337978440221129,"[{'label': 'LABEL_1', 'score': 0.9986782670021057}]"
1781333016977027224,"[{'label': 'LABEL_0', 'score': 0.9977700710296631}]"
1781331659620552752,"[{'label': 'LABEL_1', 'score': 0.9358752965927124}]"
1781327833152790932,"[{'label': 'LABEL_0', 'score': 0.9999452829360962}]"
1783186764154482939,"[{'label': 'LABEL_0', 'score': 0.8762581944465637}]"
1784913744264298982,"[{'label': 'LABEL_0', 'score': 0.9997677206993103}]"
1784897343642362347,"[{'label': 'LABEL_1', 'score': 0.994963526725769}]"
1784891409331355898,"[{'label': 'LABEL_0', 'score': 0.9998812675476074}]"
1784868547367252239,"[{'label': 'LABEL_0', 'score': 0.9998666048049927}]"
1784831433866875014,"[{'label': 'LABEL_1', 'score': 0.9988143444061279}]"
1784826320796434437,"[{'label': 'LABEL_1', 'score': 0.999922513961792}]"
1784798790861328817,"[{'label': 'LABEL_1', 'score': 0.9995586276054382}]"
1784783228529787362,"[{'label': 'LABEL_0', 'score': 0.9991000890731812}]"
1784773018092245381,"[{'label': 'LABEL_1', 'score': 0.975941002368927}]"
1784757451251736688,"[{'label': 'LABEL_0', 'score': 0.9400043487548828}]"
1784756802791346662,"[{'label': 'LABEL_0', 'score': 0.9999244213104248}]"
1784751012558880961,"[{'label': 'LABEL_1', 'score': 0.9709758758544922}]"
1784741973217206640,"[{'label': 'LABEL_0', 'score': 0.9983668923377991}]"
1784733934187696506,"[{'label': 'LABEL_0', 'score': 0.9997244477272034}]"
1784723874841555275,"[{'label': 'LABEL_0', 'score': 0.999592125415802}]"
1784710448010379442,"[{'label': 'LABEL_0', 'score': 0.9998829364776611}]"
1784698365877404061,"[{'label': 'LABEL_1', 'score': 0.999858021736145}]"
1784680094574809385,"[{'label': 'LABEL_0', 'score': 0.9992579817771912}]"
1784612139723829255,"[{'label': 'LABEL_0', 'score': 0.7094537019729614}]"
1784608559587614991,"[{'label': 'LABEL_0', 'score': 0.9998478889465332}]"
1784603524329787773,"[{'label': 'LABEL_1', 'score': 0.99968421459198}]"
1784575316163207456,"[{'label': 'LABEL_0', 'score': 0.9996206760406494}]"
1784484872288915892,"[{'label': 'LABEL_0', 'score': 0.9998815059661865}]"
1784448421870313683,"[{'label': 'LABEL_0', 'score': 0.9998276233673096}]"
1784442370659958792,"[{'label': 'LABEL_1', 'score': 0.8415786027908325}]"
1784401662993379409,"[{'label': 'LABEL_0', 'score': 0.999896764755249}]"
1784397837490434340,"[{'label': 'LABEL_0', 'score': 0.9998171925544739}]"
1784396231709450540,"[{'label': 'LABEL_0', 'score': 0.9995928406715393}]"
1784389814969643320,"[{'label': 'LABEL_0', 'score': 0.9995073080062866}]"
1784384325460398340,"[{'label': 'LABEL_0', 'score': 0.9998846054077148}]"
1784381583652204740,"[{'label': 'LABEL_0', 'score': 0.9998069405555725}]"
1784369995436191955,"[{'label': 'LABEL_0', 'score': 0.9990391731262207}]"
1784368229009301782,"[{'label': 'LABEL_0', 'score': 0.999914288520813}]"
1784366981640028213,"[{'label': 'LABEL_0', 'score': 0.999910831451416}]"
1784355227367284743,"[{'label': 'LABEL_0', 'score': 0.7815526723861694}]"
1784347934831575539,"[{'label': 'LABEL_0', 'score': 0.9995977282524109}]"
1784340452851749326,"[{'label': 'LABEL_0', 'score': 0.9998939037322998}]"
1784335289248297356,"[{'label': 'LABEL_0', 'score': 0.9998663663864136}]"
1784326627381391619,"[{'label': 'LABEL_0', 'score': 0.9999122619628906}]"
1784291120706384186,"[{'label': 'LABEL_0', 'score': 0.9996967315673828}]"
1784290503296479684,"[{'label': 'LABEL_0', 'score': 0.9997424483299255}]"
1784279269834691054,"[{'label': 'LABEL_0', 'score': 0.9999301433563232}]"
1784275567636086806,"[{'label': 'LABEL_0', 'score': 0.9998337030410767}]"
1784241925433807211,"[{'label': 'LABEL_0', 'score': 0.9998645782470703}]"
1784241922766188788,"[{'label': 'LABEL_1', 'score': 0.9996790885925293}]"
1784239732970373505,"[{'label': 'LABEL_0', 'score': 0.999850869178772}]"
1784229616544276960,"[{'label': 'LABEL_0', 'score': 0.999935507774353}]"
1784226443410411563,"[{'label': 'LABEL_0', 'score': 0.9992052912712097}]"
1784225080152670522,"[{'label': 'LABEL_0', 'score': 0.9999183416366577}]"
1784221370768855431,"[{'label': 'LABEL_0', 'score': 0.9996798038482666}]"
1784208867166949674,"[{'label': 'LABEL_0', 'score': 0.9997805953025818}]"
1784193456333533407,"[{'label': 'LABEL_0', 'score': 0.999862790107727}]"
1784149722027942154,"[{'label': 'LABEL_0', 'score': 0.9998880624771118}]"
1784066155524636812,"[{'label': 'LABEL_0', 'score': 0.9999525547027588}]"
1784056671913852955,"[{'label': 'LABEL_0', 'score': 0.9997552037239075}]"
1784050732166987789,"[{'label': 'LABEL_0', 'score': 0.9998643398284912}]"
1784048144570855487,"[{'label': 'LABEL_0', 'score': 0.9998107552528381}]"
1784039970602135719,"[{'label': 'LABEL_0', 'score': 0.9998181462287903}]"
1784034649917817151,"[{'label': 'LABEL_1', 'score': 0.7102972865104675}]"
1784029786433544449,"[{'label': 'LABEL_0', 'score': 0.9998975992202759}]"
1784016479412797597,"[{'label': 'LABEL_0', 'score': 0.9998407363891602}]"
1784014458194444717,"[{'label': 'LABEL_1', 'score': 0.9998067021369934}]"
1784012891923816909,"[{'label': 'LABEL_0', 'score': 0.9999241828918457}]"
1784011398839681146,"[{'label': 'LABEL_0', 'score': 0.9999146461486816}]"
1784009583695921335,"[{'label': 'LABEL_0', 'score': 0.999916672706604}]"
1784006740440490113,"[{'label': 'LABEL_0', 'score': 0.9998350143432617}]"
1784005771241410623,"[{'label': 'LABEL_0', 'score': 0.9958391189575195}]"
1784003957091668382,"[{'label': 'LABEL_0', 'score': 0.9999361038208008}]"
1784000482920276168,"[{'label': 'LABEL_0', 'score': 0.9997591376304626}]"
1783998584448266526,"[{'label': 'LABEL_0', 'score': 0.9994192123413086}]"
1783997458562838897,"[{'label': 'LABEL_0', 'score': 0.9998912811279297}]"
1783995534426136852,"[{'label': 'LABEL_0', 'score': 0.999909520149231}]"
1783994394082758935,"[{'label': 'LABEL_0', 'score': 0.9994161128997803}]"
1783991121930031367,"[{'label': 'LABEL_0', 'score': 0.9998822212219238}]"
1783989418518294713,"[{'label': 'LABEL_0', 'score': 0.9997640252113342}]"
1783988311817605293,"[{'label': 'LABEL_1', 'score': 0.9963930249214172}]"
1783980369190002951,"[{'label': 'LABEL_1', 'score': 0.9992344379425049}]"
1783968964680331676,"[{'label': 'LABEL_0', 'score': 0.9999362230300903}]"
1783967669667934225,"[{'label': 'LABEL_0', 'score': 0.9993731379508972}]"
1783967434128392570,"[{'label': 'LABEL_0', 'score': 0.9998908042907715}]"
1783962319430602758,"[{'label': 'LABEL_0', 'score': 0.9999085664749146}]"
1783959886193119729,"[{'label': 'LABEL_1', 'score': 0.9997977614402771}]"
1783953790430851390,"[{'label': 'LABEL_0', 'score': 0.9998168349266052}]"
1783897592427851959,"[{'label': 'LABEL_0', 'score': 0.9999053478240967}]"
1783952420768276761,"[{'label': 'LABEL_0', 'score': 0.9999206066131592}]"
1783950507070939202,"[{'label': 'LABEL_0', 'score': 0.999854326248169}]"
1783942836741652733,"[{'label': 'LABEL_0', 'score': 0.9998313188552856}]"
1783939618146025566,"[{'label': 'LABEL_1', 'score': 0.9990986585617065}]"
1783932386708726003,"[{'label': 'LABEL_0', 'score': 0.9998602867126465}]"
1783931446501028054,"[{'label': 'LABEL_0', 'score': 0.9997850060462952}]"
1783927975244701763,"[{'label': 'LABEL_1', 'score': 0.5389875173568726}]"
1783925214893551883,"[{'label': 'LABEL_0', 'score': 0.9998045563697815}]"
1783921762561839253,"[{'label': 'LABEL_0', 'score': 0.9998868703842163}]"
1783919796540538956,"[{'label': 'LABEL_0', 'score': 0.9997281432151794}]"
1783912888723230751,"[{'label': 'LABEL_0', 'score': 0.9998759031295776}]"
1783908491133960516,"[{'label': 'LABEL_0', 'score': 0.999881386756897}]"
1783906070093549709,"[{'label': 'LABEL_0', 'score': 0.9995648264884949}]"
1783890221131604068,"[{'label': 'LABEL_0', 'score': 0.9999079704284668}]"
1783884294152163577,"[{'label': 'LABEL_0', 'score': 0.9997095465660095}]"
1783882863286374644,"[{'label': 'LABEL_1', 'score': 0.9993670582771301}]"
1783882608608178255,"[{'label': 'LABEL_0', 'score': 0.9999315738677979}]"
1783862584258478364,"[{'label': 'LABEL_0', 'score': 0.9999203681945801}]"
1783858779630534914,"[{'label': 'LABEL_1', 'score': 0.9995613694190979}]"
1783837155628048827,"[{'label': 'LABEL_0', 'score': 0.9998169541358948}]"
1783714627345379436,"[{'label': 'LABEL_0', 'score': 0.9999034404754639}]"
1783690275480584373,"[{'label': 'LABEL_0', 'score': 0.9992876648902893}]"
1783678680113320062,"[{'label': 'LABEL_1', 'score': 0.9729309678077698}]"
1783678541684507058,"[{'label': 'LABEL_1', 'score': 0.9987838864326477}]"
1783677746176029176,"[{'label': 'LABEL_1', 'score': 0.9995447993278503}]"
1783672551232692731,"[{'label': 'LABEL_0', 'score': 0.9998418092727661}]"
1783670243375595849,"[{'label': 'LABEL_0', 'score': 0.9998248219490051}]"
1783668629327737046,"[{'label': 'LABEL_0', 'score': 0.9997736811637878}]"
1783667272839573897,"[{'label': 'LABEL_0', 'score': 0.9998472929000854}]"
1783666781392863441,"[{'label': 'LABEL_1', 'score': 0.9997619986534119}]"
1783662180732178547,"[{'label': 'LABEL_0', 'score': 0.9997963309288025}]"
1783661852020420795,"[{'label': 'LABEL_0', 'score': 0.9999055862426758}]"
1783659684177535215,"[{'label': 'LABEL_0', 'score': 0.9998279809951782}]"
1783650273820385467,"[{'label': 'LABEL_0', 'score': 0.9995487332344055}]"
1783649512210223200,"[{'label': 'LABEL_0', 'score': 0.999743640422821}]"
1783632617553707029,"[{'label': 'LABEL_1', 'score': 0.9995226860046387}]"
1783627135392825507,"[{'label': 'LABEL_0', 'score': 0.9999010562896729}]"
1783620676693151959,"[{'label': 'LABEL_1', 'score': 0.9997794032096863}]"
1783614759788785671,"[{'label': 'LABEL_0', 'score': 0.9995104074478149}]"
1783604691974160441,"[{'label': 'LABEL_0', 'score': 0.9999403953552246}]"
1783593912893882795,"[{'label': 'LABEL_0', 'score': 0.9997279047966003}]"
1783576915120451649,"[{'label': 'LABEL_0', 'score': 0.9997392296791077}]"
1783567565714756000,"[{'label': 'LABEL_1', 'score': 0.9996412992477417}]"
1783553382097080326,"[{'label': 'LABEL_1', 'score': 0.9998886585235596}]"
1783537443808882733,"[{'label': 'LABEL_0', 'score': 0.9998875856399536}]"
1783533177207771351,"[{'label': 'LABEL_0', 'score': 0.9998587369918823}]"
1783521286548783144,"[{'label': 'LABEL_0', 'score': 0.9978917241096497}]"
1783505046577013189,"[{'label': 'LABEL_0', 'score': 0.9998960494995117}]"
1783459992676278598,"[{'label': 'LABEL_0', 'score': 0.9936414361000061}]"
1783453266753265968,"[{'label': 'LABEL_0', 'score': 0.9998548030853271}]"
1783443914403258697,"[{'label': 'LABEL_0', 'score': 0.9999092817306519}]"
1783339198717513994,"[{'label': 'LABEL_0', 'score': 0.9983291029930115}]"
1783337453618704461,"[{'label': 'LABEL_0', 'score': 0.9999353885650635}]"
1783322958401798410,"[{'label': 'LABEL_0', 'score': 0.9997327923774719}]"
1783321959113138471,"[{'label': 'LABEL_0', 'score': 0.9998977184295654}]"
1783314851609166059,"[{'label': 'LABEL_0', 'score': 0.9976418018341064}]"
1783306903302365687,"[{'label': 'LABEL_0', 'score': 0.9923059344291687}]"
1783305116159762491,"[{'label': 'LABEL_0', 'score': 0.9998645782470703}]"
1783295359059398798,"[{'label': 'LABEL_1', 'score': 0.9997449517250061}]"
1783293041823916454,"[{'label': 'LABEL_1', 'score': 0.9998236298561096}]"
1783277650481467548,"[{'label': 'LABEL_1', 'score': 0.999569833278656}]"
1783263486102978749,"[{'label': 'LABEL_0', 'score': 0.9997332692146301}]"
1783261336719249444,"[{'label': 'LABEL_0', 'score': 0.999900221824646}]"
1783250047045374407,"[{'label': 'LABEL_0', 'score': 0.9998842477798462}]"
1783246997987676579,"[{'label': 'LABEL_0', 'score': 0.9998867511749268}]"
1783243175290663392,"[{'label': 'LABEL_0', 'score': 0.9998295307159424}]"
1783234177946538112,"[{'label': 'LABEL_0', 'score': 0.7273939251899719}]"
1783229714930233515,"[{'label': 'LABEL_0', 'score': 0.9997233748435974}]"
1783202429518991857,"[{'label': 'LABEL_1', 'score': 0.9995324611663818}]"
1783202254314504490,"[{'label': 'LABEL_0', 'score': 0.9999222755432129}]"
1783197741947949251,"[{'label': 'LABEL_0', 'score': 0.9998931884765625}]"
1783190417380393408,"[{'label': 'LABEL_0', 'score': 0.9998830556869507}]"
1786062275415048643,"[{'label': 'LABEL_0', 'score': 0.9998873472213745}]"
1786028726557319173,"[{'label': 'LABEL_0', 'score': 0.9995203018188477}]"
1786025712425595046,"[{'label': 'LABEL_1', 'score': 0.999749481678009}]"
1785851709320757292,"[{'label': 'LABEL_0', 'score': 0.9998193383216858}]"
1785892575871631475,"[{'label': 'LABEL_0', 'score': 0.9994563460350037}]"
1785868326247305693,"[{'label': 'LABEL_0', 'score': 0.9998774528503418}]"
1785854169041002662,"[{'label': 'LABEL_1', 'score': 0.8542611002922058}]"
1785832967379554544,"[{'label': 'LABEL_0', 'score': 0.9833124279975891}]"
1785816388487053678,"[{'label': 'LABEL_0', 'score': 0.9998056292533875}]"
1785794380810334338,"[{'label': 'LABEL_1', 'score': 0.9991254210472107}]"
1785773714589495767,"[{'label': 'LABEL_0', 'score': 0.9194573163986206}]"
1785766631345357241,"[{'label': 'LABEL_0', 'score': 0.999860405921936}]"
1785765231534186772,"[{'label': 'LABEL_0', 'score': 0.999207079410553}]"
1785764654901272697,"[{'label': 'LABEL_1', 'score': 0.9994526505470276}]"
1785758403467313631,"[{'label': 'LABEL_0', 'score': 0.9998840093612671}]"
1785755168899768650,"[{'label': 'LABEL_0', 'score': 0.9635188579559326}]"
1785744044426932332,"[{'label': 'LABEL_0', 'score': 0.9998581409454346}]"
1785733354911920190,"[{'label': 'LABEL_0', 'score': 0.9998841285705566}]"
1785732295917207638,"[{'label': 'LABEL_1', 'score': 0.9953104853630066}]"
1785720825938591880,"[{'label': 'LABEL_0', 'score': 0.9997760653495789}]"
1785714934229209532,"[{'label': 'LABEL_0', 'score': 0.9999086856842041}]"
1785673277551390919,"[{'label': 'LABEL_0', 'score': 0.9998553991317749}]"
1785662660563832944,"[{'label': 'LABEL_1', 'score': 0.9995049238204956}]"
1785620074667147585,"[{'label': 'LABEL_0', 'score': 0.5968426465988159}]"
1785611351051714731,"[{'label': 'LABEL_0', 'score': 0.9997519850730896}]"
1785563333212459397,"[{'label': 'LABEL_1', 'score': 0.997861921787262}]"
1785560408197091691,"[{'label': 'LABEL_0', 'score': 0.6618881225585938}]"
1785539500266967133,"[{'label': 'LABEL_0', 'score': 0.9998670816421509}]"
1785526420392886631,"[{'label': 'LABEL_0', 'score': 0.9999034404754639}]"
1785517256505479517,"[{'label': 'LABEL_1', 'score': 0.9981970191001892}]"
1785487525051584734,"[{'label': 'LABEL_0', 'score': 0.9994077682495117}]"
1785476399110783384,"[{'label': 'LABEL_0', 'score': 0.9897213578224182}]"
1785476099780055181,"[{'label': 'LABEL_0', 'score': 0.9997220635414124}]"
1785427962457690161,"[{'label': 'LABEL_0', 'score': 0.9996101260185242}]"
1785424504790880305,"[{'label': 'LABEL_0', 'score': 0.9970746040344238}]"
1785405454165647745,"[{'label': 'LABEL_0', 'score': 0.9998817443847656}]"
1785395619877589081,"[{'label': 'LABEL_1', 'score': 0.9997469782829285}]"
1785391876004037062,"[{'label': 'LABEL_0', 'score': 0.9988341927528381}]"
1785385488209076344,"[{'label': 'LABEL_0', 'score': 0.9717453122138977}]"
1785362595446194496,"[{'label': 'LABEL_1', 'score': 0.8425178527832031}]"
1785351763932934414,"[{'label': 'LABEL_0', 'score': 0.9995842576026917}]"
1785348692997746926,"[{'label': 'LABEL_1', 'score': 0.9985164999961853}]"
1785342246172205113,"[{'label': 'LABEL_0', 'score': 0.999645471572876}]"
1785334622055772257,"[{'label': 'LABEL_0', 'score': 0.9998687505722046}]"
1785320264852533306,"[{'label': 'LABEL_0', 'score': 0.8134849667549133}]"
1785317114946994271,"[{'label': 'LABEL_0', 'score': 0.9991024732589722}]"
1785315438051660214,"[{'label': 'LABEL_0', 'score': 0.999909520149231}]"
1785300646226255879,"[{'label': 'LABEL_1', 'score': 0.9995816349983215}]"
1785296629676834900,"[{'label': 'LABEL_0', 'score': 0.9956179857254028}]"
1785287941817835846,"[{'label': 'LABEL_1', 'score': 0.9998587369918823}]"
1785287864034431011,"[{'label': 'LABEL_1', 'score': 0.9997296929359436}]"
1785260765525512308,"[{'label': 'LABEL_0', 'score': 0.9998797178268433}]"
1785173352006459483,"[{'label': 'LABEL_1', 'score': 0.9981127977371216}]"
1785138789255348490,"[{'label': 'LABEL_1', 'score': 0.9971290230751038}]"
1785136526780699125,"[{'label': 'LABEL_0', 'score': 0.9993786811828613}]"
1785135465458257956,"[{'label': 'LABEL_0', 'score': 0.9997621178627014}]"
1785131703993876920,"[{'label': 'LABEL_1', 'score': 0.9998323917388916}]"
1785130641039732920,"[{'label': 'LABEL_0', 'score': 0.9999457597732544}]"
1785126844481556879,"[{'label': 'LABEL_0', 'score': 0.999643087387085}]"
1785110890800439784,"[{'label': 'LABEL_0', 'score': 0.9999262094497681}]"
1785091804037107887,"[{'label': 'LABEL_0', 'score': 0.9998155236244202}]"
1785086649740747086,"[{'label': 'LABEL_0', 'score': 0.999904990196228}]"
1785082851458773174,"[{'label': 'LABEL_0', 'score': 0.9999197721481323}]"
1785080471728120071,"[{'label': 'LABEL_1', 'score': 0.9998661279678345}]"
1785079714719162647,"[{'label': 'LABEL_1', 'score': 0.9932729005813599}]"
1785076084159230399,"[{'label': 'LABEL_1', 'score': 0.8682349920272827}]"
1785074192687239568,"[{'label': 'LABEL_1', 'score': 0.9996132254600525}]"
1785066902886224326,"[{'label': 'LABEL_0', 'score': 0.5718575119972229}]"
1785056761751216219,"[{'label': 'LABEL_0', 'score': 0.9998893737792969}]"
1785044160820437309,"[{'label': 'LABEL_0', 'score': 0.9998757839202881}]"
1785036007353499956,"[{'label': 'LABEL_0', 'score': 0.9998449087142944}]"
1785029835099922553,"[{'label': 'LABEL_0', 'score': 0.999862551689148}]"
1785026074784440515,"[{'label': 'LABEL_0', 'score': 0.999896764755249}]"
1785025870555652334,"[{'label': 'LABEL_0', 'score': 0.999947190284729}]"
1785015348531749262,"[{'label': 'LABEL_0', 'score': 0.9996892213821411}]"
1785013747893084441,"[{'label': 'LABEL_0', 'score': 0.999869704246521}]"
1784995517144985741,"[{'label': 'LABEL_0', 'score': 0.9998032450675964}]"
1784993060499107998,"[{'label': 'LABEL_0', 'score': 0.9995933175086975}]"
1784986530341064956,"[{'label': 'LABEL_0', 'score': 0.999923586845398}]"
1784981885212373390,"[{'label': 'LABEL_0', 'score': 0.996383786201477}]"
1784977945326477350,"[{'label': 'LABEL_0', 'score': 0.9997740387916565}]"
1784963085356196149,"[{'label': 'LABEL_0', 'score': 0.9997778534889221}]"
1784961982212296705,"[{'label': 'LABEL_0', 'score': 0.999890923500061}]"
1784960131744116933,"[{'label': 'LABEL_0', 'score': 0.9286985397338867}]"
1784959469358649754,"[{'label': 'LABEL_0', 'score': 0.9997872710227966}]"
1784950713157566892,"[{'label': 'LABEL_0', 'score': 0.9999111890792847}]"
1784950395334185268,"[{'label': 'LABEL_0', 'score': 0.9997904896736145}]"
1788270091341017101,"[{'label': 'LABEL_0', 'score': 0.9998489618301392}]"
1788269298781491568,"[{'label': 'LABEL_0', 'score': 0.9998878240585327}]"
1788262724801106026,"[{'label': 'LABEL_0', 'score': 0.9998784065246582}]"
1788261600635343234,"[{'label': 'LABEL_0', 'score': 0.9998527765274048}]"
1788002687654502522,"[{'label': 'LABEL_0', 'score': 0.9998669624328613}]"
1788259338496385402,"[{'label': 'LABEL_0', 'score': 0.9962745904922485}]"
1788257942212399570,"[{'label': 'LABEL_0', 'score': 0.9998519420623779}]"
1788257885325033614,"[{'label': 'LABEL_0', 'score': 0.9999442100524902}]"
1788257331521724656,"[{'label': 'LABEL_0', 'score': 0.9999163150787354}]"
1788225858961805519,"[{'label': 'LABEL_0', 'score': 0.9999418258666992}]"
1788257165326581965,"[{'label': 'LABEL_0', 'score': 0.9997151494026184}]"
1788256745120240054,"[{'label': 'LABEL_0', 'score': 0.9998704195022583}]"
1788254188494852174,"[{'label': 'LABEL_1', 'score': 0.9998816251754761}]"
1788253378461536302,"[{'label': 'LABEL_0', 'score': 0.9997530579566956}]"
1788247193943519304,"[{'label': 'LABEL_0', 'score': 0.999941349029541}]"
1788246196475068846,"[{'label': 'LABEL_0', 'score': 0.999679446220398}]"
1788244755610055077,"[{'label': 'LABEL_0', 'score': 0.9998570680618286}]"
1788240902516793855,"[{'label': 'LABEL_0', 'score': 0.9975445866584778}]"
1788237213311836367,"[{'label': 'LABEL_1', 'score': 0.9509447813034058}]"
1788226098024620431,"[{'label': 'LABEL_0', 'score': 0.9998958110809326}]"
1788225321461760445,"[{'label': 'LABEL_0', 'score': 0.9967846870422363}]"
1788221821415788851,"[{'label': 'LABEL_0', 'score': 0.9988412261009216}]"
1788220858483232964,"[{'label': 'LABEL_0', 'score': 0.9998902082443237}]"
1788219105209643416,"[{'label': 'LABEL_1', 'score': 0.7452172636985779}]"
1788217738961326323,"[{'label': 'LABEL_0', 'score': 0.9998270869255066}]"
1788217273813016914,"[{'label': 'LABEL_0', 'score': 0.9998400211334229}]"
1788216875131793514,"[{'label': 'LABEL_0', 'score': 0.9998482465744019}]"
1788213335491588330,"[{'label': 'LABEL_0', 'score': 0.9999146461486816}]"
1788202723998908456,"[{'label': 'LABEL_0', 'score': 0.9998598098754883}]"
1788198437491474545,"[{'label': 'LABEL_0', 'score': 0.9997673630714417}]"
1788189475937395166,"[{'label': 'LABEL_1', 'score': 0.995855987071991}]"
1788184171862499334,"[{'label': 'LABEL_0', 'score': 0.9999082088470459}]"
1788170346069213524,"[{'label': 'LABEL_0', 'score': 0.9993226528167725}]"
1788158463660417028,"[{'label': 'LABEL_0', 'score': 0.9998118281364441}]"
1788139927361741071,"[{'label': 'LABEL_0', 'score': 0.9998457431793213}]"
1788128491810038170,"[{'label': 'LABEL_0', 'score': 0.9999164342880249}]"
1788081233869558028,"[{'label': 'LABEL_0', 'score': 0.9991679191589355}]"
1788070003675131993,"[{'label': 'LABEL_0', 'score': 0.9997887015342712}]"
1788045136816939424,"[{'label': 'LABEL_1', 'score': 0.9992465972900391}]"
1788034425466261769,"[{'label': 'LABEL_0', 'score': 0.9998144507408142}]"
1788033475473285281,"[{'label': 'LABEL_0', 'score': 0.9997619986534119}]"
1788031013450359050,"[{'label': 'LABEL_0', 'score': 0.9990770816802979}]"
1788024304677883997,"[{'label': 'LABEL_0', 'score': 0.9998612403869629}]"
1788018233829650879,"[{'label': 'LABEL_1', 'score': 0.9936339855194092}]"
1788017690491187373,"[{'label': 'LABEL_1', 'score': 0.9976740479469299}]"
1788012342761902390,"[{'label': 'LABEL_0', 'score': 0.9998006224632263}]"
1787964328248795595,"[{'label': 'LABEL_0', 'score': 0.9997962117195129}]"
1788011061095854348,"[{'label': 'LABEL_0', 'score': 0.9987693428993225}]"
1788006693688721530,"[{'label': 'LABEL_0', 'score': 0.9997195601463318}]"
1787995143448006704,"[{'label': 'LABEL_0', 'score': 0.999854564666748}]"
1787992763151061249,"[{'label': 'LABEL_1', 'score': 0.8702247142791748}]"
1787991790127075572,"[{'label': 'LABEL_0', 'score': 0.9989713430404663}]"
1787988948842578118,"[{'label': 'LABEL_1', 'score': 0.9994242191314697}]"
1787981815849885834,"[{'label': 'LABEL_1', 'score': 0.9993579983711243}]"
1787974462106701883,"[{'label': 'LABEL_0', 'score': 0.9999061822891235}]"
1787963148563058903,"[{'label': 'LABEL_0', 'score': 0.9832175970077515}]"
1787952148308734425,"[{'label': 'LABEL_0', 'score': 0.9998365640640259}]"
1787951204623896930,"[{'label': 'LABEL_0', 'score': 0.9998427629470825}]"
1787912145637622149,"[{'label': 'LABEL_0', 'score': 0.9999068975448608}]"
1787951166015381835,"[{'label': 'LABEL_0', 'score': 0.9998770952224731}]"
1787937693172986040,"[{'label': 'LABEL_0', 'score': 0.9999144077301025}]"
1787931250046431360,"[{'label': 'LABEL_1', 'score': 0.9983150959014893}]"
1787918154900901980,"[{'label': 'LABEL_0', 'score': 0.9999212026596069}]"
1787911328708919673,"[{'label': 'LABEL_0', 'score': 0.9912899732589722}]"
1787909382795092479,"[{'label': 'LABEL_1', 'score': 0.9998537302017212}]"
1787904893249798178,"[{'label': 'LABEL_0', 'score': 0.9999076128005981}]"
1787899122235642325,"[{'label': 'LABEL_0', 'score': 0.9994359612464905}]"
1787898175803535726,"[{'label': 'LABEL_0', 'score': 0.9998847246170044}]"
1787897919271506164,"[{'label': 'LABEL_0', 'score': 0.9998979568481445}]"
1787895924645101931,"[{'label': 'LABEL_0', 'score': 0.9999005794525146}]"
1787890595358191622,"[{'label': 'LABEL_0', 'score': 0.9998732805252075}]"
1787881834191131056,"[{'label': 'LABEL_0', 'score': 0.999627947807312}]"
1787877063719870972,"[{'label': 'LABEL_1', 'score': 0.9997984766960144}]"
1787869641777217841,"[{'label': 'LABEL_0', 'score': 0.856349527835846}]"
1787859725964505450,"[{'label': 'LABEL_0', 'score': 0.9999489784240723}]"
1787859111461224901,"[{'label': 'LABEL_0', 'score': 0.8796557188034058}]"
1787858595217863068,"[{'label': 'LABEL_1', 'score': 0.9993257522583008}]"
1787857213748314428,"[{'label': 'LABEL_1', 'score': 0.9988638162612915}]"
1787850668537008153,"[{'label': 'LABEL_0', 'score': 0.9999063014984131}]"
1787588004837552219,"[{'label': 'LABEL_0', 'score': 0.9998704195022583}]"
1787846022363779415,"[{'label': 'LABEL_1', 'score': 0.9998056292533875}]"
1787838339065721250,"[{'label': 'LABEL_0', 'score': 0.9995914101600647}]"
1787818968641613913,"[{'label': 'LABEL_0', 'score': 0.9779726266860962}]"
1787815343458578462,"[{'label': 'LABEL_1', 'score': 0.9984515905380249}]"
1787803603375100403,"[{'label': 'LABEL_0', 'score': 0.9998799562454224}]"
1787791991004086314,"[{'label': 'LABEL_0', 'score': 0.9999432563781738}]"
1787706641367908801,"[{'label': 'LABEL_0', 'score': 0.9993889331817627}]"
1787694815917809712,"[{'label': 'LABEL_0', 'score': 0.9997259974479675}]"
1787678627934466495,"[{'label': 'LABEL_1', 'score': 0.5624454021453857}]"
1787677676934779338,"[{'label': 'LABEL_0', 'score': 0.9998290538787842}]"
1787673475915657591,"[{'label': 'LABEL_0', 'score': 0.9993036985397339}]"
1787650700974936231,"[{'label': 'LABEL_0', 'score': 0.9997788071632385}]"
1787645977475662124,"[{'label': 'LABEL_1', 'score': 0.999230146408081}]"
1787641918907727928,"[{'label': 'LABEL_0', 'score': 0.9998955726623535}]"
1787641368820482217,"[{'label': 'LABEL_0', 'score': 0.9998860359191895}]"
1787635391580791167,"[{'label': 'LABEL_1', 'score': 0.9998351335525513}]"
1787629825202463036,"[{'label': 'LABEL_0', 'score': 0.9954425096511841}]"
1787614738702065853,"[{'label': 'LABEL_0', 'score': 0.9998310804367065}]"
1787612568221053337,"[{'label': 'LABEL_0', 'score': 0.9995824694633484}]"
1787608114071490580,"[{'label': 'LABEL_1', 'score': 0.9995181560516357}]"
1787608081666363611,"[{'label': 'LABEL_0', 'score': 0.9990729093551636}]"
1787608013181710577,"[{'label': 'LABEL_1', 'score': 0.9997779726982117}]"
1787592889788158314,"[{'label': 'LABEL_0', 'score': 0.9992265701293945}]"
1787591087453773877,"[{'label': 'LABEL_0', 'score': 0.9937103986740112}]"
1787585319237210284,"[{'label': 'LABEL_0', 'score': 0.9999436140060425}]"
1787581676039606534,"[{'label': 'LABEL_0', 'score': 0.9995532631874084}]"
1787578110436602188,"[{'label': 'LABEL_0', 'score': 0.9991641044616699}]"
1787574711964037458,"[{'label': 'LABEL_0', 'score': 0.9996699094772339}]"
1787573794522923125,"[{'label': 'LABEL_0', 'score': 0.9998179078102112}]"
1786099747637346524,"[{'label': 'LABEL_0', 'score': 0.9999390840530396}]"
1787562017143857605,"[{'label': 'LABEL_0', 'score': 0.9998296499252319}]"
1787527502501396746,"[{'label': 'LABEL_0', 'score': 0.9997130036354065}]"
1787548869032587695,"[{'label': 'LABEL_0', 'score': 0.9998739957809448}]"
1787522786983879151,"[{'label': 'LABEL_0', 'score': 0.9997066855430603}]"
1787544190358102088,"[{'label': 'LABEL_0', 'score': 0.9999061822891235}]"
1787542672342761656,"[{'label': 'LABEL_0', 'score': 0.9969832301139832}]"
1787534202579177705,"[{'label': 'LABEL_1', 'score': 0.8822951316833496}]"
1787522473858154921,"[{'label': 'LABEL_1', 'score': 0.9993407130241394}]"
1787522331125981526,"[{'label': 'LABEL_0', 'score': 0.9997637867927551}]"
1787510867048673335,"[{'label': 'LABEL_1', 'score': 0.9995179176330566}]"
1787519349495943589,"[{'label': 'LABEL_1', 'score': 0.7888081073760986}]"
1787513453852119549,"[{'label': 'LABEL_0', 'score': 0.9994840621948242}]"
1787508977007247553,"[{'label': 'LABEL_0', 'score': 0.999764621257782}]"
1787505591407063145,"[{'label': 'LABEL_0', 'score': 0.9998927116394043}]"
1787504083143737619,"[{'label': 'LABEL_0', 'score': 0.9997971653938293}]"
1787500565317947814,"[{'label': 'LABEL_0', 'score': 0.9266889691352844}]"
1787498038094627092,"[{'label': 'LABEL_0', 'score': 0.9999067783355713}]"
1787479614534627494,"[{'label': 'LABEL_0', 'score': 0.9998924732208252}]"
1787444457455206856,"[{'label': 'LABEL_0', 'score': 0.9995719790458679}]"
1787429780603728045,"[{'label': 'LABEL_0', 'score': 0.9996834993362427}]"
1787429648907051156,"[{'label': 'LABEL_0', 'score': 0.9998013377189636}]"
1787425340043723198,"[{'label': 'LABEL_0', 'score': 0.9998525381088257}]"
1787335837488693421,"[{'label': 'LABEL_1', 'score': 0.9997665286064148}]"
1787326574888415378,"[{'label': 'LABEL_0', 'score': 0.9998281002044678}]"
1787326026634174492,"[{'label': 'LABEL_0', 'score': 0.99988853931427}]"
1787321502376861938,"[{'label': 'LABEL_0', 'score': 0.9995872378349304}]"
1787321412157325717,"[{'label': 'LABEL_1', 'score': 0.9995831847190857}]"
1787320226264064321,"[{'label': 'LABEL_0', 'score': 0.999919056892395}]"
1787318150767235485,"[{'label': 'LABEL_0', 'score': 0.7400050759315491}]"
1787318145578946828,"[{'label': 'LABEL_0', 'score': 0.9996490478515625}]"
1787315673628037217,"[{'label': 'LABEL_1', 'score': 0.9997299313545227}]"
1787252641669505461,"[{'label': 'LABEL_0', 'score': 0.9999104738235474}]"
1787315527741735283,"[{'label': 'LABEL_0', 'score': 0.9998804330825806}]"
1787314674108699067,"[{'label': 'LABEL_0', 'score': 0.9994471669197083}]"
1787311440048583035,"[{'label': 'LABEL_0', 'score': 0.9999345541000366}]"
1787297894422229423,"[{'label': 'LABEL_0', 'score': 0.998427152633667}]"
1787297719658160610,"[{'label': 'LABEL_1', 'score': 0.9998201727867126}]"
1787294054465544262,"[{'label': 'LABEL_0', 'score': 0.9997560381889343}]"
1787290812771930209,"[{'label': 'LABEL_0', 'score': 0.9998632669448853}]"
1787289780880908579,"[{'label': 'LABEL_0', 'score': 0.9999227523803711}]"
1787265404642988259,"[{'label': 'LABEL_0', 'score': 0.9997474551200867}]"
1787261277955362950,"[{'label': 'LABEL_0', 'score': 0.9991418123245239}]"
1787246169850089644,"[{'label': 'LABEL_1', 'score': 0.9994956254959106}]"
1787238854748987447,"[{'label': 'LABEL_0', 'score': 0.9996434450149536}]"
1787234005638693192,"[{'label': 'LABEL_0', 'score': 0.9996091723442078}]"
1787224746414715388,"[{'label': 'LABEL_0', 'score': 0.9996070265769958}]"
1787220546591072326,"[{'label': 'LABEL_0', 'score': 0.9999077320098877}]"
1787216618520481945,"[{'label': 'LABEL_0', 'score': 0.9998898506164551}]"
1787215924220572017,"[{'label': 'LABEL_0', 'score': 0.9997548460960388}]"
1787213642791809181,"[{'label': 'LABEL_0', 'score': 0.9997307658195496}]"
1787206488164864481,"[{'label': 'LABEL_0', 'score': 0.9998511075973511}]"
1787197760032194683,"[{'label': 'LABEL_0', 'score': 0.9998971223831177}]"
1787195712662389004,"[{'label': 'LABEL_0', 'score': 0.9842319488525391}]"
1787195131822579892,"[{'label': 'LABEL_0', 'score': 0.9999245405197144}]"
1787193521742504389,"[{'label': 'LABEL_0', 'score': 0.9993997812271118}]"
1787191902825070997,"[{'label': 'LABEL_1', 'score': 0.9998481273651123}]"
1787190867410788431,"[{'label': 'LABEL_0', 'score': 0.9992910623550415}]"
1787185870082048293,"[{'label': 'LABEL_1', 'score': 0.9992535710334778}]"
1787184846160150867,"[{'label': 'LABEL_0', 'score': 0.9998937845230103}]"
1787179294550077786,"[{'label': 'LABEL_0', 'score': 0.9999202489852905}]"
1787169916656763170,"[{'label': 'LABEL_0', 'score': 0.9999275207519531}]"
1787168856382783873,"[{'label': 'LABEL_0', 'score': 0.999777615070343}]"
1787164301444202735,"[{'label': 'LABEL_0', 'score': 0.9999440908432007}]"
1787153983011745959,"[{'label': 'LABEL_0', 'score': 0.9999401569366455}]"
1787152777807904960,"[{'label': 'LABEL_0', 'score': 0.9998237490653992}]"
1787150718404628810,"[{'label': 'LABEL_1', 'score': 0.9997411370277405}]"
1787149387895844918,"[{'label': 'LABEL_0', 'score': 0.9982830286026001}]"
1787147576778657917,"[{'label': 'LABEL_0', 'score': 0.9999103546142578}]"
1787139020083843168,"[{'label': 'LABEL_0', 'score': 0.9999072551727295}]"
1787136995581382882,"[{'label': 'LABEL_0', 'score': 0.9998316764831543}]"
1787134663506473381,"[{'label': 'LABEL_1', 'score': 0.9992309808731079}]"
1787134587887346124,"[{'label': 'LABEL_0', 'score': 0.9999120235443115}]"
1787132401384096242,"[{'label': 'LABEL_0', 'score': 0.9998694658279419}]"
1787128314575872126,"[{'label': 'LABEL_1', 'score': 0.9999222755432129}]"
1787124006455238817,"[{'label': 'LABEL_0', 'score': 0.9998866319656372}]"
1787112278770204678,"[{'label': 'LABEL_0', 'score': 0.9997825026512146}]"
1787104951396651340,"[{'label': 'LABEL_0', 'score': 0.9999188184738159}]"
1787104019485233501,"[{'label': 'LABEL_0', 'score': 0.999894380569458}]"
1787100417798594994,"[{'label': 'LABEL_0', 'score': 0.9997101426124573}]"
1787098060914364470,"[{'label': 'LABEL_0', 'score': 0.999859094619751}]"
1787086014592229813,"[{'label': 'LABEL_0', 'score': 0.9997432827949524}]"
1787053469238517934,"[{'label': 'LABEL_0', 'score': 0.9999141693115234}]"
1787041828883071157,"[{'label': 'LABEL_0', 'score': 0.9999104738235474}]"
1787033037739368754,"[{'label': 'LABEL_1', 'score': 0.9954036474227905}]"
1786139388180668563,"[{'label': 'LABEL_0', 'score': 0.9998650550842285}]"
1786989456609640531,"[{'label': 'LABEL_0', 'score': 0.9999053478240967}]"
1786987972648395134,"[{'label': 'LABEL_0', 'score': 0.9996709823608398}]"
1786948686397714904,"[{'label': 'LABEL_0', 'score': 0.9998654127120972}]"
1786945556197027972,"[{'label': 'LABEL_0', 'score': 0.9999345541000366}]"
1786944133816287743,"[{'label': 'LABEL_0', 'score': 0.9999172687530518}]"
1786941340942471181,"[{'label': 'LABEL_0', 'score': 0.999940037727356}]"
1786940029509464120,"[{'label': 'LABEL_0', 'score': 0.9999377727508545}]"
1786941037530783872,"[{'label': 'LABEL_0', 'score': 0.9998881816864014}]"
1786936375155044355,"[{'label': 'LABEL_0', 'score': 0.999806821346283}]"
1786932257803886728,"[{'label': 'LABEL_0', 'score': 0.9998551607131958}]"
1786910759974244527,"[{'label': 'LABEL_1', 'score': 0.9997828602790833}]"
1786899521449926857,"[{'label': 'LABEL_1', 'score': 0.9456918239593506}]"
1786881294053372054,"[{'label': 'LABEL_0', 'score': 0.9998021721839905}]"
1786855113656558066,"[{'label': 'LABEL_0', 'score': 0.9995806813240051}]"
1786838096102723796,"[{'label': 'LABEL_1', 'score': 0.9963271021842957}]"
1786814018243396056,"[{'label': 'LABEL_1', 'score': 0.9723859429359436}]"
1786813198806487360,"[{'label': 'LABEL_0', 'score': 0.9998667240142822}]"
1786795682621194249,"[{'label': 'LABEL_0', 'score': 0.9997441172599792}]"
1786795357260669143,"[{'label': 'LABEL_0', 'score': 0.9999037981033325}]"
1786789086591656193,"[{'label': 'LABEL_0', 'score': 0.9996713399887085}]"
1786781425582109087,"[{'label': 'LABEL_0', 'score': 0.9998751878738403}]"
1786779671247323563,"[{'label': 'LABEL_0', 'score': 0.9999020099639893}]"
1786767849995792681,"[{'label': 'LABEL_1', 'score': 0.9992213249206543}]"
1786764291799953472,"[{'label': 'LABEL_0', 'score': 0.9991549253463745}]"
1786755550522335522,"[{'label': 'LABEL_1', 'score': 0.9989498257637024}]"
1786737763682763212,"[{'label': 'LABEL_0', 'score': 0.9999116659164429}]"
1786663311615906263,"[{'label': 'LABEL_0', 'score': 0.9994805455207825}]"
1786639435234218209,"[{'label': 'LABEL_0', 'score': 0.9997134804725647}]"
1786570011257004238,"[{'label': 'LABEL_1', 'score': 0.999742329120636}]"
1786567471475863992,"[{'label': 'LABEL_1', 'score': 0.9994447827339172}]"
1786552665545015639,"[{'label': 'LABEL_0', 'score': 0.7409709095954895}]"
1786543573069910216,"[{'label': 'LABEL_0', 'score': 0.9998821020126343}]"
1786536685204811924,"[{'label': 'LABEL_0', 'score': 0.9998773336410522}]"
1786516873246286327,"[{'label': 'LABEL_0', 'score': 0.9999470710754395}]"
1786505582884647019,"[{'label': 'LABEL_0', 'score': 0.9993454813957214}]"
1786497814245061055,"[{'label': 'LABEL_0', 'score': 0.9996613264083862}]"
1786491539046179136,"[{'label': 'LABEL_0', 'score': 0.9998558759689331}]"
1786483331162399214,"[{'label': 'LABEL_0', 'score': 0.999880313873291}]"
1786473682971340813,"[{'label': 'LABEL_0', 'score': 0.9999151229858398}]"
1786470148712346061,"[{'label': 'LABEL_0', 'score': 0.8616244196891785}]"
1786464261205635158,"[{'label': 'LABEL_0', 'score': 0.9998520612716675}]"
1786462329195868467,"[{'label': 'LABEL_0', 'score': 0.99992835521698}]"
1786458966551134525,"[{'label': 'LABEL_0', 'score': 0.9998666048049927}]"
1786439232757653593,"[{'label': 'LABEL_0', 'score': 0.912980854511261}]"
1786425058178531782,"[{'label': 'LABEL_0', 'score': 0.9999316930770874}]"
1786412358425870358,"[{'label': 'LABEL_0', 'score': 0.9999088048934937}]"
1786412015608594436,"[{'label': 'LABEL_0', 'score': 0.9998961687088013}]"
1786409127637344570,"[{'label': 'LABEL_0', 'score': 0.9998356103897095}]"
1786407086420529516,"[{'label': 'LABEL_1', 'score': 0.876242458820343}]"
1786405386985038329,"[{'label': 'LABEL_1', 'score': 0.9996867179870605}]"
1786395110848041180,"[{'label': 'LABEL_0', 'score': 0.9998136162757874}]"
1786394493077340421,"[{'label': 'LABEL_0', 'score': 0.9959595799446106}]"
1786387747298521093,"[{'label': 'LABEL_0', 'score': 0.9999393224716187}]"
1786369026903409049,"[{'label': 'LABEL_0', 'score': 0.9993996620178223}]"
1786367874182889897,"[{'label': 'LABEL_0', 'score': 0.9998798370361328}]"
1786363409438585064,"[{'label': 'LABEL_0', 'score': 0.9999368190765381}]"
1786362648033898948,"[{'label': 'LABEL_0', 'score': 0.9997524619102478}]"
1786333996948861369,"[{'label': 'LABEL_0', 'score': 0.9972293972969055}]"
1786321849548190195,"[{'label': 'LABEL_0', 'score': 0.9998075366020203}]"
1786283598338781238,"[{'label': 'LABEL_0', 'score': 0.9967684745788574}]"
1786270428664676521,"[{'label': 'LABEL_0', 'score': 0.9970906972885132}]"
1786260111528239525,"[{'label': 'LABEL_0', 'score': 0.9998836517333984}]"
1786226994545377427,"[{'label': 'LABEL_0', 'score': 0.9998114705085754}]"
1786222294991253517,"[{'label': 'LABEL_0', 'score': 0.9999061822891235}]"
1786215047615709326,"[{'label': 'LABEL_1', 'score': 0.999541163444519}]"
1786214605024378952,"[{'label': 'LABEL_1', 'score': 0.9998326301574707}]"
1786211885487960412,"[{'label': 'LABEL_1', 'score': 0.7967399954795837}]"
1786209106883174665,"[{'label': 'LABEL_0', 'score': 0.999725878238678}]"
1786201774317092954,"[{'label': 'LABEL_0', 'score': 0.9999074935913086}]"
1786200669893824949,"[{'label': 'LABEL_1', 'score': 0.9992223978042603}]"
1786198336850051100,"[{'label': 'LABEL_0', 'score': 0.999923825263977}]"
1786192964319904221,"[{'label': 'LABEL_0', 'score': 0.9998794794082642}]"
1786191727369286092,"[{'label': 'LABEL_1', 'score': 0.9998158812522888}]"
1786164895093834137,"[{'label': 'LABEL_0', 'score': 0.9998910427093506}]"
1786162428968853595,"[{'label': 'LABEL_0', 'score': 0.9998112320899963}]"
1786161815786762249,"[{'label': 'LABEL_0', 'score': 0.999798595905304}]"
1786159951368372533,"[{'label': 'LABEL_0', 'score': 0.9980025887489319}]"
1786156927883288678,"[{'label': 'LABEL_0', 'score': 0.9996102452278137}]"
1786156707732767159,"[{'label': 'LABEL_0', 'score': 0.9998825788497925}]"
1786153466852728969,"[{'label': 'LABEL_0', 'score': 0.9998123049736023}]"
1786151753966108861,"[{'label': 'LABEL_0', 'score': 0.9999011754989624}]"
1786151733334249566,"[{'label': 'LABEL_0', 'score': 0.9999178647994995}]"
1786151057199882304,"[{'label': 'LABEL_1', 'score': 0.8800405263900757}]"
1786150544224010401,"[{'label': 'LABEL_1', 'score': 0.9997324347496033}]"
1786149111718170986,"[{'label': 'LABEL_0', 'score': 0.9998579025268555}]"
1786148911192621289,"[{'label': 'LABEL_0', 'score': 0.9996412992477417}]"
1786146324229792013,"[{'label': 'LABEL_0', 'score': 0.9994370341300964}]"
1786129256520601794,"[{'label': 'LABEL_1', 'score': 0.9570311903953552}]"
1786128623952400759,"[{'label': 'LABEL_0', 'score': 0.9586113691329956}]"
1786127749771391372,"[{'label': 'LABEL_0', 'score': 0.999855637550354}]"
1786117748168237545,"[{'label': 'LABEL_0', 'score': 0.9995678067207336}]"
1786112527937470637,"[{'label': 'LABEL_0', 'score': 0.9997839331626892}]"
1786110388238471296,"[{'label': 'LABEL_0', 'score': 0.9993564486503601}]"
1786086933690454067,"[{'label': 'LABEL_0', 'score': 0.9997091889381409}]"
1785615972709146827,"[{'label': 'LABEL_0', 'score': 0.999498724937439}]"
1785407045048369153,"[{'label': 'LABEL_0', 'score': 0.9998984336853027}]"
1785070031115616658,"[{'label': 'LABEL_1', 'score': 0.9996960163116455}]"
1790025791251640718,"[{'label': 'LABEL_0', 'score': 0.9999425411224365}]"
1790009472590463249,"[{'label': 'LABEL_1', 'score': 0.9997507929801941}]"
1790009425576481249,"[{'label': 'LABEL_0', 'score': 0.9999089241027832}]"
1790000480254407021,"[{'label': 'LABEL_1', 'score': 0.9482408761978149}]"
1789966456517497294,"[{'label': 'LABEL_0', 'score': 0.9998631477355957}]"
1789931477947339170,"[{'label': 'LABEL_0', 'score': 0.9998633861541748}]"
1789854956649959552,"[{'label': 'LABEL_1', 'score': 0.999531626701355}]"
1789852843404329365,"[{'label': 'LABEL_0', 'score': 0.999464213848114}]"
1789848300964700622,"[{'label': 'LABEL_1', 'score': 0.9997403025627136}]"
1789821920235417907,"[{'label': 'LABEL_0', 'score': 0.9998084902763367}]"
1789814594736714216,"[{'label': 'LABEL_1', 'score': 0.540006697177887}]"
1789812169808163151,"[{'label': 'LABEL_1', 'score': 0.9997716546058655}]"
1789807913713721506,"[{'label': 'LABEL_0', 'score': 0.9998657703399658}]"
1789801433551733057,"[{'label': 'LABEL_0', 'score': 0.999894380569458}]"
1789797843164684437,"[{'label': 'LABEL_0', 'score': 0.999915361404419}]"
1789791023171846406,"[{'label': 'LABEL_0', 'score': 0.9992904663085938}]"
1789790403144622264,"[{'label': 'LABEL_0', 'score': 0.9993492960929871}]"
1789790284542276030,"[{'label': 'LABEL_0', 'score': 0.9998723268508911}]"
1789789781628477623,"[{'label': 'LABEL_0', 'score': 0.994080126285553}]"
1789789114830631032,"[{'label': 'LABEL_0', 'score': 0.9999302625656128}]"
1789787458483175539,"[{'label': 'LABEL_0', 'score': 0.9998561143875122}]"
1789786858051748240,"[{'label': 'LABEL_0', 'score': 0.9999065399169922}]"
1789786584633479412,"[{'label': 'LABEL_0', 'score': 0.999737560749054}]"
1789786311143862571,"[{'label': 'LABEL_0', 'score': 0.9983789920806885}]"
1789778946638152159,"[{'label': 'LABEL_0', 'score': 0.9999065399169922}]"
1789778068975812836,"[{'label': 'LABEL_0', 'score': 0.9999319314956665}]"
1789772648827728143,"[{'label': 'LABEL_0', 'score': 0.9998254179954529}]"
1789767510478172223,"[{'label': 'LABEL_0', 'score': 0.9997599720954895}]"
1789759993379471545,"[{'label': 'LABEL_0', 'score': 0.9996142387390137}]"
1789751388349550711,"[{'label': 'LABEL_0', 'score': 0.9998509883880615}]"
1789740769881829603,"[{'label': 'LABEL_0', 'score': 0.9999163150787354}]"
1789737192383778841,"[{'label': 'LABEL_0', 'score': 0.9998646974563599}]"
1789717211415818412,"[{'label': 'LABEL_0', 'score': 0.9998980760574341}]"
1789713902651019528,"[{'label': 'LABEL_0', 'score': 0.9992769360542297}]"
1789692624581939444,"[{'label': 'LABEL_1', 'score': 0.6399404406547546}]"
1789691966487142651,"[{'label': 'LABEL_0', 'score': 0.8274651169776917}]"
1789688639846281306,"[{'label': 'LABEL_0', 'score': 0.9998900890350342}]"
1789686690921013329,"[{'label': 'LABEL_0', 'score': 0.9999305009841919}]"
1789684361702289502,"[{'label': 'LABEL_0', 'score': 0.9991169571876526}]"
1789683515719659580,"[{'label': 'LABEL_0', 'score': 0.9998726844787598}]"
1789681316407214571,"[{'label': 'LABEL_0', 'score': 0.9997839331626892}]"
1789664345258881364,"[{'label': 'LABEL_0', 'score': 0.9992468357086182}]"
1789662907640541466,"[{'label': 'LABEL_0', 'score': 0.9996755123138428}]"
1789633748918480978,"[{'label': 'LABEL_0', 'score': 0.9999467134475708}]"
1789502653996683339,"[{'label': 'LABEL_0', 'score': 0.9996706247329712}]"
1789495832015757767,"[{'label': 'LABEL_0', 'score': 0.9969131946563721}]"
1789480456167067886,"[{'label': 'LABEL_0', 'score': 0.9998857975006104}]"
1789478276085297246,"[{'label': 'LABEL_0', 'score': 0.9998747110366821}]"
1789471369660395875,"[{'label': 'LABEL_0', 'score': 0.9999383687973022}]"
1789464585801535984,"[{'label': 'LABEL_0', 'score': 0.9998171925544739}]"
1789427689100652583,"[{'label': 'LABEL_0', 'score': 0.9998528957366943}]"
1789371510190207202,"[{'label': 'LABEL_0', 'score': 0.9998958110809326}]"
1789370722537660533,"[{'label': 'LABEL_0', 'score': 0.9998195767402649}]"
1789356276968747102,"[{'label': 'LABEL_1', 'score': 0.9538713693618774}]"
1789351639754658035,"[{'label': 'LABEL_0', 'score': 0.9999481439590454}]"
1789338430574309500,"[{'label': 'LABEL_0', 'score': 0.9999172687530518}]"
1789335052137951688,"[{'label': 'LABEL_1', 'score': 0.9996392726898193}]"
1789332220705939890,"[{'label': 'LABEL_0', 'score': 0.9997851252555847}]"
1789318798547222970,"[{'label': 'LABEL_0', 'score': 0.9949566721916199}]"
1789317400220852590,"[{'label': 'LABEL_0', 'score': 0.9991617202758789}]"
1789316697645568016,"[{'label': 'LABEL_0', 'score': 0.976159393787384}]"
1789312732019163627,"[{'label': 'LABEL_0', 'score': 0.9863065481185913}]"
1789308044829925540,"[{'label': 'LABEL_0', 'score': 0.9998080134391785}]"
1789303795341492591,"[{'label': 'LABEL_1', 'score': 0.9992437362670898}]"
1789278701143597140,"[{'label': 'LABEL_0', 'score': 0.9963892698287964}]"
1788340128999428290,"[{'label': 'LABEL_0', 'score': 0.9988766312599182}]"
1789256014354649478,"[{'label': 'LABEL_1', 'score': 0.9997819066047668}]"
1789110118379860367,"[{'label': 'LABEL_0', 'score': 0.9966639876365662}]"
1789106581654647240,"[{'label': 'LABEL_0', 'score': 0.9997866749763489}]"
1789093074989191388,"[{'label': 'LABEL_0', 'score': 0.9996621608734131}]"
1789086323246051695,"[{'label': 'LABEL_0', 'score': 0.9998564720153809}]"
1789080253668708644,"[{'label': 'LABEL_0', 'score': 0.9995647072792053}]"
1789074696094302661,"[{'label': 'LABEL_0', 'score': 0.9996159076690674}]"
1789038254257316052,"[{'label': 'LABEL_0', 'score': 0.9998785257339478}]"
1789034443321024683,"[{'label': 'LABEL_0', 'score': 0.9998966455459595}]"
1789021777860899076,"[{'label': 'LABEL_1', 'score': 0.9995173215866089}]"
1789017479143911744,"[{'label': 'LABEL_0', 'score': 0.998950183391571}]"
1788993947097874626,"[{'label': 'LABEL_0', 'score': 0.999835729598999}]"
1788988498562646448,"[{'label': 'LABEL_0', 'score': 0.9998526573181152}]"
1788986881327169789,"[{'label': 'LABEL_0', 'score': 0.9998887777328491}]"
1788982641254912436,"[{'label': 'LABEL_0', 'score': 0.9997808337211609}]"
1788973035124294136,"[{'label': 'LABEL_0', 'score': 0.9999021291732788}]"
1788964204755451951,"[{'label': 'LABEL_0', 'score': 0.999893069267273}]"
1788958569208897588,"[{'label': 'LABEL_0', 'score': 0.9998935461044312}]"
1788950714267439325,"[{'label': 'LABEL_0', 'score': 0.9999412298202515}]"
1788938612823707911,"[{'label': 'LABEL_0', 'score': 0.9999395608901978}]"
1788908599621620147,"[{'label': 'LABEL_0', 'score': 0.9998086094856262}]"
1788900808056054252,"[{'label': 'LABEL_0', 'score': 0.9994213581085205}]"
1788898413867639146,"[{'label': 'LABEL_0', 'score': 0.9984170198440552}]"
1788894904740966428,"[{'label': 'LABEL_0', 'score': 0.9998962879180908}]"
1788723302266974223,"[{'label': 'LABEL_0', 'score': 0.9990986585617065}]"
1788882588666307038,"[{'label': 'LABEL_0', 'score': 0.9993520379066467}]"
1788881925488206245,"[{'label': 'LABEL_0', 'score': 0.9999189376831055}]"
1788880235422679520,"[{'label': 'LABEL_0', 'score': 0.9997581839561462}]"
1788871444371226805,"[{'label': 'LABEL_1', 'score': 0.9390864968299866}]"
1788870884121342032,"[{'label': 'LABEL_0', 'score': 0.9998844861984253}]"
1788788268437283118,"[{'label': 'LABEL_0', 'score': 0.9988812804222107}]"
1788782911925154072,"[{'label': 'LABEL_0', 'score': 0.9622880816459656}]"
1788779404585291780,"[{'label': 'LABEL_0', 'score': 0.9999344348907471}]"
1788762093857947733,"[{'label': 'LABEL_0', 'score': 0.999911904335022}]"
1788759460199977318,"[{'label': 'LABEL_1', 'score': 0.9996588230133057}]"
1788736758181486651,"[{'label': 'LABEL_0', 'score': 0.9967687129974365}]"
1788736080750977148,"[{'label': 'LABEL_0', 'score': 0.999640703201294}]"
1788735877335630256,"[{'label': 'LABEL_1', 'score': 0.9998100399971008}]"
1788735155726602654,"[{'label': 'LABEL_0', 'score': 0.9998819828033447}]"
1788731643127050488,"[{'label': 'LABEL_0', 'score': 0.9998778104782104}]"
1788729022446203236,"[{'label': 'LABEL_1', 'score': 0.990189254283905}]"
1788719465749778579,"[{'label': 'LABEL_1', 'score': 0.9989916682243347}]"
1788699973296488605,"[{'label': 'LABEL_1', 'score': 0.9994747042655945}]"
1788699792798896452,"[{'label': 'LABEL_0', 'score': 0.9999150037765503}]"
1788695535806751093,"[{'label': 'LABEL_1', 'score': 0.9985376596450806}]"
1788692364191465812,"[{'label': 'LABEL_0', 'score': 0.9998836517333984}]"
1788689512652050593,"[{'label': 'LABEL_0', 'score': 0.9998927116394043}]"
1788683214158008622,"[{'label': 'LABEL_1', 'score': 0.9996417760848999}]"
1788677929511088357,"[{'label': 'LABEL_0', 'score': 0.9998121857643127}]"
1788676388100182221,"[{'label': 'LABEL_0', 'score': 0.999866247177124}]"
1788673572539335144,"[{'label': 'LABEL_1', 'score': 0.9997686743736267}]"
1788667068826398906,"[{'label': 'LABEL_1', 'score': 0.6804237365722656}]"
1788667029680996367,"[{'label': 'LABEL_0', 'score': 0.9998534917831421}]"
1788659582069277144,"[{'label': 'LABEL_0', 'score': 0.9998481273651123}]"
1788657422896132348,"[{'label': 'LABEL_1', 'score': 0.9996898174285889}]"
1788650855748587544,"[{'label': 'LABEL_0', 'score': 0.9999021291732788}]"
1788650259188498496,"[{'label': 'LABEL_0', 'score': 0.9998680353164673}]"
1788644894124187774,"[{'label': 'LABEL_0', 'score': 0.9997380375862122}]"
1788644508407873660,"[{'label': 'LABEL_1', 'score': 0.9999115467071533}]"
1788400157979017527,"[{'label': 'LABEL_0', 'score': 0.998164713382721}]"
1788642618571698420,"[{'label': 'LABEL_0', 'score': 0.997778594493866}]"
1788635702856384941,"[{'label': 'LABEL_0', 'score': 0.9999048709869385}]"
1788627393931849904,"[{'label': 'LABEL_0', 'score': 0.8537939786911011}]"
1788627000065741030,"[{'label': 'LABEL_0', 'score': 0.9999076128005981}]"
1788622461983928564,"[{'label': 'LABEL_0', 'score': 0.9997150301933289}]"
1788617962917687358,"[{'label': 'LABEL_1', 'score': 0.9998565912246704}]"
1788611869952889041,"[{'label': 'LABEL_0', 'score': 0.9992738366127014}]"
1788607541615714402,"[{'label': 'LABEL_0', 'score': 0.9996403455734253}]"
1788601099433218488,"[{'label': 'LABEL_1', 'score': 0.9983412027359009}]"
1788594707481690220,"[{'label': 'LABEL_0', 'score': 0.9999279975891113}]"
1788564931580727704,"[{'label': 'LABEL_0', 'score': 0.9997979998588562}]"
1788587318531531115,"[{'label': 'LABEL_1', 'score': 0.9997515082359314}]"
1788586062429978758,"[{'label': 'LABEL_0', 'score': 0.999671220779419}]"
1788580226617733537,"[{'label': 'LABEL_1', 'score': 0.9995361566543579}]"
1788573802747539859,"[{'label': 'LABEL_0', 'score': 0.9999306201934814}]"
1788572929145311589,"[{'label': 'LABEL_0', 'score': 0.9998412132263184}]"
1788559791503057084,"[{'label': 'LABEL_0', 'score': 0.999866247177124}]"
1788557887746326659,"[{'label': 'LABEL_0', 'score': 0.9997712969779968}]"
1788556867574096027,"[{'label': 'LABEL_0', 'score': 0.9997501969337463}]"
1788555519856107540,"[{'label': 'LABEL_0', 'score': 0.9998173117637634}]"
1788551715483984375,"[{'label': 'LABEL_0', 'score': 0.8399212956428528}]"
1788550272337293544,"[{'label': 'LABEL_0', 'score': 0.9999276399612427}]"
1788489275723419873,"[{'label': 'LABEL_0', 'score': 0.999908447265625}]"
1788477429599678707,"[{'label': 'LABEL_0', 'score': 0.9998499155044556}]"
1788450956369092661,"[{'label': 'LABEL_0', 'score': 0.9973083734512329}]"
1788431959217033642,"[{'label': 'LABEL_0', 'score': 0.9991500377655029}]"
1788425880135430407,"[{'label': 'LABEL_0', 'score': 0.9985478520393372}]"
1788421907395596796,"[{'label': 'LABEL_1', 'score': 0.99826979637146}]"
1788418303095931354,"[{'label': 'LABEL_0', 'score': 0.9999130964279175}]"
1788402897597710809,"[{'label': 'LABEL_0', 'score': 0.9998915195465088}]"
1788395124847747293,"[{'label': 'LABEL_0', 'score': 0.9996858835220337}]"
1788394479201788248,"[{'label': 'LABEL_0', 'score': 0.9998364448547363}]"
1788385060657279150,"[{'label': 'LABEL_0', 'score': 0.9998403787612915}]"
1788377784567357826,"[{'label': 'LABEL_0', 'score': 0.9998505115509033}]"
1788377594708025545,"[{'label': 'LABEL_0', 'score': 0.9998480081558228}]"
1788375154747159024,"[{'label': 'LABEL_0', 'score': 0.9999080896377563}]"
1788373293524734302,"[{'label': 'LABEL_0', 'score': 0.9036277532577515}]"
1788372191945359850,"[{'label': 'LABEL_0', 'score': 0.9999164342880249}]"
1788368974146621581,"[{'label': 'LABEL_0', 'score': 0.9994171857833862}]"
1788365341686411724,"[{'label': 'LABEL_1', 'score': 0.9996421337127686}]"
1788359788721578306,"[{'label': 'LABEL_0', 'score': 0.9996800422668457}]"
1788352856736633318,"[{'label': 'LABEL_0', 'score': 0.9995073080062866}]"
1788352485343514858,"[{'label': 'LABEL_1', 'score': 0.9989317059516907}]"
1788344160434454635,"[{'label': 'LABEL_0', 'score': 0.9998935461044312}]"
1788325519898923403,"[{'label': 'LABEL_0', 'score': 0.9982638955116272}]"
1788313696852181465,"[{'label': 'LABEL_0', 'score': 0.9997616410255432}]"
1787623110050484645,"[{'label': 'LABEL_0', 'score': 0.5937967896461487}]"
1788289531843600603,"[{'label': 'LABEL_0', 'score': 0.9999397993087769}]"
1788273009876140155,"[{'label': 'LABEL_0', 'score': 0.9999301433563232}]"
1788279021119086666,"[{'label': 'LABEL_0', 'score': 0.999854564666748}]"
1792504841668874528,"[{'label': 'LABEL_1', 'score': 0.9920014142990112}]"
1792499804943024300,"[{'label': 'LABEL_1', 'score': 0.9739170074462891}]"
1792490381654794721,"[{'label': 'LABEL_0', 'score': 0.9998099207878113}]"
1792489653016121843,"[{'label': 'LABEL_1', 'score': 0.9996626377105713}]"
1792446022431453349,"[{'label': 'LABEL_0', 'score': 0.9999347925186157}]"
1792441761496711252,"[{'label': 'LABEL_0', 'score': 0.9998470544815063}]"
1792410502317904115,"[{'label': 'LABEL_0', 'score': 0.9998908042907715}]"
1792410344532402357,"[{'label': 'LABEL_0', 'score': 0.9988699555397034}]"
1792404105354526804,"[{'label': 'LABEL_0', 'score': 0.9997337460517883}]"
1792402278881611914,"[{'label': 'LABEL_0', 'score': 0.999690055847168}]"
1792400618587598974,"[{'label': 'LABEL_0', 'score': 0.9997425675392151}]"
1792390776250576932,"[{'label': 'LABEL_0', 'score': 0.999420166015625}]"
1792387199243088220,"[{'label': 'LABEL_0', 'score': 0.9998984336853027}]"
1792362219633844377,"[{'label': 'LABEL_1', 'score': 0.9996497631072998}]"
1792352220241121392,"[{'label': 'LABEL_0', 'score': 0.9996660947799683}]"
1792347586613190772,"[{'label': 'LABEL_0', 'score': 0.9999154806137085}]"
1792343083360956522,"[{'label': 'LABEL_1', 'score': 0.7040426135063171}]"
1792336228886479140,"[{'label': 'LABEL_0', 'score': 0.9998218417167664}]"
1792330332106371155,"[{'label': 'LABEL_1', 'score': 0.998904824256897}]"
1792324559258980463,"[{'label': 'LABEL_0', 'score': 0.9991293549537659}]"
1792319999794639051,"[{'label': 'LABEL_0', 'score': 0.999083399772644}]"
1792314680901304492,"[{'label': 'LABEL_0', 'score': 0.9998562335968018}]"
1792287355576979474,"[{'label': 'LABEL_0', 'score': 0.999931812286377}]"
1792285613917409737,"[{'label': 'LABEL_1', 'score': 0.9997788071632385}]"
1792279054596358255,"[{'label': 'LABEL_0', 'score': 0.999808132648468}]"
1792263081264906369,"[{'label': 'LABEL_0', 'score': 0.9998929500579834}]"
1792249325738725878,"[{'label': 'LABEL_0', 'score': 0.7412430047988892}]"
1792246013043904534,"[{'label': 'LABEL_0', 'score': 0.9996345043182373}]"
1792238678321824034,"[{'label': 'LABEL_1', 'score': 0.99754399061203}]"
1792231182987387235,"[{'label': 'LABEL_0', 'score': 0.9998804330825806}]"
1792226096307437860,"[{'label': 'LABEL_0', 'score': 0.9928441643714905}]"
1792223482232598909,"[{'label': 'LABEL_0', 'score': 0.9998894929885864}]"
1792211570057216357,"[{'label': 'LABEL_0', 'score': 0.9998812675476074}]"
1792211269652713941,"[{'label': 'LABEL_0', 'score': 0.999923586845398}]"
1792190735699071279,"[{'label': 'LABEL_0', 'score': 0.999772846698761}]"
1792162770491740202,"[{'label': 'LABEL_0', 'score': 0.9994854927062988}]"
1792072256837062981,"[{'label': 'LABEL_1', 'score': 0.9855581521987915}]"
1792058003421614358,"[{'label': 'LABEL_0', 'score': 0.9998277425765991}]"
1792022368174436433,"[{'label': 'LABEL_0', 'score': 0.9860549569129944}]"
1791982519144923485,"[{'label': 'LABEL_0', 'score': 0.9997523427009583}]"
1791977836737114445,"[{'label': 'LABEL_1', 'score': 0.9973337650299072}]"
1791944680206213282,"[{'label': 'LABEL_1', 'score': 0.9998905658721924}]"
1791935404146409626,"[{'label': 'LABEL_0', 'score': 0.9999024868011475}]"
1791925405957365809,"[{'label': 'LABEL_0', 'score': 0.9976224303245544}]"
1791923830060957916,"[{'label': 'LABEL_1', 'score': 0.999806821346283}]"
1791901234116411753,"[{'label': 'LABEL_1', 'score': 0.9994339346885681}]"
1791896759108558995,"[{'label': 'LABEL_0', 'score': 0.996160626411438}]"
1791871934042390749,"[{'label': 'LABEL_0', 'score': 0.9997684359550476}]"
1791854878181994762,"[{'label': 'LABEL_0', 'score': 0.9999080896377563}]"
1791829966952202243,"[{'label': 'LABEL_0', 'score': 0.9998167157173157}]"
1791697520097407166,"[{'label': 'LABEL_0', 'score': 0.9999138116836548}]"
1791689549111783470,"[{'label': 'LABEL_0', 'score': 0.9996809959411621}]"
1791676133399826744,"[{'label': 'LABEL_0', 'score': 0.9997994303703308}]"
1791659320767090895,"[{'label': 'LABEL_0', 'score': 0.9998476505279541}]"
1791636176736039401,"[{'label': 'LABEL_0', 'score': 0.9991536140441895}]"
1791634764778078369,"[{'label': 'LABEL_1', 'score': 0.9995032548904419}]"
1791632368710598995,"[{'label': 'LABEL_0', 'score': 0.9997860789299011}]"
1791629045806842148,"[{'label': 'LABEL_0', 'score': 0.9998589754104614}]"
1791620058667520086,"[{'label': 'LABEL_0', 'score': 0.9997429251670837}]"
1791614317160214578,"[{'label': 'LABEL_0', 'score': 0.9999173879623413}]"
1791611216344862727,"[{'label': 'LABEL_0', 'score': 0.9995761513710022}]"
1791600876949270574,"[{'label': 'LABEL_0', 'score': 0.9999217987060547}]"
1791564433484841396,"[{'label': 'LABEL_0', 'score': 0.9999064207077026}]"
1791561790167425515,"[{'label': 'LABEL_0', 'score': 0.9998127818107605}]"
1791561465159160295,"[{'label': 'LABEL_0', 'score': 0.9992488026618958}]"
1791561026644725789,"[{'label': 'LABEL_0', 'score': 0.9972155094146729}]"
1791553747836879333,"[{'label': 'LABEL_0', 'score': 0.9999247789382935}]"
1791517572204224672,"[{'label': 'LABEL_0', 'score': 0.9999212026596069}]"
1791486410731470981,"[{'label': 'LABEL_0', 'score': 0.9998915195465088}]"
1791466720604860878,"[{'label': 'LABEL_1', 'score': 0.9998005032539368}]"
1791447338558398867,"[{'label': 'LABEL_0', 'score': 0.9998444318771362}]"
1791436641950695509,"[{'label': 'LABEL_0', 'score': 0.9667664170265198}]"
1791412680558846241,"[{'label': 'LABEL_0', 'score': 0.9998233914375305}]"
1791410460534694123,"[{'label': 'LABEL_1', 'score': 0.9879100322723389}]"
1791322072481755554,"[{'label': 'LABEL_0', 'score': 0.9998551607131958}]"
1791320471071256953,"[{'label': 'LABEL_0', 'score': 0.999826967716217}]"
1791307673016607106,"[{'label': 'LABEL_0', 'score': 0.9998433589935303}]"
1791305922364559862,"[{'label': 'LABEL_0', 'score': 0.9997327923774719}]"
1791303409720541444,"[{'label': 'LABEL_0', 'score': 0.9997460246086121}]"
1791300272238498052,"[{'label': 'LABEL_1', 'score': 0.9944773316383362}]"
1791335645371064549,"[{'label': 'LABEL_0', 'score': 0.9689924120903015}]"
1791287553217233114,"[{'label': 'LABEL_0', 'score': 0.9996647834777832}]"
1791276151266013565,"[{'label': 'LABEL_0', 'score': 0.9999092817306519}]"
1791265562674241616,"[{'label': 'LABEL_1', 'score': 0.9995044469833374}]"
1791256007605199066,"[{'label': 'LABEL_0', 'score': 0.999893069267273}]"
1791247369243070545,"[{'label': 'LABEL_0', 'score': 0.9999047517776489}]"
1791234141331083526,"[{'label': 'LABEL_0', 'score': 0.9999306201934814}]"
1791224030583812445,"[{'label': 'LABEL_0', 'score': 0.9999253749847412}]"
1791222199228981619,"[{'label': 'LABEL_0', 'score': 0.9988899827003479}]"
1791210294921834564,"[{'label': 'LABEL_1', 'score': 0.9937189817428589}]"
1791199160508846261,"[{'label': 'LABEL_1', 'score': 0.9856907725334167}]"
1791187822130450928,"[{'label': 'LABEL_0', 'score': 0.9993911981582642}]"
1791185304176750766,"[{'label': 'LABEL_1', 'score': 0.9958134293556213}]"
1791183819548119069,"[{'label': 'LABEL_0', 'score': 0.9998589754104614}]"
1791179708618740160,"[{'label': 'LABEL_0', 'score': 0.9985415935516357}]"
1791169368363078072,"[{'label': 'LABEL_0', 'score': 0.999868631362915}]"
1791153983223947617,"[{'label': 'LABEL_0', 'score': 0.9998996257781982}]"
1791101348777189664,"[{'label': 'LABEL_0', 'score': 0.9997947812080383}]"
1791101304057511987,"[{'label': 'LABEL_0', 'score': 0.9999110698699951}]"
1791094241063588002,"[{'label': 'LABEL_0', 'score': 0.9995693564414978}]"
1791084937761665195,"[{'label': 'LABEL_0', 'score': 0.9998636245727539}]"
1791081428475588967,"[{'label': 'LABEL_0', 'score': 0.9996329545974731}]"
1791081085662634182,"[{'label': 'LABEL_0', 'score': 0.9998873472213745}]"
1791078651020116470,"[{'label': 'LABEL_1', 'score': 0.9995315074920654}]"
1791061506265587799,"[{'label': 'LABEL_0', 'score': 0.9995276927947998}]"
1791059972672946273,"[{'label': 'LABEL_0', 'score': 0.9999387264251709}]"
1791050317523460590,"[{'label': 'LABEL_0', 'score': 0.999776303768158}]"
1790971093542449546,"[{'label': 'LABEL_1', 'score': 0.9996693134307861}]"
1790930944112693541,"[{'label': 'LABEL_0', 'score': 0.9987001419067383}]"
1790929281729581198,"[{'label': 'LABEL_0', 'score': 0.999703586101532}]"
1790926263676223987,"[{'label': 'LABEL_0', 'score': 0.9984353184700012}]"
1790922161038721138,"[{'label': 'LABEL_0', 'score': 0.9998867511749268}]"
1790921548666118546,"[{'label': 'LABEL_0', 'score': 0.999927282333374}]"
1790914097162211377,"[{'label': 'LABEL_0', 'score': 0.9995450377464294}]"
1790911653556433298,"[{'label': 'LABEL_0', 'score': 0.9998339414596558}]"
1790897523072057660,"[{'label': 'LABEL_0', 'score': 0.9997885823249817}]"
1790879064133111921,"[{'label': 'LABEL_0', 'score': 0.9998414516448975}]"
1790845405258731552,"[{'label': 'LABEL_1', 'score': 0.9994039535522461}]"
1790841991401492768,"[{'label': 'LABEL_0', 'score': 0.9998972415924072}]"
1790839627479130160,"[{'label': 'LABEL_0', 'score': 0.9999403953552246}]"
1790828070112215062,"[{'label': 'LABEL_0', 'score': 0.9999061822891235}]"
1790819308278300962,"[{'label': 'LABEL_0', 'score': 0.9999135732650757}]"
1790805207816843345,"[{'label': 'LABEL_1', 'score': 0.9994611144065857}]"
1790789239296196897,"[{'label': 'LABEL_0', 'score': 0.9999080896377563}]"
1790776301973799141,"[{'label': 'LABEL_0', 'score': 0.9999247789382935}]"
1790753018201207227,"[{'label': 'LABEL_0', 'score': 0.9998995065689087}]"
1790734921734230365,"[{'label': 'LABEL_0', 'score': 0.9997760653495789}]"
1790733243068666110,"[{'label': 'LABEL_0', 'score': 0.9999097585678101}]"
1790725319592120642,"[{'label': 'LABEL_0', 'score': 0.9998754262924194}]"
1790708609359192495,"[{'label': 'LABEL_1', 'score': 0.9982806444168091}]"
1790615873603981727,"[{'label': 'LABEL_0', 'score': 0.9998950958251953}]"
1790597493039800466,"[{'label': 'LABEL_0', 'score': 0.9992971420288086}]"
1790595444524962017,"[{'label': 'LABEL_0', 'score': 0.9998592138290405}]"
1790578823903301836,"[{'label': 'LABEL_1', 'score': 0.9811672568321228}]"
1790575041110765748,"[{'label': 'LABEL_0', 'score': 0.9998408555984497}]"
1790562256528244960,"[{'label': 'LABEL_0', 'score': 0.9991896748542786}]"
1790559657842319653,"[{'label': 'LABEL_0', 'score': 0.9995379447937012}]"
1790557987158811100,"[{'label': 'LABEL_0', 'score': 0.997459352016449}]"
1790554837488177316,"[{'label': 'LABEL_0', 'score': 0.9998334646224976}]"
1790554828961132786,"[{'label': 'LABEL_1', 'score': 0.9997041821479797}]"
1790538674532176377,"[{'label': 'LABEL_0', 'score': 0.9993804693222046}]"
1790538389181137348,"[{'label': 'LABEL_0', 'score': 0.9989774227142334}]"
1790518997466993084,"[{'label': 'LABEL_1', 'score': 0.9992799162864685}]"
1790510659022606404,"[{'label': 'LABEL_0', 'score': 0.9998904466629028}]"
1790510290217423083,"[{'label': 'LABEL_0', 'score': 0.9999152421951294}]"
1790507302803345568,"[{'label': 'LABEL_0', 'score': 0.9998384714126587}]"
1790505049396818407,"[{'label': 'LABEL_0', 'score': 0.9989224672317505}]"
1790504622429204629,"[{'label': 'LABEL_0', 'score': 0.9993415474891663}]"
1790499624366608486,"[{'label': 'LABEL_0', 'score': 0.9997779726982117}]"
1790483135697723682,"[{'label': 'LABEL_0', 'score': 0.9997510313987732}]"
1790461405067636894,"[{'label': 'LABEL_0', 'score': 0.9999432563781738}]"
1790450389931692298,"[{'label': 'LABEL_0', 'score': 0.9980117082595825}]"
1790445821428658569,"[{'label': 'LABEL_0', 'score': 0.9998728036880493}]"
1790439794100600994,"[{'label': 'LABEL_0', 'score': 0.9999150037765503}]"
1790434232503791657,"[{'label': 'LABEL_1', 'score': 0.9998672008514404}]"
1790433019733446877,"[{'label': 'LABEL_1', 'score': 0.999704897403717}]"
1790421817582317814,"[{'label': 'LABEL_0', 'score': 0.9999080896377563}]"
1790407368741621918,"[{'label': 'LABEL_1', 'score': 0.9754241704940796}]"
1790396715603837105,"[{'label': 'LABEL_0', 'score': 0.9991828799247742}]"
1790384113536369058,"[{'label': 'LABEL_0', 'score': 0.9982401132583618}]"
1790383781737578505,"[{'label': 'LABEL_0', 'score': 0.9997565150260925}]"
1790376657636802602,"[{'label': 'LABEL_0', 'score': 0.9998549222946167}]"
1790366820098097448,"[{'label': 'LABEL_0', 'score': 0.9998273253440857}]"
1790364656487317834,"[{'label': 'LABEL_0', 'score': 0.9999362230300903}]"
1790358840938012759,"[{'label': 'LABEL_0', 'score': 0.9999028444290161}]"
1790353143999426839,"[{'label': 'LABEL_0', 'score': 0.9998853206634521}]"
1790255355940712744,"[{'label': 'LABEL_0', 'score': 0.9998432397842407}]"
1790210199992549740,"[{'label': 'LABEL_0', 'score': 0.9806779026985168}]"
1790209456816419083,"[{'label': 'LABEL_0', 'score': 0.9999134540557861}]"
1790200287518466295,"[{'label': 'LABEL_1', 'score': 0.943665087223053}]"
1790198408000442550,"[{'label': 'LABEL_0', 'score': 0.9993957281112671}]"
1790168789536932243,"[{'label': 'LABEL_0', 'score': 0.9998303651809692}]"
1790168085954981951,"[{'label': 'LABEL_0', 'score': 0.9999140501022339}]"
1790159126766772659,"[{'label': 'LABEL_0', 'score': 0.9997532963752747}]"
1790156263122206962,"[{'label': 'LABEL_0', 'score': 0.9999088048934937}]"
1790152496389788116,"[{'label': 'LABEL_0', 'score': 0.9999293088912964}]"
1790149687216857224,"[{'label': 'LABEL_0', 'score': 0.9978777170181274}]"
1790135992898248920,"[{'label': 'LABEL_1', 'score': 0.9995753169059753}]"
1790116622872568261,"[{'label': 'LABEL_0', 'score': 0.9998643398284912}]"
1790109225554763783,"[{'label': 'LABEL_1', 'score': 0.7621733546257019}]"
1790099992180334787,"[{'label': 'LABEL_0', 'score': 0.9996730089187622}]"
1790091596467478689,"[{'label': 'LABEL_1', 'score': 0.9883711934089661}]"
1790086612409262560,"[{'label': 'LABEL_0', 'score': 0.9998972415924072}]"
1790082753708380347,"[{'label': 'LABEL_0', 'score': 0.9998691082000732}]"
1790064278839361730,"[{'label': 'LABEL_1', 'score': 0.9851289987564087}]"
1790047893480505383,"[{'label': 'LABEL_0', 'score': 0.9997647404670715}]"
1790042680870752626,"[{'label': 'LABEL_1', 'score': 0.9916542768478394}]"
1790040995251323177,"[{'label': 'LABEL_0', 'score': 0.9991839528083801}]"
1790031168793903264,"[{'label': 'LABEL_1', 'score': 0.9997596144676208}]"
1793690503109656576,"[{'label': 'LABEL_0', 'score': 0.9995228052139282}]"
1793675256374480964,"[{'label': 'LABEL_0', 'score': 0.9998922348022461}]"
1793656441800438123,"[{'label': 'LABEL_1', 'score': 0.9993906021118164}]"
1793651736475029795,"[{'label': 'LABEL_0', 'score': 0.9999290704727173}]"
1793648667838365831,"[{'label': 'LABEL_0', 'score': 0.9999232292175293}]"
1793633050712309907,"[{'label': 'LABEL_0', 'score': 0.9997994303703308}]"
1793625102900506883,"[{'label': 'LABEL_0', 'score': 0.998357355594635}]"
1793620899213521112,"[{'label': 'LABEL_1', 'score': 0.9996639490127563}]"
1793615763636629679,"[{'label': 'LABEL_0', 'score': 0.9997928738594055}]"
1793476293553762487,"[{'label': 'LABEL_0', 'score': 0.9999037981033325}]"
1793470932734136662,"[{'label': 'LABEL_1', 'score': 0.9997003078460693}]"
1793464444343005365,"[{'label': 'LABEL_0', 'score': 0.9999188184738159}]"
1793439887321870776,"[{'label': 'LABEL_0', 'score': 0.9997841715812683}]"
1793438738812371246,"[{'label': 'LABEL_0', 'score': 0.9064295887947083}]"
1793434383098999000,"[{'label': 'LABEL_0', 'score': 0.9998730421066284}]"
1793429479580176579,"[{'label': 'LABEL_0', 'score': 0.9998418092727661}]"
1793413563136221463,"[{'label': 'LABEL_0', 'score': 0.9999182224273682}]"
1793388666863137102,"[{'label': 'LABEL_0', 'score': 0.9997655749320984}]"
1793387683898662986,"[{'label': 'LABEL_0', 'score': 0.9998418092727661}]"
1793378728472621122,"[{'label': 'LABEL_0', 'score': 0.9998449087142944}]"
1793359012345393658,"[{'label': 'LABEL_0', 'score': 0.9982805252075195}]"
1793357154860085387,"[{'label': 'LABEL_1', 'score': 0.9933326840400696}]"
1793345366248542441,"[{'label': 'LABEL_0', 'score': 0.9989578723907471}]"
1793339320058736856,"[{'label': 'LABEL_1', 'score': 0.999815046787262}]"
1793338076493664552,"[{'label': 'LABEL_0', 'score': 0.9998356103897095}]"
1793321904717041664,"[{'label': 'LABEL_0', 'score': 0.9999116659164429}]"
1793314293850558987,"[{'label': 'LABEL_0', 'score': 0.9998960494995117}]"
1793307842516079058,"[{'label': 'LABEL_0', 'score': 0.9997500777244568}]"
1793307586550223077,"[{'label': 'LABEL_1', 'score': 0.9524300694465637}]"
1793306091893174506,"[{'label': 'LABEL_0', 'score': 0.9998985528945923}]"
1793265528078729722,"[{'label': 'LABEL_0', 'score': 0.9997926354408264}]"
1793250290805674367,"[{'label': 'LABEL_0', 'score': 0.9998981952667236}]"
1793235695470784783,"[{'label': 'LABEL_0', 'score': 0.9998466968536377}]"
1793194634803298728,"[{'label': 'LABEL_0', 'score': 0.9973681569099426}]"
1793163592361033959,"[{'label': 'LABEL_0', 'score': 0.999908447265625}]"
1793135663312785573,"[{'label': 'LABEL_0', 'score': 0.9998028874397278}]"
1793132192844972398,"[{'label': 'LABEL_1', 'score': 0.9950633645057678}]"
1793106750704693456,"[{'label': 'LABEL_1', 'score': 0.7961500287055969}]"
1793098277405221174,"[{'label': 'LABEL_0', 'score': 0.9999136924743652}]"
1793065504204050511,"[{'label': 'LABEL_1', 'score': 0.9988711476325989}]"
1793049384550092911,"[{'label': 'LABEL_0', 'score': 0.999734103679657}]"
1793043050576416936,"[{'label': 'LABEL_0', 'score': 0.9989344477653503}]"
1793037076142641606,"[{'label': 'LABEL_1', 'score': 0.9995978474617004}]"
1793025257026007361,"[{'label': 'LABEL_0', 'score': 0.9998348951339722}]"
1793022038975582397,"[{'label': 'LABEL_0', 'score': 0.9998856782913208}]"
1793013969860342167,"[{'label': 'LABEL_0', 'score': 0.999426007270813}]"
1792985530285564372,"[{'label': 'LABEL_0', 'score': 0.9998388290405273}]"
1792961372780998777,"[{'label': 'LABEL_1', 'score': 0.9998144507408142}]"
1792931625984045473,"[{'label': 'LABEL_1', 'score': 0.9995790123939514}]"
1792921252836884745,"[{'label': 'LABEL_0', 'score': 0.9998738765716553}]"
1792912680879034824,"[{'label': 'LABEL_0', 'score': 0.999881386756897}]"
1792903073758654773,"[{'label': 'LABEL_0', 'score': 0.9998124241828918}]"
1792897632009904238,"[{'label': 'LABEL_0', 'score': 0.9998087286949158}]"
1792896985256649150,"[{'label': 'LABEL_0', 'score': 0.9999270439147949}]"
1792896460566008027,"[{'label': 'LABEL_0', 'score': 0.9997943043708801}]"
1792895955873702129,"[{'label': 'LABEL_0', 'score': 0.9997921586036682}]"
1792733706333138976,"[{'label': 'LABEL_0', 'score': 0.9998581409454346}]"
1792729283095642432,"[{'label': 'LABEL_0', 'score': 0.9998767375946045}]"
1792724933673705977,"[{'label': 'LABEL_0', 'score': 0.8707174062728882}]"
1792720050706907581,"[{'label': 'LABEL_0', 'score': 0.9961761236190796}]"
1792715277614108764,"[{'label': 'LABEL_1', 'score': 0.9929076433181763}]"
1792704760052912167,"[{'label': 'LABEL_0', 'score': 0.999894380569458}]"
1792701327019217272,"[{'label': 'LABEL_0', 'score': 0.9947787523269653}]"
1792698281950417321,"[{'label': 'LABEL_0', 'score': 0.9997156262397766}]"
1792689994676793786,"[{'label': 'LABEL_0', 'score': 0.999778687953949}]"
1792685559237783827,"[{'label': 'LABEL_0', 'score': 0.9999223947525024}]"
1792677390604443925,"[{'label': 'LABEL_1', 'score': 0.9994114637374878}]"
1792656497744454138,"[{'label': 'LABEL_0', 'score': 0.9999260902404785}]"
1792617224642916641,"[{'label': 'LABEL_0', 'score': 0.9998034834861755}]"
1792614165141446984,"[{'label': 'LABEL_0', 'score': 0.9998844861984253}]"
1792610161003213230,"[{'label': 'LABEL_0', 'score': 0.9998360872268677}]"
1792607232150090047,"[{'label': 'LABEL_0', 'score': 0.9997183680534363}]"
1792605858188193896,"[{'label': 'LABEL_0', 'score': 0.928582489490509}]"
1792595505110773875,"[{'label': 'LABEL_0', 'score': 0.9998911619186401}]"
1792580659287908547,"[{'label': 'LABEL_1', 'score': 0.9995585083961487}]"
1792579545989575086,"[{'label': 'LABEL_1', 'score': 0.9993467926979065}]"
1792579476825522653,"[{'label': 'LABEL_0', 'score': 0.9938300251960754}]"
1792555145198293246,"[{'label': 'LABEL_0', 'score': 0.9977213740348816}]"
1792553552260313553,"[{'label': 'LABEL_0', 'score': 0.999811589717865}]"
1795800953095954917,"[{'label': 'LABEL_1', 'score': 0.9875538349151611}]"
1795794893157081148,"[{'label': 'LABEL_1', 'score': 0.9993410706520081}]"
1795746227159798153,"[{'label': 'LABEL_0', 'score': 0.8872624039649963}]"
1795718515326112016,"[{'label': 'LABEL_0', 'score': 0.9999357461929321}]"
1795661658347729172,"[{'label': 'LABEL_0', 'score': 0.9999246597290039}]"
1795661430106243169,"[{'label': 'LABEL_0', 'score': 0.999667763710022}]"
1795648894204014603,"[{'label': 'LABEL_0', 'score': 0.9983512163162231}]"
1795645520272392427,"[{'label': 'LABEL_0', 'score': 0.9998130202293396}]"
1795644113053974736,"[{'label': 'LABEL_0', 'score': 0.9986972212791443}]"
1795630311532794224,"[{'label': 'LABEL_0', 'score': 0.9993686079978943}]"
1795626527461089721,"[{'label': 'LABEL_0', 'score': 0.9996054768562317}]"
1795619753580703853,"[{'label': 'LABEL_0', 'score': 0.9998594522476196}]"
1795612251321418051,"[{'label': 'LABEL_0', 'score': 0.9997901320457458}]"
1795607808102355025,"[{'label': 'LABEL_0', 'score': 0.9998683929443359}]"
1795605561335267834,"[{'label': 'LABEL_1', 'score': 0.9987788796424866}]"
1795590268043051419,"[{'label': 'LABEL_0', 'score': 0.9998569488525391}]"
1795582624649671087,"[{'label': 'LABEL_0', 'score': 0.9997246861457825}]"
1795576841153245497,"[{'label': 'LABEL_0', 'score': 0.999764621257782}]"
1795554542056009884,"[{'label': 'LABEL_1', 'score': 0.9996635913848877}]"
1795548995760030163,"[{'label': 'LABEL_1', 'score': 0.9997701048851013}]"
1795538596872737183,"[{'label': 'LABEL_0', 'score': 0.9991472959518433}]"
1795538147637629030,"[{'label': 'LABEL_1', 'score': 0.9998084902763367}]"
1795533944148103214,"[{'label': 'LABEL_0', 'score': 0.9999324083328247}]"
1795530262547407305,"[{'label': 'LABEL_1', 'score': 0.757501482963562}]"
1795513437969354834,"[{'label': 'LABEL_0', 'score': 0.9986649751663208}]"
1795496463440507313,"[{'label': 'LABEL_0', 'score': 0.9996628761291504}]"
1795496174884905156,"[{'label': 'LABEL_0', 'score': 0.999796450138092}]"
1795486632973316450,"[{'label': 'LABEL_0', 'score': 0.9990143775939941}]"
1795482005460734389,"[{'label': 'LABEL_0', 'score': 0.971767246723175}]"
1795481434951655824,"[{'label': 'LABEL_0', 'score': 0.9998341798782349}]"
1795476278738379220,"[{'label': 'LABEL_0', 'score': 0.9996023774147034}]"
1795473287851466800,"[{'label': 'LABEL_0', 'score': 0.9998688697814941}]"
1795472844211569063,"[{'label': 'LABEL_0', 'score': 0.9992300271987915}]"
1795469886996513161,"[{'label': 'LABEL_1', 'score': 0.9967228770256042}]"
1795454448136819065,"[{'label': 'LABEL_0', 'score': 0.9999092817306519}]"
1795375533880230373,"[{'label': 'LABEL_0', 'score': 0.9997352957725525}]"
1795372177333915777,"[{'label': 'LABEL_1', 'score': 0.9997338652610779}]"
1795356801275490317,"[{'label': 'LABEL_0', 'score': 0.9998185038566589}]"
1795344932586283470,"[{'label': 'LABEL_1', 'score': 0.9515698552131653}]"
1795333106993610756,"[{'label': 'LABEL_1', 'score': 0.999058187007904}]"
1795330320071528489,"[{'label': 'LABEL_0', 'score': 0.999840497970581}]"
1795295065457492424,"[{'label': 'LABEL_1', 'score': 0.9996899366378784}]"
1795290318545584604,"[{'label': 'LABEL_1', 'score': 0.999742329120636}]"
1795269451472126277,"[{'label': 'LABEL_0', 'score': 0.997007429599762}]"
1795266187187908623,"[{'label': 'LABEL_0', 'score': 0.9997764229774475}]"
1795254087329669509,"[{'label': 'LABEL_0', 'score': 0.9999176263809204}]"
1795244500446482619,"[{'label': 'LABEL_0', 'score': 0.9999382495880127}]"
1795239889895563396,"[{'label': 'LABEL_0', 'score': 0.9997718930244446}]"
1795236779542425604,"[{'label': 'LABEL_0', 'score': 0.9998635053634644}]"
1795222878398329179,"[{'label': 'LABEL_0', 'score': 0.9999411106109619}]"
1795209862382579871,"[{'label': 'LABEL_0', 'score': 0.9990928173065186}]"
1795202941743186147,"[{'label': 'LABEL_0', 'score': 0.9995614886283875}]"
1795149912276942920,"[{'label': 'LABEL_0', 'score': 0.9991056323051453}]"
1795131227357278655,"[{'label': 'LABEL_0', 'score': 0.7913190126419067}]"
1795128309941932363,"[{'label': 'LABEL_1', 'score': 0.9996277093887329}]"
1795127196706644451,"[{'label': 'LABEL_1', 'score': 0.9993888139724731}]"
1795116786355949637,"[{'label': 'LABEL_0', 'score': 0.999347984790802}]"
1795105551480766587,"[{'label': 'LABEL_1', 'score': 0.9944369792938232}]"
1795084151273480500,"[{'label': 'LABEL_0', 'score': 0.9992522597312927}]"
1795078914978488534,"[{'label': 'LABEL_0', 'score': 0.9997920393943787}]"
1795071772150112633,"[{'label': 'LABEL_0', 'score': 0.9998818635940552}]"
1795071617250341200,"[{'label': 'LABEL_0', 'score': 0.9996638298034668}]"
1795030964751433728,"[{'label': 'LABEL_0', 'score': 0.9998800754547119}]"
1794962360085487622,"[{'label': 'LABEL_0', 'score': 0.9998195767402649}]"
1794962199045194039,"[{'label': 'LABEL_0', 'score': 0.9998675584793091}]"
1794956218189926848,"[{'label': 'LABEL_1', 'score': 0.999454915523529}]"
1794954940944683314,"[{'label': 'LABEL_0', 'score': 0.9996514320373535}]"
1794953503196233930,"[{'label': 'LABEL_1', 'score': 0.8814371228218079}]"
1794939577226104988,"[{'label': 'LABEL_0', 'score': 0.9992105960845947}]"
1794936382013702612,"[{'label': 'LABEL_1', 'score': 0.995357096195221}]"
1794914022468563210,"[{'label': 'LABEL_0', 'score': 0.9998377561569214}]"
1794906571136520482,"[{'label': 'LABEL_0', 'score': 0.997914731502533}]"
1794884750177718383,"[{'label': 'LABEL_0', 'score': 0.99910968542099}]"
1794880598907240807,"[{'label': 'LABEL_0', 'score': 0.9998868703842163}]"
1794879266028679490,"[{'label': 'LABEL_0', 'score': 0.9999340772628784}]"
1794862037853684171,"[{'label': 'LABEL_0', 'score': 0.9998776912689209}]"
1794830860610670891,"[{'label': 'LABEL_0', 'score': 0.9999227523803711}]"
1794819366866796710,"[{'label': 'LABEL_1', 'score': 0.999728262424469}]"
1794818171368579102,"[{'label': 'LABEL_0', 'score': 0.9994072914123535}]"
1794787217677979662,"[{'label': 'LABEL_0', 'score': 0.9996739625930786}]"
1794786399490916424,"[{'label': 'LABEL_0', 'score': 0.9998726844787598}]"
1794784796067156231,"[{'label': 'LABEL_0', 'score': 0.9998928308486938}]"
1794769310809821391,"[{'label': 'LABEL_0', 'score': 0.9998219609260559}]"
1794766172745027747,"[{'label': 'LABEL_0', 'score': 0.9999269247055054}]"
1794749471886049375,"[{'label': 'LABEL_1', 'score': 0.9913932085037231}]"
1794746777457009111,"[{'label': 'LABEL_0', 'score': 0.999915599822998}]"
1794730221930950920,"[{'label': 'LABEL_0', 'score': 0.9998776912689209}]"
1794397537916313979,"[{'label': 'LABEL_0', 'score': 0.9999228715896606}]"
1794729214270468523,"[{'label': 'LABEL_0', 'score': 0.9998544454574585}]"
1794709924720894189,"[{'label': 'LABEL_0', 'score': 0.9997026324272156}]"
1794563522397192236,"[{'label': 'LABEL_0', 'score': 0.9997914433479309}]"
1794551060960334162,"[{'label': 'LABEL_1', 'score': 0.999363362789154}]"
1794549431968448964,"[{'label': 'LABEL_0', 'score': 0.999920129776001}]"
1794544680631496765,"[{'label': 'LABEL_1', 'score': 0.9994179010391235}]"
1794544271762317603,"[{'label': 'LABEL_1', 'score': 0.9994686245918274}]"
1794535058252124426,"[{'label': 'LABEL_1', 'score': 0.9993708729743958}]"
1794526787885494600,"[{'label': 'LABEL_0', 'score': 0.9945301413536072}]"
1794525372048105695,"[{'label': 'LABEL_0', 'score': 0.9932036399841309}]"
1794519373970829779,"[{'label': 'LABEL_0', 'score': 0.9999114274978638}]"
1794511146818420745,"[{'label': 'LABEL_1', 'score': 0.9246590733528137}]"
1794493769808503209,"[{'label': 'LABEL_1', 'score': 0.9997065663337708}]"
1794491130534302147,"[{'label': 'LABEL_0', 'score': 0.9989438652992249}]"
1794490177962102877,"[{'label': 'LABEL_0', 'score': 0.9998098015785217}]"
1794488895381643581,"[{'label': 'LABEL_1', 'score': 0.9000383615493774}]"
1794487308248559753,"[{'label': 'LABEL_0', 'score': 0.9999237060546875}]"
1794481903107498470,"[{'label': 'LABEL_1', 'score': 0.999053418636322}]"
1794475869441823031,"[{'label': 'LABEL_0', 'score': 0.9949530959129333}]"
1794463114328510700,"[{'label': 'LABEL_1', 'score': 0.9997276663780212}]"
1794462769389171071,"[{'label': 'LABEL_0', 'score': 0.9976257681846619}]"
1794456924177461502,"[{'label': 'LABEL_0', 'score': 0.9998167157173157}]"
1794454439547261214,"[{'label': 'LABEL_0', 'score': 0.999843955039978}]"
1794452906789191794,"[{'label': 'LABEL_0', 'score': 0.9999157190322876}]"
1794441439851552852,"[{'label': 'LABEL_0', 'score': 0.9999412298202515}]"
1794429675206291661,"[{'label': 'LABEL_0', 'score': 0.7605606913566589}]"
1794425167789387808,"[{'label': 'LABEL_0', 'score': 0.999937891960144}]"
1794422427495350716,"[{'label': 'LABEL_0', 'score': 0.9998857975006104}]"
1794417404875059220,"[{'label': 'LABEL_0', 'score': 0.9997324347496033}]"
1794411201969168549,"[{'label': 'LABEL_0', 'score': 0.9981777667999268}]"
1794407449040130153,"[{'label': 'LABEL_1', 'score': 0.999805748462677}]"
1794403281072205989,"[{'label': 'LABEL_0', 'score': 0.9999500513076782}]"
1794359529184112653,"[{'label': 'LABEL_0', 'score': 0.9998020529747009}]"
1794357752141316108,"[{'label': 'LABEL_0', 'score': 0.9999203681945801}]"
1794354724650795086,"[{'label': 'LABEL_1', 'score': 0.9998052716255188}]"
1794350702640422987,"[{'label': 'LABEL_0', 'score': 0.9998866319656372}]"
1794330899653533836,"[{'label': 'LABEL_0', 'score': 0.9998985528945923}]"
1794318748121550918,"[{'label': 'LABEL_1', 'score': 0.9973045587539673}]"
1794230382935802251,"[{'label': 'LABEL_0', 'score': 0.9999144077301025}]"
1794226097506378186,"[{'label': 'LABEL_1', 'score': 0.999517560005188}]"
1794219744603861453,"[{'label': 'LABEL_0', 'score': 0.9998844861984253}]"
1794197607289667629,"[{'label': 'LABEL_0', 'score': 0.999911904335022}]"
1794192183303803267,"[{'label': 'LABEL_0', 'score': 0.996333122253418}]"
1794182899941691833,"[{'label': 'LABEL_0', 'score': 0.9998834133148193}]"
1794138200249639249,"[{'label': 'LABEL_0', 'score': 0.9990021586418152}]"
1794163349984530631,"[{'label': 'LABEL_0', 'score': 0.9927462935447693}]"
1794151584865177834,"[{'label': 'LABEL_0', 'score': 0.9993143081665039}]"
1794150991186538657,"[{'label': 'LABEL_0', 'score': 0.9936356544494629}]"
1794144610437996783,"[{'label': 'LABEL_0', 'score': 0.9999394416809082}]"
1794121698603589825,"[{'label': 'LABEL_0', 'score': 0.9999312162399292}]"
1794114999914222055,"[{'label': 'LABEL_0', 'score': 0.9998288154602051}]"
1794095735828295966,"[{'label': 'LABEL_0', 'score': 0.999832034111023}]"
1794090385406353882,"[{'label': 'LABEL_0', 'score': 0.9999148845672607}]"
1794069166925787601,"[{'label': 'LABEL_0', 'score': 0.9998538494110107}]"
1794045695701471738,"[{'label': 'LABEL_0', 'score': 0.999850869178772}]"
1794015396560802138,"[{'label': 'LABEL_0', 'score': 0.9999284744262695}]"
1794005933846122973,"[{'label': 'LABEL_0', 'score': 0.9999219179153442}]"
1794005806548983936,"[{'label': 'LABEL_0', 'score': 0.999722421169281}]"
1793998698604790002,"[{'label': 'LABEL_0', 'score': 0.9998069405555725}]"
1793997074050236757,"[{'label': 'LABEL_0', 'score': 0.9998602867126465}]"
1793992125236842668,"[{'label': 'LABEL_1', 'score': 0.9235284328460693}]"
1793985790256787630,"[{'label': 'LABEL_0', 'score': 0.9999046325683594}]"
1793929170562715836,"[{'label': 'LABEL_0', 'score': 0.9994219541549683}]"
1793872611170304305,"[{'label': 'LABEL_0', 'score': 0.999915361404419}]"
1793868561510813858,"[{'label': 'LABEL_1', 'score': 0.9992958307266235}]"
1793848207577092186,"[{'label': 'LABEL_0', 'score': 0.9998252987861633}]"
1793841967060992302,"[{'label': 'LABEL_0', 'score': 0.9994158744812012}]"
1793832156235509865,"[{'label': 'LABEL_0', 'score': 0.9999082088470459}]"
1793831572849992036,"[{'label': 'LABEL_0', 'score': 0.999893307685852}]"
1793831185996747166,"[{'label': 'LABEL_1', 'score': 0.9839714169502258}]"
1793826576855167046,"[{'label': 'LABEL_0', 'score': 0.9998544454574585}]"
1793819432101327314,"[{'label': 'LABEL_0', 'score': 0.9999359846115112}]"
1793817987515854980,"[{'label': 'LABEL_1', 'score': 0.973335325717926}]"
1793812212089274853,"[{'label': 'LABEL_1', 'score': 0.9992524981498718}]"
1793804486311358745,"[{'label': 'LABEL_0', 'score': 0.9998698234558105}]"
1793803528944689339,"[{'label': 'LABEL_1', 'score': 0.9997648596763611}]"
1793790203196297307,"[{'label': 'LABEL_0', 'score': 0.9992607235908508}]"
1793771733146894433,"[{'label': 'LABEL_0', 'score': 0.9994286894798279}]"
1793771515441529262,"[{'label': 'LABEL_1', 'score': 0.9957646131515503}]"
1793760466722005489,"[{'label': 'LABEL_0', 'score': 0.9998929500579834}]"
1793733500950200486,"[{'label': 'LABEL_1', 'score': 0.9998065829277039}]"
1793721084359111086,"[{'label': 'LABEL_0', 'score': 0.9996824264526367}]"
1793720402721849801,"[{'label': 'LABEL_0', 'score': 0.9975830316543579}]"
1793289276374843623,"[{'label': 'LABEL_0', 'score': 0.9996758699417114}]"
1793711095599054940,"[{'label': 'LABEL_0', 'score': 0.9998134970664978}]"
1793709030080455150,"[{'label': 'LABEL_0', 'score': 0.9992145299911499}]"
1793699341053673529,"[{'label': 'LABEL_0', 'score': 0.6390621066093445}]"
1793693810918404209,"[{'label': 'LABEL_0', 'score': 0.9998679161071777}]"
1796590007307907468,"[{'label': 'LABEL_0', 'score': 0.9930946826934814}]"
1796579596340728255,"[{'label': 'LABEL_0', 'score': 0.9998377561569214}]"
1796477806945423484,"[{'label': 'LABEL_0', 'score': 0.9983869791030884}]"
1796575583675261013,"[{'label': 'LABEL_0', 'score': 0.9998396635055542}]"
1796561872071929935,"[{'label': 'LABEL_0', 'score': 0.9999237060546875}]"
1796532679112102209,"[{'label': 'LABEL_1', 'score': 0.9998995065689087}]"
1796529773101174886,"[{'label': 'LABEL_0', 'score': 0.9999101161956787}]"
1796529496348098862,"[{'label': 'LABEL_0', 'score': 0.9999089241027832}]"
1796431944680690149,"[{'label': 'LABEL_0', 'score': 0.9999544620513916}]"
1796400973260476460,"[{'label': 'LABEL_0', 'score': 0.9998816251754761}]"
1796397634116358572,"[{'label': 'LABEL_0', 'score': 0.9997404217720032}]"
1796377097050755361,"[{'label': 'LABEL_0', 'score': 0.8787063360214233}]"
1796376880620175861,"[{'label': 'LABEL_1', 'score': 0.9905793070793152}]"
1796363840227274861,"[{'label': 'LABEL_1', 'score': 0.9997072815895081}]"
1796355239110709617,"[{'label': 'LABEL_0', 'score': 0.9998761415481567}]"
1796352362929406198,"[{'label': 'LABEL_0', 'score': 0.9998602867126465}]"
1796351823604863098,"[{'label': 'LABEL_0', 'score': 0.9988856911659241}]"
1796349032186659308,"[{'label': 'LABEL_1', 'score': 0.9716691374778748}]"
1796345720917958744,"[{'label': 'LABEL_0', 'score': 0.999858021736145}]"
1796344341927194979,"[{'label': 'LABEL_1', 'score': 0.9997684359550476}]"
1796328792182641031,"[{'label': 'LABEL_0', 'score': 0.9999302625656128}]"
1796313056479191099,"[{'label': 'LABEL_1', 'score': 0.9996960163116455}]"
1796294358259437844,"[{'label': 'LABEL_0', 'score': 0.9999029636383057}]"
1796292970867523685,"[{'label': 'LABEL_0', 'score': 0.9997908473014832}]"
1796284382581285020,"[{'label': 'LABEL_1', 'score': 0.9995287656784058}]"
1796253912548151537,"[{'label': 'LABEL_0', 'score': 0.9980979561805725}]"
1796240585864761411,"[{'label': 'LABEL_0', 'score': 0.9663427472114563}]"
1796195554017312898,"[{'label': 'LABEL_1', 'score': 0.7282963991165161}]"
1796187309655945713,"[{'label': 'LABEL_0', 'score': 0.999913215637207}]"
1796186416222715954,"[{'label': 'LABEL_0', 'score': 0.9997410178184509}]"
1796173534164660343,"[{'label': 'LABEL_0', 'score': 0.9998388290405273}]"
1795996857358811583,"[{'label': 'LABEL_0', 'score': 0.9997673630714417}]"
1795989842284753306,"[{'label': 'LABEL_1', 'score': 0.9596599340438843}]"
1795987900930130093,"[{'label': 'LABEL_0', 'score': 0.9997789263725281}]"
1795986295929331884,"[{'label': 'LABEL_1', 'score': 0.9992910623550415}]"
1795941721743781931,"[{'label': 'LABEL_0', 'score': 0.9998387098312378}]"
1795923669199335841,"[{'label': 'LABEL_0', 'score': 0.9998641014099121}]"
1795914022132367616,"[{'label': 'LABEL_0', 'score': 0.999901533126831}]"
1795912246482079833,"[{'label': 'LABEL_0', 'score': 0.9998726844787598}]"
1795911205774561519,"[{'label': 'LABEL_0', 'score': 0.9998457431793213}]"
1795895274012889346,"[{'label': 'LABEL_0', 'score': 0.9998902082443237}]"
1795894613850337487,"[{'label': 'LABEL_0', 'score': 0.9527999758720398}]"
1795893426564579528,"[{'label': 'LABEL_0', 'score': 0.9997556805610657}]"
1795886621159555114,"[{'label': 'LABEL_0', 'score': 0.9998800754547119}]"
1795882452969238863,"[{'label': 'LABEL_0', 'score': 0.9999099969863892}]"
1795881892035563628,"[{'label': 'LABEL_0', 'score': 0.9998692274093628}]"
1795867996813951119,"[{'label': 'LABEL_0', 'score': 0.9999217987060547}]"
1795863703776068020,"[{'label': 'LABEL_0', 'score': 0.9998524188995361}]"
1795856921527738699,"[{'label': 'LABEL_0', 'score': 0.9996742010116577}]"
1795841813032640618,"[{'label': 'LABEL_0', 'score': 0.999825656414032}]"
1795813107287347592,"[{'label': 'LABEL_0', 'score': 0.9997518658638}]"
1795803967584190808,"[{'label': 'LABEL_1', 'score': 0.9940646290779114}]"
1798728301546000623,"[{'label': 'LABEL_0', 'score': 0.9997956156730652}]"
1798715330258202967,"[{'label': 'LABEL_0', 'score': 0.999176561832428}]"
1798711101330534478,"[{'label': 'LABEL_0', 'score': 0.9998828172683716}]"
1798708975023886616,"[{'label': 'LABEL_0', 'score': 0.9998345375061035}]"
1798697553506296261,"[{'label': 'LABEL_0', 'score': 0.9882398843765259}]"
1798692568857014416,"[{'label': 'LABEL_0', 'score': 0.9989959597587585}]"
1798592708564615629,"[{'label': 'LABEL_0', 'score': 0.9998743534088135}]"
1798578628198043805,"[{'label': 'LABEL_0', 'score': 0.9982948899269104}]"
1798565996405690703,"[{'label': 'LABEL_0', 'score': 0.9998192191123962}]"
1798559887263412249,"[{'label': 'LABEL_1', 'score': 0.8094614744186401}]"
1798547827188269531,"[{'label': 'LABEL_0', 'score': 0.9980915188789368}]"
1798536074496561295,"[{'label': 'LABEL_0', 'score': 0.9998445510864258}]"
1798517316956860876,"[{'label': 'LABEL_0', 'score': 0.999915361404419}]"
1798491350951960713,"[{'label': 'LABEL_1', 'score': 0.9998282194137573}]"
1798480089690275956,"[{'label': 'LABEL_0', 'score': 0.9996947050094604}]"
1798478771223405005,"[{'label': 'LABEL_1', 'score': 0.9996224641799927}]"
1798466797819277328,"[{'label': 'LABEL_0', 'score': 0.9993447661399841}]"
1798442471996969215,"[{'label': 'LABEL_0', 'score': 0.9999434947967529}]"
1798438962593137110,"[{'label': 'LABEL_0', 'score': 0.9998530149459839}]"
1798428496672567375,"[{'label': 'LABEL_1', 'score': 0.9996552467346191}]"
1798407427676647667,"[{'label': 'LABEL_0', 'score': 0.9998596906661987}]"
1798403093270495557,"[{'label': 'LABEL_0', 'score': 0.999891996383667}]"
1798395997560750107,"[{'label': 'LABEL_0', 'score': 0.999919056892395}]"
1798389086778175710,"[{'label': 'LABEL_0', 'score': 0.999903678894043}]"
1798388056141295941,"[{'label': 'LABEL_1', 'score': 0.9781109094619751}]"
1798378687597097099,"[{'label': 'LABEL_0', 'score': 0.999932050704956}]"
1798374959003357368,"[{'label': 'LABEL_0', 'score': 0.9996992349624634}]"
1798357840266252501,"[{'label': 'LABEL_0', 'score': 0.9998505115509033}]"
1798323026288926943,"[{'label': 'LABEL_1', 'score': 0.9986183643341064}]"
1798214117712617868,"[{'label': 'LABEL_1', 'score': 0.9996172189712524}]"
1798195813791015215,"[{'label': 'LABEL_0', 'score': 0.999885082244873}]"
1798193741372805319,"[{'label': 'LABEL_0', 'score': 0.9996308088302612}]"
1798191012868977106,"[{'label': 'LABEL_1', 'score': 0.9998194575309753}]"
1798186529468157963,"[{'label': 'LABEL_0', 'score': 0.9992896318435669}]"
1798181406872350721,"[{'label': 'LABEL_0', 'score': 0.9996219873428345}]"
1798178810334192010,"[{'label': 'LABEL_0', 'score': 0.9617579579353333}]"
1798150189426819507,"[{'label': 'LABEL_0', 'score': 0.9973958730697632}]"
1798131762876256351,"[{'label': 'LABEL_1', 'score': 0.9997217059135437}]"
1798126044068864272,"[{'label': 'LABEL_1', 'score': 0.9957346320152283}]"
1798086182288654500,"[{'label': 'LABEL_0', 'score': 0.9998635053634644}]"
1798083133361012987,"[{'label': 'LABEL_0', 'score': 0.9999244213104248}]"
1798169895211016539,"[{'label': 'LABEL_1', 'score': 0.9994982481002808}]"
1798067376925319237,"[{'label': 'LABEL_1', 'score': 0.9997491240501404}]"
1798053778740170951,"[{'label': 'LABEL_0', 'score': 0.9995241165161133}]"
1798032479418478659,"[{'label': 'LABEL_0', 'score': 0.999816358089447}]"
1798030232227913737,"[{'label': 'LABEL_0', 'score': 0.9998027682304382}]"
1798026111059886397,"[{'label': 'LABEL_0', 'score': 0.9992403984069824}]"
1798017869395247213,"[{'label': 'LABEL_0', 'score': 0.9999101161956787}]"
1798011433319580108,"[{'label': 'LABEL_0', 'score': 0.9998007416725159}]"
1797993945852723685,"[{'label': 'LABEL_0', 'score': 0.9998725652694702}]"
1797932458886971495,"[{'label': 'LABEL_1', 'score': 0.9943892359733582}]"
1797817540594520110,"[{'label': 'LABEL_0', 'score': 0.9999361038208008}]"
1797800628594606497,"[{'label': 'LABEL_1', 'score': 0.9996057152748108}]"
1797799866355335323,"[{'label': 'LABEL_1', 'score': 0.9996023774147034}]"
1797798374231642296,"[{'label': 'LABEL_0', 'score': 0.998399555683136}]"
1797750967137374509,"[{'label': 'LABEL_0', 'score': 0.9998571872711182}]"
1797738412964741604,"[{'label': 'LABEL_0', 'score': 0.9984031319618225}]"
1797726538626158949,"[{'label': 'LABEL_0', 'score': 0.9970417618751526}]"
1797718586510717209,"[{'label': 'LABEL_0', 'score': 0.9993990659713745}]"
1797718584673874024,"[{'label': 'LABEL_0', 'score': 0.9997629523277283}]"
1797702417515176219,"[{'label': 'LABEL_0', 'score': 0.9998643398284912}]"
1797702022919262558,"[{'label': 'LABEL_0', 'score': 0.9997287392616272}]"
1797689733361140074,"[{'label': 'LABEL_1', 'score': 0.9997351765632629}]"
1797680664541827157,"[{'label': 'LABEL_0', 'score': 0.9999063014984131}]"
1797671940460859747,"[{'label': 'LABEL_1', 'score': 0.9717725515365601}]"
1797645418332914001,"[{'label': 'LABEL_0', 'score': 0.9998892545700073}]"
1797641397027447128,"[{'label': 'LABEL_0', 'score': 0.9998595714569092}]"
1797627410156081299,"[{'label': 'LABEL_1', 'score': 0.9989423155784607}]"
1797625531963429080,"[{'label': 'LABEL_0', 'score': 0.9999144077301025}]"
1797599557519618129,"[{'label': 'LABEL_0', 'score': 0.9997151494026184}]"
1797596503852421333,"[{'label': 'LABEL_0', 'score': 0.9998542070388794}]"
1797592903750938885,"[{'label': 'LABEL_0', 'score': 0.9999021291732788}]"
1797584490413633750,"[{'label': 'LABEL_0', 'score': 0.9998527765274048}]"
1797486298716078579,"[{'label': 'LABEL_0', 'score': 0.9998492002487183}]"
1797479358371946618,"[{'label': 'LABEL_0', 'score': 0.999864935874939}]"
1797472821406503367,"[{'label': 'LABEL_0', 'score': 0.9999278783798218}]"
1797454137342468177,"[{'label': 'LABEL_0', 'score': 0.9998637437820435}]"
1797430218296078455,"[{'label': 'LABEL_0', 'score': 0.9997844099998474}]"
1797411236281196839,"[{'label': 'LABEL_0', 'score': 0.9997157454490662}]"
1797395799455805686,"[{'label': 'LABEL_0', 'score': 0.9999421834945679}]"
1797390198885560532,"[{'label': 'LABEL_0', 'score': 0.999953031539917}]"
1797367744720966088,"[{'label': 'LABEL_0', 'score': 0.701301097869873}]"
1797364166027559109,"[{'label': 'LABEL_0', 'score': 0.9997240900993347}]"
1797362703897432228,"[{'label': 'LABEL_1', 'score': 0.9994137287139893}]"
1797356846421856745,"[{'label': 'LABEL_1', 'score': 0.9995622038841248}]"
1797356766281261207,"[{'label': 'LABEL_0', 'score': 0.9990536570549011}]"
1797344599188361544,"[{'label': 'LABEL_0', 'score': 0.9997851252555847}]"
1797339902260002863,"[{'label': 'LABEL_1', 'score': 0.9997245669364929}]"
1797339300301848904,"[{'label': 'LABEL_1', 'score': 0.9984982013702393}]"
1797333015195979915,"[{'label': 'LABEL_0', 'score': 0.9991724491119385}]"
1797320982950019521,"[{'label': 'LABEL_0', 'score': 0.9989985823631287}]"
1797311566892732665,"[{'label': 'LABEL_0', 'score': 0.9999321699142456}]"
1797295773408735657,"[{'label': 'LABEL_0', 'score': 0.9989022016525269}]"
1797279456949620932,"[{'label': 'LABEL_0', 'score': 0.9998328685760498}]"
1797270415385010613,"[{'label': 'LABEL_0', 'score': 0.9999178647994995}]"
1797155619637498083,"[{'label': 'LABEL_0', 'score': 0.9999169111251831}]"
1797145142882709929,"[{'label': 'LABEL_0', 'score': 0.9998950958251953}]"
1797139287537848576,"[{'label': 'LABEL_0', 'score': 0.9990271329879761}]"
1797136740076970353,"[{'label': 'LABEL_1', 'score': 0.9996753931045532}]"
1797135206589116607,"[{'label': 'LABEL_0', 'score': 0.9997237324714661}]"
1797099797880480207,"[{'label': 'LABEL_0', 'score': 0.9997337460517883}]"
1797079945371341094,"[{'label': 'LABEL_1', 'score': 0.9997920393943787}]"
1797079428117229646,"[{'label': 'LABEL_0', 'score': 0.9998323917388916}]"
1797068647766098266,"[{'label': 'LABEL_0', 'score': 0.9998992681503296}]"
1797057664708452713,"[{'label': 'LABEL_0', 'score': 0.9997609257698059}]"
1797044047686799550,"[{'label': 'LABEL_0', 'score': 0.9997413754463196}]"
1797017497008210150,"[{'label': 'LABEL_1', 'score': 0.9937141537666321}]"
1796974848519872952,"[{'label': 'LABEL_0', 'score': 0.9998499155044556}]"
1796909281494618578,"[{'label': 'LABEL_0', 'score': 0.9999042749404907}]"
1796873146873561414,"[{'label': 'LABEL_0', 'score': 0.9998342990875244}]"
1796863911909642498,"[{'label': 'LABEL_0', 'score': 0.9998319149017334}]"
1796836572857307326,"[{'label': 'LABEL_0', 'score': 0.9996860027313232}]"
1796795738891923480,"[{'label': 'LABEL_1', 'score': 0.999701201915741}]"
1796771778812928036,"[{'label': 'LABEL_1', 'score': 0.9503306150436401}]"
1796752768016757230,"[{'label': 'LABEL_0', 'score': 0.999413013458252}]"
1796745219632677047,"[{'label': 'LABEL_0', 'score': 0.9998822212219238}]"
1796742376427553236,"[{'label': 'LABEL_0', 'score': 0.9997320771217346}]"
1796741370847080620,"[{'label': 'LABEL_0', 'score': 0.9997974038124084}]"
1796737955844837417,"[{'label': 'LABEL_1', 'score': 0.9998067021369934}]"
1796734007503180101,"[{'label': 'LABEL_0', 'score': 0.999724805355072}]"
1796709858328141860,"[{'label': 'LABEL_0', 'score': 0.9999182224273682}]"
1796687244578926851,"[{'label': 'LABEL_0', 'score': 0.9975920915603638}]"
1796656484127748550,"[{'label': 'LABEL_0', 'score': 0.9998829364776611}]"
1796646350529941754,"[{'label': 'LABEL_0', 'score': 0.9998385906219482}]"
1796633050509455770,"[{'label': 'LABEL_0', 'score': 0.9996899366378784}]"
1796616029474258998,"[{'label': 'LABEL_0', 'score': 0.9999134540557861}]"
1796610501985583241,"[{'label': 'LABEL_1', 'score': 0.9997137188911438}]"
1800216282161467631,"[{'label': 'LABEL_1', 'score': 0.9998024106025696}]"
1800214638359171515,"[{'label': 'LABEL_0', 'score': 0.9999163150787354}]"
1801225559042621744,"[{'label': 'LABEL_0', 'score': 0.9997745156288147}]"
1801221333394559315,"[{'label': 'LABEL_1', 'score': 0.9991932511329651}]"
1801212866311184397,"[{'label': 'LABEL_0', 'score': 0.9995120763778687}]"
1801166268294127815,"[{'label': 'LABEL_0', 'score': 0.9994879961013794}]"
1801152064526975094,"[{'label': 'LABEL_0', 'score': 0.9996697902679443}]"
1801126210480525782,"[{'label': 'LABEL_0', 'score': 0.9997320771217346}]"
1801125636238409877,"[{'label': 'LABEL_0', 'score': 0.5537962913513184}]"
1801123284471193885,"[{'label': 'LABEL_0', 'score': 0.5653145909309387}]"
1801101119717806584,"[{'label': 'LABEL_1', 'score': 0.9819637537002563}]"
1801096280946475369,"[{'label': 'LABEL_0', 'score': 0.9996590614318848}]"
1801092242372808867,"[{'label': 'LABEL_1', 'score': 0.999240517616272}]"
1801089870472835211,"[{'label': 'LABEL_0', 'score': 0.9999315738677979}]"
1801088044771991941,"[{'label': 'LABEL_0', 'score': 0.9999008178710938}]"
1801087355987615837,"[{'label': 'LABEL_0', 'score': 0.999738872051239}]"
1801079506134016418,"[{'label': 'LABEL_1', 'score': 0.830227255821228}]"
1801069187197997532,"[{'label': 'LABEL_1', 'score': 0.999745786190033}]"
1801061845299532238,"[{'label': 'LABEL_0', 'score': 0.9998637437820435}]"
1801060582683975962,"[{'label': 'LABEL_1', 'score': 0.9994938373565674}]"
1801055882513465589,"[{'label': 'LABEL_1', 'score': 0.6046673655509949}]"
1801053226088710548,"[{'label': 'LABEL_0', 'score': 0.999902606010437}]"
1801041878814441601,"[{'label': 'LABEL_0', 'score': 0.9998239874839783}]"
1801039999493669344,"[{'label': 'LABEL_1', 'score': 0.9992628693580627}]"
1801038022026174912,"[{'label': 'LABEL_0', 'score': 0.9997782111167908}]"
1801017943867748826,"[{'label': 'LABEL_0', 'score': 0.9997920393943787}]"
1801012923709460964,"[{'label': 'LABEL_1', 'score': 0.9998584985733032}]"
1801010581027041663,"[{'label': 'LABEL_1', 'score': 0.9995179176330566}]"
1801004891831202285,"[{'label': 'LABEL_1', 'score': 0.9991527795791626}]"
1801001435254895045,"[{'label': 'LABEL_1', 'score': 0.9997342228889465}]"
1800990098709676430,"[{'label': 'LABEL_1', 'score': 0.9996708631515503}]"
1800975909438226849,"[{'label': 'LABEL_0', 'score': 0.9994358420372009}]"
1800941636211331565,"[{'label': 'LABEL_0', 'score': 0.9996930360794067}]"
1800931269100159049,"[{'label': 'LABEL_0', 'score': 0.9996622800827026}]"
1800922442724205015,"[{'label': 'LABEL_0', 'score': 0.9967785477638245}]"
1800921548322484685,"[{'label': 'LABEL_0', 'score': 0.999901294708252}]"
1800920421144891457,"[{'label': 'LABEL_0', 'score': 0.9998121857643127}]"
1800909674146836826,"[{'label': 'LABEL_0', 'score': 0.9999399185180664}]"
1800909510619578871,"[{'label': 'LABEL_0', 'score': 0.9999233484268188}]"
1800893085028856035,"[{'label': 'LABEL_0', 'score': 0.6198356747627258}]"
1800886090070720955,"[{'label': 'LABEL_0', 'score': 0.9999333620071411}]"
1800884382418567502,"[{'label': 'LABEL_0', 'score': 0.9997890591621399}]"
1800876295787868167,"[{'label': 'LABEL_0', 'score': 0.9931846261024475}]"
1800858980866269299,"[{'label': 'LABEL_0', 'score': 0.9999091625213623}]"
1800858430514852023,"[{'label': 'LABEL_0', 'score': 0.9999032020568848}]"
1800799056241004952,"[{'label': 'LABEL_0', 'score': 0.9985264539718628}]"
1800729850950684889,"[{'label': 'LABEL_1', 'score': 0.995675265789032}]"
1800709187502211567,"[{'label': 'LABEL_0', 'score': 0.9985628724098206}]"
1800694978248859894,"[{'label': 'LABEL_1', 'score': 0.9998570680618286}]"
1800690231949373793,"[{'label': 'LABEL_0', 'score': 0.999845027923584}]"
1800671644777922712,"[{'label': 'LABEL_0', 'score': 0.999617338180542}]"
1800667988724785520,"[{'label': 'LABEL_0', 'score': 0.9285435080528259}]"
1800666726000193845,"[{'label': 'LABEL_0', 'score': 0.999024510383606}]"
1800631964191322207,"[{'label': 'LABEL_0', 'score': 0.99988853931427}]"
1800630363313586683,"[{'label': 'LABEL_0', 'score': 0.9998509883880615}]"
1800614502788194347,"[{'label': 'LABEL_0', 'score': 0.9998118281364441}]"
1800610450087793025,"[{'label': 'LABEL_0', 'score': 0.9998334646224976}]"
1800608865530392975,"[{'label': 'LABEL_0', 'score': 0.9998770952224731}]"
1800604053279273274,"[{'label': 'LABEL_0', 'score': 0.9993833303451538}]"
1800596317393019227,"[{'label': 'LABEL_0', 'score': 0.9993448853492737}]"
1800586011384357252,"[{'label': 'LABEL_0', 'score': 0.9976835250854492}]"
1800565701658476590,"[{'label': 'LABEL_0', 'score': 0.9997804760932922}]"
1800558916100931702,"[{'label': 'LABEL_0', 'score': 0.9996206760406494}]"
1800542780705669392,"[{'label': 'LABEL_0', 'score': 0.999915361404419}]"
1800533769386074344,"[{'label': 'LABEL_0', 'score': 0.9959893822669983}]"
1800533107457831420,"[{'label': 'LABEL_0', 'score': 0.9980596899986267}]"
1800529564516635126,"[{'label': 'LABEL_0', 'score': 0.9997888207435608}]"
1800523756034732372,"[{'label': 'LABEL_0', 'score': 0.9997443556785583}]"
1800518967578317066,"[{'label': 'LABEL_1', 'score': 0.9999150037765503}]"
1800493483066851734,"[{'label': 'LABEL_0', 'score': 0.9999039173126221}]"
1800490934305796159,"[{'label': 'LABEL_0', 'score': 0.9997759461402893}]"
1800475429209604462,"[{'label': 'LABEL_0', 'score': 0.9998708963394165}]"
1800407889544376569,"[{'label': 'LABEL_0', 'score': 0.9926718473434448}]"
1800361896077652071,"[{'label': 'LABEL_0', 'score': 0.9998410940170288}]"
1800342533869900049,"[{'label': 'LABEL_0', 'score': 0.9993144273757935}]"
1800337448523935895,"[{'label': 'LABEL_1', 'score': 0.999835729598999}]"
1800329483150385604,"[{'label': 'LABEL_1', 'score': 0.9299520254135132}]"
1800319975355568168,"[{'label': 'LABEL_0', 'score': 0.9982771873474121}]"
1800319425637384401,"[{'label': 'LABEL_0', 'score': 0.9983046054840088}]"
1800302830336807345,"[{'label': 'LABEL_0', 'score': 0.9999164342880249}]"
1800294619936432290,"[{'label': 'LABEL_0', 'score': 0.9996383190155029}]"
1800294076212027879,"[{'label': 'LABEL_0', 'score': 0.9556348919868469}]"
1800293700125249826,"[{'label': 'LABEL_0', 'score': 0.9999351501464844}]"
1800287999885787606,"[{'label': 'LABEL_0', 'score': 0.9984197616577148}]"
1799506687881003399,"[{'label': 'LABEL_0', 'score': 0.999869704246521}]"
1800283415704658358,"[{'label': 'LABEL_0', 'score': 0.9871820211410522}]"
1800282234399969779,"[{'label': 'LABEL_0', 'score': 0.9999094009399414}]"
1800281595137651125,"[{'label': 'LABEL_0', 'score': 0.9994791150093079}]"
1800280278633459734,"[{'label': 'LABEL_0', 'score': 0.9651132225990295}]"
1800271515386257854,"[{'label': 'LABEL_0', 'score': 0.9947267174720764}]"
1800242968542040172,"[{'label': 'LABEL_0', 'score': 0.9997931122779846}]"
1803401602641940496,"[{'label': 'LABEL_1', 'score': 0.9994059801101685}]"
1803387025598361834,"[{'label': 'LABEL_0', 'score': 0.9998440742492676}]"
1803380690311844298,"[{'label': 'LABEL_1', 'score': 0.9993835687637329}]"
1803379105955516762,"[{'label': 'LABEL_0', 'score': 0.999843955039978}]"
1803376188712276459,"[{'label': 'LABEL_1', 'score': 0.9997039437294006}]"
1803296853737246842,"[{'label': 'LABEL_1', 'score': 0.8457027077674866}]"
1803288639339700401,"[{'label': 'LABEL_1', 'score': 0.9992825388908386}]"
1803284140126581206,"[{'label': 'LABEL_1', 'score': 0.9992247819900513}]"
1803276044465500294,"[{'label': 'LABEL_0', 'score': 0.96230149269104}]"
1803271047988269552,"[{'label': 'LABEL_0', 'score': 0.9997639060020447}]"
1803269030779732239,"[{'label': 'LABEL_1', 'score': 0.9989369511604309}]"
1803268850303078845,"[{'label': 'LABEL_0', 'score': 0.9125018119812012}]"
1803263521821536754,"[{'label': 'LABEL_1', 'score': 0.9993478655815125}]"
1803257151281918341,"[{'label': 'LABEL_0', 'score': 0.9995073080062866}]"
1803224692821553574,"[{'label': 'LABEL_0', 'score': 0.9997885823249817}]"
1803222041652260896,"[{'label': 'LABEL_0', 'score': 0.9995937943458557}]"
1803219793748644159,"[{'label': 'LABEL_0', 'score': 0.9997798800468445}]"
1803219451141312672,"[{'label': 'LABEL_0', 'score': 0.9997645020484924}]"
1803201938495779037,"[{'label': 'LABEL_0', 'score': 0.9999356269836426}]"
1803194027451281577,"[{'label': 'LABEL_0', 'score': 0.9998842477798462}]"
1803193125978120621,"[{'label': 'LABEL_0', 'score': 0.9190263748168945}]"
1803167947839455695,"[{'label': 'LABEL_0', 'score': 0.99982750415802}]"
1803159508912578781,"[{'label': 'LABEL_0', 'score': 0.9951991438865662}]"
1803158397623431642,"[{'label': 'LABEL_0', 'score': 0.9999115467071533}]"
1803136889886769170,"[{'label': 'LABEL_0', 'score': 0.9993460774421692}]"
1803132411728859460,"[{'label': 'LABEL_0', 'score': 0.9998748302459717}]"
1803127054642081894,"[{'label': 'LABEL_1', 'score': 0.7549446225166321}]"
1803112249575575869,"[{'label': 'LABEL_0', 'score': 0.9999302625656128}]"
1803109931614355734,"[{'label': 'LABEL_1', 'score': 0.9669742584228516}]"
1803088246227816926,"[{'label': 'LABEL_1', 'score': 0.9996711015701294}]"
1803087233735422304,"[{'label': 'LABEL_1', 'score': 0.9992747902870178}]"
1803086616824558004,"[{'label': 'LABEL_1', 'score': 0.9996474981307983}]"
1803080559171625447,"[{'label': 'LABEL_0', 'score': 0.9996601343154907}]"
1803053751999099227,"[{'label': 'LABEL_0', 'score': 0.9996165037155151}]"
1802927882995425655,"[{'label': 'LABEL_0', 'score': 0.9999148845672607}]"
1802913435266469901,"[{'label': 'LABEL_1', 'score': 0.9991932511329651}]"
1802903922018771318,"[{'label': 'LABEL_1', 'score': 0.9901672601699829}]"
1802887530062426323,"[{'label': 'LABEL_0', 'score': 0.9830695390701294}]"
1802881947376435701,"[{'label': 'LABEL_0', 'score': 0.9992092847824097}]"
1802859324370456747,"[{'label': 'LABEL_1', 'score': 0.7090102434158325}]"
1802841747052978381,"[{'label': 'LABEL_0', 'score': 0.9998787641525269}]"
1802813206840160365,"[{'label': 'LABEL_0', 'score': 0.9978466033935547}]"
1802789354122973486,"[{'label': 'LABEL_1', 'score': 0.9996867179870605}]"
1802789012110774352,"[{'label': 'LABEL_1', 'score': 0.9995538592338562}]"
1802776239331234180,"[{'label': 'LABEL_1', 'score': 0.9979026317596436}]"
1802739348925829556,"[{'label': 'LABEL_0', 'score': 0.9996592998504639}]"
1802733343768715771,"[{'label': 'LABEL_0', 'score': 0.9995954632759094}]"
1802700577131921747,"[{'label': 'LABEL_0', 'score': 0.999932050704956}]"
1802524050792525988,"[{'label': 'LABEL_0', 'score': 0.999832272529602}]"
1802503707944235102,"[{'label': 'LABEL_0', 'score': 0.9998660087585449}]"
1802486307991515382,"[{'label': 'LABEL_0', 'score': 0.9994611144065857}]"
1802480869933781287,"[{'label': 'LABEL_0', 'score': 0.9998836517333984}]"
1802473451699241338,"[{'label': 'LABEL_0', 'score': 0.9998682737350464}]"
1802462472172953906,"[{'label': 'LABEL_0', 'score': 0.999625563621521}]"
1802456142947262618,"[{'label': 'LABEL_0', 'score': 0.9997757077217102}]"
1802447569915887983,"[{'label': 'LABEL_0', 'score': 0.9999328851699829}]"
1802438522659381606,"[{'label': 'LABEL_1', 'score': 0.9992528557777405}]"
1802409672995181006,"[{'label': 'LABEL_0', 'score': 0.9927570223808289}]"
1802384189423063073,"[{'label': 'LABEL_0', 'score': 0.9997888207435608}]"
1802382209220841856,"[{'label': 'LABEL_0', 'score': 0.9998074173927307}]"
1802380933883969801,"[{'label': 'LABEL_0', 'score': 0.9997377991676331}]"
1802380334262063114,"[{'label': 'LABEL_0', 'score': 0.9996298551559448}]"
1802377338262319328,"[{'label': 'LABEL_0', 'score': 0.9999078512191772}]"
1802286336532963648,"[{'label': 'LABEL_0', 'score': 0.9998908042907715}]"
1802219746013634912,"[{'label': 'LABEL_1', 'score': 0.9998383522033691}]"
1802172194320970079,"[{'label': 'LABEL_0', 'score': 0.9999227523803711}]"
1802168073027297306,"[{'label': 'LABEL_0', 'score': 0.9994704127311707}]"
1802164616845291763,"[{'label': 'LABEL_1', 'score': 0.9990687966346741}]"
1802158621179994255,"[{'label': 'LABEL_1', 'score': 0.9995290040969849}]"
1802152094884897048,"[{'label': 'LABEL_1', 'score': 0.7834448218345642}]"
1802142048553775504,"[{'label': 'LABEL_1', 'score': 0.9994794726371765}]"
1802113400102592615,"[{'label': 'LABEL_0', 'score': 0.9998966455459595}]"
1801673610324590708,"[{'label': 'LABEL_0', 'score': 0.9997705817222595}]"
1802111016479895893,"[{'label': 'LABEL_0', 'score': 0.9997969269752502}]"
1802104444080792050,"[{'label': 'LABEL_0', 'score': 0.9995724558830261}]"
1802054114504831006,"[{'label': 'LABEL_0', 'score': 0.999725878238678}]"
1802043819224920081,"[{'label': 'LABEL_0', 'score': 0.9998490810394287}]"
1802040591733154026,"[{'label': 'LABEL_0', 'score': 0.9998378753662109}]"
1802030723550810535,"[{'label': 'LABEL_0', 'score': 0.9829591512680054}]"
1802026500247417069,"[{'label': 'LABEL_0', 'score': 0.9998136162757874}]"
1802015958782849486,"[{'label': 'LABEL_0', 'score': 0.9999104738235474}]"
1802010027168800966,"[{'label': 'LABEL_0', 'score': 0.9998992681503296}]"
1801992584241328411,"[{'label': 'LABEL_0', 'score': 0.9998180270195007}]"
1801987852915376601,"[{'label': 'LABEL_0', 'score': 0.9997408986091614}]"
1801953519953432995,"[{'label': 'LABEL_0', 'score': 0.9993884563446045}]"
1801947033277694105,"[{'label': 'LABEL_0', 'score': 0.999829888343811}]"
1801913526107123872,"[{'label': 'LABEL_0', 'score': 0.9998618364334106}]"
1801862132322938986,"[{'label': 'LABEL_0', 'score': 0.9998931884765625}]"
1801855458774319358,"[{'label': 'LABEL_0', 'score': 0.9995667338371277}]"
1801802197644058779,"[{'label': 'LABEL_0', 'score': 0.999896764755249}]"
1801798663011709012,"[{'label': 'LABEL_0', 'score': 0.9998942613601685}]"
1801792980925263895,"[{'label': 'LABEL_0', 'score': 0.8858442306518555}]"
1801789990004810235,"[{'label': 'LABEL_0', 'score': 0.9999278783798218}]"
1801779435386876209,"[{'label': 'LABEL_1', 'score': 0.999319314956665}]"
1801770012786442285,"[{'label': 'LABEL_0', 'score': 0.9993942975997925}]"
1801768763026448761,"[{'label': 'LABEL_1', 'score': 0.9993694424629211}]"
1801755608405700778,"[{'label': 'LABEL_0', 'score': 0.9999289512634277}]"
1801750913733771446,"[{'label': 'LABEL_0', 'score': 0.9998636245727539}]"
1801748631990477085,"[{'label': 'LABEL_1', 'score': 0.9992793202400208}]"
1801718457421205592,"[{'label': 'LABEL_0', 'score': 0.9999066591262817}]"
1801711018395001054,"[{'label': 'LABEL_0', 'score': 0.999798595905304}]"
1801701762262237338,"[{'label': 'LABEL_0', 'score': 0.9999277591705322}]"
1801695377864708521,"[{'label': 'LABEL_1', 'score': 0.997733473777771}]"
1801681776399556959,"[{'label': 'LABEL_1', 'score': 0.999182403087616}]"
1801678058023203077,"[{'label': 'LABEL_0', 'score': 0.9998939037322998}]"
1801674706396893297,"[{'label': 'LABEL_0', 'score': 0.9996191263198853}]"
1801669156405670051,"[{'label': 'LABEL_0', 'score': 0.9999251365661621}]"
1801652843297787906,"[{'label': 'LABEL_0', 'score': 0.9993507266044617}]"
1801649727379018140,"[{'label': 'LABEL_0', 'score': 0.9998179078102112}]"
1801642833285169492,"[{'label': 'LABEL_1', 'score': 0.6183319091796875}]"
1801617583050743867,"[{'label': 'LABEL_0', 'score': 0.9998373985290527}]"
1801603458182656023,"[{'label': 'LABEL_0', 'score': 0.9998313188552856}]"
1801600036930723988,"[{'label': 'LABEL_1', 'score': 0.9996243715286255}]"
1801584630975349035,"[{'label': 'LABEL_0', 'score': 0.9991357922554016}]"
1801575346380140931,"[{'label': 'LABEL_0', 'score': 0.9998672008514404}]"
1801552228261511595,"[{'label': 'LABEL_0', 'score': 0.9998181462287903}]"
1801508248098386079,"[{'label': 'LABEL_0', 'score': 0.9964678287506104}]"
1801499545563529541,"[{'label': 'LABEL_0', 'score': 0.9996347427368164}]"
1801468126443249870,"[{'label': 'LABEL_1', 'score': 0.9962263107299805}]"
1801464024548155873,"[{'label': 'LABEL_0', 'score': 0.9990445971488953}]"
1801448185451135280,"[{'label': 'LABEL_1', 'score': 0.845630407333374}]"
1801443988676759611,"[{'label': 'LABEL_0', 'score': 0.9997530579566956}]"
1801439893035343887,"[{'label': 'LABEL_0', 'score': 0.9998717308044434}]"
1801424984323330443,"[{'label': 'LABEL_0', 'score': 0.9998188614845276}]"
1801423445592363312,"[{'label': 'LABEL_0', 'score': 0.9999473094940186}]"
1801416411526398071,"[{'label': 'LABEL_1', 'score': 0.9996597766876221}]"
1801416113273639182,"[{'label': 'LABEL_1', 'score': 0.9996646642684937}]"
1801407319747522704,"[{'label': 'LABEL_0', 'score': 0.9998310804367065}]"
1801401552558563448,"[{'label': 'LABEL_0', 'score': 0.999891996383667}]"
1801379536057126970,"[{'label': 'LABEL_0', 'score': 0.9998912811279297}]"
1801362413482053986,"[{'label': 'LABEL_0', 'score': 0.9996042847633362}]"
1801362315998081360,"[{'label': 'LABEL_0', 'score': 0.9998518228530884}]"
1801359894043574501,"[{'label': 'LABEL_0', 'score': 0.9997420907020569}]"
1801356999034019897,"[{'label': 'LABEL_0', 'score': 0.9998728036880493}]"
1801344063897223265,"[{'label': 'LABEL_0', 'score': 0.9998359680175781}]"
1801342606812791089,"[{'label': 'LABEL_0', 'score': 0.9998327493667603}]"
1801338836485890256,"[{'label': 'LABEL_0', 'score': 0.9998830556869507}]"
1801331310876889330,"[{'label': 'LABEL_0', 'score': 0.9999240636825562}]"
1801323495571304465,"[{'label': 'LABEL_0', 'score': 0.9998364448547363}]"
1801322795135336648,"[{'label': 'LABEL_0', 'score': 0.9994518160820007}]"
1801294069316128954,"[{'label': 'LABEL_0', 'score': 0.9965850114822388}]"
1801292321356440030,"[{'label': 'LABEL_1', 'score': 0.9998613595962524}]"
1801286515533758494,"[{'label': 'LABEL_0', 'score': 0.9999423027038574}]"
1801249407121109434,"[{'label': 'LABEL_1', 'score': 0.8223380446434021}]"
1801234564599148777,"[{'label': 'LABEL_0', 'score': 0.9998388290405273}]"
1805284675784483232,"[{'label': 'LABEL_1', 'score': 0.9989761114120483}]"
1805277710505107533,"[{'label': 'LABEL_0', 'score': 0.9996364116668701}]"
1805268637382557876,"[{'label': 'LABEL_0', 'score': 0.9998279809951782}]"
1805263690931061098,"[{'label': 'LABEL_0', 'score': 0.9999008178710938}]"
1805259901477732454,"[{'label': 'LABEL_0', 'score': 0.8166373372077942}]"
1805232435627450864,"[{'label': 'LABEL_0', 'score': 0.9994004964828491}]"
1805203692594823399,"[{'label': 'LABEL_0', 'score': 0.999772846698761}]"
1805162682426761375,"[{'label': 'LABEL_0', 'score': 0.9999358654022217}]"
1805143952481308981,"[{'label': 'LABEL_0', 'score': 0.990772008895874}]"
1805054867292987765,"[{'label': 'LABEL_1', 'score': 0.9998906850814819}]"
1805049761747083751,"[{'label': 'LABEL_0', 'score': 0.9998608827590942}]"
1805032697816895724,"[{'label': 'LABEL_0', 'score': 0.9980946183204651}]"
1805032558427582946,"[{'label': 'LABEL_1', 'score': 0.9994804263114929}]"
1805021038922891511,"[{'label': 'LABEL_0', 'score': 0.9993615746498108}]"
1805006303749607702,"[{'label': 'LABEL_0', 'score': 0.9998612403869629}]"
1804986693419753607,"[{'label': 'LABEL_0', 'score': 0.9994171857833862}]"
1804986318859948422,"[{'label': 'LABEL_1', 'score': 0.9980401396751404}]"
1804985067518783504,"[{'label': 'LABEL_0', 'score': 0.9893003106117249}]"
1804970412935205172,"[{'label': 'LABEL_0', 'score': 0.9995201826095581}]"
1804961773902028983,"[{'label': 'LABEL_1', 'score': 0.9998723268508911}]"
1804960774542205341,"[{'label': 'LABEL_1', 'score': 0.7782849669456482}]"
1804956926335156540,"[{'label': 'LABEL_0', 'score': 0.9999068975448608}]"
1804929606966718728,"[{'label': 'LABEL_0', 'score': 0.9999175071716309}]"
1804926497745973500,"[{'label': 'LABEL_0', 'score': 0.9999098777770996}]"
1804920566715191706,"[{'label': 'LABEL_0', 'score': 0.9998571872711182}]"
1804918187806372248,"[{'label': 'LABEL_0', 'score': 0.9990376234054565}]"
1804881536270975120,"[{'label': 'LABEL_0', 'score': 0.7561604380607605}]"
1804877571986739570,"[{'label': 'LABEL_0', 'score': 0.9978228807449341}]"
1804857121420316748,"[{'label': 'LABEL_0', 'score': 0.9999024868011475}]"
1804847943582634392,"[{'label': 'LABEL_0', 'score': 0.9998288154602051}]"
1804843570001572130,"[{'label': 'LABEL_0', 'score': 0.999915599822998}]"
1804796595826810993,"[{'label': 'LABEL_0', 'score': 0.9993600249290466}]"
1804731946401947885,"[{'label': 'LABEL_1', 'score': 0.9921597838401794}]"
1804728370455830982,"[{'label': 'LABEL_0', 'score': 0.9999444484710693}]"
1804695715152535644,"[{'label': 'LABEL_1', 'score': 0.9972764849662781}]"
1804678782613332405,"[{'label': 'LABEL_0', 'score': 0.9953957200050354}]"
1804642405993394186,"[{'label': 'LABEL_0', 'score': 0.9997305274009705}]"
1804641268644884543,"[{'label': 'LABEL_0', 'score': 0.9997974038124084}]"
1804634251788493147,"[{'label': 'LABEL_0', 'score': 0.999380350112915}]"
1804626602342396318,"[{'label': 'LABEL_0', 'score': 0.999147891998291}]"
1804626248481620003,"[{'label': 'LABEL_1', 'score': 0.9996399879455566}]"
1804563387369578567,"[{'label': 'LABEL_1', 'score': 0.9924391508102417}]"
1804548853309259888,"[{'label': 'LABEL_0', 'score': 0.9999226331710815}]"
1804531742436401286,"[{'label': 'LABEL_0', 'score': 0.9996579885482788}]"
1804524780126650449,"[{'label': 'LABEL_0', 'score': 0.9999089241027832}]"
1804493256580858242,"[{'label': 'LABEL_0', 'score': 0.999887228012085}]"
1804517475591094305,"[{'label': 'LABEL_0', 'score': 0.9979337453842163}]"
1804504782360793297,"[{'label': 'LABEL_1', 'score': 0.8303843140602112}]"
1804503950114099629,"[{'label': 'LABEL_0', 'score': 0.9996902942657471}]"
1804503127351083057,"[{'label': 'LABEL_0', 'score': 0.996882438659668}]"
1804494244758823112,"[{'label': 'LABEL_0', 'score': 0.9998579025268555}]"
1804245048801857589,"[{'label': 'LABEL_0', 'score': 0.9999092817306519}]"
1778449784736448635,"[{'label': 'LABEL_0', 'score': 0.9998706579208374}]"
1804374432095289697,"[{'label': 'LABEL_0', 'score': 0.9999080896377563}]"
1804332799547121910,"[{'label': 'LABEL_0', 'score': 0.999915599822998}]"
1804329171868381279,"[{'label': 'LABEL_0', 'score': 0.9998553991317749}]"
1804326441502285836,"[{'label': 'LABEL_0', 'score': 0.9995917677879333}]"
1804326074815271237,"[{'label': 'LABEL_1', 'score': 0.9958431124687195}]"
1804324875206525132,"[{'label': 'LABEL_1', 'score': 0.7999098896980286}]"
1804316166099190184,"[{'label': 'LABEL_1', 'score': 0.9993736147880554}]"
1804309425940762830,"[{'label': 'LABEL_1', 'score': 0.9991583824157715}]"
1804301598887129426,"[{'label': 'LABEL_1', 'score': 0.9996578693389893}]"
1804300058830974981,"[{'label': 'LABEL_0', 'score': 0.9998161196708679}]"
1804293668930568281,"[{'label': 'LABEL_0', 'score': 0.9998937845230103}]"
1804273113686823389,"[{'label': 'LABEL_0', 'score': 0.9971027970314026}]"
1804263139355300052,"[{'label': 'LABEL_0', 'score': 0.9998724460601807}]"
1804262728548102416,"[{'label': 'LABEL_0', 'score': 0.9835159182548523}]"
1804246722375569438,"[{'label': 'LABEL_0', 'score': 0.9998598098754883}]"
1804224508598927793,"[{'label': 'LABEL_0', 'score': 0.9998859167098999}]"
1804215580041580582,"[{'label': 'LABEL_0', 'score': 0.999725878238678}]"
1804199186906140760,"[{'label': 'LABEL_0', 'score': 0.9997931122779846}]"
1804190946554200262,"[{'label': 'LABEL_0', 'score': 0.999914288520813}]"
1804189723000263127,"[{'label': 'LABEL_1', 'score': 0.999656081199646}]"
1804186463971442704,"[{'label': 'LABEL_0', 'score': 0.9926425814628601}]"
1804182853250322740,"[{'label': 'LABEL_0', 'score': 0.9998725652694702}]"
1804181734335869181,"[{'label': 'LABEL_0', 'score': 0.9998337030410767}]"
1804161393442144384,"[{'label': 'LABEL_1', 'score': 0.9997178912162781}]"
1804096924829499420,"[{'label': 'LABEL_0', 'score': 0.9998601675033569}]"
1804024718757937501,"[{'label': 'LABEL_0', 'score': 0.9990147352218628}]"
1804022444572709181,"[{'label': 'LABEL_0', 'score': 0.9998518228530884}]"
1803975297529704833,"[{'label': 'LABEL_0', 'score': 0.9171068668365479}]"
1803490637703987267,"[{'label': 'LABEL_1', 'score': 0.9996932744979858}]"
1803970467537068066,"[{'label': 'LABEL_0', 'score': 0.9998390674591064}]"
1803970052401586355,"[{'label': 'LABEL_0', 'score': 0.9999063014984131}]"
1803969949158809657,"[{'label': 'LABEL_0', 'score': 0.9992714524269104}]"
1803960428231315722,"[{'label': 'LABEL_1', 'score': 0.9994435906410217}]"
1803958360611397834,"[{'label': 'LABEL_0', 'score': 0.9996140599250793}]"
1803925094286127178,"[{'label': 'LABEL_1', 'score': 0.9995341300964355}]"
1803899302554521682,"[{'label': 'LABEL_0', 'score': 0.9998645782470703}]"
1803884863759511779,"[{'label': 'LABEL_0', 'score': 0.9993213415145874}]"
1803883412740051305,"[{'label': 'LABEL_1', 'score': 0.8051931262016296}]"
1803882669715116174,"[{'label': 'LABEL_0', 'score': 0.9996840953826904}]"
1803840862691938721,"[{'label': 'LABEL_0', 'score': 0.999866247177124}]"
1803813636630003747,"[{'label': 'LABEL_0', 'score': 0.9996657371520996}]"
1803764239200399785,"[{'label': 'LABEL_0', 'score': 0.9989489912986755}]"
1803693666411622538,"[{'label': 'LABEL_0', 'score': 0.9985526204109192}]"
1803637830826004736,"[{'label': 'LABEL_1', 'score': 0.9996674060821533}]"
1803625140611125405,"[{'label': 'LABEL_1', 'score': 0.9992690682411194}]"
1803615222189494662,"[{'label': 'LABEL_1', 'score': 0.9995437264442444}]"
1803601053763473591,"[{'label': 'LABEL_0', 'score': 0.9997218251228333}]"
1803596872516317575,"[{'label': 'LABEL_0', 'score': 0.9962297081947327}]"
1803593065946349686,"[{'label': 'LABEL_0', 'score': 0.9998753070831299}]"
1803545295625638378,"[{'label': 'LABEL_0', 'score': 0.9984580278396606}]"
1803525308471189945,"[{'label': 'LABEL_1', 'score': 0.9829219579696655}]"
1803500024246206715,"[{'label': 'LABEL_0', 'score': 0.9998730421066284}]"
1803479389478277156,"[{'label': 'LABEL_0', 'score': 0.9999076128005981}]"
1803472018358018231,"[{'label': 'LABEL_0', 'score': 0.863092839717865}]"
1803467725274026043,"[{'label': 'LABEL_0', 'score': 0.9998390674591064}]"
1803461639510847815,"[{'label': 'LABEL_0', 'score': 0.9999279975891113}]"
1803440974083006555,"[{'label': 'LABEL_0', 'score': 0.9997658133506775}]"
1803433926569963651,"[{'label': 'LABEL_0', 'score': 0.9998611211776733}]"
1803426069623484874,"[{'label': 'LABEL_0', 'score': 0.9999134540557861}]"
1803418480743452847,"[{'label': 'LABEL_0', 'score': 0.9998192191123962}]"
1806381944437145841,"[{'label': 'LABEL_0', 'score': 0.9981716871261597}]"
1806379461694136437,"[{'label': 'LABEL_0', 'score': 0.9959073066711426}]"
1806366302950338787,"[{'label': 'LABEL_1', 'score': 0.9874066710472107}]"
1806365240436650319,"[{'label': 'LABEL_0', 'score': 0.999916672706604}]"
1806364143198364134,"[{'label': 'LABEL_1', 'score': 0.9608807563781738}]"
1806361812176162846,"[{'label': 'LABEL_0', 'score': 0.999846339225769}]"
1806361319844598127,"[{'label': 'LABEL_1', 'score': 0.9995142221450806}]"
1806331813482172507,"[{'label': 'LABEL_0', 'score': 0.9997782111167908}]"
1806303156361421086,"[{'label': 'LABEL_1', 'score': 0.9996726512908936}]"
1806296586172989742,"[{'label': 'LABEL_0', 'score': 0.9998444318771362}]"
1806220129266487435,"[{'label': 'LABEL_1', 'score': 0.9995456337928772}]"
1806193114488475650,"[{'label': 'LABEL_0', 'score': 0.9999063014984131}]"
1806177733791170749,"[{'label': 'LABEL_0', 'score': 0.9892771244049072}]"
1806169341802451088,"[{'label': 'LABEL_1', 'score': 0.7296156287193298}]"
1806165635539317198,"[{'label': 'LABEL_0', 'score': 0.9996155500411987}]"
1806154998616653859,"[{'label': 'LABEL_0', 'score': 0.9996978044509888}]"
1806153200606601524,"[{'label': 'LABEL_0', 'score': 0.9998681545257568}]"
1806152992099307736,"[{'label': 'LABEL_0', 'score': 0.9999228715896606}]"
1806117729864204790,"[{'label': 'LABEL_0', 'score': 0.9997593760490417}]"
1806097962033959000,"[{'label': 'LABEL_0', 'score': 0.9998774528503418}]"
1806095542859989088,"[{'label': 'LABEL_1', 'score': 0.9996169805526733}]"
1806086927495393674,"[{'label': 'LABEL_0', 'score': 0.999863862991333}]"
1806082300519563475,"[{'label': 'LABEL_1', 'score': 0.9748724699020386}]"
1806081504755458438,"[{'label': 'LABEL_0', 'score': 0.9994540810585022}]"
1806080716813267443,"[{'label': 'LABEL_0', 'score': 0.9998552799224854}]"
1806066631870677130,"[{'label': 'LABEL_0', 'score': 0.9994065761566162}]"
1806058317753553096,"[{'label': 'LABEL_0', 'score': 0.9999111890792847}]"
1806046711602716845,"[{'label': 'LABEL_0', 'score': 0.9997112154960632}]"
1806044894219112545,"[{'label': 'LABEL_0', 'score': 0.9999409914016724}]"
1806035511175512206,"[{'label': 'LABEL_0', 'score': 0.9999037981033325}]"
1806029109639999549,"[{'label': 'LABEL_0', 'score': 0.9999209642410278}]"
1806014592868336022,"[{'label': 'LABEL_0', 'score': 0.99983811378479}]"
1806009532893565335,"[{'label': 'LABEL_0', 'score': 0.9998492002487183}]"
1806003750093389994,"[{'label': 'LABEL_1', 'score': 0.9998461008071899}]"
1806002456863649839,"[{'label': 'LABEL_0', 'score': 0.9999195337295532}]"
1806001485861507169,"[{'label': 'LABEL_0', 'score': 0.999836802482605}]"
1806000297396875290,"[{'label': 'LABEL_1', 'score': 0.9897654056549072}]"
1805994866519703819,"[{'label': 'LABEL_0', 'score': 0.9998868703842163}]"
1805986622816620600,"[{'label': 'LABEL_0', 'score': 0.99895179271698}]"
1805970602148184403,"[{'label': 'LABEL_0', 'score': 0.9999228715896606}]"
1805963762395931093,"[{'label': 'LABEL_0', 'score': 0.9997100234031677}]"
1805947456900788339,"[{'label': 'LABEL_0', 'score': 0.999901294708252}]"
1805917593179447407,"[{'label': 'LABEL_0', 'score': 0.9998495578765869}]"
1805910644555735213,"[{'label': 'LABEL_1', 'score': 0.999231219291687}]"
1805823802611216594,"[{'label': 'LABEL_0', 'score': 0.9460873007774353}]"
1805799599585583458,"[{'label': 'LABEL_0', 'score': 0.9998509883880615}]"
1805786270989467861,"[{'label': 'LABEL_1', 'score': 0.9992198944091797}]"
1805783635607310628,"[{'label': 'LABEL_1', 'score': 0.999617338180542}]"
1805781366342053957,"[{'label': 'LABEL_0', 'score': 0.9998936653137207}]"
1805763579821334930,"[{'label': 'LABEL_0', 'score': 0.9998444318771362}]"
1805759456300380160,"[{'label': 'LABEL_0', 'score': 0.999815046787262}]"
1805755257625985251,"[{'label': 'LABEL_0', 'score': 0.9998997449874878}]"
1805754336531591530,"[{'label': 'LABEL_1', 'score': 0.9997116923332214}]"
1805742107300446598,"[{'label': 'LABEL_1', 'score': 0.9815515875816345}]"
1805719333101879543,"[{'label': 'LABEL_0', 'score': 0.9990571141242981}]"
1805741399016460666,"[{'label': 'LABEL_0', 'score': 0.9996930360794067}]"
1805739489001980040,"[{'label': 'LABEL_0', 'score': 0.9998639822006226}]"
1805733789597155552,"[{'label': 'LABEL_0', 'score': 0.9999170303344727}]"
1805730953962123363,"[{'label': 'LABEL_0', 'score': 0.9999127388000488}]"
1805729164357779847,"[{'label': 'LABEL_0', 'score': 0.997734785079956}]"
1805727087166144805,"[{'label': 'LABEL_0', 'score': 0.9999226331710815}]"
1805723991971447172,"[{'label': 'LABEL_0', 'score': 0.6628686189651489}]"
1805721425900163191,"[{'label': 'LABEL_0', 'score': 0.9995959401130676}]"
1805682364817063959,"[{'label': 'LABEL_0', 'score': 0.9999082088470459}]"
1805669974712701049,"[{'label': 'LABEL_1', 'score': 0.8297700881958008}]"
1805608968191947047,"[{'label': 'LABEL_0', 'score': 0.9998101592063904}]"
1805474906114547910,"[{'label': 'LABEL_0', 'score': 0.9992757439613342}]"
1805441481840173506,"[{'label': 'LABEL_0', 'score': 0.9998525381088257}]"
1805440534275666009,"[{'label': 'LABEL_0', 'score': 0.9995235204696655}]"
1805438693353681062,"[{'label': 'LABEL_1', 'score': 0.99832683801651}]"
1805438448397865269,"[{'label': 'LABEL_1', 'score': 0.9999200105667114}]"
1805425421074235867,"[{'label': 'LABEL_0', 'score': 0.9996067881584167}]"
1805414338909307301,"[{'label': 'LABEL_1', 'score': 0.9998533725738525}]"
1805403342543212774,"[{'label': 'LABEL_0', 'score': 0.9997026324272156}]"
1805367710332657878,"[{'label': 'LABEL_1', 'score': 0.9996604919433594}]"
1805367159750578454,"[{'label': 'LABEL_0', 'score': 0.9998607635498047}]"
1805366113892483358,"[{'label': 'LABEL_0', 'score': 0.9999239444732666}]"
1805365107205029896,"[{'label': 'LABEL_1', 'score': 0.9904712438583374}]"
1805329684215087225,"[{'label': 'LABEL_0', 'score': 0.999932050704956}]"
1805319139872870678,"[{'label': 'LABEL_0', 'score': 0.9997252821922302}]"
1805319081911779740,"[{'label': 'LABEL_0', 'score': 0.9999085664749146}]"
1805316903142858954,"[{'label': 'LABEL_1', 'score': 0.9986467957496643}]"
1805315564362985503,"[{'label': 'LABEL_0', 'score': 0.999909520149231}]"
1805302571252256963,"[{'label': 'LABEL_0', 'score': 0.9998883008956909}]"
1807721699510505573,"[{'label': 'LABEL_1', 'score': 0.9995273351669312}]"
1807618274512851074,"[{'label': 'LABEL_1', 'score': 0.9996609687805176}]"
1807600414465909017,"[{'label': 'LABEL_0', 'score': 0.9993571639060974}]"
1807594150964957495,"[{'label': 'LABEL_1', 'score': 0.9194256663322449}]"
1807591535048798281,"[{'label': 'LABEL_0', 'score': 0.9999017715454102}]"
1807561332385775885,"[{'label': 'LABEL_1', 'score': 0.9383697509765625}]"
1807556309782593660,"[{'label': 'LABEL_0', 'score': 0.9999206066131592}]"
1807549085831795166,"[{'label': 'LABEL_1', 'score': 0.9997374415397644}]"
1807525176449626472,"[{'label': 'LABEL_0', 'score': 0.9998389482498169}]"
1807523695340179709,"[{'label': 'LABEL_0', 'score': 0.9993647933006287}]"
1807520361975849395,"[{'label': 'LABEL_0', 'score': 0.9993064403533936}]"
1807513112494366731,"[{'label': 'LABEL_1', 'score': 0.9997372031211853}]"
1807488081005621671,"[{'label': 'LABEL_0', 'score': 0.9675552248954773}]"
1807474148895051876,"[{'label': 'LABEL_0', 'score': 0.9998542070388794}]"
1807469634800500841,"[{'label': 'LABEL_0', 'score': 0.9994925260543823}]"
1807468883269300261,"[{'label': 'LABEL_1', 'score': 0.9989871382713318}]"
1807468664829903150,"[{'label': 'LABEL_0', 'score': 0.9998358488082886}]"
1807468319152255405,"[{'label': 'LABEL_0', 'score': 0.5937467813491821}]"
1807467826120188078,"[{'label': 'LABEL_0', 'score': 0.9999017715454102}]"
1807448166758760658,"[{'label': 'LABEL_0', 'score': 0.9999116659164429}]"
1807436035766329794,"[{'label': 'LABEL_0', 'score': 0.9998989105224609}]"
1807414532974780550,"[{'label': 'LABEL_1', 'score': 0.9956626296043396}]"
1807406169524248853,"[{'label': 'LABEL_0', 'score': 0.9997736811637878}]"
1807401179732656367,"[{'label': 'LABEL_0', 'score': 0.9989562034606934}]"
1807263517097000994,"[{'label': 'LABEL_0', 'score': 0.9998989105224609}]"
1807235387913609691,"[{'label': 'LABEL_0', 'score': 0.9856012463569641}]"
1807230180596801583,"[{'label': 'LABEL_0', 'score': 0.9992075562477112}]"
1807219819298623946,"[{'label': 'LABEL_0', 'score': 0.9998387098312378}]"
1807218819141689379,"[{'label': 'LABEL_0', 'score': 0.9996508359909058}]"
1807157063065174393,"[{'label': 'LABEL_0', 'score': 0.9993107318878174}]"
1807126997090423071,"[{'label': 'LABEL_0', 'score': 0.9999338388442993}]"
1807115336065372564,"[{'label': 'LABEL_0', 'score': 0.9998586177825928}]"
1807064080982606132,"[{'label': 'LABEL_0', 'score': 0.9998927116394043}]"
1807060164392194557,"[{'label': 'LABEL_1', 'score': 0.9994087219238281}]"
1807022318675214542,"[{'label': 'LABEL_0', 'score': 0.9998608827590942}]"
1806975234982969692,"[{'label': 'LABEL_0', 'score': 0.9999088048934937}]"
1806941656404365349,"[{'label': 'LABEL_1', 'score': 0.7770040035247803}]"
1806901836714230247,"[{'label': 'LABEL_0', 'score': 0.9999114274978638}]"
1806871475992818038,"[{'label': 'LABEL_1', 'score': 0.9996973276138306}]"
1806854554857754864,"[{'label': 'LABEL_1', 'score': 0.9729867577552795}]"
1806845736744857814,"[{'label': 'LABEL_0', 'score': 0.9995774626731873}]"
1806835041609158919,"[{'label': 'LABEL_0', 'score': 0.9997162222862244}]"
1806832349906129174,"[{'label': 'LABEL_1', 'score': 0.9993590712547302}]"
1806825050542317755,"[{'label': 'LABEL_0', 'score': 0.9999176263809204}]"
1806787248312259067,"[{'label': 'LABEL_1', 'score': 0.9996713399887085}]"
1806761631604498863,"[{'label': 'LABEL_0', 'score': 0.9998490810394287}]"
1806758238710329468,"[{'label': 'LABEL_0', 'score': 0.9998296499252319}]"
1806754375051710741,"[{'label': 'LABEL_0', 'score': 0.9984517097473145}]"
1806752433667809516,"[{'label': 'LABEL_0', 'score': 0.9993271827697754}]"
1806748842655613274,"[{'label': 'LABEL_0', 'score': 0.9998356103897095}]"
1806740229207781383,"[{'label': 'LABEL_0', 'score': 0.9998799562454224}]"
1806738334510887420,"[{'label': 'LABEL_0', 'score': 0.9997416138648987}]"
1806733334824841296,"[{'label': 'LABEL_0', 'score': 0.9999202489852905}]"
1806723333599146505,"[{'label': 'LABEL_1', 'score': 0.999167799949646}]"
1806720386387661076,"[{'label': 'LABEL_0', 'score': 0.9998548030853271}]"
1806710595720282510,"[{'label': 'LABEL_0', 'score': 0.9995997548103333}]"
1806706161489469476,"[{'label': 'LABEL_0', 'score': 0.629021167755127}]"
1806703956392890732,"[{'label': 'LABEL_1', 'score': 0.9990553259849548}]"
1806701805000151135,"[{'label': 'LABEL_0', 'score': 0.9998723268508911}]"
1806686079774261335,"[{'label': 'LABEL_0', 'score': 0.9991810917854309}]"
1806667554963726631,"[{'label': 'LABEL_1', 'score': 0.9993476271629333}]"
1806625380813459775,"[{'label': 'LABEL_1', 'score': 0.9994891881942749}]"
1806561305228153036,"[{'label': 'LABEL_1', 'score': 0.7418871521949768}]"
1806554632174403908,"[{'label': 'LABEL_0', 'score': 0.9999009370803833}]"
1806550985981985141,"[{'label': 'LABEL_1', 'score': 0.9983818531036377}]"
1806535419670024622,"[{'label': 'LABEL_1', 'score': 0.9993798732757568}]"
1806514561626898432,"[{'label': 'LABEL_0', 'score': 0.9998863935470581}]"
1806514166812799034,"[{'label': 'LABEL_0', 'score': 0.9999011754989624}]"
1806512601032970556,"[{'label': 'LABEL_1', 'score': 0.9996532201766968}]"
1806507136786018502,"[{'label': 'LABEL_0', 'score': 0.9998462200164795}]"
1806481223411274006,"[{'label': 'LABEL_0', 'score': 0.9998785257339478}]"
1806587568349131180,"[{'label': 'LABEL_0', 'score': 0.9998069405555725}]"
1806478078459224383,"[{'label': 'LABEL_0', 'score': 0.9995207786560059}]"
1806465409450713358,"[{'label': 'LABEL_0', 'score': 0.998653769493103}]"
1806443688471519435,"[{'label': 'LABEL_0', 'score': 0.9999128580093384}]"
1806435835383832933,"[{'label': 'LABEL_1', 'score': 0.9992111921310425}]"
1806434817778520298,"[{'label': 'LABEL_0', 'score': 0.9998958110809326}]"
1806430022523355578,"[{'label': 'LABEL_0', 'score': 0.9998867511749268}]"
1806409635710021813,"[{'label': 'LABEL_1', 'score': 0.9984161853790283}]"
1806409328393326865,"[{'label': 'LABEL_0', 'score': 0.9998093247413635}]"
1806404250185953616,"[{'label': 'LABEL_1', 'score': 0.9997842907905579}]"
1806403547799441820,"[{'label': 'LABEL_0', 'score': 0.9994454979896545}]"
1806402588742480036,"[{'label': 'LABEL_0', 'score': 0.9998922348022461}]"
1806401558940450837,"[{'label': 'LABEL_0', 'score': 0.9999191761016846}]"
1806397739611177148,"[{'label': 'LABEL_0', 'score': 0.9998171925544739}]"
1806393270064271419,"[{'label': 'LABEL_0', 'score': 0.9998704195022583}]"
1806391473161843113,"[{'label': 'LABEL_0', 'score': 0.991563081741333}]"
1806390961800638748,"[{'label': 'LABEL_0', 'score': 0.9998811483383179}]"
1806385923812458744,"[{'label': 'LABEL_1', 'score': 0.9994903802871704}]"
1806385677203828892,"[{'label': 'LABEL_1', 'score': 0.999504566192627}]"
1807843334016086462,"[{'label': 'LABEL_0', 'score': 0.9998834133148193}]"
1807843171407167757,"[{'label': 'LABEL_0', 'score': 0.9992638230323792}]"
1807842174132015296,"[{'label': 'LABEL_0', 'score': 0.9997307658195496}]"
1807834960654655792,"[{'label': 'LABEL_1', 'score': 0.8830157518386841}]"
1807812595748950497,"[{'label': 'LABEL_1', 'score': 0.9205811619758606}]"
1807811275625320554,"[{'label': 'LABEL_0', 'score': 0.9976397752761841}]"
1807800681065005432,"[{'label': 'LABEL_1', 'score': 0.699535608291626}]"
1807788455172161828,"[{'label': 'LABEL_1', 'score': 0.9350754618644714}]"
1810362550841753602,"[{'label': 'LABEL_0', 'score': 0.999930739402771}]"
1810325969414295642,"[{'label': 'LABEL_1', 'score': 0.9837397933006287}]"
1810266773578485898,"[{'label': 'LABEL_0', 'score': 0.9999126195907593}]"
1810194875398197474,"[{'label': 'LABEL_0', 'score': 0.9998007416725159}]"
1810154299491525044,"[{'label': 'LABEL_0', 'score': 0.9998138546943665}]"
1810148017468592504,"[{'label': 'LABEL_0', 'score': 0.9995379447937012}]"
1810133073234718721,"[{'label': 'LABEL_1', 'score': 0.9994218349456787}]"
1810116650676502573,"[{'label': 'LABEL_0', 'score': 0.9997242093086243}]"
1810106618589163618,"[{'label': 'LABEL_1', 'score': 0.9995310306549072}]"
1810104533667676418,"[{'label': 'LABEL_1', 'score': 0.999796450138092}]"
1810096791859118484,"[{'label': 'LABEL_1', 'score': 0.999563992023468}]"
1810082499868897307,"[{'label': 'LABEL_0', 'score': 0.9970393776893616}]"
1810080657084756395,"[{'label': 'LABEL_0', 'score': 0.999618411064148}]"
1810054135498326357,"[{'label': 'LABEL_1', 'score': 0.9985735416412354}]"
1810053486064587151,"[{'label': 'LABEL_0', 'score': 0.9580344557762146}]"
1810052928155324787,"[{'label': 'LABEL_0', 'score': 0.9996997117996216}]"
1810052338146521380,"[{'label': 'LABEL_0', 'score': 0.9997875094413757}]"
1810049371083546625,"[{'label': 'LABEL_0', 'score': 0.9995445609092712}]"
1810038920081748044,"[{'label': 'LABEL_0', 'score': 0.9991080164909363}]"
1810014498306048203,"[{'label': 'LABEL_0', 'score': 0.9996687173843384}]"
1810010720035062217,"[{'label': 'LABEL_0', 'score': 0.9998267292976379}]"
1810002979606737258,"[{'label': 'LABEL_0', 'score': 0.9999163150787354}]"
1809979093644984424,"[{'label': 'LABEL_0', 'score': 0.9997444748878479}]"
1809970122552991908,"[{'label': 'LABEL_0', 'score': 0.9997145533561707}]"
1809944444487278648,"[{'label': 'LABEL_0', 'score': 0.999929666519165}]"
1809942230876209163,"[{'label': 'LABEL_0', 'score': 0.999861478805542}]"
1809840658443608290,"[{'label': 'LABEL_1', 'score': 0.999305248260498}]"
1809928784750977158,"[{'label': 'LABEL_0', 'score': 0.9998782873153687}]"
1809887456172380493,"[{'label': 'LABEL_0', 'score': 0.9998832941055298}]"
1809871882528620857,"[{'label': 'LABEL_1', 'score': 0.9997615218162537}]"
1809775719364309332,"[{'label': 'LABEL_0', 'score': 0.9997749924659729}]"
1809767207724888539,"[{'label': 'LABEL_0', 'score': 0.9999164342880249}]"
1809729266948374726,"[{'label': 'LABEL_0', 'score': 0.9992986917495728}]"
1809709259833172476,"[{'label': 'LABEL_0', 'score': 0.9983571171760559}]"
1809694498210865176,"[{'label': 'LABEL_0', 'score': 0.9998441934585571}]"
1809690497503408600,"[{'label': 'LABEL_0', 'score': 0.9998337030410767}]"
1809681921242173565,"[{'label': 'LABEL_0', 'score': 0.9986433386802673}]"
1809667713809137696,"[{'label': 'LABEL_1', 'score': 0.9986979961395264}]"
1809667370090172573,"[{'label': 'LABEL_1', 'score': 0.9988330006599426}]"
1809659666437402822,"[{'label': 'LABEL_0', 'score': 0.9999010562896729}]"
1809659138319712642,"[{'label': 'LABEL_0', 'score': 0.9996774196624756}]"
1809637266345664603,"[{'label': 'LABEL_0', 'score': 0.9999213218688965}]"
1809593642023010690,"[{'label': 'LABEL_0', 'score': 0.9997397065162659}]"
1809585412521758940,"[{'label': 'LABEL_0', 'score': 0.9998223185539246}]"
1809583102336868652,"[{'label': 'LABEL_0', 'score': 0.9995307922363281}]"
1809567527543955854,"[{'label': 'LABEL_0', 'score': 0.9998542070388794}]"
1809537522264928599,"[{'label': 'LABEL_1', 'score': 0.9993153810501099}]"
1809470846538314237,"[{'label': 'LABEL_0', 'score': 0.9999339580535889}]"
1809467459210211602,"[{'label': 'LABEL_0', 'score': 0.999915599822998}]"
1809455969589489715,"[{'label': 'LABEL_0', 'score': 0.9998586177825928}]"
1809453528793895385,"[{'label': 'LABEL_0', 'score': 0.9994181394577026}]"
1809416991041601928,"[{'label': 'LABEL_0', 'score': 0.999647855758667}]"
1809403809556303968,"[{'label': 'LABEL_1', 'score': 0.9987961053848267}]"
1809397043288281507,"[{'label': 'LABEL_0', 'score': 0.9998577833175659}]"
1809378959970238565,"[{'label': 'LABEL_1', 'score': 0.9993990659713745}]"
1809324217701138781,"[{'label': 'LABEL_0', 'score': 0.999881386756897}]"
1809319988848914666,"[{'label': 'LABEL_0', 'score': 0.9991833567619324}]"
1809302343810445732,"[{'label': 'LABEL_0', 'score': 0.9998276233673096}]"
1809017495803580468,"[{'label': 'LABEL_0', 'score': 0.9998534917831421}]"
1809297857570017563,"[{'label': 'LABEL_0', 'score': 0.9971442818641663}]"
1809285314068054094,"[{'label': 'LABEL_1', 'score': 0.9994727969169617}]"
1809246635139961065,"[{'label': 'LABEL_0', 'score': 0.7906782031059265}]"
1809235358116118821,"[{'label': 'LABEL_0', 'score': 0.9999464750289917}]"
1809100056240234507,"[{'label': 'LABEL_0', 'score': 0.9998494386672974}]"
1809069206043865112,"[{'label': 'LABEL_0', 'score': 0.9994006156921387}]"
1809065196272365859,"[{'label': 'LABEL_0', 'score': 0.9998487234115601}]"
1809063153210368461,"[{'label': 'LABEL_1', 'score': 0.9995459914207458}]"
1809054261235286414,"[{'label': 'LABEL_0', 'score': 0.9975143671035767}]"
1809052621681971283,"[{'label': 'LABEL_1', 'score': 0.9978827834129333}]"
1809051656727711764,"[{'label': 'LABEL_1', 'score': 0.9980910420417786}]"
1809043293272973753,"[{'label': 'LABEL_0', 'score': 0.9998525381088257}]"
1809043158799691984,"[{'label': 'LABEL_1', 'score': 0.9998262524604797}]"
1809031876360778173,"[{'label': 'LABEL_1', 'score': 0.8157998323440552}]"
1809021684785070537,"[{'label': 'LABEL_0', 'score': 0.9998239874839783}]"
1809008428590801329,"[{'label': 'LABEL_0', 'score': 0.9993582367897034}]"
1808997948228882551,"[{'label': 'LABEL_0', 'score': 0.9997914433479309}]"
1808994825980518684,"[{'label': 'LABEL_0', 'score': 0.9998113512992859}]"
1808982727560929287,"[{'label': 'LABEL_0', 'score': 0.9998773336410522}]"
1808982671244341634,"[{'label': 'LABEL_0', 'score': 0.9779000878334045}]"
1808971533936644139,"[{'label': 'LABEL_0', 'score': 0.9986127614974976}]"
1808965364140945438,"[{'label': 'LABEL_0', 'score': 0.9988285899162292}]"
1808952494111822126,"[{'label': 'LABEL_0', 'score': 0.999772846698761}]"
1808937808217977325,"[{'label': 'LABEL_0', 'score': 0.9999054670333862}]"
1808924021355938072,"[{'label': 'LABEL_1', 'score': 0.999327540397644}]"
1808918386774323373,"[{'label': 'LABEL_0', 'score': 0.9998897314071655}]"
1808907645178556827,"[{'label': 'LABEL_0', 'score': 0.9994907379150391}]"
1808907111625101482,"[{'label': 'LABEL_0', 'score': 0.9992850422859192}]"
1808905881280475301,"[{'label': 'LABEL_0', 'score': 0.9995065927505493}]"
1808902588466651535,"[{'label': 'LABEL_0', 'score': 0.998252809047699}]"
1808901193491739063,"[{'label': 'LABEL_0', 'score': 0.9996926784515381}]"
1808899596694814945,"[{'label': 'LABEL_0', 'score': 0.9999033212661743}]"
1808899461365616908,"[{'label': 'LABEL_0', 'score': 0.999881386756897}]"
1808895115169010130,"[{'label': 'LABEL_0', 'score': 0.9915378093719482}]"
1808893301195522301,"[{'label': 'LABEL_0', 'score': 0.9996147155761719}]"
1808889497007874185,"[{'label': 'LABEL_0', 'score': 0.9998162388801575}]"
1808887709622047161,"[{'label': 'LABEL_1', 'score': 0.9994848966598511}]"
1808884441239986316,"[{'label': 'LABEL_0', 'score': 0.9998867511749268}]"
1808875020560597054,"[{'label': 'LABEL_0', 'score': 0.9993792772293091}]"
1808870783906640068,"[{'label': 'LABEL_0', 'score': 0.9999059438705444}]"
1808870261329981716,"[{'label': 'LABEL_0', 'score': 0.9995007514953613}]"
1808845038274638197,"[{'label': 'LABEL_0', 'score': 0.9998107552528381}]"
1808799133597069516,"[{'label': 'LABEL_1', 'score': 0.9974207878112793}]"
1808718884909777074,"[{'label': 'LABEL_1', 'score': 0.9996963739395142}]"
1808708899643523479,"[{'label': 'LABEL_1', 'score': 0.9994814991950989}]"
1808699564775403575,"[{'label': 'LABEL_0', 'score': 0.9999080896377563}]"
1808694738490372183,"[{'label': 'LABEL_0', 'score': 0.9998624324798584}]"
1808683938493124830,"[{'label': 'LABEL_0', 'score': 0.9998997449874878}]"
1808672120148197795,"[{'label': 'LABEL_0', 'score': 0.999916672706604}]"
1808667877366469081,"[{'label': 'LABEL_0', 'score': 0.9994235038757324}]"
1808662753164272079,"[{'label': 'LABEL_0', 'score': 0.9999294281005859}]"
1808634322716430397,"[{'label': 'LABEL_0', 'score': 0.9998338222503662}]"
1808607935548834177,"[{'label': 'LABEL_0', 'score': 0.9994397759437561}]"
1808598866083676493,"[{'label': 'LABEL_0', 'score': 0.999920129776001}]"
1808566829293453393,"[{'label': 'LABEL_1', 'score': 0.9996180534362793}]"
1808550319690756461,"[{'label': 'LABEL_0', 'score': 0.9998443126678467}]"
1808540810805207332,"[{'label': 'LABEL_0', 'score': 0.9998170733451843}]"
1808539825890603026,"[{'label': 'LABEL_0', 'score': 0.9999150037765503}]"
1808536107845398762,"[{'label': 'LABEL_0', 'score': 0.9988906979560852}]"
1808535367236112428,"[{'label': 'LABEL_1', 'score': 0.7133144736289978}]"
1808534778238358004,"[{'label': 'LABEL_0', 'score': 0.993107795715332}]"
1808531384299851897,"[{'label': 'LABEL_0', 'score': 0.9998288154602051}]"
1808510507726598554,"[{'label': 'LABEL_0', 'score': 0.9998773336410522}]"
1808492136813199599,"[{'label': 'LABEL_0', 'score': 0.999874472618103}]"
1808467336011063508,"[{'label': 'LABEL_0', 'score': 0.9999167919158936}]"
1808366515290329557,"[{'label': 'LABEL_0', 'score': 0.9999279975891113}]"
1808354566984921421,"[{'label': 'LABEL_0', 'score': 0.9998364448547363}]"
1808337897902178305,"[{'label': 'LABEL_0', 'score': 0.9998873472213745}]"
1808336946021745050,"[{'label': 'LABEL_0', 'score': 0.9998577833175659}]"
1808316715870134358,"[{'label': 'LABEL_0', 'score': 0.9977567791938782}]"
1808307135731679603,"[{'label': 'LABEL_1', 'score': 0.9996023774147034}]"
1808300882414407932,"[{'label': 'LABEL_0', 'score': 0.9983766078948975}]"
1808291059501277383,"[{'label': 'LABEL_0', 'score': 0.9998137354850769}]"
1808289703453495516,"[{'label': 'LABEL_0', 'score': 0.9990708827972412}]"
1808289385558733024,"[{'label': 'LABEL_1', 'score': 0.7582151889801025}]"
1808284586842952062,"[{'label': 'LABEL_0', 'score': 0.9995952248573303}]"
1808281868615197161,"[{'label': 'LABEL_1', 'score': 0.9997250437736511}]"
1808266447476457576,"[{'label': 'LABEL_0', 'score': 0.999920129776001}]"
1808265851700715798,"[{'label': 'LABEL_0', 'score': 0.9998168349266052}]"
1807918104237990373,"[{'label': 'LABEL_1', 'score': 0.984995424747467}]"
1808257124331569378,"[{'label': 'LABEL_0', 'score': 0.999815046787262}]"
1808249484042031444,"[{'label': 'LABEL_0', 'score': 0.9998785257339478}]"
1808246955782689276,"[{'label': 'LABEL_0', 'score': 0.9994004964828491}]"
1808246488507768965,"[{'label': 'LABEL_0', 'score': 0.9999366998672485}]"
1808244195276345542,"[{'label': 'LABEL_0', 'score': 0.9998313188552856}]"
1808241523953111402,"[{'label': 'LABEL_0', 'score': 0.9998242259025574}]"
1808225603839004895,"[{'label': 'LABEL_1', 'score': 0.9994811415672302}]"
1808215544300028181,"[{'label': 'LABEL_0', 'score': 0.9998700618743896}]"
1808210400737128584,"[{'label': 'LABEL_0', 'score': 0.9990432858467102}]"
1808209484764057668,"[{'label': 'LABEL_1', 'score': 0.991826057434082}]"
1808204012111409363,"[{'label': 'LABEL_0', 'score': 0.9998948574066162}]"
1808199475887735241,"[{'label': 'LABEL_1', 'score': 0.9994421601295471}]"
1808196181723410501,"[{'label': 'LABEL_0', 'score': 0.9992538094520569}]"
1808180080486547690,"[{'label': 'LABEL_0', 'score': 0.9999197721481323}]"
1808179139863892316,"[{'label': 'LABEL_0', 'score': 0.9998704195022583}]"
1808153702324174907,"[{'label': 'LABEL_0', 'score': 0.9999276399612427}]"
1808139650797564293,"[{'label': 'LABEL_1', 'score': 0.9929739236831665}]"
1808135359336722551,"[{'label': 'LABEL_0', 'score': 0.9999328851699829}]"
1808129925255213248,"[{'label': 'LABEL_0', 'score': 0.9996670484542847}]"
1808111391229780021,"[{'label': 'LABEL_0', 'score': 0.99980229139328}]"
1808110344222441904,"[{'label': 'LABEL_0', 'score': 0.9999256134033203}]"
1808110035756634148,"[{'label': 'LABEL_1', 'score': 0.9993597865104675}]"
1808092047301034317,"[{'label': 'LABEL_0', 'score': 0.9990144968032837}]"
1807968004694495669,"[{'label': 'LABEL_0', 'score': 0.9994719624519348}]"
1807966725855404240,"[{'label': 'LABEL_0', 'score': 0.9773839712142944}]"
1807961722319249537,"[{'label': 'LABEL_0', 'score': 0.999188244342804}]"
1807957909508108556,"[{'label': 'LABEL_1', 'score': 0.9994192123413086}]"
1807956252791919074,"[{'label': 'LABEL_0', 'score': 0.9998645782470703}]"
1808143740428525897,"[{'label': 'LABEL_0', 'score': 0.9991065859794617}]"
1807936030483353985,"[{'label': 'LABEL_0', 'score': 0.9998477697372437}]"
1807934315918958849,"[{'label': 'LABEL_0', 'score': 0.9997158646583557}]"
1807916359273402517,"[{'label': 'LABEL_0', 'score': 0.9998706579208374}]"
1807880853847970096,"[{'label': 'LABEL_1', 'score': 0.9998480081558228}]"
1807875988594086233,"[{'label': 'LABEL_0', 'score': 0.999594509601593}]"
1807863279630668284,"[{'label': 'LABEL_0', 'score': 0.9811968207359314}]"
1807861817516904522,"[{'label': 'LABEL_0', 'score': 0.9998968839645386}]"
1812820739914956950,"[{'label': 'LABEL_0', 'score': 0.999836802482605}]"
1812753856675172432,"[{'label': 'LABEL_1', 'score': 0.9997269511222839}]"
1812750157340913746,"[{'label': 'LABEL_1', 'score': 0.977878212928772}]"
1812712807411884431,"[{'label': 'LABEL_1', 'score': 0.9986096620559692}]"
1812697932849717275,"[{'label': 'LABEL_0', 'score': 0.9992666840553284}]"
1812677883032166529,"[{'label': 'LABEL_0', 'score': 0.9999092817306519}]"
1812674027854385348,"[{'label': 'LABEL_0', 'score': 0.9993182420730591}]"
1812667825175007276,"[{'label': 'LABEL_0', 'score': 0.999711811542511}]"
1812656955183296973,"[{'label': 'LABEL_0', 'score': 0.9998868703842163}]"
1812653635022528598,"[{'label': 'LABEL_0', 'score': 0.9041885137557983}]"
1812532069169242249,"[{'label': 'LABEL_0', 'score': 0.9998010993003845}]"
1812635473224905180,"[{'label': 'LABEL_0', 'score': 0.999891996383667}]"
1812634477287309697,"[{'label': 'LABEL_1', 'score': 0.7854120135307312}]"
1812634303920034121,"[{'label': 'LABEL_0', 'score': 0.9998041987419128}]"
1812630667169006048,"[{'label': 'LABEL_0', 'score': 0.9987826943397522}]"
1812595949937770785,"[{'label': 'LABEL_0', 'score': 0.9998461008071899}]"
1812590055116206178,"[{'label': 'LABEL_0', 'score': 0.9999271631240845}]"
1812517854270414909,"[{'label': 'LABEL_0', 'score': 0.9998503923416138}]"
1812499178796282028,"[{'label': 'LABEL_0', 'score': 0.9999263286590576}]"
1812486394113057045,"[{'label': 'LABEL_0', 'score': 0.9999066591262817}]"
1812324202147463412,"[{'label': 'LABEL_0', 'score': 0.9997671246528625}]"
1812314976884834685,"[{'label': 'LABEL_0', 'score': 0.5092915892601013}]"
1812310853363855759,"[{'label': 'LABEL_0', 'score': 0.9794918298721313}]"
1812294974299328730,"[{'label': 'LABEL_0', 'score': 0.9998125433921814}]"
1812283355540377746,"[{'label': 'LABEL_0', 'score': 0.9999288320541382}]"
1812280072528924702,"[{'label': 'LABEL_0', 'score': 0.999484658241272}]"
1812266624189419603,"[{'label': 'LABEL_0', 'score': 0.999783456325531}]"
1812261308839899509,"[{'label': 'LABEL_0', 'score': 0.9998893737792969}]"
1812257304827593008,"[{'label': 'LABEL_0', 'score': 0.9999206066131592}]"
1812229405730595240,"[{'label': 'LABEL_1', 'score': 0.9997403025627136}]"
1812189000406347891,"[{'label': 'LABEL_0', 'score': 0.9992960691452026}]"
1812185735409152105,"[{'label': 'LABEL_1', 'score': 0.9996058344841003}]"
1812167754545336398,"[{'label': 'LABEL_0', 'score': 0.999723494052887}]"
1812127879724982561,"[{'label': 'LABEL_0', 'score': 0.9997805953025818}]"
1812111423050264799,"[{'label': 'LABEL_1', 'score': 0.9632198810577393}]"
1812105810412965966,"[{'label': 'LABEL_0', 'score': 0.9772337675094604}]"
1812095433369321699,"[{'label': 'LABEL_0', 'score': 0.9999338388442993}]"
1812035023219900761,"[{'label': 'LABEL_0', 'score': 0.9999268054962158}]"
1811930648518525174,"[{'label': 'LABEL_0', 'score': 0.9993311166763306}]"
1811915355947700381,"[{'label': 'LABEL_0', 'score': 0.9950910806655884}]"
1811873724062150922,"[{'label': 'LABEL_0', 'score': 0.9999200105667114}]"
1811860277324837077,"[{'label': 'LABEL_1', 'score': 0.9997355341911316}]"
1811857562364436851,"[{'label': 'LABEL_0', 'score': 0.9998270869255066}]"
1811854528108507521,"[{'label': 'LABEL_0', 'score': 0.999539852142334}]"
1811837213090439343,"[{'label': 'LABEL_0', 'score': 0.9997493624687195}]"
1811837046052565126,"[{'label': 'LABEL_1', 'score': 0.9995354413986206}]"
1811835112826319293,"[{'label': 'LABEL_0', 'score': 0.9994930028915405}]"
1811828419174289444,"[{'label': 'LABEL_0', 'score': 0.9998637437820435}]"
1811824301307224531,"[{'label': 'LABEL_0', 'score': 0.9983397722244263}]"
1811818173206814793,"[{'label': 'LABEL_0', 'score': 0.9998412132263184}]"
1811814263511519578,"[{'label': 'LABEL_0', 'score': 0.9999053478240967}]"
1811814260680343782,"[{'label': 'LABEL_1', 'score': 0.6562914252281189}]"
1811814257949835405,"[{'label': 'LABEL_0', 'score': 0.9998694658279419}]"
1811814255554965814,"[{'label': 'LABEL_0', 'score': 0.9994675517082214}]"
1811786264900768012,"[{'label': 'LABEL_0', 'score': 0.9998996257781982}]"
1811775241141764522,"[{'label': 'LABEL_0', 'score': 0.9998582601547241}]"
1811731820888707538,"[{'label': 'LABEL_0', 'score': 0.9998948574066162}]"
1811715060072382617,"[{'label': 'LABEL_0', 'score': 0.9997096657752991}]"
1811690248696393941,"[{'label': 'LABEL_1', 'score': 0.9996472597122192}]"
1811670549182939373,"[{'label': 'LABEL_0', 'score': 0.9998101592063904}]"
1811585818240147849,"[{'label': 'LABEL_0', 'score': 0.9999021291732788}]"
1811584311386149261,"[{'label': 'LABEL_0', 'score': 0.9998120665550232}]"
1811546018401374430,"[{'label': 'LABEL_0', 'score': 0.9996979236602783}]"
1811534860844171549,"[{'label': 'LABEL_0', 'score': 0.9998024106025696}]"
1811532812937543777,"[{'label': 'LABEL_0', 'score': 0.9998517036437988}]"
1811531436282802288,"[{'label': 'LABEL_0', 'score': 0.9997569918632507}]"
1811514486513369486,"[{'label': 'LABEL_0', 'score': 0.9998177886009216}]"
1811501222261616917,"[{'label': 'LABEL_0', 'score': 0.9968394041061401}]"
1811499281439764671,"[{'label': 'LABEL_0', 'score': 0.9999005794525146}]"
1811485550626459923,"[{'label': 'LABEL_0', 'score': 0.8258694410324097}]"
1811464704570556860,"[{'label': 'LABEL_0', 'score': 0.9998748302459717}]"
1811457281143218465,"[{'label': 'LABEL_1', 'score': 0.9997666478157043}]"
1811456195884118273,"[{'label': 'LABEL_0', 'score': 0.9998993873596191}]"
1811453204833435895,"[{'label': 'LABEL_0', 'score': 0.9997130036354065}]"
1811419940509130979,"[{'label': 'LABEL_0', 'score': 0.9999393224716187}]"
1811403874923634790,"[{'label': 'LABEL_0', 'score': 0.9999443292617798}]"
1811399314624676203,"[{'label': 'LABEL_0', 'score': 0.9999163150787354}]"
1811343737143841089,"[{'label': 'LABEL_1', 'score': 0.9988576173782349}]"
1811336804550799537,"[{'label': 'LABEL_0', 'score': 0.9998542070388794}]"
1811279349959586156,"[{'label': 'LABEL_0', 'score': 0.9998190999031067}]"
1811259864854745105,"[{'label': 'LABEL_0', 'score': 0.9985503554344177}]"
1811238183675343161,"[{'label': 'LABEL_0', 'score': 0.9999393224716187}]"
1811235611820302374,"[{'label': 'LABEL_0', 'score': 0.9823101162910461}]"
1811230874379133294,"[{'label': 'LABEL_1', 'score': 0.9974390268325806}]"
1811227384177127463,"[{'label': 'LABEL_1', 'score': 0.9992170333862305}]"
1811226683300569425,"[{'label': 'LABEL_1', 'score': 0.9996484518051147}]"
1811195551481843837,"[{'label': 'LABEL_0', 'score': 0.9977618455886841}]"
1811186966999793975,"[{'label': 'LABEL_1', 'score': 0.9997151494026184}]"
1811157504572670028,"[{'label': 'LABEL_0', 'score': 0.7699455618858337}]"
1811157100623515770,"[{'label': 'LABEL_0', 'score': 0.999806821346283}]"
1811127326673096994,"[{'label': 'LABEL_0', 'score': 0.9999066591262817}]"
1811096509150052790,"[{'label': 'LABEL_0', 'score': 0.9999052286148071}]"
1811085000676163644,"[{'label': 'LABEL_0', 'score': 0.9527091383934021}]"
1811066382252961936,"[{'label': 'LABEL_0', 'score': 0.9999332427978516}]"
1811016099267232122,"[{'label': 'LABEL_0', 'score': 0.9984068274497986}]"
1810900778422280627,"[{'label': 'LABEL_0', 'score': 0.9998495578765869}]"
1810888153667973448,"[{'label': 'LABEL_0', 'score': 0.999667763710022}]"
1810872118436937941,"[{'label': 'LABEL_0', 'score': 0.9999122619628906}]"
1810850741323497922,"[{'label': 'LABEL_0', 'score': 0.9997453093528748}]"
1810793417083109699,"[{'label': 'LABEL_0', 'score': 0.999421238899231}]"
1810790970377539949,"[{'label': 'LABEL_0', 'score': 0.9999148845672607}]"
1810771193458479296,"[{'label': 'LABEL_0', 'score': 0.9999350309371948}]"
1810720247218909418,"[{'label': 'LABEL_0', 'score': 0.9997722506523132}]"
1810718976864878668,"[{'label': 'LABEL_0', 'score': 0.9821587204933167}]"
1810701305331232838,"[{'label': 'LABEL_1', 'score': 0.9998931884765625}]"
1810697872129572867,"[{'label': 'LABEL_0', 'score': 0.999756395816803}]"
1810696542698791296,"[{'label': 'LABEL_1', 'score': 0.9971328973770142}]"
1810696049746497892,"[{'label': 'LABEL_0', 'score': 0.9998704195022583}]"
1810689963547115598,"[{'label': 'LABEL_0', 'score': 0.9999397993087769}]"
1810686944973602921,"[{'label': 'LABEL_1', 'score': 0.9994874000549316}]"
1810686813406650520,"[{'label': 'LABEL_0', 'score': 0.9999372959136963}]"
1810676264488915052,"[{'label': 'LABEL_0', 'score': 0.999808132648468}]"
1810671929122062469,"[{'label': 'LABEL_0', 'score': 0.9998382329940796}]"
1810659729670037960,"[{'label': 'LABEL_0', 'score': 0.9999276399612427}]"
1810587729836548178,"[{'label': 'LABEL_1', 'score': 0.9994033575057983}]"
1810587071318253986,"[{'label': 'LABEL_0', 'score': 0.9991745352745056}]"
1810584722415796645,"[{'label': 'LABEL_1', 'score': 0.9992293119430542}]"
1810506315875209356,"[{'label': 'LABEL_0', 'score': 0.9996395111083984}]"
1810480075889844360,"[{'label': 'LABEL_0', 'score': 0.9987627267837524}]"
1810468309327818762,"[{'label': 'LABEL_0', 'score': 0.99964439868927}]"
1810458742334411226,"[{'label': 'LABEL_0', 'score': 0.9998369216918945}]"
1810456983121559932,"[{'label': 'LABEL_0', 'score': 0.9994151592254639}]"
1810439558053368033,"[{'label': 'LABEL_0', 'score': 0.9993696808815002}]"
1810438158976516125,"[{'label': 'LABEL_0', 'score': 0.9996992349624634}]"
1810425132306853937,"[{'label': 'LABEL_0', 'score': 0.9999243021011353}]"
1810417555225321546,"[{'label': 'LABEL_1', 'score': 0.9973908066749573}]"
1810407325527929147,"[{'label': 'LABEL_0', 'score': 0.9999370574951172}]"
1810393472937111730,"[{'label': 'LABEL_0', 'score': 0.9999246597290039}]"
1813990692512829688,"[{'label': 'LABEL_1', 'score': 0.9987099170684814}]"
1813986339471114583,"[{'label': 'LABEL_0', 'score': 0.9999173879623413}]"
1813984722844062198,"[{'label': 'LABEL_0', 'score': 0.9999171495437622}]"
1813976036864057535,"[{'label': 'LABEL_1', 'score': 0.9998757839202881}]"
1813974568400486561,"[{'label': 'LABEL_0', 'score': 0.9998443126678467}]"
1813940453693337940,"[{'label': 'LABEL_0', 'score': 0.9998927116394043}]"
1813906148707451141,"[{'label': 'LABEL_1', 'score': 0.9954169988632202}]"
1813893010515800365,"[{'label': 'LABEL_0', 'score': 0.9997898936271667}]"
1813771311996645726,"[{'label': 'LABEL_0', 'score': 0.9999496936798096}]"
1813770126468272292,"[{'label': 'LABEL_0', 'score': 0.9997782111167908}]"
1813769728491454889,"[{'label': 'LABEL_0', 'score': 0.9999319314956665}]"
1813765941383340396,"[{'label': 'LABEL_0', 'score': 0.9996660947799683}]"
1813759297177719046,"[{'label': 'LABEL_0', 'score': 0.9994550347328186}]"
1813759275745132691,"[{'label': 'LABEL_0', 'score': 0.9991963505744934}]"
1813758535588798718,"[{'label': 'LABEL_0', 'score': 0.9999046325683594}]"
1813756324422803634,"[{'label': 'LABEL_0', 'score': 0.9999159574508667}]"
1813753851343978722,"[{'label': 'LABEL_1', 'score': 0.9998793601989746}]"
1813738475080019981,"[{'label': 'LABEL_0', 'score': 0.9999496936798096}]"
1813725940381536531,"[{'label': 'LABEL_0', 'score': 0.9998466968536377}]"
1813723285311611240,"[{'label': 'LABEL_0', 'score': 0.9999325275421143}]"
1813719482063573376,"[{'label': 'LABEL_0', 'score': 0.7845169305801392}]"
1813701016254296547,"[{'label': 'LABEL_0', 'score': 0.9946697354316711}]"
1813698453744283866,"[{'label': 'LABEL_0', 'score': 0.9998823404312134}]"
1813687682176053427,"[{'label': 'LABEL_0', 'score': 0.9999485015869141}]"
1813678544599597489,"[{'label': 'LABEL_1', 'score': 0.9997005462646484}]"
1813678043291885902,"[{'label': 'LABEL_0', 'score': 0.9999496936798096}]"
1813675422900772995,"[{'label': 'LABEL_1', 'score': 0.7091765403747559}]"
1813665983095341167,"[{'label': 'LABEL_0', 'score': 0.999927282333374}]"
1813662702734397691,"[{'label': 'LABEL_0', 'score': 0.9995542168617249}]"
1813657644248547432,"[{'label': 'LABEL_0', 'score': 0.9996683597564697}]"
1813654908199137423,"[{'label': 'LABEL_0', 'score': 0.9996280670166016}]"
1813652042084487656,"[{'label': 'LABEL_0', 'score': 0.9998096823692322}]"
1813651351286731248,"[{'label': 'LABEL_0', 'score': 0.9999200105667114}]"
1813638334134304866,"[{'label': 'LABEL_0', 'score': 0.999834418296814}]"
1813636220540551669,"[{'label': 'LABEL_0', 'score': 0.9992976188659668}]"
1813602303255130545,"[{'label': 'LABEL_0', 'score': 0.9999359846115112}]"
1813628296531251557,"[{'label': 'LABEL_1', 'score': 0.9935449361801147}]"
1813613612440989724,"[{'label': 'LABEL_1', 'score': 0.9997885823249817}]"
1813591406553997513,"[{'label': 'LABEL_0', 'score': 0.9739108681678772}]"
1813585477816975858,"[{'label': 'LABEL_1', 'score': 0.9997660517692566}]"
1813574762578542841,"[{'label': 'LABEL_0', 'score': 0.9989223480224609}]"
1813540848132579832,"[{'label': 'LABEL_0', 'score': 0.9998475313186646}]"
1813517159609635211,"[{'label': 'LABEL_0', 'score': 0.9998624324798584}]"
1813466433889644736,"[{'label': 'LABEL_1', 'score': 0.5852313041687012}]"
1813447021748945286,"[{'label': 'LABEL_0', 'score': 0.988856852054596}]"
1813433539632730140,"[{'label': 'LABEL_1', 'score': 0.9995841383934021}]"
1813417251300626782,"[{'label': 'LABEL_0', 'score': 0.9998944997787476}]"
1813401269312106679,"[{'label': 'LABEL_0', 'score': 0.9999146461486816}]"
1813399839733907801,"[{'label': 'LABEL_1', 'score': 0.9918885827064514}]"
1813398313871249904,"[{'label': 'LABEL_0', 'score': 0.9998935461044312}]"
1813397794775830828,"[{'label': 'LABEL_1', 'score': 0.9999097585678101}]"
1813393521170358605,"[{'label': 'LABEL_0', 'score': 0.9998090863227844}]"
1813392359058448858,"[{'label': 'LABEL_0', 'score': 0.9998643398284912}]"
1813392109157613890,"[{'label': 'LABEL_1', 'score': 0.9943636655807495}]"
1813387872923242607,"[{'label': 'LABEL_1', 'score': 0.9983750581741333}]"
1813387670497947657,"[{'label': 'LABEL_0', 'score': 0.6066417694091797}]"
1813386519547134106,"[{'label': 'LABEL_0', 'score': 0.8592621088027954}]"
1813382182880030816,"[{'label': 'LABEL_0', 'score': 0.992973804473877}]"
1813380469561647232,"[{'label': 'LABEL_0', 'score': 0.9996951818466187}]"
1813379533967356290,"[{'label': 'LABEL_0', 'score': 0.9999127388000488}]"
1813378736642760850,"[{'label': 'LABEL_0', 'score': 0.9968888163566589}]"
1813374545413243003,"[{'label': 'LABEL_1', 'score': 0.8601977229118347}]"
1813370238408266133,"[{'label': 'LABEL_0', 'score': 0.9997320771217346}]"
1813346161329410318,"[{'label': 'LABEL_0', 'score': 0.999864935874939}]"
1813342554705801635,"[{'label': 'LABEL_0', 'score': 0.9998857975006104}]"
1813338092687982643,"[{'label': 'LABEL_1', 'score': 0.9997360110282898}]"
1813328596120842350,"[{'label': 'LABEL_1', 'score': 0.9560484290122986}]"
1813327175350890946,"[{'label': 'LABEL_0', 'score': 0.9999122619628906}]"
1813323165986103319,"[{'label': 'LABEL_0', 'score': 0.9998838901519775}]"
1813286734588756308,"[{'label': 'LABEL_1', 'score': 0.9997807145118713}]"
1813284122682356037,"[{'label': 'LABEL_1', 'score': 0.9993141889572144}]"
1813276468027531613,"[{'label': 'LABEL_0', 'score': 0.9996304512023926}]"
1813263563655454854,"[{'label': 'LABEL_0', 'score': 0.9996658563613892}]"
1813271567310463212,"[{'label': 'LABEL_0', 'score': 0.9999463558197021}]"
1813271561983447172,"[{'label': 'LABEL_0', 'score': 0.9999279975891113}]"
1813257419289473287,"[{'label': 'LABEL_0', 'score': 0.9991925358772278}]"
1813256832716316882,"[{'label': 'LABEL_0', 'score': 0.9997153878211975}]"
1813250313211814281,"[{'label': 'LABEL_0', 'score': 0.9996020197868347}]"
1813245704246002044,"[{'label': 'LABEL_0', 'score': 0.9998227953910828}]"
1813208815304573112,"[{'label': 'LABEL_1', 'score': 0.9991089701652527}]"
1813245571236323520,"[{'label': 'LABEL_1', 'score': 0.6124745607376099}]"
1813228981576999352,"[{'label': 'LABEL_1', 'score': 0.9974019527435303}]"
1813213262118281713,"[{'label': 'LABEL_0', 'score': 0.9996004700660706}]"
1813180598854259131,"[{'label': 'LABEL_0', 'score': 0.9998745918273926}]"
1813042011378733524,"[{'label': 'LABEL_0', 'score': 0.999849796295166}]"
1813031167664533992,"[{'label': 'LABEL_1', 'score': 0.997426450252533}]"
1813017618112258184,"[{'label': 'LABEL_0', 'score': 0.9998859167098999}]"
1813011771000561913,"[{'label': 'LABEL_0', 'score': 0.999473512172699}]"
1813011642365390961,"[{'label': 'LABEL_0', 'score': 0.999923825263977}]"
1813000599106933045,"[{'label': 'LABEL_0', 'score': 0.9998612403869629}]"
1812993373118341408,"[{'label': 'LABEL_0', 'score': 0.9997649788856506}]"
1812987607019889136,"[{'label': 'LABEL_1', 'score': 0.9997196793556213}]"
1812967210857689356,"[{'label': 'LABEL_1', 'score': 0.9994776844978333}]"
1812926814786101459,"[{'label': 'LABEL_0', 'score': 0.9997043013572693}]"
1812918188419825788,"[{'label': 'LABEL_1', 'score': 0.9662759900093079}]"
1812909386102415710,"[{'label': 'LABEL_0', 'score': 0.9998109936714172}]"
1812908738853867632,"[{'label': 'LABEL_0', 'score': 0.9999138116836548}]"
1812889462168338694,"[{'label': 'LABEL_0', 'score': 0.9994105100631714}]"
1812863155388747998,"[{'label': 'LABEL_0', 'score': 0.9989811778068542}]"
1815409059606016505,"[{'label': 'LABEL_0', 'score': 0.9997304081916809}]"
1815335809983131878,"[{'label': 'LABEL_0', 'score': 0.9538119435310364}]"
1815324748563284475,"[{'label': 'LABEL_0', 'score': 0.9990002512931824}]"
1815207367287431625,"[{'label': 'LABEL_1', 'score': 0.9924724102020264}]"
1815205018263245305,"[{'label': 'LABEL_1', 'score': 0.9999191761016846}]"
1815202386761441467,"[{'label': 'LABEL_0', 'score': 0.9999014139175415}]"
1815193425387381161,"[{'label': 'LABEL_0', 'score': 0.9949051141738892}]"
1815184235101028369,"[{'label': 'LABEL_1', 'score': 0.9997356534004211}]"
1815178760045400564,"[{'label': 'LABEL_0', 'score': 0.9988828301429749}]"
1815151823113580620,"[{'label': 'LABEL_0', 'score': 0.9993298053741455}]"
1815124583634100363,"[{'label': 'LABEL_1', 'score': 0.9985936284065247}]"
1815108094583558610,"[{'label': 'LABEL_0', 'score': 0.9999085664749146}]"
1815095732577443952,"[{'label': 'LABEL_0', 'score': 0.9998570680618286}]"
1815031573118394546,"[{'label': 'LABEL_1', 'score': 0.9985559582710266}]"
1815030571711553631,"[{'label': 'LABEL_0', 'score': 0.9998650550842285}]"
1815024906855174614,"[{'label': 'LABEL_0', 'score': 0.999634861946106}]"
1814902527248232457,"[{'label': 'LABEL_0', 'score': 0.999680757522583}]"
1814889373516681353,"[{'label': 'LABEL_1', 'score': 0.9995321035385132}]"
1814856907363856612,"[{'label': 'LABEL_0', 'score': 0.9999027252197266}]"
1814855542226993318,"[{'label': 'LABEL_0', 'score': 0.9998328685760498}]"
1814844441640726630,"[{'label': 'LABEL_0', 'score': 0.9996544122695923}]"
1814843292896444438,"[{'label': 'LABEL_1', 'score': 0.9933150410652161}]"
1814839722755211673,"[{'label': 'LABEL_0', 'score': 0.9688743352890015}]"
1814817672552431874,"[{'label': 'LABEL_1', 'score': 0.9656152725219727}]"
1814813721136447894,"[{'label': 'LABEL_0', 'score': 0.9999172687530518}]"
1814781461083660797,"[{'label': 'LABEL_0', 'score': 0.9998039603233337}]"
1814778791702544591,"[{'label': 'LABEL_1', 'score': 0.9983440637588501}]"
1814777697328861188,"[{'label': 'LABEL_0', 'score': 0.9976621866226196}]"
1814777513354404298,"[{'label': 'LABEL_0', 'score': 0.9998596906661987}]"
1814749717009735747,"[{'label': 'LABEL_0', 'score': 0.9998445510864258}]"
1814710148574687310,"[{'label': 'LABEL_0', 'score': 0.9999237060546875}]"
1814693861005955493,"[{'label': 'LABEL_0', 'score': 0.9997134804725647}]"
1814687990335050124,"[{'label': 'LABEL_0', 'score': 0.9999350309371948}]"
1814728489209069619,"[{'label': 'LABEL_0', 'score': 0.9998960494995117}]"
1814669751878136216,"[{'label': 'LABEL_0', 'score': 0.9996522665023804}]"
1814636700783517988,"[{'label': 'LABEL_0', 'score': 0.9544165730476379}]"
1814535729663385812,"[{'label': 'LABEL_0', 'score': 0.9998078942298889}]"
1814524695376507291,"[{'label': 'LABEL_0', 'score': 0.9998680353164673}]"
1814495953228911039,"[{'label': 'LABEL_0', 'score': 0.9998083710670471}]"
1814492674881204352,"[{'label': 'LABEL_0', 'score': 0.9997169375419617}]"
1814480860319535181,"[{'label': 'LABEL_0', 'score': 0.9999332427978516}]"
1814469994677141816,"[{'label': 'LABEL_1', 'score': 0.6495581865310669}]"
1814445096907223328,"[{'label': 'LABEL_0', 'score': 0.9999059438705444}]"
1814432802848334292,"[{'label': 'LABEL_0', 'score': 0.9997344613075256}]"
1814423530777293119,"[{'label': 'LABEL_0', 'score': 0.7721961736679077}]"
1814423442143219951,"[{'label': 'LABEL_1', 'score': 0.9870879650115967}]"
1814412133955744158,"[{'label': 'LABEL_0', 'score': 0.9995476603507996}]"
1814407652304105687,"[{'label': 'LABEL_0', 'score': 0.9985231757164001}]"
1814407095581634758,"[{'label': 'LABEL_0', 'score': 0.9995662569999695}]"
1814405401242198297,"[{'label': 'LABEL_0', 'score': 0.9999417066574097}]"
1814400325438328931,"[{'label': 'LABEL_0', 'score': 0.9959010481834412}]"
1814381333055189291,"[{'label': 'LABEL_0', 'score': 0.9990174770355225}]"
1814360873567191521,"[{'label': 'LABEL_0', 'score': 0.9998763799667358}]"
1814359114081878204,"[{'label': 'LABEL_0', 'score': 0.9998154044151306}]"
1814355243049820347,"[{'label': 'LABEL_0', 'score': 0.9999022483825684}]"
1814316146692174233,"[{'label': 'LABEL_0', 'score': 0.9998863935470581}]"
1814293307322753195,"[{'label': 'LABEL_0', 'score': 0.9997060894966125}]"
1814268881449443538,"[{'label': 'LABEL_0', 'score': 0.9998689889907837}]"
1814248481470533855,"[{'label': 'LABEL_0', 'score': 0.8173658847808838}]"
1814173537160114356,"[{'label': 'LABEL_0', 'score': 0.9999409914016724}]"
1814147986294730963,"[{'label': 'LABEL_0', 'score': 0.9998940229415894}]"
1814129423936888906,"[{'label': 'LABEL_0', 'score': 0.9998987913131714}]"
1814128825627812302,"[{'label': 'LABEL_0', 'score': 0.9999207258224487}]"
1814113646919729203,"[{'label': 'LABEL_0', 'score': 0.9166514873504639}]"
1814107693860401638,"[{'label': 'LABEL_1', 'score': 0.9994544386863708}]"
1814089402483605705,"[{'label': 'LABEL_0', 'score': 0.9998654127120972}]"
1814085729036751221,"[{'label': 'LABEL_0', 'score': 0.9998961687088013}]"
1814059335648981283,"[{'label': 'LABEL_0', 'score': 0.9998828172683716}]"
1814029960212029612,"[{'label': 'LABEL_1', 'score': 0.9997432827949524}]"
1814027689436623258,"[{'label': 'LABEL_0', 'score': 0.9998797178268433}]"
1814020399786533291,"[{'label': 'LABEL_0', 'score': 0.9998589754104614}]"
1814019802253385905,"[{'label': 'LABEL_1', 'score': 0.5413365960121155}]"
1814005087678943510,"[{'label': 'LABEL_0', 'score': 0.9999147653579712}]"
1814004842123452546,"[{'label': 'LABEL_1', 'score': 0.9995793700218201}]"
1816089169820557569,"[{'label': 'LABEL_0', 'score': 0.9800159335136414}]"
1816008661824586124,"[{'label': 'LABEL_0', 'score': 0.9998379945755005}]"
1815959244396453972,"[{'label': 'LABEL_0', 'score': 0.999744713306427}]"
1815946305912312205,"[{'label': 'LABEL_0', 'score': 0.9997976422309875}]"
1815945308574011665,"[{'label': 'LABEL_0', 'score': 0.9998772144317627}]"
1815936676000137389,"[{'label': 'LABEL_0', 'score': 0.9998416900634766}]"
1815936297237709291,"[{'label': 'LABEL_0', 'score': 0.9998552799224854}]"
1815928135289848069,"[{'label': 'LABEL_1', 'score': 0.9995775818824768}]"
1815926704516276561,"[{'label': 'LABEL_0', 'score': 0.9998726844787598}]"
1815923220274434235,"[{'label': 'LABEL_0', 'score': 0.9999023675918579}]"
1815891648276041742,"[{'label': 'LABEL_0', 'score': 0.9998666048049927}]"
1815890024740614594,"[{'label': 'LABEL_0', 'score': 0.673808753490448}]"
1815887042649477443,"[{'label': 'LABEL_0', 'score': 0.9996647834777832}]"
1815886617112109413,"[{'label': 'LABEL_0', 'score': 0.9998897314071655}]"
1815876529387082059,"[{'label': 'LABEL_1', 'score': 0.9900880455970764}]"
1815857958498312322,"[{'label': 'LABEL_0', 'score': 0.9998589754104614}]"
1815802226259935642,"[{'label': 'LABEL_0', 'score': 0.9995558857917786}]"
1815785386934964236,"[{'label': 'LABEL_0', 'score': 0.9997382760047913}]"
1815779998239768603,"[{'label': 'LABEL_0', 'score': 0.9998480081558228}]"
1815776872208429434,"[{'label': 'LABEL_0', 'score': 0.5078093409538269}]"
1815612298578600102,"[{'label': 'LABEL_0', 'score': 0.9998445510864258}]"
1815608521007792549,"[{'label': 'LABEL_0', 'score': 0.9999209642410278}]"
1815599164568301874,"[{'label': 'LABEL_0', 'score': 0.9998533725738525}]"
1815593441910276101,"[{'label': 'LABEL_0', 'score': 0.9997184872627258}]"
1815576493054984648,"[{'label': 'LABEL_0', 'score': 0.9997647404670715}]"
1815568180393410936,"[{'label': 'LABEL_0', 'score': 0.9998788833618164}]"
1815568176283095444,"[{'label': 'LABEL_0', 'score': 0.9992040991783142}]"
1815568173275422939,"[{'label': 'LABEL_0', 'score': 0.9997443556785583}]"
1815559473513009227,"[{'label': 'LABEL_0', 'score': 0.9999182224273682}]"
1815534682437550292,"[{'label': 'LABEL_0', 'score': 0.9998396635055542}]"
1815557413287723386,"[{'label': 'LABEL_0', 'score': 0.9271056652069092}]"
1815548121037848875,"[{'label': 'LABEL_0', 'score': 0.9998834133148193}]"
1815546187342041534,"[{'label': 'LABEL_0', 'score': 0.9887378215789795}]"
1815535123552407906,"[{'label': 'LABEL_0', 'score': 0.7751763463020325}]"
1815533332454596874,"[{'label': 'LABEL_1', 'score': 0.9973244667053223}]"
1815496073231876498,"[{'label': 'LABEL_1', 'score': 0.9996209144592285}]"
1815485744972243352,"[{'label': 'LABEL_0', 'score': 0.9953787326812744}]"
1815468766102503576,"[{'label': 'LABEL_0', 'score': 0.9955905675888062}]"
1815453388479623457,"[{'label': 'LABEL_0', 'score': 0.9998817443847656}]"
1815445750748192779,"[{'label': 'LABEL_0', 'score': 0.9990882873535156}]"
1815434396448477617,"[{'label': 'LABEL_0', 'score': 0.9997652173042297}]"
1815415424588083273,"[{'label': 'LABEL_0', 'score': 0.9999401569366455}]"
1817896132812431412,"[{'label': 'LABEL_0', 'score': 0.9993108510971069}]"
1817895643823706453,"[{'label': 'LABEL_1', 'score': 0.9990039467811584}]"
1817893914046566451,"[{'label': 'LABEL_0', 'score': 0.999832272529602}]"
1817883548356939809,"[{'label': 'LABEL_0', 'score': 0.9999023675918579}]"
1817820151397413114,"[{'label': 'LABEL_0', 'score': 0.9997484087944031}]"
1817801244301259248,"[{'label': 'LABEL_0', 'score': 0.9985833168029785}]"
1817780691913896209,"[{'label': 'LABEL_0', 'score': 0.9998551607131958}]"
1817771216700100758,"[{'label': 'LABEL_0', 'score': 0.9997431635856628}]"
1817768950123425843,"[{'label': 'LABEL_1', 'score': 0.9996764659881592}]"
1817766816355058067,"[{'label': 'LABEL_0', 'score': 0.999830961227417}]"
1817760608340550127,"[{'label': 'LABEL_0', 'score': 0.9997941851615906}]"
1817757889991168184,"[{'label': 'LABEL_0', 'score': 0.9998502731323242}]"
1817752324426588406,"[{'label': 'LABEL_0', 'score': 0.9998236298561096}]"
1817752240817312207,"[{'label': 'LABEL_0', 'score': 0.9726094603538513}]"
1817747111976313267,"[{'label': 'LABEL_0', 'score': 0.9998058676719666}]"
1817745833481113941,"[{'label': 'LABEL_1', 'score': 0.999535322189331}]"
1817743619618418903,"[{'label': 'LABEL_0', 'score': 0.9999222755432129}]"
1817738808407838777,"[{'label': 'LABEL_0', 'score': 0.9998657703399658}]"
1817688883741474953,"[{'label': 'LABEL_0', 'score': 0.9997730851173401}]"
1817738144973779235,"[{'label': 'LABEL_0', 'score': 0.9997981190681458}]"
1817737663455043669,"[{'label': 'LABEL_0', 'score': 0.9997207522392273}]"
1817737650893132062,"[{'label': 'LABEL_0', 'score': 0.7989901304244995}]"
1817728137012068694,"[{'label': 'LABEL_0', 'score': 0.9998451471328735}]"
1817720111769276789,"[{'label': 'LABEL_0', 'score': 0.9997095465660095}]"
1817718756379910163,"[{'label': 'LABEL_0', 'score': 0.9998409748077393}]"
1817716831446077451,"[{'label': 'LABEL_1', 'score': 0.9969614148139954}]"
1817711337419710726,"[{'label': 'LABEL_0', 'score': 0.9998980760574341}]"
1817697716761158086,"[{'label': 'LABEL_0', 'score': 0.9998970031738281}]"
1817685004551594385,"[{'label': 'LABEL_0', 'score': 0.9998762607574463}]"
1817682099224055876,"[{'label': 'LABEL_1', 'score': 0.9994575381278992}]"
1817672949966500075,"[{'label': 'LABEL_0', 'score': 0.9998406171798706}]"
1817665619531059271,"[{'label': 'LABEL_1', 'score': 0.9997591376304626}]"
1817655271382286580,"[{'label': 'LABEL_1', 'score': 0.9987034797668457}]"
1817648223122551293,"[{'label': 'LABEL_1', 'score': 0.9924977421760559}]"
1817641528795238541,"[{'label': 'LABEL_0', 'score': 0.9998588562011719}]"
1817635859312640250,"[{'label': 'LABEL_1', 'score': 0.9995108842849731}]"
1817631306462666852,"[{'label': 'LABEL_1', 'score': 0.9994871616363525}]"
1817628993253933466,"[{'label': 'LABEL_0', 'score': 0.9996410608291626}]"
1817628915822907451,"[{'label': 'LABEL_1', 'score': 0.9995582699775696}]"
1817620919231119633,"[{'label': 'LABEL_0', 'score': 0.9984527826309204}]"
1817620026805100557,"[{'label': 'LABEL_1', 'score': 0.9995061159133911}]"
1817605026736402687,"[{'label': 'LABEL_1', 'score': 0.9995357990264893}]"
1817600299403460715,"[{'label': 'LABEL_1', 'score': 0.9992883801460266}]"
1817596749827207500,"[{'label': 'LABEL_1', 'score': 0.9994984865188599}]"
1817595767399309468,"[{'label': 'LABEL_0', 'score': 0.9999067783355713}]"
1817586770743333272,"[{'label': 'LABEL_1', 'score': 0.9998247027397156}]"
1817585945602043972,"[{'label': 'LABEL_1', 'score': 0.9995904564857483}]"
1817575559356154055,"[{'label': 'LABEL_0', 'score': 0.9996947050094604}]"
1817570037445861613,"[{'label': 'LABEL_0', 'score': 0.9968783855438232}]"
1817569329334063124,"[{'label': 'LABEL_0', 'score': 0.999869704246521}]"
1817565781271437693,"[{'label': 'LABEL_0', 'score': 0.999569833278656}]"
1817565674988011858,"[{'label': 'LABEL_0', 'score': 0.999941349029541}]"
1817556147261374555,"[{'label': 'LABEL_0', 'score': 0.5331102013587952}]"
1817552261012140125,"[{'label': 'LABEL_0', 'score': 0.9998393058776855}]"
1817543499329265918,"[{'label': 'LABEL_0', 'score': 0.9999337196350098}]"
1817517273063600305,"[{'label': 'LABEL_0', 'score': 0.9998202919960022}]"
1817511304094982561,"[{'label': 'LABEL_0', 'score': 0.999751627445221}]"
1817484533333139527,"[{'label': 'LABEL_0', 'score': 0.9996104836463928}]"
1817500969334403235,"[{'label': 'LABEL_0', 'score': 0.9982950091362}]"
1817476735438315677,"[{'label': 'LABEL_0', 'score': 0.9998703002929688}]"
1817415461094436870,"[{'label': 'LABEL_0', 'score': 0.9998384714126587}]"
1817406862121189750,"[{'label': 'LABEL_0', 'score': 0.9984385371208191}]"
1817405807966769152,"[{'label': 'LABEL_1', 'score': 0.9922289252281189}]"
1817405548658135485,"[{'label': 'LABEL_0', 'score': 0.9997807145118713}]"
1817396732319207504,"[{'label': 'LABEL_1', 'score': 0.8513705134391785}]"
1817388159010754886,"[{'label': 'LABEL_0', 'score': 0.9998856782913208}]"
1817385613823254835,"[{'label': 'LABEL_0', 'score': 0.9997679591178894}]"
1817362919408934947,"[{'label': 'LABEL_0', 'score': 0.9980478286743164}]"
1817361203947098346,"[{'label': 'LABEL_0', 'score': 0.9993422627449036}]"
1817333355030921342,"[{'label': 'LABEL_0', 'score': 0.999464213848114}]"
1817331527916925291,"[{'label': 'LABEL_1', 'score': 0.9996310472488403}]"
1817330496768024835,"[{'label': 'LABEL_0', 'score': 0.9997745156288147}]"
1817321683654500634,"[{'label': 'LABEL_0', 'score': 0.9997768998146057}]"
1817316503412441187,"[{'label': 'LABEL_1', 'score': 0.9996621608734131}]"
1817307209715376158,"[{'label': 'LABEL_0', 'score': 0.9997615218162537}]"
1817306057812701229,"[{'label': 'LABEL_0', 'score': 0.9999058246612549}]"
1817279972509167700,"[{'label': 'LABEL_0', 'score': 0.9998657703399658}]"
1817278449989398896,"[{'label': 'LABEL_0', 'score': 0.9997411370277405}]"
1817273439029231823,"[{'label': 'LABEL_1', 'score': 0.9992719292640686}]"
1817257962710147392,"[{'label': 'LABEL_0', 'score': 0.9989917874336243}]"
1817253767009694071,"[{'label': 'LABEL_0', 'score': 0.9998282194137573}]"
1817244063449407736,"[{'label': 'LABEL_0', 'score': 0.9997114539146423}]"
1817377612462707016,"[{'label': 'LABEL_0', 'score': 0.9998251795768738}]"
1817242925925048686,"[{'label': 'LABEL_0', 'score': 0.9992144107818604}]"
1817236939507896522,"[{'label': 'LABEL_0', 'score': 0.9999055862426758}]"
1817236719571275786,"[{'label': 'LABEL_0', 'score': 0.9998942613601685}]"
1817228268963045606,"[{'label': 'LABEL_1', 'score': 0.9991927742958069}]"
1817220416974266481,"[{'label': 'LABEL_1', 'score': 0.9992758631706238}]"
1817216024707576121,"[{'label': 'LABEL_0', 'score': 0.9998185038566589}]"
1817208193384325211,"[{'label': 'LABEL_1', 'score': 0.9994623064994812}]"
1817205203948421273,"[{'label': 'LABEL_1', 'score': 0.9987927675247192}]"
1817190520340271585,"[{'label': 'LABEL_0', 'score': 0.9998339414596558}]"
1817180256588927047,"[{'label': 'LABEL_0', 'score': 0.9988452196121216}]"
1817157375796670514,"[{'label': 'LABEL_0', 'score': 0.9998984336853027}]"
1817065243308143043,"[{'label': 'LABEL_0', 'score': 0.993884265422821}]"
1817058600965050555,"[{'label': 'LABEL_1', 'score': 0.9997337460517883}]"
1816955930673639521,"[{'label': 'LABEL_0', 'score': 0.9997593760490417}]"
1817040665567506505,"[{'label': 'LABEL_1', 'score': 0.9994182586669922}]"
1817035654955515954,"[{'label': 'LABEL_1', 'score': 0.9978577494621277}]"
1817034276220575935,"[{'label': 'LABEL_0', 'score': 0.9989675283432007}]"
1817001643092639934,"[{'label': 'LABEL_0', 'score': 0.9997912049293518}]"
1816993403080528307,"[{'label': 'LABEL_1', 'score': 0.999600350856781}]"
1816991372391452876,"[{'label': 'LABEL_0', 'score': 0.9998397827148438}]"
1816991316061921359,"[{'label': 'LABEL_0', 'score': 0.9999152421951294}]"
1816987223759421652,"[{'label': 'LABEL_1', 'score': 0.9994888305664062}]"
1816977715913732128,"[{'label': 'LABEL_0', 'score': 0.9989408850669861}]"
1816971782668063030,"[{'label': 'LABEL_0', 'score': 0.9999392032623291}]"
1816971236376776933,"[{'label': 'LABEL_0', 'score': 0.9998890161514282}]"
1816968864535863595,"[{'label': 'LABEL_0', 'score': 0.9998593330383301}]"
1816967442616234183,"[{'label': 'LABEL_0', 'score': 0.9999222755432129}]"
1816960429249212573,"[{'label': 'LABEL_1', 'score': 0.9995937943458557}]"
1816944264250634530,"[{'label': 'LABEL_0', 'score': 0.9999382495880127}]"
1816943044257538094,"[{'label': 'LABEL_0', 'score': 0.9998892545700073}]"
1816942863995011572,"[{'label': 'LABEL_1', 'score': 0.9995720982551575}]"
1816941505501888823,"[{'label': 'LABEL_0', 'score': 0.9998408555984497}]"
1816928971352662316,"[{'label': 'LABEL_0', 'score': 0.6439353227615356}]"
1816904380370637120,"[{'label': 'LABEL_0', 'score': 0.9998968839645386}]"
1816901540566741007,"[{'label': 'LABEL_1', 'score': 0.9982263445854187}]"
1816891677438586960,"[{'label': 'LABEL_0', 'score': 0.9997910857200623}]"
1816890832449917385,"[{'label': 'LABEL_0', 'score': 0.999617338180542}]"
1816889303185662434,"[{'label': 'LABEL_1', 'score': 0.9990741014480591}]"
1816881975988490682,"[{'label': 'LABEL_0', 'score': 0.9999227523803711}]"
1816881566594855415,"[{'label': 'LABEL_0', 'score': 0.9980612397193909}]"
1816865740420772095,"[{'label': 'LABEL_0', 'score': 0.9999451637268066}]"
1816832309158416492,"[{'label': 'LABEL_0', 'score': 0.9999037981033325}]"
1816831287337853023,"[{'label': 'LABEL_0', 'score': 0.9993067979812622}]"
1816830131874242875,"[{'label': 'LABEL_0', 'score': 0.9999452829360962}]"
1816820133014163510,"[{'label': 'LABEL_0', 'score': 0.999761164188385}]"
1816816422103785580,"[{'label': 'LABEL_0', 'score': 0.999937891960144}]"
1816797872555188652,"[{'label': 'LABEL_1', 'score': 0.9999300241470337}]"
1816704464486547627,"[{'label': 'LABEL_0', 'score': 0.9999104738235474}]"
1816699025657155631,"[{'label': 'LABEL_1', 'score': 0.9997542500495911}]"
1816694809823739955,"[{'label': 'LABEL_1', 'score': 0.9985803365707397}]"
1816687122817941816,"[{'label': 'LABEL_0', 'score': 0.9998717308044434}]"
1816661469385097590,"[{'label': 'LABEL_0', 'score': 0.9998476505279541}]"
1816599791511744787,"[{'label': 'LABEL_0', 'score': 0.9999327659606934}]"
1816585507415163130,"[{'label': 'LABEL_0', 'score': 0.9998230338096619}]"
1816571821812072601,"[{'label': 'LABEL_0', 'score': 0.9728111624717712}]"
1816567982258290848,"[{'label': 'LABEL_0', 'score': 0.9997524619102478}]"
1816566000512274526,"[{'label': 'LABEL_0', 'score': 0.9995373487472534}]"
1816546219348623506,"[{'label': 'LABEL_0', 'score': 0.9998855590820312}]"
1816532549784715662,"[{'label': 'LABEL_0', 'score': 0.9997116923332214}]"
1816514964301218181,"[{'label': 'LABEL_0', 'score': 0.9998533725738525}]"
1816510614719598900,"[{'label': 'LABEL_0', 'score': 0.9996466636657715}]"
1816500605151568329,"[{'label': 'LABEL_0', 'score': 0.9990443587303162}]"
1816489899828384018,"[{'label': 'LABEL_0', 'score': 0.9998857975006104}]"
1816488431280869847,"[{'label': 'LABEL_1', 'score': 0.9741697907447815}]"
1816488058121842899,"[{'label': 'LABEL_0', 'score': 0.9995173215866089}]"
1816478800533676121,"[{'label': 'LABEL_0', 'score': 0.999941349029541}]"
1816477319017402480,"[{'label': 'LABEL_0', 'score': 0.9998964071273804}]"
1816473875015741860,"[{'label': 'LABEL_0', 'score': 0.9996625185012817}]"
1816457540957351940,"[{'label': 'LABEL_1', 'score': 0.5057771801948547}]"
1816446715794178090,"[{'label': 'LABEL_0', 'score': 0.999932050704956}]"
1816443937050984746,"[{'label': 'LABEL_0', 'score': 0.9998558759689331}]"
1816329335424389384,"[{'label': 'LABEL_0', 'score': 0.9999202489852905}]"
1816321669331337591,"[{'label': 'LABEL_0', 'score': 0.9997726082801819}]"
1816308737595838737,"[{'label': 'LABEL_1', 'score': 0.9997301697731018}]"
1816292712301072635,"[{'label': 'LABEL_0', 'score': 0.9738225936889648}]"
1816291880717443426,"[{'label': 'LABEL_1', 'score': 0.9997351765632629}]"
1816289278378353087,"[{'label': 'LABEL_0', 'score': 0.9996011853218079}]"
1816282580334870631,"[{'label': 'LABEL_0', 'score': 0.9997766613960266}]"
1816279711116349945,"[{'label': 'LABEL_1', 'score': 0.9991641044616699}]"
1816262977193955575,"[{'label': 'LABEL_0', 'score': 0.9999123811721802}]"
1816258546872262986,"[{'label': 'LABEL_0', 'score': 0.9999397993087769}]"
1816251979209007258,"[{'label': 'LABEL_1', 'score': 0.9990153312683105}]"
1816244066390036926,"[{'label': 'LABEL_0', 'score': 0.9992321729660034}]"
1816239012958580940,"[{'label': 'LABEL_0', 'score': 0.9998692274093628}]"
1816212890619179309,"[{'label': 'LABEL_1', 'score': 0.9994238615036011}]"
1816208772588507622,"[{'label': 'LABEL_0', 'score': 0.6504499912261963}]"
1816190928077603032,"[{'label': 'LABEL_0', 'score': 0.9997701048851013}]"
1816189023699992688,"[{'label': 'LABEL_1', 'score': 0.9996378421783447}]"
1816168571262681117,"[{'label': 'LABEL_0', 'score': 0.9998670816421509}]"
1816158394354393479,"[{'label': 'LABEL_0', 'score': 0.9999233484268188}]"
1816157050759418314,"[{'label': 'LABEL_0', 'score': 0.9950538873672485}]"
1816149071553351761,"[{'label': 'LABEL_0', 'score': 0.9998873472213745}]"
1816140333798842674,"[{'label': 'LABEL_1', 'score': 0.9936258792877197}]"
1816133547586941312,"[{'label': 'LABEL_0', 'score': 0.9981585144996643}]"
1816112087061438772,"[{'label': 'LABEL_0', 'score': 0.9998869895935059}]"
1816109162972987568,"[{'label': 'LABEL_0', 'score': 0.9998701810836792}]"
1819221116700811751,"[{'label': 'LABEL_0', 'score': 0.9997654557228088}]"
1819197613452689714,"[{'label': 'LABEL_1', 'score': 0.996683657169342}]"
1819175203030565006,"[{'label': 'LABEL_0', 'score': 0.9992029070854187}]"
1819171336750592045,"[{'label': 'LABEL_1', 'score': 0.9994742274284363}]"
1819169048338342275,"[{'label': 'LABEL_0', 'score': 0.9998235106468201}]"
1819155854102614282,"[{'label': 'LABEL_1', 'score': 0.9998428821563721}]"
1819135396699131979,"[{'label': 'LABEL_0', 'score': 0.9996806383132935}]"
1819131942358638839,"[{'label': 'LABEL_0', 'score': 0.9987646341323853}]"
1819131083658875148,"[{'label': 'LABEL_1', 'score': 0.9997168183326721}]"
1819124052889686163,"[{'label': 'LABEL_0', 'score': 0.9997537732124329}]"
1819097968475361382,"[{'label': 'LABEL_0', 'score': 0.999940037727356}]"
1819067187237355644,"[{'label': 'LABEL_0', 'score': 0.9979172348976135}]"
1819066763969286584,"[{'label': 'LABEL_0', 'score': 0.9999226331710815}]"
1818753880056062145,"[{'label': 'LABEL_1', 'score': 0.9986690282821655}]"
1819065303357063196,"[{'label': 'LABEL_0', 'score': 0.9999434947967529}]"
1819061734037918064,"[{'label': 'LABEL_0', 'score': 0.999914288520813}]"
1819060364765810705,"[{'label': 'LABEL_0', 'score': 0.9998762607574463}]"
1819056036462186582,"[{'label': 'LABEL_0', 'score': 0.9998902082443237}]"
1819053971547308422,"[{'label': 'LABEL_0', 'score': 0.9999127388000488}]"
1819050561095803075,"[{'label': 'LABEL_0', 'score': 0.9995500445365906}]"
1819040787520250158,"[{'label': 'LABEL_0', 'score': 0.9998014569282532}]"
1819039667183837314,"[{'label': 'LABEL_0', 'score': 0.999775230884552}]"
1819027172620718272,"[{'label': 'LABEL_0', 'score': 0.9999396800994873}]"
1819017656697028761,"[{'label': 'LABEL_0', 'score': 0.9997597336769104}]"
1819014813403566166,"[{'label': 'LABEL_1', 'score': 0.9974960684776306}]"
1818988768356905202,"[{'label': 'LABEL_0', 'score': 0.9999034404754639}]"
1818979888021274806,"[{'label': 'LABEL_0', 'score': 0.9998482465744019}]"
1818846424458580025,"[{'label': 'LABEL_0', 'score': 0.9998618364334106}]"
1818827174259929462,"[{'label': 'LABEL_1', 'score': 0.9987950325012207}]"
1818824051592253673,"[{'label': 'LABEL_1', 'score': 0.9995864033699036}]"
1818807650622071037,"[{'label': 'LABEL_0', 'score': 0.9998040795326233}]"
1818802763960402014,"[{'label': 'LABEL_0', 'score': 0.9999340772628784}]"
1818802745777750291,"[{'label': 'LABEL_0', 'score': 0.9995176792144775}]"
1818801924973432993,"[{'label': 'LABEL_0', 'score': 0.9998929500579834}]"
1818353508045013259,"[{'label': 'LABEL_1', 'score': 0.9992775321006775}]"
1818789967734186409,"[{'label': 'LABEL_0', 'score': 0.9996227025985718}]"
1818788386250825825,"[{'label': 'LABEL_0', 'score': 0.8152356147766113}]"
1818787074801021185,"[{'label': 'LABEL_0', 'score': 0.9998681545257568}]"
1818777659436052572,"[{'label': 'LABEL_0', 'score': 0.9999105930328369}]"
1818777307307557371,"[{'label': 'LABEL_0', 'score': 0.7622615098953247}]"
1818775922897736031,"[{'label': 'LABEL_0', 'score': 0.9998950958251953}]"
1818771649636057117,"[{'label': 'LABEL_1', 'score': 0.9995115995407104}]"
1818768350488748358,"[{'label': 'LABEL_0', 'score': 0.9998618364334106}]"
1818761295446802555,"[{'label': 'LABEL_0', 'score': 0.999859094619751}]"
1818753500139892839,"[{'label': 'LABEL_0', 'score': 0.9972431659698486}]"
1818751526040748440,"[{'label': 'LABEL_1', 'score': 0.9994066953659058}]"
1818749683554304285,"[{'label': 'LABEL_0', 'score': 0.9997404217720032}]"
1818746092458328140,"[{'label': 'LABEL_0', 'score': 0.9988934397697449}]"
1818737408793280790,"[{'label': 'LABEL_1', 'score': 0.9981184005737305}]"
1818736274192450032,"[{'label': 'LABEL_1', 'score': 0.9996374845504761}]"
1818725745235312820,"[{'label': 'LABEL_0', 'score': 0.9999028444290161}]"
1818725151103762551,"[{'label': 'LABEL_1', 'score': 0.992895781993866}]"
1818720175933493395,"[{'label': 'LABEL_1', 'score': 0.9974460601806641}]"
1818716864542801975,"[{'label': 'LABEL_1', 'score': 0.9976803064346313}]"
1818714877571023218,"[{'label': 'LABEL_0', 'score': 0.9999349117279053}]"
1818712295620411450,"[{'label': 'LABEL_0', 'score': 0.9997468590736389}]"
1818710972019970357,"[{'label': 'LABEL_0', 'score': 0.9999085664749146}]"
1818710285751816520,"[{'label': 'LABEL_0', 'score': 0.9983713030815125}]"
1818705893178925255,"[{'label': 'LABEL_0', 'score': 0.9997057318687439}]"
1818705366735372571,"[{'label': 'LABEL_0', 'score': 0.9992545247077942}]"
1818705049486311832,"[{'label': 'LABEL_0', 'score': 0.9984784722328186}]"
1818703237618237518,"[{'label': 'LABEL_0', 'score': 0.9998679161071777}]"
1818702513421291802,"[{'label': 'LABEL_0', 'score': 0.999824583530426}]"
1818699219076526510,"[{'label': 'LABEL_0', 'score': 0.999790370464325}]"
1818699107718119763,"[{'label': 'LABEL_0', 'score': 0.9998534917831421}]"
1818693965517930558,"[{'label': 'LABEL_0', 'score': 0.9998192191123962}]"
1818692170150220263,"[{'label': 'LABEL_0', 'score': 0.9891246557235718}]"
1818689102830768550,"[{'label': 'LABEL_0', 'score': 0.9988393187522888}]"
1818684117820543396,"[{'label': 'LABEL_0', 'score': 0.9978989362716675}]"
1818683871971754446,"[{'label': 'LABEL_0', 'score': 0.9998999834060669}]"
1818678185262772332,"[{'label': 'LABEL_0', 'score': 0.9998596906661987}]"
1818355978540396687,"[{'label': 'LABEL_1', 'score': 0.9993975162506104}]"
1818675375326519701,"[{'label': 'LABEL_0', 'score': 0.9994195699691772}]"
1818668154035359984,"[{'label': 'LABEL_0', 'score': 0.9907190203666687}]"
1818666445108031630,"[{'label': 'LABEL_0', 'score': 0.9991450309753418}]"
1818665866067669266,"[{'label': 'LABEL_0', 'score': 0.9999171495437622}]"
1818662710201962796,"[{'label': 'LABEL_1', 'score': 0.999233603477478}]"
1818659744724164688,"[{'label': 'LABEL_1', 'score': 0.9962028861045837}]"
1818659618005881304,"[{'label': 'LABEL_0', 'score': 0.9998894929885864}]"
1818655045719626082,"[{'label': 'LABEL_0', 'score': 0.9997180104255676}]"
1818653290688581639,"[{'label': 'LABEL_0', 'score': 0.9998190999031067}]"
1818469542462460024,"[{'label': 'LABEL_0', 'score': 0.9997865557670593}]"
1818644808065335619,"[{'label': 'LABEL_0', 'score': 0.9996932744979858}]"
1818623817473740959,"[{'label': 'LABEL_0', 'score': 0.9997969269752502}]"
1818616384261107981,"[{'label': 'LABEL_0', 'score': 0.9998657703399658}]"
1818615757078450204,"[{'label': 'LABEL_0', 'score': 0.9999351501464844}]"
1818614867818873243,"[{'label': 'LABEL_0', 'score': 0.987393856048584}]"
1818613568947814897,"[{'label': 'LABEL_1', 'score': 0.9700600504875183}]"
1818601998603726851,"[{'label': 'LABEL_0', 'score': 0.9998816251754761}]"
1818598022529368575,"[{'label': 'LABEL_0', 'score': 0.9810173511505127}]"
1818549217104744929,"[{'label': 'LABEL_0', 'score': 0.9980689883232117}]"
1818527116725473685,"[{'label': 'LABEL_1', 'score': 0.9592941403388977}]"
1818496015088902270,"[{'label': 'LABEL_0', 'score': 0.9937566518783569}]"
1818484633375224232,"[{'label': 'LABEL_0', 'score': 0.9999092817306519}]"
1818479125679477223,"[{'label': 'LABEL_0', 'score': 0.9998898506164551}]"
1818475138532131046,"[{'label': 'LABEL_0', 'score': 0.7875992059707642}]"
1818451283470077997,"[{'label': 'LABEL_0', 'score': 0.9997360110282898}]"
1818449217653764202,"[{'label': 'LABEL_1', 'score': 0.9993778467178345}]"
1818447392951132591,"[{'label': 'LABEL_1', 'score': 0.9995445609092712}]"
1818441386091581674,"[{'label': 'LABEL_0', 'score': 0.9998664855957031}]"
1818445668681171329,"[{'label': 'LABEL_0', 'score': 0.9995996356010437}]"
1818445296516366353,"[{'label': 'LABEL_0', 'score': 0.9997937083244324}]"
1818441839969460242,"[{'label': 'LABEL_0', 'score': 0.9997621178627014}]"
1818436298832544203,"[{'label': 'LABEL_0', 'score': 0.9876580238342285}]"
1818435445975552144,"[{'label': 'LABEL_0', 'score': 0.9999097585678101}]"
1818422589351440882,"[{'label': 'LABEL_0', 'score': 0.9998981952667236}]"
1818420635682381966,"[{'label': 'LABEL_0', 'score': 0.9997816681861877}]"
1818420616690598252,"[{'label': 'LABEL_0', 'score': 0.999903678894043}]"
1818409594332364952,"[{'label': 'LABEL_0', 'score': 0.9998364448547363}]"
1818401291556835700,"[{'label': 'LABEL_1', 'score': 0.999871015548706}]"
1818401146555306004,"[{'label': 'LABEL_0', 'score': 0.5401679873466492}]"
1818391412460667258,"[{'label': 'LABEL_0', 'score': 0.9998106360435486}]"
1818390587097465035,"[{'label': 'LABEL_1', 'score': 0.9860148429870605}]"
1818390319630536784,"[{'label': 'LABEL_0', 'score': 0.9999179840087891}]"
1818389983322857948,"[{'label': 'LABEL_0', 'score': 0.9999220371246338}]"
1818389196337275233,"[{'label': 'LABEL_0', 'score': 0.9997954964637756}]"
1818388765984858508,"[{'label': 'LABEL_1', 'score': 0.9945053458213806}]"
1818384384048730139,"[{'label': 'LABEL_0', 'score': 0.9993529915809631}]"
1818384173838864424,"[{'label': 'LABEL_0', 'score': 0.9998123049736023}]"
1818384169447329856,"[{'label': 'LABEL_0', 'score': 0.7876189351081848}]"
1818383416074637507,"[{'label': 'LABEL_1', 'score': 0.9992115497589111}]"
1818380085470412828,"[{'label': 'LABEL_1', 'score': 0.998958945274353}]"
1818377284392300677,"[{'label': 'LABEL_0', 'score': 0.9998713731765747}]"
1818373855070523651,"[{'label': 'LABEL_0', 'score': 0.9998519420623779}]"
1818371562065871079,"[{'label': 'LABEL_0', 'score': 0.9989657402038574}]"
1818370469890081029,"[{'label': 'LABEL_0', 'score': 0.9998540878295898}]"
1818366497947025884,"[{'label': 'LABEL_1', 'score': 0.999572217464447}]"
1818365609031213205,"[{'label': 'LABEL_0', 'score': 0.9998643398284912}]"
1818365264721051729,"[{'label': 'LABEL_0', 'score': 0.9998438358306885}]"
1818359313913856442,"[{'label': 'LABEL_0', 'score': 0.9875850677490234}]"
1818332470405632328,"[{'label': 'LABEL_0', 'score': 0.999907374382019}]"
1818311662232801297,"[{'label': 'LABEL_0', 'score': 0.9952523708343506}]"
1818309274189062396,"[{'label': 'LABEL_0', 'score': 0.9999347925186157}]"
1818302217557848453,"[{'label': 'LABEL_0', 'score': 0.9998691082000732}]"
1818241560800051648,"[{'label': 'LABEL_0', 'score': 0.999816358089447}]"
1818223641739297203,"[{'label': 'LABEL_0', 'score': 0.9924373030662537}]"
1818213615310180831,"[{'label': 'LABEL_0', 'score': 0.9999052286148071}]"
1818147974884561406,"[{'label': 'LABEL_0', 'score': 0.9999457597732544}]"
1818105701639553155,"[{'label': 'LABEL_0', 'score': 0.9998167157173157}]"
1818105391143620758,"[{'label': 'LABEL_0', 'score': 0.9998212456703186}]"
1818104863722500417,"[{'label': 'LABEL_0', 'score': 0.9999094009399414}]"
1818094891097862619,"[{'label': 'LABEL_0', 'score': 0.9998805522918701}]"
1818087889009336423,"[{'label': 'LABEL_1', 'score': 0.9995730519294739}]"
1818084925188317592,"[{'label': 'LABEL_0', 'score': 0.9998985528945923}]"
1818067110842745117,"[{'label': 'LABEL_0', 'score': 0.9997628331184387}]"
1818058687866352017,"[{'label': 'LABEL_0', 'score': 0.9998793601989746}]"
1818051650130780351,"[{'label': 'LABEL_0', 'score': 0.9986442923545837}]"
1818035348854984793,"[{'label': 'LABEL_0', 'score': 0.9969011545181274}]"
1818030904406851804,"[{'label': 'LABEL_0', 'score': 0.9999178647994995}]"
1818025737208942643,"[{'label': 'LABEL_0', 'score': 0.6655278205871582}]"
1818018150929363132,"[{'label': 'LABEL_1', 'score': 0.9845964312553406}]"
1818008970851738075,"[{'label': 'LABEL_1', 'score': 0.9986366629600525}]"
1817994934974083517,"[{'label': 'LABEL_0', 'score': 0.9998772144317627}]"
1817991078194130958,"[{'label': 'LABEL_0', 'score': 0.9999370574951172}]"
1817976063479205910,"[{'label': 'LABEL_0', 'score': 0.9999308586120605}]"
1817972500653031433,"[{'label': 'LABEL_0', 'score': 0.9999076128005981}]"
1817964624257613967,"[{'label': 'LABEL_0', 'score': 0.9994964599609375}]"
1817964151219925337,"[{'label': 'LABEL_1', 'score': 0.8480984568595886}]"
1817961566853013865,"[{'label': 'LABEL_0', 'score': 0.5905885696411133}]"
1817958407162499563,"[{'label': 'LABEL_0', 'score': 0.7982038855552673}]"
1817956647714935252,"[{'label': 'LABEL_0', 'score': 0.9998977184295654}]"
1817951627648655534,"[{'label': 'LABEL_0', 'score': 0.9938418865203857}]"
1817947810655862851,"[{'label': 'LABEL_1', 'score': 0.9989897608757019}]"
1817946894737265036,"[{'label': 'LABEL_1', 'score': 0.5772586464881897}]"
1817945082789589168,"[{'label': 'LABEL_1', 'score': 0.9990174770355225}]"
1817942374338732202,"[{'label': 'LABEL_0', 'score': 0.9986302852630615}]"
1817934048129425898,"[{'label': 'LABEL_0', 'score': 0.9997991919517517}]"
1817925261805203946,"[{'label': 'LABEL_0', 'score': 0.9923076629638672}]"
1817920388086550840,"[{'label': 'LABEL_0', 'score': 0.9997054934501648}]"
1817918911385342098,"[{'label': 'LABEL_0', 'score': 0.9996922016143799}]"
1817914448645861382,"[{'label': 'LABEL_1', 'score': 0.9988725781440735}]"
1817911872433111423,"[{'label': 'LABEL_0', 'score': 0.7805315852165222}]"
1817903263758324034,"[{'label': 'LABEL_0', 'score': 0.9992021918296814}]"
1817901682270917100,"[{'label': 'LABEL_0', 'score': 0.9997029900550842}]"
1817900382384697539,"[{'label': 'LABEL_0', 'score': 0.9996600151062012}]"
1817898981973729738,"[{'label': 'LABEL_1', 'score': 0.8035056591033936}]"
1820819706774708423,"[{'label': 'LABEL_1', 'score': 0.9994524121284485}]"
1820786447906934973,"[{'label': 'LABEL_0', 'score': 0.9998917579650879}]"
1820783486313046051,"[{'label': 'LABEL_0', 'score': 0.999929666519165}]"
1820662666689384928,"[{'label': 'LABEL_0', 'score': 0.999951958656311}]"
1820638148835016721,"[{'label': 'LABEL_0', 'score': 0.9999011754989624}]"
1820616741338108244,"[{'label': 'LABEL_0', 'score': 0.9990912675857544}]"
1820603090023682471,"[{'label': 'LABEL_0', 'score': 0.9988632202148438}]"
1820588344713130186,"[{'label': 'LABEL_1', 'score': 0.9998968839645386}]"
1820582419835359676,"[{'label': 'LABEL_0', 'score': 0.9991400241851807}]"
1820575945755140603,"[{'label': 'LABEL_0', 'score': 0.9998353719711304}]"
1820558311910977567,"[{'label': 'LABEL_0', 'score': 0.9997817873954773}]"
1820548378201137208,"[{'label': 'LABEL_0', 'score': 0.999866247177124}]"
1820543507159015740,"[{'label': 'LABEL_0', 'score': 0.9777806401252747}]"
1820539484381003892,"[{'label': 'LABEL_0', 'score': 0.9997935891151428}]"
1820538220289102234,"[{'label': 'LABEL_0', 'score': 0.999884843826294}]"
1820529979161190752,"[{'label': 'LABEL_0', 'score': 0.9968083500862122}]"
1820529548209057819,"[{'label': 'LABEL_0', 'score': 0.9998739957809448}]"
1819784851064521016,"[{'label': 'LABEL_0', 'score': 0.9998871088027954}]"
1820521987367993645,"[{'label': 'LABEL_0', 'score': 0.999921441078186}]"
1820517253349273953,"[{'label': 'LABEL_1', 'score': 0.9992966651916504}]"
1820498070469238990,"[{'label': 'LABEL_0', 'score': 0.9998369216918945}]"
1820493133404406147,"[{'label': 'LABEL_1', 'score': 0.9956686496734619}]"
1820487031375753392,"[{'label': 'LABEL_1', 'score': 0.9997100234031677}]"
1820472298589356332,"[{'label': 'LABEL_0', 'score': 0.9960330128669739}]"
1820459408746275049,"[{'label': 'LABEL_1', 'score': 0.8565951585769653}]"
1820434168238530813,"[{'label': 'LABEL_0', 'score': 0.9998917579650879}]"
1820375672784650675,"[{'label': 'LABEL_0', 'score': 0.9998822212219238}]"
1820322918120735073,"[{'label': 'LABEL_1', 'score': 0.9987701773643494}]"
1820317214630711430,"[{'label': 'LABEL_0', 'score': 0.9996289014816284}]"
1820311880885244016,"[{'label': 'LABEL_1', 'score': 0.8504476547241211}]"
1820287438977122339,"[{'label': 'LABEL_0', 'score': 0.9987863898277283}]"
1820287165328200052,"[{'label': 'LABEL_0', 'score': 0.9999047517776489}]"
1820273938426925366,"[{'label': 'LABEL_0', 'score': 0.9989527463912964}]"
1820272740051394767,"[{'label': 'LABEL_1', 'score': 0.9993990659713745}]"
1820251626461966448,"[{'label': 'LABEL_0', 'score': 0.999833345413208}]"
1820231561255751866,"[{'label': 'LABEL_0', 'score': 0.9839264750480652}]"
1820221873856053306,"[{'label': 'LABEL_0', 'score': 0.9987136125564575}]"
1820204626974490945,"[{'label': 'LABEL_0', 'score': 0.9998261332511902}]"
1820185408803647561,"[{'label': 'LABEL_1', 'score': 0.9988044500350952}]"
1820151159396483093,"[{'label': 'LABEL_0', 'score': 0.9998507499694824}]"
1820130001964220419,"[{'label': 'LABEL_1', 'score': 0.9320560693740845}]"
1820121971780362578,"[{'label': 'LABEL_0', 'score': 0.9998244643211365}]"
1820119618117075438,"[{'label': 'LABEL_0', 'score': 0.9998264908790588}]"
1820113678747804108,"[{'label': 'LABEL_0', 'score': 0.9996389150619507}]"
1820113331555807639,"[{'label': 'LABEL_1', 'score': 0.9995737671852112}]"
1820101928912630076,"[{'label': 'LABEL_0', 'score': 0.9998522996902466}]"
1820097109108081117,"[{'label': 'LABEL_1', 'score': 0.9990386962890625}]"
1820095823184556316,"[{'label': 'LABEL_0', 'score': 0.9676582217216492}]"
1820092463610282078,"[{'label': 'LABEL_0', 'score': 0.9985920786857605}]"
1820091142223913236,"[{'label': 'LABEL_1', 'score': 0.99835205078125}]"
1820084727790911520,"[{'label': 'LABEL_0', 'score': 0.999908447265625}]"
1820084661948665985,"[{'label': 'LABEL_0', 'score': 0.9999008178710938}]"
1820010447065501773,"[{'label': 'LABEL_0', 'score': 0.9998496770858765}]"
1820004792120254541,"[{'label': 'LABEL_0', 'score': 0.9999257326126099}]"
1819959914627752081,"[{'label': 'LABEL_0', 'score': 0.9964685440063477}]"
1819950394664952180,"[{'label': 'LABEL_1', 'score': 0.999542236328125}]"
1819913530432184665,"[{'label': 'LABEL_0', 'score': 0.9998346567153931}]"
1819903197676265604,"[{'label': 'LABEL_0', 'score': 0.9900762438774109}]"
1819889245806608392,"[{'label': 'LABEL_0', 'score': 0.9998859167098999}]"
1819882820409479251,"[{'label': 'LABEL_0', 'score': 0.9998024106025696}]"
1819882795550003520,"[{'label': 'LABEL_0', 'score': 0.9994202852249146}]"
1819855922635723108,"[{'label': 'LABEL_0', 'score': 0.9997615218162537}]"
1819826703448838297,"[{'label': 'LABEL_0', 'score': 0.9998792409896851}]"
1819822612580532427,"[{'label': 'LABEL_0', 'score': 0.9997463822364807}]"
1819820719666057298,"[{'label': 'LABEL_0', 'score': 0.999914288520813}]"
1819820184552554813,"[{'label': 'LABEL_0', 'score': 0.9999321699142456}]"
1819814649350836642,"[{'label': 'LABEL_1', 'score': 0.9769576787948608}]"
1819795142297165923,"[{'label': 'LABEL_1', 'score': 0.9998325109481812}]"
1819787117049872616,"[{'label': 'LABEL_1', 'score': 0.7262648344039917}]"
1819786596419252401,"[{'label': 'LABEL_0', 'score': 0.9998669624328613}]"
1819785114513187306,"[{'label': 'LABEL_1', 'score': 0.9097654819488525}]"
1819780034367766552,"[{'label': 'LABEL_1', 'score': 0.999158501625061}]"
1819773096628265384,"[{'label': 'LABEL_0', 'score': 0.9998898506164551}]"
1819771249284763990,"[{'label': 'LABEL_1', 'score': 0.9999037981033325}]"
1819738498217251251,"[{'label': 'LABEL_0', 'score': 0.9998223185539246}]"
1819766076261183520,"[{'label': 'LABEL_0', 'score': 0.9999160766601562}]"
1819761310046794033,"[{'label': 'LABEL_0', 'score': 0.9989123344421387}]"
1819752240434880716,"[{'label': 'LABEL_0', 'score': 0.9999169111251831}]"
1819739254374682720,"[{'label': 'LABEL_1', 'score': 0.9993663430213928}]"
1819727418317279737,"[{'label': 'LABEL_1', 'score': 0.9997617602348328}]"
1819712389303959910,"[{'label': 'LABEL_0', 'score': 0.9997616410255432}]"
1819711073638850710,"[{'label': 'LABEL_0', 'score': 0.999040424823761}]"
1819663547359502419,"[{'label': 'LABEL_0', 'score': 0.9998949766159058}]"
1819611250122248422,"[{'label': 'LABEL_1', 'score': 0.9993718266487122}]"
1819568309840302491,"[{'label': 'LABEL_0', 'score': 0.999775230884552}]"
1819548963382468884,"[{'label': 'LABEL_0', 'score': 0.9999206066131592}]"
1819540388790538396,"[{'label': 'LABEL_0', 'score': 0.911949634552002}]"
1819498851235229748,"[{'label': 'LABEL_1', 'score': 0.9793197512626648}]"
1819491096302338320,"[{'label': 'LABEL_0', 'score': 0.9823979735374451}]"
1819481624884445557,"[{'label': 'LABEL_0', 'score': 0.9999198913574219}]"
1819472069643718776,"[{'label': 'LABEL_0', 'score': 0.9998472929000854}]"
1819468147109646724,"[{'label': 'LABEL_0', 'score': 0.9996320009231567}]"
1819463593752252730,"[{'label': 'LABEL_0', 'score': 0.9809491038322449}]"
1819450629414441119,"[{'label': 'LABEL_0', 'score': 0.9998495578765869}]"
1819441490793308588,"[{'label': 'LABEL_0', 'score': 0.9356796741485596}]"
1819431641309135266,"[{'label': 'LABEL_0', 'score': 0.999862551689148}]"
1819407891859697767,"[{'label': 'LABEL_0', 'score': 0.9999279975891113}]"
1819402603693736220,"[{'label': 'LABEL_0', 'score': 0.9988566637039185}]"
1819398275839283629,"[{'label': 'LABEL_0', 'score': 0.9997896552085876}]"
1819397301124903090,"[{'label': 'LABEL_0', 'score': 0.999893307685852}]"
1819391963663073352,"[{'label': 'LABEL_0', 'score': 0.9991632699966431}]"
1819391925922701811,"[{'label': 'LABEL_0', 'score': 0.9961408972740173}]"
1819368160518136221,"[{'label': 'LABEL_1', 'score': 0.9973893761634827}]"
1821898539703923027,"[{'label': 'LABEL_1', 'score': 0.9996457099914551}]"
1821866773777396018,"[{'label': 'LABEL_0', 'score': 0.9996687173843384}]"
1821760104116428938,"[{'label': 'LABEL_0', 'score': 0.9680206179618835}]"
1821754980702855315,"[{'label': 'LABEL_1', 'score': 0.9990506768226624}]"
1821754528531702063,"[{'label': 'LABEL_1', 'score': 0.999578058719635}]"
1821731124957139260,"[{'label': 'LABEL_1', 'score': 0.9995390176773071}]"
1821730874007736559,"[{'label': 'LABEL_1', 'score': 0.8414513468742371}]"
1821725369545761105,"[{'label': 'LABEL_0', 'score': 0.9999176263809204}]"
1821620525233565739,"[{'label': 'LABEL_1', 'score': 0.9995908141136169}]"
1821724804212261112,"[{'label': 'LABEL_0', 'score': 0.999896764755249}]"
1821715265182220422,"[{'label': 'LABEL_0', 'score': 0.999784529209137}]"
1821711869184286923,"[{'label': 'LABEL_0', 'score': 0.9998599290847778}]"
1821704938168197215,"[{'label': 'LABEL_1', 'score': 0.9994974136352539}]"
1821695203083714924,"[{'label': 'LABEL_1', 'score': 0.9995077848434448}]"
1821692316416889062,"[{'label': 'LABEL_1', 'score': 0.9932985901832581}]"
1821688758078419370,"[{'label': 'LABEL_0', 'score': 0.999897837638855}]"
1821675754800701745,"[{'label': 'LABEL_1', 'score': 0.9997629523277283}]"
1821658161230835858,"[{'label': 'LABEL_0', 'score': 0.9998703002929688}]"
1821654741358674003,"[{'label': 'LABEL_0', 'score': 0.999765932559967}]"
1821651073993732448,"[{'label': 'LABEL_1', 'score': 0.9996734857559204}]"
1821636170088116402,"[{'label': 'LABEL_0', 'score': 0.569480299949646}]"
1821352003768869180,"[{'label': 'LABEL_0', 'score': 0.999762237071991}]"
1821609597016404011,"[{'label': 'LABEL_0', 'score': 0.9999141693115234}]"
1821605804325400689,"[{'label': 'LABEL_0', 'score': 0.9997027516365051}]"
1821602379533299929,"[{'label': 'LABEL_1', 'score': 0.5168488621711731}]"
1821583795394662459,"[{'label': 'LABEL_0', 'score': 0.9999316930770874}]"
1821569871622332759,"[{'label': 'LABEL_0', 'score': 0.999886155128479}]"
1821569154995896797,"[{'label': 'LABEL_0', 'score': 0.9999344348907471}]"
1821552844400468103,"[{'label': 'LABEL_0', 'score': 0.9999117851257324}]"
1821531676679311508,"[{'label': 'LABEL_0', 'score': 0.9998867511749268}]"
1821525320693862758,"[{'label': 'LABEL_0', 'score': 0.9996405839920044}]"
1821400756953428461,"[{'label': 'LABEL_0', 'score': 0.9998711347579956}]"
1821391389839577528,"[{'label': 'LABEL_0', 'score': 0.9999071359634399}]"
1821380004497764802,"[{'label': 'LABEL_0', 'score': 0.9998300075531006}]"
1821360955332174023,"[{'label': 'LABEL_0', 'score': 0.9998251795768738}]"
1821350287157928100,"[{'label': 'LABEL_0', 'score': 0.999261200428009}]"
1821349880528281939,"[{'label': 'LABEL_1', 'score': 0.9994572997093201}]"
1821325598083387506,"[{'label': 'LABEL_0', 'score': 0.9999146461486816}]"
1821322307144470909,"[{'label': 'LABEL_0', 'score': 0.9935185313224792}]"
1821304229421621437,"[{'label': 'LABEL_1', 'score': 0.9495667219161987}]"
1821290039801946352,"[{'label': 'LABEL_0', 'score': 0.999664306640625}]"
1821288672756417019,"[{'label': 'LABEL_1', 'score': 0.9996320009231567}]"
1821288286436127099,"[{'label': 'LABEL_1', 'score': 0.9994099140167236}]"
1821265614008389702,"[{'label': 'LABEL_0', 'score': 0.9998471736907959}]"
1821264463271698613,"[{'label': 'LABEL_0', 'score': 0.9998965263366699}]"
1821256337478574117,"[{'label': 'LABEL_0', 'score': 0.9998370409011841}]"
1821238856479392068,"[{'label': 'LABEL_0', 'score': 0.9999173879623413}]"
1821238442765750500,"[{'label': 'LABEL_0', 'score': 0.999678373336792}]"
1821233767689920722,"[{'label': 'LABEL_0', 'score': 0.9996316432952881}]"
1821228340734521637,"[{'label': 'LABEL_0', 'score': 0.9996578693389893}]"
1821220193885897094,"[{'label': 'LABEL_0', 'score': 0.9992613196372986}]"
1821218235376882142,"[{'label': 'LABEL_0', 'score': 0.9994114637374878}]"
1821205425867333943,"[{'label': 'LABEL_1', 'score': 0.9988477230072021}]"
1821203932409954548,"[{'label': 'LABEL_0', 'score': 0.999817430973053}]"
1821199196457665011,"[{'label': 'LABEL_0', 'score': 0.9983443021774292}]"
1821189803427172395,"[{'label': 'LABEL_0', 'score': 0.9351717829704285}]"
1821171261608730921,"[{'label': 'LABEL_0', 'score': 0.9998623132705688}]"
1821129580842750186,"[{'label': 'LABEL_0', 'score': 0.9999303817749023}]"
1821062311970267155,"[{'label': 'LABEL_0', 'score': 0.9998726844787598}]"
1821004754501120200,"[{'label': 'LABEL_0', 'score': 0.9996009469032288}]"
1820984345630310593,"[{'label': 'LABEL_0', 'score': 0.9997550845146179}]"
1820983043064049973,"[{'label': 'LABEL_0', 'score': 0.9990035891532898}]"
1820976048286150701,"[{'label': 'LABEL_0', 'score': 0.9999158382415771}]"
1820975794480431279,"[{'label': 'LABEL_0', 'score': 0.9998883008956909}]"
1820947556329034097,"[{'label': 'LABEL_1', 'score': 0.999724805355072}]"
1820939287463858312,"[{'label': 'LABEL_1', 'score': 0.9921694397926331}]"
1820917043513655308,"[{'label': 'LABEL_0', 'score': 0.9998927116394043}]"
1820909463290679675,"[{'label': 'LABEL_0', 'score': 0.7146120667457581}]"
1820909236928573789,"[{'label': 'LABEL_0', 'score': 0.9999011754989624}]"
1820870896527016349,"[{'label': 'LABEL_0', 'score': 0.9999200105667114}]"
1820860550592741583,"[{'label': 'LABEL_0', 'score': 0.9997596144676208}]"
1820858431806505280,"[{'label': 'LABEL_0', 'score': 0.9998130202293396}]"
1820851410864652377,"[{'label': 'LABEL_0', 'score': 0.9998289346694946}]"
1824050217206890704,"[{'label': 'LABEL_0', 'score': 0.9995771050453186}]"
1824018467281949048,"[{'label': 'LABEL_0', 'score': 0.9999216794967651}]"
1823917009135919259,"[{'label': 'LABEL_1', 'score': 0.9995359182357788}]"
1823906271696769323,"[{'label': 'LABEL_0', 'score': 0.999881386756897}]"
1823891445033431142,"[{'label': 'LABEL_0', 'score': 0.9972217082977295}]"
1823890064117531102,"[{'label': 'LABEL_0', 'score': 0.9995977282524109}]"
1823878954719060167,"[{'label': 'LABEL_1', 'score': 0.9996771812438965}]"
1823864184515518727,"[{'label': 'LABEL_0', 'score': 0.9997135996818542}]"
1823853443527926152,"[{'label': 'LABEL_0', 'score': 0.9978528022766113}]"
1823837167418048531,"[{'label': 'LABEL_0', 'score': 0.9998912811279297}]"
1823832445940359232,"[{'label': 'LABEL_0', 'score': 0.999902606010437}]"
1823825818956742997,"[{'label': 'LABEL_0', 'score': 0.9999349117279053}]"
1823811585162535224,"[{'label': 'LABEL_1', 'score': 0.9879763722419739}]"
1823807155520331815,"[{'label': 'LABEL_0', 'score': 0.9997181296348572}]"
1823800688171958633,"[{'label': 'LABEL_0', 'score': 0.999420166015625}]"
1823797411367805195,"[{'label': 'LABEL_0', 'score': 0.9992045760154724}]"
1823773278051426751,"[{'label': 'LABEL_0', 'score': 0.9994978904724121}]"
1823767681352302721,"[{'label': 'LABEL_0', 'score': 0.9998944997787476}]"
1823763394928996678,"[{'label': 'LABEL_0', 'score': 0.9997373223304749}]"
1823762450304413830,"[{'label': 'LABEL_0', 'score': 0.999935507774353}]"
1823760181819273422,"[{'label': 'LABEL_0', 'score': 0.9998435974121094}]"
1823758465640358053,"[{'label': 'LABEL_0', 'score': 0.9995265007019043}]"
1823753639196025088,"[{'label': 'LABEL_0', 'score': 0.9715230464935303}]"
1823749209306157200,"[{'label': 'LABEL_0', 'score': 0.9989651441574097}]"
1823743472525857201,"[{'label': 'LABEL_0', 'score': 0.9997758269309998}]"
1823742460494839928,"[{'label': 'LABEL_0', 'score': 0.9999175071716309}]"
1823742128050131136,"[{'label': 'LABEL_0', 'score': 0.9998718500137329}]"
1823731725366910997,"[{'label': 'LABEL_0', 'score': 0.9999442100524902}]"
1823729114010017899,"[{'label': 'LABEL_1', 'score': 0.9997896552085876}]"
1823718423500841144,"[{'label': 'LABEL_0', 'score': 0.9822684526443481}]"
1823717043696492905,"[{'label': 'LABEL_0', 'score': 0.99852055311203}]"
1823696124013695014,"[{'label': 'LABEL_0', 'score': 0.9998252987861633}]"
1823574886842880329,"[{'label': 'LABEL_0', 'score': 0.9998928308486938}]"
1823552979993288814,"[{'label': 'LABEL_0', 'score': 0.9998852014541626}]"
1823551653984829588,"[{'label': 'LABEL_1', 'score': 0.9165298342704773}]"
1823542674156052877,"[{'label': 'LABEL_0', 'score': 0.9999042749404907}]"
1823526931293163930,"[{'label': 'LABEL_0', 'score': 0.999830961227417}]"
1823524764373409854,"[{'label': 'LABEL_1', 'score': 0.9978566765785217}]"
1823520559797346760,"[{'label': 'LABEL_0', 'score': 0.9986463189125061}]"
1823507141371568624,"[{'label': 'LABEL_0', 'score': 0.9998507499694824}]"
1823497437446574476,"[{'label': 'LABEL_1', 'score': 0.9992853999137878}]"
1823488699125969178,"[{'label': 'LABEL_0', 'score': 0.9991162419319153}]"
1823477458903138593,"[{'label': 'LABEL_1', 'score': 0.999920129776001}]"
1823476870324924823,"[{'label': 'LABEL_0', 'score': 0.9999240636825562}]"
1823462577126449656,"[{'label': 'LABEL_0', 'score': 0.9999233484268188}]"
1823460234959933467,"[{'label': 'LABEL_0', 'score': 0.9998701810836792}]"
1823446190949630039,"[{'label': 'LABEL_0', 'score': 0.9999167919158936}]"
1823442393573810580,"[{'label': 'LABEL_0', 'score': 0.9963358640670776}]"
1823437972546490518,"[{'label': 'LABEL_0', 'score': 0.9998326301574707}]"
1823435350053732645,"[{'label': 'LABEL_0', 'score': 0.9999145269393921}]"
1823389156476645403,"[{'label': 'LABEL_0', 'score': 0.9998737573623657}]"
1823424524924412005,"[{'label': 'LABEL_0', 'score': 0.9994332194328308}]"
1823418301151895981,"[{'label': 'LABEL_0', 'score': 0.9998477697372437}]"
1823413048562082101,"[{'label': 'LABEL_0', 'score': 0.9999057054519653}]"
1823411697761264008,"[{'label': 'LABEL_0', 'score': 0.9999368190765381}]"
1823411340645474344,"[{'label': 'LABEL_0', 'score': 0.9998942613601685}]"
1823390482463899700,"[{'label': 'LABEL_1', 'score': 0.999413251876831}]"
1823386815837204876,"[{'label': 'LABEL_0', 'score': 0.9994568228721619}]"
1823385149574201622,"[{'label': 'LABEL_0', 'score': 0.9988552331924438}]"
1823384942484631660,"[{'label': 'LABEL_0', 'score': 0.9998553991317749}]"
1823384752000287176,"[{'label': 'LABEL_0', 'score': 0.9985187649726868}]"
1823378551728390233,"[{'label': 'LABEL_0', 'score': 0.9999115467071533}]"
1823372518570205509,"[{'label': 'LABEL_0', 'score': 0.9998674392700195}]"
1823369088124522943,"[{'label': 'LABEL_0', 'score': 0.9999066591262817}]"
1823366599140585934,"[{'label': 'LABEL_1', 'score': 0.999556839466095}]"
1823358746522943842,"[{'label': 'LABEL_1', 'score': 0.999087929725647}]"
1823353032463040631,"[{'label': 'LABEL_1', 'score': 0.9816673994064331}]"
1823352695844954432,"[{'label': 'LABEL_0', 'score': 0.9998596906661987}]"
1823347607252406677,"[{'label': 'LABEL_0', 'score': 0.9997822642326355}]"
1823344785454682118,"[{'label': 'LABEL_0', 'score': 0.9999129772186279}]"
1823237070728405168,"[{'label': 'LABEL_0', 'score': 0.9999256134033203}]"
1823229213974941995,"[{'label': 'LABEL_1', 'score': 0.9996122717857361}]"
1823218788218667342,"[{'label': 'LABEL_0', 'score': 0.9997714161872864}]"
1823183234080862523,"[{'label': 'LABEL_0', 'score': 0.941110372543335}]"
1823181189663900126,"[{'label': 'LABEL_0', 'score': 0.9996100068092346}]"
1823152009974812801,"[{'label': 'LABEL_0', 'score': 0.9997889399528503}]"
1823148467394351494,"[{'label': 'LABEL_0', 'score': 0.9999262094497681}]"
1823126967324991865,"[{'label': 'LABEL_0', 'score': 0.9985852241516113}]"
1823113444154892438,"[{'label': 'LABEL_0', 'score': 0.9998316764831543}]"
1823112533474947336,"[{'label': 'LABEL_1', 'score': 0.9993009567260742}]"
1823101231016956317,"[{'label': 'LABEL_0', 'score': 0.9958258867263794}]"
1823101173420916924,"[{'label': 'LABEL_0', 'score': 0.9992284774780273}]"
1823088584251129954,"[{'label': 'LABEL_0', 'score': 0.9989652633666992}]"
1823078460090138839,"[{'label': 'LABEL_0', 'score': 0.9993171691894531}]"
1823066209853817090,"[{'label': 'LABEL_0', 'score': 0.9997280240058899}]"
1823059669629235572,"[{'label': 'LABEL_0', 'score': 0.8925458192825317}]"
1823052895580729773,"[{'label': 'LABEL_0', 'score': 0.9962051510810852}]"
1823049651643138406,"[{'label': 'LABEL_0', 'score': 0.9999332427978516}]"
1823041088103371151,"[{'label': 'LABEL_1', 'score': 0.9923439621925354}]"
1823023251880030345,"[{'label': 'LABEL_0', 'score': 0.999907374382019}]"
1823018616645636554,"[{'label': 'LABEL_0', 'score': 0.9998618364334106}]"
1823014369308856701,"[{'label': 'LABEL_0', 'score': 0.9999262094497681}]"
1823012772176703547,"[{'label': 'LABEL_0', 'score': 0.9999063014984131}]"
1823002852119187568,"[{'label': 'LABEL_0', 'score': 0.9998306035995483}]"
1822956274100707817,"[{'label': 'LABEL_0', 'score': 0.9999244213104248}]"
1822816534223327526,"[{'label': 'LABEL_0', 'score': 0.9995723366737366}]"
1822779429245845625,"[{'label': 'LABEL_1', 'score': 0.9990600943565369}]"
1822775854025335007,"[{'label': 'LABEL_0', 'score': 0.9997816681861877}]"
1822759938709455086,"[{'label': 'LABEL_0', 'score': 0.9998626708984375}]"
1822726969622135014,"[{'label': 'LABEL_0', 'score': 0.99993896484375}]"
1822706982811586812,"[{'label': 'LABEL_1', 'score': 0.9992095232009888}]"
1822705960072159397,"[{'label': 'LABEL_0', 'score': 0.8657712340354919}]"
1822693596320895357,"[{'label': 'LABEL_0', 'score': 0.9999322891235352}]"
1822669878630715729,"[{'label': 'LABEL_0', 'score': 0.9998371601104736}]"
1822666432104063049,"[{'label': 'LABEL_0', 'score': 0.9999467134475708}]"
1822631946574287319,"[{'label': 'LABEL_0', 'score': 0.999083399772644}]"
1822624534706401743,"[{'label': 'LABEL_1', 'score': 0.6463183164596558}]"
1822506365551591911,"[{'label': 'LABEL_0', 'score': 0.9998689889907837}]"
1822463197519159709,"[{'label': 'LABEL_1', 'score': 0.9965464472770691}]"
1822430185460727951,"[{'label': 'LABEL_0', 'score': 0.9995829463005066}]"
1822428523627266244,"[{'label': 'LABEL_1', 'score': 0.9989705085754395}]"
1822413083735933055,"[{'label': 'LABEL_0', 'score': 0.999810516834259}]"
1822412487956070871,"[{'label': 'LABEL_1', 'score': 0.999645471572876}]"
1822407374780678499,"[{'label': 'LABEL_0', 'score': 0.9998869895935059}]"
1822402134823886943,"[{'label': 'LABEL_0', 'score': 0.9995971322059631}]"
1822374208816513531,"[{'label': 'LABEL_0', 'score': 0.9998507499694824}]"
1822371591985967401,"[{'label': 'LABEL_0', 'score': 0.995079517364502}]"
1822339403785670973,"[{'label': 'LABEL_0', 'score': 0.6854915022850037}]"
1822337725363548175,"[{'label': 'LABEL_0', 'score': 0.999794065952301}]"
1822324959336644993,"[{'label': 'LABEL_0', 'score': 0.9998328685760498}]"
1822301975049900238,"[{'label': 'LABEL_1', 'score': 0.9984877109527588}]"
1822296645591072854,"[{'label': 'LABEL_1', 'score': 0.9996826648712158}]"
1822292806812971498,"[{'label': 'LABEL_0', 'score': 0.9994282126426697}]"
1822288263932952890,"[{'label': 'LABEL_0', 'score': 0.9998565912246704}]"
1822145773800128763,"[{'label': 'LABEL_0', 'score': 0.996550440788269}]"
1822134290483646779,"[{'label': 'LABEL_1', 'score': 0.9994827508926392}]"
1822122443537854707,"[{'label': 'LABEL_0', 'score': 0.9989689588546753}]"
1822106491274359184,"[{'label': 'LABEL_0', 'score': 0.9997122883796692}]"
1822085443124342950,"[{'label': 'LABEL_0', 'score': 0.9998905658721924}]"
1822084571573145674,"[{'label': 'LABEL_0', 'score': 0.9941798448562622}]"
1822068296339886119,"[{'label': 'LABEL_0', 'score': 0.9999117851257324}]"
1822027579601428520,"[{'label': 'LABEL_0', 'score': 0.999795138835907}]"
1822024064028094904,"[{'label': 'LABEL_0', 'score': 0.999775230884552}]"
1822020994623795585,"[{'label': 'LABEL_0', 'score': 0.9998106360435486}]"
1822016694442676476,"[{'label': 'LABEL_0', 'score': 0.9995575547218323}]"
1821992173430305197,"[{'label': 'LABEL_1', 'score': 0.9588645100593567}]"
1821976904817381772,"[{'label': 'LABEL_0', 'score': 0.9998134970664978}]"
1821973958264312295,"[{'label': 'LABEL_1', 'score': 0.6915778517723083}]"
1821973839804563727,"[{'label': 'LABEL_0', 'score': 0.9995805621147156}]"
1821969462935052398,"[{'label': 'LABEL_1', 'score': 0.9839989542961121}]"
1821963636296003831,"[{'label': 'LABEL_1', 'score': 0.9349683523178101}]"
1821951269784695034,"[{'label': 'LABEL_0', 'score': 0.9998290538787842}]"
1821930974696845375,"[{'label': 'LABEL_0', 'score': 0.816826581954956}]"
1821927458351820887,"[{'label': 'LABEL_0', 'score': 0.9975389242172241}]"
1821926126945468627,"[{'label': 'LABEL_1', 'score': 0.9993857145309448}]"
1821924605495280033,"[{'label': 'LABEL_0', 'score': 0.9997720122337341}]"
1825560332699623799,"[{'label': 'LABEL_0', 'score': 0.9998817443847656}]"
1825545776115888134,"[{'label': 'LABEL_0', 'score': 0.9998865127563477}]"
1825507417670438961,"[{'label': 'LABEL_0', 'score': 0.9996981620788574}]"
1825503402190659706,"[{'label': 'LABEL_1', 'score': 0.9997816681861877}]"
1825412630883737727,"[{'label': 'LABEL_0', 'score': 0.9999210834503174}]"
1825356668315541784,"[{'label': 'LABEL_0', 'score': 0.9999442100524902}]"
1825354540750700844,"[{'label': 'LABEL_0', 'score': 0.9994946718215942}]"
1825353412126351585,"[{'label': 'LABEL_0', 'score': 0.9999300241470337}]"
1825349266170147193,"[{'label': 'LABEL_0', 'score': 0.9999163150787354}]"
1825345716018934186,"[{'label': 'LABEL_0', 'score': 0.9987420439720154}]"
1825334554535624862,"[{'label': 'LABEL_0', 'score': 0.9999216794967651}]"
1825326063989436745,"[{'label': 'LABEL_0', 'score': 0.9999051094055176}]"
1825323100830908588,"[{'label': 'LABEL_0', 'score': 0.9998902082443237}]"
1825311313150513284,"[{'label': 'LABEL_0', 'score': 0.9980301260948181}]"
1825294634626478526,"[{'label': 'LABEL_0', 'score': 0.9998118281364441}]"
1825278335913431440,"[{'label': 'LABEL_0', 'score': 0.9998936653137207}]"
1825235704030400641,"[{'label': 'LABEL_0', 'score': 0.9894986152648926}]"
1825228205269135464,"[{'label': 'LABEL_0', 'score': 0.9999104738235474}]"
1825221505539846507,"[{'label': 'LABEL_0', 'score': 0.9998750686645508}]"
1825190968582430818,"[{'label': 'LABEL_0', 'score': 0.9912732243537903}]"
1825187055221043504,"[{'label': 'LABEL_0', 'score': 0.999853253364563}]"
1825169697760833945,"[{'label': 'LABEL_0', 'score': 0.9982750415802002}]"
1825169601321119996,"[{'label': 'LABEL_0', 'score': 0.9998855590820312}]"
1825050027783319598,"[{'label': 'LABEL_1', 'score': 0.9979602098464966}]"
1825045037316554813,"[{'label': 'LABEL_1', 'score': 0.9997881054878235}]"
1825002380544373038,"[{'label': 'LABEL_1', 'score': 0.9993444085121155}]"
1824992938306241011,"[{'label': 'LABEL_0', 'score': 0.9996896982192993}]"
1824979127931187248,"[{'label': 'LABEL_0', 'score': 0.9987874627113342}]"
1824964649919353204,"[{'label': 'LABEL_0', 'score': 0.9998993873596191}]"
1824940190915555543,"[{'label': 'LABEL_0', 'score': 0.5418571829795837}]"
1824905474375889036,"[{'label': 'LABEL_1', 'score': 0.9989437460899353}]"
1824899632935145829,"[{'label': 'LABEL_1', 'score': 0.9943027496337891}]"
1824895079439331467,"[{'label': 'LABEL_0', 'score': 0.999308705329895}]"
1824879109106766058,"[{'label': 'LABEL_1', 'score': 0.9990850687026978}]"
1824869063383773440,"[{'label': 'LABEL_0', 'score': 0.9992361068725586}]"
1824853008766603664,"[{'label': 'LABEL_0', 'score': 0.9994332194328308}]"
1824845917272297767,"[{'label': 'LABEL_1', 'score': 0.9990578293800354}]"
1824840627072188652,"[{'label': 'LABEL_0', 'score': 0.9998782873153687}]"
1824840088301248673,"[{'label': 'LABEL_0', 'score': 0.9999091625213623}]"
1824833158321168804,"[{'label': 'LABEL_1', 'score': 0.9992762207984924}]"
1824827020682940694,"[{'label': 'LABEL_1', 'score': 0.9993477463722229}]"
1824820390973075730,"[{'label': 'LABEL_0', 'score': 0.9999392032623291}]"
1824802051936657637,"[{'label': 'LABEL_0', 'score': 0.9998716115951538}]"
1824682097048486045,"[{'label': 'LABEL_0', 'score': 0.9998401403427124}]"
1824647206491525465,"[{'label': 'LABEL_0', 'score': 0.9996953010559082}]"
1824641220330578288,"[{'label': 'LABEL_0', 'score': 0.99956876039505}]"
1824635168314847695,"[{'label': 'LABEL_1', 'score': 0.9758749008178711}]"
1824621618582188433,"[{'label': 'LABEL_1', 'score': 0.9969813227653503}]"
1824621361324581037,"[{'label': 'LABEL_0', 'score': 0.9993960857391357}]"
1824620726042742874,"[{'label': 'LABEL_0', 'score': 0.9998641014099121}]"
1824615967038607715,"[{'label': 'LABEL_1', 'score': 0.9982996582984924}]"
1824613323897262234,"[{'label': 'LABEL_0', 'score': 0.9998353719711304}]"
1824594924559368633,"[{'label': 'LABEL_0', 'score': 0.9997206330299377}]"
1824584346595995669,"[{'label': 'LABEL_1', 'score': 0.999072790145874}]"
1824575272764707146,"[{'label': 'LABEL_0', 'score': 0.9736947417259216}]"
1824525273863266638,"[{'label': 'LABEL_0', 'score': 0.7576096653938293}]"
1824499239193366946,"[{'label': 'LABEL_0', 'score': 0.99907386302948}]"
1824490062425256175,"[{'label': 'LABEL_0', 'score': 0.9999260902404785}]"
1824488737218129938,"[{'label': 'LABEL_0', 'score': 0.9999346733093262}]"
1824483782314873108,"[{'label': 'LABEL_0', 'score': 0.9995719790458679}]"
1824476776203968558,"[{'label': 'LABEL_0', 'score': 0.9998940229415894}]"
1824457603008573562,"[{'label': 'LABEL_0', 'score': 0.9998847246170044}]"
1824430330226356546,"[{'label': 'LABEL_0', 'score': 0.9693866968154907}]"
1824415944455651524,"[{'label': 'LABEL_0', 'score': 0.9999037981033325}]"
1824401945458544856,"[{'label': 'LABEL_0', 'score': 0.9997907280921936}]"
1824328020858970161,"[{'label': 'LABEL_1', 'score': 0.9995915293693542}]"
1824326641717313989,"[{'label': 'LABEL_1', 'score': 0.9993119239807129}]"
1824262721426088355,"[{'label': 'LABEL_1', 'score': 0.9568192958831787}]"
1824227395001258069,"[{'label': 'LABEL_1', 'score': 0.9997599720954895}]"
1824209025346539856,"[{'label': 'LABEL_0', 'score': 0.9996345043182373}]"
1824204644073021943,"[{'label': 'LABEL_0', 'score': 0.99978107213974}]"
1824199889963663643,"[{'label': 'LABEL_1', 'score': 0.8045081496238708}]"
1824188421343965248,"[{'label': 'LABEL_0', 'score': 0.9999064207077026}]"
1824184083402068250,"[{'label': 'LABEL_0', 'score': 0.9996744394302368}]"
1824159791016550469,"[{'label': 'LABEL_0', 'score': 0.9998685121536255}]"
1824143081458823526,"[{'label': 'LABEL_1', 'score': 0.9997785687446594}]"
1824143011405566214,"[{'label': 'LABEL_0', 'score': 0.9607039093971252}]"
1824139088770859265,"[{'label': 'LABEL_0', 'score': 0.9998658895492554}]"
1824118005644566934,"[{'label': 'LABEL_0', 'score': 0.9998152852058411}]"
1824116398789927312,"[{'label': 'LABEL_0', 'score': 0.9985474944114685}]"
1824090421569466438,"[{'label': 'LABEL_0', 'score': 0.9994691014289856}]"
1824084823356416355,"[{'label': 'LABEL_0', 'score': 0.9999438524246216}]"
1824084742100353368,"[{'label': 'LABEL_0', 'score': 0.9998563528060913}]"
1824075229972279763,"[{'label': 'LABEL_0', 'score': 0.9998927116394043}]"
1824071191155425341,"[{'label': 'LABEL_0', 'score': 0.9998903274536133}]"
1824065118231007611,"[{'label': 'LABEL_0', 'score': 0.9997791647911072}]"
1824057064143864216,"[{'label': 'LABEL_0', 'score': 0.999932050704956}]"
1824056863891107888,"[{'label': 'LABEL_0', 'score': 0.9999452829360962}]"
1826986593678205079,"[{'label': 'LABEL_0', 'score': 0.9994940757751465}]"
1826966472595226724,"[{'label': 'LABEL_0', 'score': 0.9997721314430237}]"
1826960487784780010,"[{'label': 'LABEL_0', 'score': 0.9999290704727173}]"
1826957504321871934,"[{'label': 'LABEL_1', 'score': 0.9640600085258484}]"
1826948892669210643,"[{'label': 'LABEL_0', 'score': 0.9805892705917358}]"
1826913741369160110,"[{'label': 'LABEL_0', 'score': 0.9954695701599121}]"
1826911495407444081,"[{'label': 'LABEL_0', 'score': 0.9992996454238892}]"
1826900644441059764,"[{'label': 'LABEL_1', 'score': 0.9993429780006409}]"
1826830050731102616,"[{'label': 'LABEL_0', 'score': 0.9999103546142578}]"
1826812378744258697,"[{'label': 'LABEL_0', 'score': 0.9890822172164917}]"
1826804795681935431,"[{'label': 'LABEL_0', 'score': 0.9997479319572449}]"
1826804694104035499,"[{'label': 'LABEL_0', 'score': 0.9995142221450806}]"
1826802320014999819,"[{'label': 'LABEL_0', 'score': 0.9998990297317505}]"
1826801118082728112,"[{'label': 'LABEL_0', 'score': 0.9997581839561462}]"
1826789470646976942,"[{'label': 'LABEL_1', 'score': 0.9990090131759644}]"
1826788621845987334,"[{'label': 'LABEL_1', 'score': 0.9989345669746399}]"
1826784478112731616,"[{'label': 'LABEL_1', 'score': 0.9992838501930237}]"
1826781180127055896,"[{'label': 'LABEL_0', 'score': 0.998613715171814}]"
1826773489602494489,"[{'label': 'LABEL_0', 'score': 0.9997634291648865}]"
1826759827579961543,"[{'label': 'LABEL_0', 'score': 0.9995418787002563}]"
1826754525149233657,"[{'label': 'LABEL_0', 'score': 0.9718590378761292}]"
1826750879879627201,"[{'label': 'LABEL_0', 'score': 0.9998674392700195}]"
1826750142772576744,"[{'label': 'LABEL_0', 'score': 0.9998680353164673}]"
1826748712707916185,"[{'label': 'LABEL_1', 'score': 0.9994933605194092}]"
1826747097057820823,"[{'label': 'LABEL_1', 'score': 0.999538779258728}]"
1826746049886912534,"[{'label': 'LABEL_0', 'score': 0.9989020824432373}]"
1826743948997456085,"[{'label': 'LABEL_0', 'score': 0.9999141693115234}]"
1826726912095650065,"[{'label': 'LABEL_0', 'score': 0.9998378753662109}]"
1826713354813276673,"[{'label': 'LABEL_1', 'score': 0.9997115731239319}]"
1826704005248286801,"[{'label': 'LABEL_0', 'score': 0.9998399019241333}]"
1826698463884837277,"[{'label': 'LABEL_0', 'score': 0.9994648098945618}]"
1826695480874860993,"[{'label': 'LABEL_0', 'score': 0.999489426612854}]"
1826687712931316076,"[{'label': 'LABEL_0', 'score': 0.999762237071991}]"
1826687678815109418,"[{'label': 'LABEL_0', 'score': 0.9994854927062988}]"
1826684009155613075,"[{'label': 'LABEL_0', 'score': 0.998946487903595}]"
1826670099954368553,"[{'label': 'LABEL_0', 'score': 0.9996316432952881}]"
1826668918892585064,"[{'label': 'LABEL_0', 'score': 0.9998414516448975}]"
1826664696851685423,"[{'label': 'LABEL_0', 'score': 0.9996494054794312}]"
1826661600956481647,"[{'label': 'LABEL_0', 'score': 0.9998680353164673}]"
1826660602347225598,"[{'label': 'LABEL_0', 'score': 0.9997618794441223}]"
1826636461569179685,"[{'label': 'LABEL_0', 'score': 0.9997292160987854}]"
1826633726245412965,"[{'label': 'LABEL_0', 'score': 0.7140873074531555}]"
1826621508825088242,"[{'label': 'LABEL_0', 'score': 0.9998351335525513}]"
1826620017397694540,"[{'label': 'LABEL_0', 'score': 0.9998111128807068}]"
1826705612706902122,"[{'label': 'LABEL_0', 'score': 0.9998189806938171}]"
1826616954939150785,"[{'label': 'LABEL_0', 'score': 0.9958181977272034}]"
1826603607384584363,"[{'label': 'LABEL_0', 'score': 0.9994544386863708}]"
1826481210849140862,"[{'label': 'LABEL_1', 'score': 0.9989070892333984}]"
1826461482017849792,"[{'label': 'LABEL_0', 'score': 0.9998459815979004}]"
1826419697413177609,"[{'label': 'LABEL_1', 'score': 0.9996862411499023}]"
1826417334103543903,"[{'label': 'LABEL_0', 'score': 0.9791207313537598}]"
1826373467698065412,"[{'label': 'LABEL_0', 'score': 0.9998795986175537}]"
1826325644537471261,"[{'label': 'LABEL_0', 'score': 0.9997497200965881}]"
1826325514665287694,"[{'label': 'LABEL_0', 'score': 0.9998980760574341}]"
1826311265469563093,"[{'label': 'LABEL_1', 'score': 0.9998655319213867}]"
1826305099591024673,"[{'label': 'LABEL_0', 'score': 0.9996984004974365}]"
1826276109555843140,"[{'label': 'LABEL_1', 'score': 0.9589943289756775}]"
1826268672815481102,"[{'label': 'LABEL_0', 'score': 0.9998631477355957}]"
1826260979698823488,"[{'label': 'LABEL_0', 'score': 0.9998179078102112}]"
1826257099778933151,"[{'label': 'LABEL_0', 'score': 0.9998977184295654}]"
1826255470203715786,"[{'label': 'LABEL_0', 'score': 0.9942166805267334}]"
1826252527060255109,"[{'label': 'LABEL_0', 'score': 0.99982088804245}]"
1826249749491765681,"[{'label': 'LABEL_0', 'score': 0.9956907629966736}]"
1826248326997807358,"[{'label': 'LABEL_0', 'score': 0.999884843826294}]"
1826245835677688096,"[{'label': 'LABEL_0', 'score': 0.9996200799942017}]"
1826235811597353121,"[{'label': 'LABEL_0', 'score': 0.844768762588501}]"
1826231135984361674,"[{'label': 'LABEL_1', 'score': 0.9996390342712402}]"
1826133228295524430,"[{'label': 'LABEL_0', 'score': 0.9997418522834778}]"
1826077384636084402,"[{'label': 'LABEL_0', 'score': 0.9998968839645386}]"
1826070635501728222,"[{'label': 'LABEL_0', 'score': 0.9999172687530518}]"
1826064383094444393,"[{'label': 'LABEL_1', 'score': 0.9997977614402771}]"
1825971959412257194,"[{'label': 'LABEL_0', 'score': 0.9997267127037048}]"
1826058841747759388,"[{'label': 'LABEL_0', 'score': 0.9990068078041077}]"
1826052642772234256,"[{'label': 'LABEL_1', 'score': 0.9967828989028931}]"
1826051591440597328,"[{'label': 'LABEL_0', 'score': 0.9998716115951538}]"
1826001960300065134,"[{'label': 'LABEL_0', 'score': 0.9999252557754517}]"
1825995450773614881,"[{'label': 'LABEL_0', 'score': 0.9998975992202759}]"
1825985990051160506,"[{'label': 'LABEL_1', 'score': 0.9997708201408386}]"
1825984872940257746,"[{'label': 'LABEL_0', 'score': 0.9999269247055054}]"
1825981851938476415,"[{'label': 'LABEL_0', 'score': 0.9992105960845947}]"
1825975295444165040,"[{'label': 'LABEL_0', 'score': 0.9996134638786316}]"
1825968284757336455,"[{'label': 'LABEL_0', 'score': 0.99770587682724}]"
1825949933771395120,"[{'label': 'LABEL_0', 'score': 0.9998641014099121}]"
1825949759401767375,"[{'label': 'LABEL_1', 'score': 0.9984908103942871}]"
1825946088647569519,"[{'label': 'LABEL_0', 'score': 0.9969377517700195}]"
1825921247303065705,"[{'label': 'LABEL_0', 'score': 0.5358805656433105}]"
1825921197281882252,"[{'label': 'LABEL_0', 'score': 0.9998513460159302}]"
1825911161247728011,"[{'label': 'LABEL_0', 'score': 0.9996508359909058}]"
1825882427656388721,"[{'label': 'LABEL_0', 'score': 0.9995935559272766}]"
1825868778069983257,"[{'label': 'LABEL_0', 'score': 0.9997616410255432}]"
1825866457470673001,"[{'label': 'LABEL_1', 'score': 0.9946751594543457}]"
1825857087789740506,"[{'label': 'LABEL_0', 'score': 0.9998125433921814}]"
1825780520384365053,"[{'label': 'LABEL_1', 'score': 0.9991652965545654}]"
1825745386033586178,"[{'label': 'LABEL_0', 'score': 0.9985435009002686}]"
1825739221111365744,"[{'label': 'LABEL_1', 'score': 0.8083285093307495}]"
1825736243088388600,"[{'label': 'LABEL_0', 'score': 0.9997126460075378}]"
1825723936828510700,"[{'label': 'LABEL_0', 'score': 0.9998750686645508}]"
1825712094827680172,"[{'label': 'LABEL_1', 'score': 0.9996227025985718}]"
1825709775612485750,"[{'label': 'LABEL_0', 'score': 0.9997637867927551}]"
1825693709230338529,"[{'label': 'LABEL_0', 'score': 0.9990047812461853}]"
1825689907492196705,"[{'label': 'LABEL_0', 'score': 0.9999383687973022}]"
1825693097394843923,"[{'label': 'LABEL_0', 'score': 0.9998757839202881}]"
1825689149749293271,"[{'label': 'LABEL_1', 'score': 0.9996592998504639}]"
1825685065122328771,"[{'label': 'LABEL_0', 'score': 0.9997853636741638}]"
1825684572534677745,"[{'label': 'LABEL_0', 'score': 0.9998371601104736}]"
1825678367691022762,"[{'label': 'LABEL_0', 'score': 0.9999288320541382}]"
1825653732618694853,"[{'label': 'LABEL_0', 'score': 0.9998795986175537}]"
1825648563172372940,"[{'label': 'LABEL_0', 'score': 0.9994940757751465}]"
1825643993725805027,"[{'label': 'LABEL_1', 'score': 0.9996644258499146}]"
1825638756160057594,"[{'label': 'LABEL_0', 'score': 0.9995403289794922}]"
1825634436395970608,"[{'label': 'LABEL_0', 'score': 0.9998108744621277}]"
1825629886910005392,"[{'label': 'LABEL_0', 'score': 0.9997226595878601}]"
1825603358679511219,"[{'label': 'LABEL_0', 'score': 0.9999045133590698}]"
1825596514498167162,"[{'label': 'LABEL_0', 'score': 0.9998134970664978}]"
1830576043830263985,"[{'label': 'LABEL_0', 'score': 0.999911904335022}]"
1830576025874387109,"[{'label': 'LABEL_0', 'score': 0.9999414682388306}]"
1830576020040073389,"[{'label': 'LABEL_0', 'score': 0.9999003410339355}]"
1830576014272954736,"[{'label': 'LABEL_0', 'score': 0.9999220371246338}]"
1830576002776416482,"[{'label': 'LABEL_0', 'score': 0.9990854263305664}]"
1830571637944603077,"[{'label': 'LABEL_1', 'score': 0.9996017813682556}]"
1830561909562564860,"[{'label': 'LABEL_0', 'score': 0.9998959302902222}]"
1830471986083999770,"[{'label': 'LABEL_1', 'score': 0.9996559619903564}]"
1830454591936180250,"[{'label': 'LABEL_0', 'score': 0.9996750354766846}]"
1830452212562034750,"[{'label': 'LABEL_0', 'score': 0.9828066825866699}]"
1830431733176520734,"[{'label': 'LABEL_1', 'score': 0.9495941996574402}]"
1830429114366329138,"[{'label': 'LABEL_0', 'score': 0.9998446702957153}]"
1830421982459900309,"[{'label': 'LABEL_0', 'score': 0.9850314855575562}]"
1830389980042006821,"[{'label': 'LABEL_0', 'score': 0.9999368190765381}]"
1830370007693312367,"[{'label': 'LABEL_1', 'score': 0.998784601688385}]"
1830344702677139886,"[{'label': 'LABEL_0', 'score': 0.9996306896209717}]"
1830340585967820850,"[{'label': 'LABEL_0', 'score': 0.9866624474525452}]"
1830337326477643834,"[{'label': 'LABEL_1', 'score': 0.9940272569656372}]"
1830327324673294601,"[{'label': 'LABEL_1', 'score': 0.9996570348739624}]"
1830311005626200216,"[{'label': 'LABEL_0', 'score': 0.99954754114151}]"
1830303673379110975,"[{'label': 'LABEL_0', 'score': 0.9999176263809204}]"
1830301017323524273,"[{'label': 'LABEL_0', 'score': 0.9997562766075134}]"
1830298735982629125,"[{'label': 'LABEL_0', 'score': 0.9999340772628784}]"
1830296769185694145,"[{'label': 'LABEL_1', 'score': 0.9943193197250366}]"
1830292468564439162,"[{'label': 'LABEL_0', 'score': 0.9999035596847534}]"
1830278067513688198,"[{'label': 'LABEL_0', 'score': 0.9988430738449097}]"
1830274676083314790,"[{'label': 'LABEL_0', 'score': 0.9996414184570312}]"
1830264867858927848,"[{'label': 'LABEL_0', 'score': 0.9998531341552734}]"
1830261103886319822,"[{'label': 'LABEL_0', 'score': 0.9978887438774109}]"
1830240281196904614,"[{'label': 'LABEL_0', 'score': 0.9998869895935059}]"
1830237776467693952,"[{'label': 'LABEL_1', 'score': 0.9994993209838867}]"
1830149553787396530,"[{'label': 'LABEL_0', 'score': 0.9993416666984558}]"
1830074461380325555,"[{'label': 'LABEL_0', 'score': 0.9990798234939575}]"
1830040852837622027,"[{'label': 'LABEL_0', 'score': 0.9999094009399414}]"
1830037106992755184,"[{'label': 'LABEL_1', 'score': 0.9990214109420776}]"
1830029116738830583,"[{'label': 'LABEL_0', 'score': 0.9998075366020203}]"
1830027539504402790,"[{'label': 'LABEL_0', 'score': 0.99988853931427}]"
1830021412788031928,"[{'label': 'LABEL_0', 'score': 0.9998342990875244}]"
1830009426641608894,"[{'label': 'LABEL_0', 'score': 0.9999129772186279}]"
1829999194163089804,"[{'label': 'LABEL_0', 'score': 0.9998763799667358}]"
1829986632600068156,"[{'label': 'LABEL_0', 'score': 0.9998782873153687}]"
1829979603328442831,"[{'label': 'LABEL_0', 'score': 0.9993240833282471}]"
1829972940475285557,"[{'label': 'LABEL_0', 'score': 0.9947525262832642}]"
1829953555727319443,"[{'label': 'LABEL_0', 'score': 0.9997926354408264}]"
1829950979757711518,"[{'label': 'LABEL_0', 'score': 0.7451802492141724}]"
1829942861330108614,"[{'label': 'LABEL_1', 'score': 0.9997280240058899}]"
1829926422497857574,"[{'label': 'LABEL_0', 'score': 0.9998726844787598}]"
1829920458382475464,"[{'label': 'LABEL_0', 'score': 0.9999067783355713}]"
1829902946919989253,"[{'label': 'LABEL_0', 'score': 0.9998953342437744}]"
1829895101860233405,"[{'label': 'LABEL_0', 'score': 0.9984551668167114}]"
1829886874535805443,"[{'label': 'LABEL_0', 'score': 0.999845027923584}]"
1829863774993465544,"[{'label': 'LABEL_0', 'score': 0.9988196492195129}]"
1829860442740834594,"[{'label': 'LABEL_1', 'score': 0.7357282042503357}]"
1829859780867080641,"[{'label': 'LABEL_0', 'score': 0.9998965263366699}]"
1829842818644222211,"[{'label': 'LABEL_1', 'score': 0.999636173248291}]"
1829827441486917949,"[{'label': 'LABEL_1', 'score': 0.9997715353965759}]"
1829799901120622602,"[{'label': 'LABEL_1', 'score': 0.9991612434387207}]"
1829748657496678591,"[{'label': 'LABEL_0', 'score': 0.5351635217666626}]"
1829695393329766599,"[{'label': 'LABEL_0', 'score': 0.9998592138290405}]"
1829672905581740256,"[{'label': 'LABEL_0', 'score': 0.9995384216308594}]"
1829656183680221389,"[{'label': 'LABEL_1', 'score': 0.9992018342018127}]"
1829635666080067605,"[{'label': 'LABEL_0', 'score': 0.9998186230659485}]"
1829626105491570996,"[{'label': 'LABEL_0', 'score': 0.8265734314918518}]"
1829617272971018250,"[{'label': 'LABEL_0', 'score': 0.9997196793556213}]"
1829608550404178060,"[{'label': 'LABEL_0', 'score': 0.99992835521698}]"
1829603127168991496,"[{'label': 'LABEL_0', 'score': 0.9998610019683838}]"
1829602194943025444,"[{'label': 'LABEL_0', 'score': 0.9993146657943726}]"
1829594046572143021,"[{'label': 'LABEL_0', 'score': 0.9999244213104248}]"
1829592641928872068,"[{'label': 'LABEL_0', 'score': 0.9998606443405151}]"
1829590686074905060,"[{'label': 'LABEL_0', 'score': 0.999691367149353}]"
1829581263604203911,"[{'label': 'LABEL_0', 'score': 0.9999326467514038}]"
1829565701289316512,"[{'label': 'LABEL_0', 'score': 0.9999250173568726}]"
1829495357480288451,"[{'label': 'LABEL_0', 'score': 0.9998027682304382}]"
1829447252521185522,"[{'label': 'LABEL_0', 'score': 0.9999014139175415}]"
1829403440075686182,"[{'label': 'LABEL_0', 'score': 0.9997323155403137}]"
1829387717525828066,"[{'label': 'LABEL_0', 'score': 0.9996793270111084}]"
1829358341224620142,"[{'label': 'LABEL_1', 'score': 0.9996733665466309}]"
1829345566196674880,"[{'label': 'LABEL_0', 'score': 0.9772399067878723}]"
1829316792822505955,"[{'label': 'LABEL_0', 'score': 0.9996911287307739}]"
1829266179829186717,"[{'label': 'LABEL_0', 'score': 0.9967913031578064}]"
1829265304683483253,"[{'label': 'LABEL_0', 'score': 0.9997534155845642}]"
1829265055789314544,"[{'label': 'LABEL_0', 'score': 0.9642661213874817}]"
1829230203664519661,"[{'label': 'LABEL_0', 'score': 0.9998902082443237}]"
1829225965077033419,"[{'label': 'LABEL_0', 'score': 0.9997621178627014}]"
1829225962254569729,"[{'label': 'LABEL_0', 'score': 0.9995500445365906}]"
1829225954347995360,"[{'label': 'LABEL_0', 'score': 0.9996227025985718}]"
1829218636659335216,"[{'label': 'LABEL_0', 'score': 0.99994957447052}]"
1829188178160562366,"[{'label': 'LABEL_1', 'score': 0.9998854398727417}]"
1829182508107477192,"[{'label': 'LABEL_0', 'score': 0.9997466206550598}]"
1829177484257948062,"[{'label': 'LABEL_1', 'score': 0.9918045997619629}]"
1829153826194239594,"[{'label': 'LABEL_0', 'score': 0.9999182224273682}]"
1829114358581932263,"[{'label': 'LABEL_0', 'score': 0.997846245765686}]"
1829105333421097210,"[{'label': 'LABEL_0', 'score': 0.9999513626098633}]"
1829065124440633792,"[{'label': 'LABEL_0', 'score': 0.9998626708984375}]"
1829006151482032561,"[{'label': 'LABEL_0', 'score': 0.9997410178184509}]"
1829002093178331415,"[{'label': 'LABEL_0', 'score': 0.9995782971382141}]"
1828991681800048837,"[{'label': 'LABEL_0', 'score': 0.9999210834503174}]"
1828967446172098640,"[{'label': 'LABEL_0', 'score': 0.9998705387115479}]"
1828963971891675591,"[{'label': 'LABEL_0', 'score': 0.9995993971824646}]"
1828955493772992929,"[{'label': 'LABEL_0', 'score': 0.999893069267273}]"
1828932598254444977,"[{'label': 'LABEL_0', 'score': 0.9383195638656616}]"
1828915614473150956,"[{'label': 'LABEL_0', 'score': 0.9998348951339722}]"
1828900607094075787,"[{'label': 'LABEL_0', 'score': 0.9997684359550476}]"
1828900456774447419,"[{'label': 'LABEL_0', 'score': 0.9997003078460693}]"
1828896445472354327,"[{'label': 'LABEL_0', 'score': 0.999919056892395}]"
1828888601251156366,"[{'label': 'LABEL_0', 'score': 0.9998348951339722}]"
1828875144590426418,"[{'label': 'LABEL_0', 'score': 0.9998712539672852}]"
1828870917931356594,"[{'label': 'LABEL_0', 'score': 0.9999343156814575}]"
1828858927447994849,"[{'label': 'LABEL_0', 'score': 0.9999008178710938}]"
1828844676641894802,"[{'label': 'LABEL_0', 'score': 0.9970226883888245}]"
1828838792364732845,"[{'label': 'LABEL_0', 'score': 0.9999102354049683}]"
1828829614074163430,"[{'label': 'LABEL_0', 'score': 0.9957316517829895}]"
1828819458561101871,"[{'label': 'LABEL_1', 'score': 0.9628534317016602}]"
1828816105462432069,"[{'label': 'LABEL_0', 'score': 0.9998503923416138}]"
1828797461391200419,"[{'label': 'LABEL_0', 'score': 0.9998075366020203}]"
1828783820558229676,"[{'label': 'LABEL_0', 'score': 0.9996021389961243}]"
1828781633723633772,"[{'label': 'LABEL_0', 'score': 0.9997132420539856}]"
1828769409168793773,"[{'label': 'LABEL_0', 'score': 0.9996581077575684}]"
1828769177391513669,"[{'label': 'LABEL_1', 'score': 0.9811285734176636}]"
1828761213376844277,"[{'label': 'LABEL_0', 'score': 0.9950082302093506}]"
1828756871521689710,"[{'label': 'LABEL_1', 'score': 0.999717652797699}]"
1828600309192458591,"[{'label': 'LABEL_0', 'score': 0.9984530210494995}]"
1828587854953664750,"[{'label': 'LABEL_0', 'score': 0.9992269277572632}]"
1828550912576532760,"[{'label': 'LABEL_0', 'score': 0.5467358827590942}]"
1828544407253000566,"[{'label': 'LABEL_0', 'score': 0.9999368190765381}]"
1828528143654887776,"[{'label': 'LABEL_0', 'score': 0.9991068243980408}]"
1828515434259194087,"[{'label': 'LABEL_0', 'score': 0.9995734095573425}]"
1828506761038377243,"[{'label': 'LABEL_1', 'score': 0.999196469783783}]"
1828503920811090120,"[{'label': 'LABEL_0', 'score': 0.9999343156814575}]"
1828503162724196613,"[{'label': 'LABEL_1', 'score': 0.9997588992118835}]"
1828465062631350302,"[{'label': 'LABEL_0', 'score': 0.9999178647994995}]"
1828460881149104569,"[{'label': 'LABEL_1', 'score': 0.9994410872459412}]"
1828446184932810859,"[{'label': 'LABEL_1', 'score': 0.645232081413269}]"
1828440723776995660,"[{'label': 'LABEL_1', 'score': 0.9861021041870117}]"
1828370849008652650,"[{'label': 'LABEL_1', 'score': 0.9991657733917236}]"
1828264093339308220,"[{'label': 'LABEL_1', 'score': 0.9802863001823425}]"
1828237018427506806,"[{'label': 'LABEL_0', 'score': 0.9998111128807068}]"
1828236511491297633,"[{'label': 'LABEL_0', 'score': 0.5022523999214172}]"
1828211084362178769,"[{'label': 'LABEL_0', 'score': 0.9996775388717651}]"
1828207721734152704,"[{'label': 'LABEL_0', 'score': 0.9999274015426636}]"
1828197769443488218,"[{'label': 'LABEL_0', 'score': 0.911027193069458}]"
1828186325360562629,"[{'label': 'LABEL_1', 'score': 0.9997254014015198}]"
1828183296351838308,"[{'label': 'LABEL_1', 'score': 0.9997043013572693}]"
1828181019700117889,"[{'label': 'LABEL_0', 'score': 0.9999130964279175}]"
1828166681039921324,"[{'label': 'LABEL_0', 'score': 0.5773932933807373}]"
1828163556807737560,"[{'label': 'LABEL_1', 'score': 0.9858021140098572}]"
1828162941453262916,"[{'label': 'LABEL_0', 'score': 0.9995502829551697}]"
1828161648311579044,"[{'label': 'LABEL_0', 'score': 0.9999051094055176}]"
1828151595248361829,"[{'label': 'LABEL_0', 'score': 0.9999121427536011}]"
1828151270680756642,"[{'label': 'LABEL_0', 'score': 0.9999074935913086}]"
1828144602634952838,"[{'label': 'LABEL_0', 'score': 0.999875545501709}]"
1828129056988000383,"[{'label': 'LABEL_0', 'score': 0.9959108829498291}]"
1828128088636457015,"[{'label': 'LABEL_0', 'score': 0.99904865026474}]"
1828113142104125671,"[{'label': 'LABEL_0', 'score': 0.999906063079834}]"
1828113137091899569,"[{'label': 'LABEL_0', 'score': 0.9998795986175537}]"
1828098557435396464,"[{'label': 'LABEL_1', 'score': 0.998629093170166}]"
1828089457373065515,"[{'label': 'LABEL_0', 'score': 0.9998594522476196}]"
1828088977511141611,"[{'label': 'LABEL_0', 'score': 0.9997298121452332}]"
1828073856256332103,"[{'label': 'LABEL_0', 'score': 0.9999294281005859}]"
1828066398804849025,"[{'label': 'LABEL_0', 'score': 0.999929666519165}]"
1828058837951111518,"[{'label': 'LABEL_0', 'score': 0.9987265467643738}]"
1828040365732946168,"[{'label': 'LABEL_0', 'score': 0.9998176693916321}]"
1827983043593748489,"[{'label': 'LABEL_0', 'score': 0.9998935461044312}]"
1827941783164035398,"[{'label': 'LABEL_1', 'score': 0.9996734857559204}]"
1827929297304035455,"[{'label': 'LABEL_0', 'score': 0.9998538494110107}]"
1827896640180535641,"[{'label': 'LABEL_1', 'score': 0.9963464140892029}]"
1827792788458787206,"[{'label': 'LABEL_1', 'score': 0.976982593536377}]"
1827896634887311603,"[{'label': 'LABEL_1', 'score': 0.9994478821754456}]"
1827890912476688531,"[{'label': 'LABEL_0', 'score': 0.9999080896377563}]"
1827874893238538504,"[{'label': 'LABEL_1', 'score': 0.999473512172699}]"
1827864614794596497,"[{'label': 'LABEL_1', 'score': 0.9997386336326599}]"
1827854119219966015,"[{'label': 'LABEL_1', 'score': 0.999640703201294}]"
1827853792739463200,"[{'label': 'LABEL_1', 'score': 0.9997918009757996}]"
1827814026329657714,"[{'label': 'LABEL_0', 'score': 0.9995850920677185}]"
1827765989943181581,"[{'label': 'LABEL_0', 'score': 0.9995736479759216}]"
1827762586319798569,"[{'label': 'LABEL_0', 'score': 0.9999344348907471}]"
1827757711863300426,"[{'label': 'LABEL_1', 'score': 0.9990501999855042}]"
1827741746958066044,"[{'label': 'LABEL_0', 'score': 0.9998944997787476}]"
1827727205557743853,"[{'label': 'LABEL_0', 'score': 0.7815026044845581}]"
1827718046804529154,"[{'label': 'LABEL_0', 'score': 0.9998231530189514}]"
1827710069988888814,"[{'label': 'LABEL_0', 'score': 0.999923825263977}]"
1827683653586927888,"[{'label': 'LABEL_0', 'score': 0.9999399185180664}]"
1827596896631660993,"[{'label': 'LABEL_0', 'score': 0.9999179840087891}]"
1827523205902258266,"[{'label': 'LABEL_0', 'score': 0.9996193647384644}]"
1827518932435058730,"[{'label': 'LABEL_0', 'score': 0.9998366832733154}]"
1827470021850968554,"[{'label': 'LABEL_1', 'score': 0.9986557960510254}]"
1827458374470135957,"[{'label': 'LABEL_1', 'score': 0.9977534413337708}]"
1827435533838250374,"[{'label': 'LABEL_0', 'score': 0.9994229078292847}]"
1827408502978925004,"[{'label': 'LABEL_0', 'score': 0.9998210072517395}]"
1827381101863510254,"[{'label': 'LABEL_0', 'score': 0.9930866360664368}]"
1827378663249097067,"[{'label': 'LABEL_1', 'score': 0.9990591406822205}]"
1827365076220743849,"[{'label': 'LABEL_0', 'score': 0.999626874923706}]"
1827359385636474974,"[{'label': 'LABEL_0', 'score': 0.9992510676383972}]"
1827208042502410335,"[{'label': 'LABEL_0', 'score': 0.9994018077850342}]"
1827176112453030249,"[{'label': 'LABEL_0', 'score': 0.9931188821792603}]"
1827158063977021672,"[{'label': 'LABEL_0', 'score': 0.999666690826416}]"
1827149518636237186,"[{'label': 'LABEL_0', 'score': 0.9990242719650269}]"
1827142905489695004,"[{'label': 'LABEL_1', 'score': 0.9993034601211548}]"
1827142131498000709,"[{'label': 'LABEL_1', 'score': 0.9971466660499573}]"
1827131780446441878,"[{'label': 'LABEL_1', 'score': 0.9997554421424866}]"
1827121908695146578,"[{'label': 'LABEL_0', 'score': 0.9999028444290161}]"
1827119589026885844,"[{'label': 'LABEL_0', 'score': 0.9998786449432373}]"
1827118684147740998,"[{'label': 'LABEL_0', 'score': 0.9998890161514282}]"
1827090865233277378,"[{'label': 'LABEL_0', 'score': 0.9991121888160706}]"
1827105134460940480,"[{'label': 'LABEL_0', 'score': 0.9999347925186157}]"
1831679702513135931,"[{'label': 'LABEL_0', 'score': 0.9989849925041199}]"
1831574797240738068,"[{'label': 'LABEL_0', 'score': 0.9998440742492676}]"
1831565182494994526,"[{'label': 'LABEL_0', 'score': 0.9999109506607056}]"
1831506970404139163,"[{'label': 'LABEL_0', 'score': 0.9998553991317749}]"
1831497666213376480,"[{'label': 'LABEL_0', 'score': 0.999890923500061}]"
1831480788212445189,"[{'label': 'LABEL_0', 'score': 0.9593499898910522}]"
1831476439046332716,"[{'label': 'LABEL_0', 'score': 0.9995176792144775}]"
1831462560065106145,"[{'label': 'LABEL_0', 'score': 0.9762381911277771}]"
1831429564456935577,"[{'label': 'LABEL_0', 'score': 0.9947758913040161}]"
1831426756009722225,"[{'label': 'LABEL_0', 'score': 0.9997005462646484}]"
1831425365606269414,"[{'label': 'LABEL_0', 'score': 0.999863862991333}]"
1831410735815307558,"[{'label': 'LABEL_0', 'score': 0.9998685121536255}]"
1831388175367065889,"[{'label': 'LABEL_0', 'score': 0.9999147653579712}]"
1831379858305273929,"[{'label': 'LABEL_0', 'score': 0.999861478805542}]"
1831379467652026772,"[{'label': 'LABEL_0', 'score': 0.9998784065246582}]"
1831375115764035801,"[{'label': 'LABEL_0', 'score': 0.9998867511749268}]"
1831372787740725441,"[{'label': 'LABEL_0', 'score': 0.999906063079834}]"
1831362863333880052,"[{'label': 'LABEL_1', 'score': 0.999467670917511}]"
1831354004921577672,"[{'label': 'LABEL_1', 'score': 0.9995868802070618}]"
1831353101099372865,"[{'label': 'LABEL_1', 'score': 0.9997050166130066}]"
1831341624661856545,"[{'label': 'LABEL_0', 'score': 0.9991114735603333}]"
1831305467164783103,"[{'label': 'LABEL_1', 'score': 0.9974390268325806}]"
1831302459282567295,"[{'label': 'LABEL_0', 'score': 0.9998513460159302}]"
1831260856178413985,"[{'label': 'LABEL_1', 'score': 0.9996778964996338}]"
1831184445027565759,"[{'label': 'LABEL_0', 'score': 0.9999152421951294}]"
1831175781550051381,"[{'label': 'LABEL_0', 'score': 0.9998979568481445}]"
1831153508667494613,"[{'label': 'LABEL_0', 'score': 0.9997386336326599}]"
1831143944144482714,"[{'label': 'LABEL_1', 'score': 0.9994730353355408}]"
1831139023823176189,"[{'label': 'LABEL_0', 'score': 0.9998537302017212}]"
1831110916739412121,"[{'label': 'LABEL_0', 'score': 0.9997115731239319}]"
1831108473800863897,"[{'label': 'LABEL_0', 'score': 0.9989895224571228}]"
1831101652465590408,"[{'label': 'LABEL_0', 'score': 0.9998766183853149}]"
1831094883395989714,"[{'label': 'LABEL_0', 'score': 0.9998786449432373}]"
1831086754298003621,"[{'label': 'LABEL_0', 'score': 0.9998728036880493}]"
1831083626852999367,"[{'label': 'LABEL_0', 'score': 0.9999130964279175}]"
1831067015236436277,"[{'label': 'LABEL_1', 'score': 0.9995208978652954}]"
1831065632617669042,"[{'label': 'LABEL_0', 'score': 0.9998300075531006}]"
1831049006602137668,"[{'label': 'LABEL_0', 'score': 0.9991264939308167}]"
1831044998227538241,"[{'label': 'LABEL_0', 'score': 0.9998563528060913}]"
1831031243733106708,"[{'label': 'LABEL_1', 'score': 0.9987731575965881}]"
1831030888630821120,"[{'label': 'LABEL_0', 'score': 0.7513741850852966}]"
1831019990868430924,"[{'label': 'LABEL_0', 'score': 0.9997307658195496}]"
1831015394569548154,"[{'label': 'LABEL_1', 'score': 0.9995110034942627}]"
1831009078052589695,"[{'label': 'LABEL_1', 'score': 0.8726091384887695}]"
1831000881149382990,"[{'label': 'LABEL_0', 'score': 0.9998728036880493}]"
1830966843210899503,"[{'label': 'LABEL_0', 'score': 0.8745037317276001}]"
1830966045647220927,"[{'label': 'LABEL_1', 'score': 0.987989068031311}]"
1833079424977187130,"[{'label': 'LABEL_1', 'score': 0.9997041821479797}]"
1833070637709136106,"[{'label': 'LABEL_0', 'score': 0.9992140531539917}]"
1832978368192487687,"[{'label': 'LABEL_0', 'score': 0.9998416900634766}]"
1832976962047906148,"[{'label': 'LABEL_0', 'score': 0.9997828602790833}]"
1832970532393726178,"[{'label': 'LABEL_1', 'score': 0.9997709393501282}]"
1832516889219629352,"[{'label': 'LABEL_1', 'score': 0.9993258714675903}]"
1832958322690929014,"[{'label': 'LABEL_1', 'score': 0.9991666078567505}]"
1832957329991434442,"[{'label': 'LABEL_1', 'score': 0.999419093132019}]"
1832951816536957097,"[{'label': 'LABEL_1', 'score': 0.9981169700622559}]"
1832947356079153334,"[{'label': 'LABEL_0', 'score': 0.9987335801124573}]"
1832947171873714528,"[{'label': 'LABEL_0', 'score': 0.9998562335968018}]"
1832946153362436602,"[{'label': 'LABEL_1', 'score': 0.7149515151977539}]"
1832945618785857899,"[{'label': 'LABEL_0', 'score': 0.9998539686203003}]"
1832942767531503847,"[{'label': 'LABEL_0', 'score': 0.9996604919433594}]"
1832920598550360433,"[{'label': 'LABEL_0', 'score': 0.9997088313102722}]"
1832906995071938694,"[{'label': 'LABEL_0', 'score': 0.9995142221450806}]"
1832878337225642365,"[{'label': 'LABEL_0', 'score': 0.997704803943634}]"
1832869173544067219,"[{'label': 'LABEL_0', 'score': 0.8703590035438538}]"
1832864011886473680,"[{'label': 'LABEL_0', 'score': 0.999923586845398}]"
1832852583800623361,"[{'label': 'LABEL_1', 'score': 0.5112388730049133}]"
1832844781489139776,"[{'label': 'LABEL_0', 'score': 0.9998903274536133}]"
1832843228405551590,"[{'label': 'LABEL_0', 'score': 0.9834697842597961}]"
1832843138299556199,"[{'label': 'LABEL_0', 'score': 0.9998964071273804}]"
1832426447975182661,"[{'label': 'LABEL_0', 'score': 0.9999475479125977}]"
1832834435177140608,"[{'label': 'LABEL_0', 'score': 0.9999401569366455}]"
1832829494333149572,"[{'label': 'LABEL_0', 'score': 0.9999182224273682}]"
1832821837408895103,"[{'label': 'LABEL_0', 'score': 0.999879002571106}]"
1832820823964414317,"[{'label': 'LABEL_1', 'score': 0.9994282126426697}]"
1832816634504851961,"[{'label': 'LABEL_0', 'score': 0.9999220371246338}]"
1832814087568253030,"[{'label': 'LABEL_0', 'score': 0.9997561573982239}]"
1832497751726407708,"[{'label': 'LABEL_0', 'score': 0.9998577833175659}]"
1832810031886021006,"[{'label': 'LABEL_1', 'score': 0.9991322159767151}]"
1832802661248143693,"[{'label': 'LABEL_0', 'score': 0.9999021291732788}]"
1832793479115616553,"[{'label': 'LABEL_0', 'score': 0.9998235106468201}]"
1832792623930581362,"[{'label': 'LABEL_0', 'score': 0.999887228012085}]"
1832790822435082708,"[{'label': 'LABEL_0', 'score': 0.9996160268783569}]"
1832744477540094068,"[{'label': 'LABEL_0', 'score': 0.9996980428695679}]"
1832741829772513638,"[{'label': 'LABEL_0', 'score': 0.9964708089828491}]"
1832722848206512233,"[{'label': 'LABEL_0', 'score': 0.993439257144928}]"
1832665964011225209,"[{'label': 'LABEL_0', 'score': 0.9999356269836426}]"
1832632776568242347,"[{'label': 'LABEL_0', 'score': 0.9998014569282532}]"
1832615210256826377,"[{'label': 'LABEL_0', 'score': 0.9997853636741638}]"
1832609787474759949,"[{'label': 'LABEL_0', 'score': 0.9989649057388306}]"
1832604937206845526,"[{'label': 'LABEL_1', 'score': 0.9995248317718506}]"
1832601385168244817,"[{'label': 'LABEL_0', 'score': 0.9982011318206787}]"
1832586078651347173,"[{'label': 'LABEL_0', 'score': 0.9997219443321228}]"
1832585229778743785,"[{'label': 'LABEL_0', 'score': 0.9999004602432251}]"
1832577390335422802,"[{'label': 'LABEL_0', 'score': 0.9986514449119568}]"
1832551108822052905,"[{'label': 'LABEL_0', 'score': 0.9998629093170166}]"
1832547504602411445,"[{'label': 'LABEL_0', 'score': 0.9997262358665466}]"
1832539765360750756,"[{'label': 'LABEL_1', 'score': 0.9993364214897156}]"
1832525960014430665,"[{'label': 'LABEL_0', 'score': 0.9998226761817932}]"
1832506947829993751,"[{'label': 'LABEL_0', 'score': 0.9998817443847656}]"
1832502364718219342,"[{'label': 'LABEL_0', 'score': 0.9999058246612549}]"
1832485017865323003,"[{'label': 'LABEL_1', 'score': 0.6838290691375732}]"
1832484452678680743,"[{'label': 'LABEL_1', 'score': 0.9996644258499146}]"
1832475662457688301,"[{'label': 'LABEL_1', 'score': 0.9998488426208496}]"
1832475195610693655,"[{'label': 'LABEL_0', 'score': 0.724265992641449}]"
1832449782427599097,"[{'label': 'LABEL_0', 'score': 0.9995357990264893}]"
1832416822358110546,"[{'label': 'LABEL_0', 'score': 0.9885813593864441}]"
1832416139512795430,"[{'label': 'LABEL_0', 'score': 0.9998667240142822}]"
1832379932925661508,"[{'label': 'LABEL_0', 'score': 0.9996405839920044}]"
1832360529429516732,"[{'label': 'LABEL_0', 'score': 0.9992924928665161}]"
1832313704718762007,"[{'label': 'LABEL_0', 'score': 0.9998694658279419}]"
1832292887351996617,"[{'label': 'LABEL_0', 'score': 0.9998975992202759}]"
1832251590893265198,"[{'label': 'LABEL_0', 'score': 0.999626874923706}]"
1832250658189197469,"[{'label': 'LABEL_0', 'score': 0.9998785257339478}]"
1832248231948120458,"[{'label': 'LABEL_0', 'score': 0.9979923963546753}]"
1832241960381280409,"[{'label': 'LABEL_0', 'score': 0.9993519186973572}]"
1832238557152379066,"[{'label': 'LABEL_0', 'score': 0.9993539452552795}]"
1832235335964651647,"[{'label': 'LABEL_0', 'score': 0.9997857213020325}]"
1832217202604294465,"[{'label': 'LABEL_0', 'score': 0.9909647703170776}]"
1832212745887928472,"[{'label': 'LABEL_1', 'score': 0.9997841715812683}]"
1832210325921243392,"[{'label': 'LABEL_1', 'score': 0.9996241331100464}]"
1832208473779531860,"[{'label': 'LABEL_0', 'score': 0.9997180104255676}]"
1832187858599473198,"[{'label': 'LABEL_0', 'score': 0.9998795986175537}]"
1832186522918887465,"[{'label': 'LABEL_0', 'score': 0.9997850060462952}]"
1832175287976571015,"[{'label': 'LABEL_0', 'score': 0.9997754693031311}]"
1832160245952524425,"[{'label': 'LABEL_1', 'score': 0.9994922876358032}]"
1832148182496596390,"[{'label': 'LABEL_0', 'score': 0.9997766613960266}]"
1832141594474008853,"[{'label': 'LABEL_1', 'score': 0.9987043142318726}]"
1832141477528347079,"[{'label': 'LABEL_0', 'score': 0.9998922348022461}]"
1832130795080970758,"[{'label': 'LABEL_0', 'score': 0.9998500347137451}]"
1832111582589104132,"[{'label': 'LABEL_0', 'score': 0.9997908473014832}]"
1832091700438897081,"[{'label': 'LABEL_0', 'score': 0.9995660185813904}]"
1832157954319290800,"[{'label': 'LABEL_0', 'score': 0.9978184700012207}]"
1832064126316929515,"[{'label': 'LABEL_1', 'score': 0.9992514252662659}]"
1832038776517890371,"[{'label': 'LABEL_0', 'score': 0.9999105930328369}]"
1831837238969430308,"[{'label': 'LABEL_0', 'score': 0.9998427629470825}]"
1832033169320624558,"[{'label': 'LABEL_0', 'score': 0.9999154806137085}]"
1832024124543099050,"[{'label': 'LABEL_0', 'score': 0.9992707371711731}]"
1831991635468554344,"[{'label': 'LABEL_0', 'score': 0.9994992017745972}]"
1831988566416629840,"[{'label': 'LABEL_0', 'score': 0.9998251795768738}]"
1831957667356799104,"[{'label': 'LABEL_0', 'score': 0.9989676475524902}]"
1831952770536239578,"[{'label': 'LABEL_1', 'score': 0.9993864297866821}]"
1831908256262054375,"[{'label': 'LABEL_1', 'score': 0.994628369808197}]"
1831892926261293366,"[{'label': 'LABEL_0', 'score': 0.9999010562896729}]"
1831891827852767602,"[{'label': 'LABEL_0', 'score': 0.999889612197876}]"
1831877610860933182,"[{'label': 'LABEL_1', 'score': 0.907456636428833}]"
1831867618019753987,"[{'label': 'LABEL_0', 'score': 0.9999256134033203}]"
1831867311151837334,"[{'label': 'LABEL_1', 'score': 0.9996138215065002}]"
1831866837614916085,"[{'label': 'LABEL_0', 'score': 0.9998258948326111}]"
1831862272572190810,"[{'label': 'LABEL_1', 'score': 0.9919493198394775}]"
1831861683368939543,"[{'label': 'LABEL_0', 'score': 0.9998962879180908}]"
1831861043443986577,"[{'label': 'LABEL_0', 'score': 0.9815394282341003}]"
1831852552255656164,"[{'label': 'LABEL_0', 'score': 0.9999411106109619}]"
1831842947580752032,"[{'label': 'LABEL_0', 'score': 0.9998800754547119}]"
1831814011270394225,"[{'label': 'LABEL_1', 'score': 0.9992664456367493}]"
1831795078819688784,"[{'label': 'LABEL_0', 'score': 0.9999088048934937}]"
1831763027252932785,"[{'label': 'LABEL_0', 'score': 0.9998892545700073}]"
1831756429855785462,"[{'label': 'LABEL_1', 'score': 0.9998236298561096}]"
1831750401751970016,"[{'label': 'LABEL_0', 'score': 0.9995920062065125}]"
1831748068448129181,"[{'label': 'LABEL_0', 'score': 0.9992284774780273}]"
1831742038770950327,"[{'label': 'LABEL_1', 'score': 0.9013950824737549}]"
1831698393879416889,"[{'label': 'LABEL_0', 'score': 0.9998719692230225}]"
1831697348784767400,"[{'label': 'LABEL_0', 'score': 0.9998216032981873}]"
1836011424738316497,"[{'label': 'LABEL_0', 'score': 0.9775821566581726}]"
1836010331690164525,"[{'label': 'LABEL_1', 'score': 0.9992341995239258}]"
1836008864111526088,"[{'label': 'LABEL_0', 'score': 0.9985305070877075}]"
1836005005448434049,"[{'label': 'LABEL_0', 'score': 0.9994937181472778}]"
1835987415170719937,"[{'label': 'LABEL_1', 'score': 0.9992068409919739}]"
1835912439671529507,"[{'label': 'LABEL_0', 'score': 0.9997995495796204}]"
1835881378161860942,"[{'label': 'LABEL_0', 'score': 0.9965027570724487}]"
1835872355681185957,"[{'label': 'LABEL_0', 'score': 0.9998515844345093}]"
1835856891781464267,"[{'label': 'LABEL_0', 'score': 0.9998763799667358}]"
1835856000487698566,"[{'label': 'LABEL_0', 'score': 0.8759730458259583}]"
1835661873032687854,"[{'label': 'LABEL_0', 'score': 0.997655987739563}]"
1835855927561302231,"[{'label': 'LABEL_0', 'score': 0.9993833303451538}]"
1835854967787172023,"[{'label': 'LABEL_1', 'score': 0.9994433522224426}]"
1835852126846668943,"[{'label': 'LABEL_1', 'score': 0.9988228678703308}]"
1835851230700069058,"[{'label': 'LABEL_0', 'score': 0.999845027923584}]"
1835841318959906945,"[{'label': 'LABEL_0', 'score': 0.9948663711547852}]"
1835841152508944847,"[{'label': 'LABEL_0', 'score': 0.9999133348464966}]"
1835831696039546962,"[{'label': 'LABEL_0', 'score': 0.999816358089447}]"
1835828695308587263,"[{'label': 'LABEL_1', 'score': 0.9975069165229797}]"
1835820392189219198,"[{'label': 'LABEL_0', 'score': 0.9986043572425842}]"
1835820073832907243,"[{'label': 'LABEL_0', 'score': 0.9998947381973267}]"
1835810820799791385,"[{'label': 'LABEL_0', 'score': 0.9996402263641357}]"
1835805848599413087,"[{'label': 'LABEL_1', 'score': 0.9989798665046692}]"
1835800895079989504,"[{'label': 'LABEL_0', 'score': 0.999920129776001}]"
1835796804132040915,"[{'label': 'LABEL_0', 'score': 0.999927282333374}]"
1835787330579226918,"[{'label': 'LABEL_0', 'score': 0.8715912103652954}]"
1835786807750926571,"[{'label': 'LABEL_0', 'score': 0.9991225600242615}]"
1835786505324998794,"[{'label': 'LABEL_0', 'score': 0.9997842907905579}]"
1835783402131251248,"[{'label': 'LABEL_0', 'score': 0.9998646974563599}]"
1835771593584455908,"[{'label': 'LABEL_1', 'score': 0.9996404647827148}]"
1835769238914736422,"[{'label': 'LABEL_1', 'score': 0.9991078972816467}]"
1835766189760389167,"[{'label': 'LABEL_0', 'score': 0.9996659755706787}]"
1835765179927134647,"[{'label': 'LABEL_0', 'score': 0.9927725195884705}]"
1835739752194269452,"[{'label': 'LABEL_0', 'score': 0.9999179840087891}]"
1835736963921404212,"[{'label': 'LABEL_0', 'score': 0.9998359680175781}]"
1835735007903523243,"[{'label': 'LABEL_0', 'score': 0.9988871216773987}]"
1835729073231769750,"[{'label': 'LABEL_0', 'score': 0.9990168809890747}]"
1835718035677786625,"[{'label': 'LABEL_0', 'score': 0.9999113082885742}]"
1835707915396645184,"[{'label': 'LABEL_1', 'score': 0.9970646500587463}]"
1835686909613416516,"[{'label': 'LABEL_0', 'score': 0.999924898147583}]"
1835627108657226183,"[{'label': 'LABEL_0', 'score': 0.9998924732208252}]"
1835483635920564638,"[{'label': 'LABEL_0', 'score': 0.9998592138290405}]"
1835621868075725292,"[{'label': 'LABEL_0', 'score': 0.9999264478683472}]"
1835565286172295650,"[{'label': 'LABEL_1', 'score': 0.9993863105773926}]"
1835531935310811472,"[{'label': 'LABEL_0', 'score': 0.9996628761291504}]"
1835504439970427111,"[{'label': 'LABEL_0', 'score': 0.9994097948074341}]"
1835488550147555832,"[{'label': 'LABEL_0', 'score': 0.9998476505279541}]"
1835467676090528236,"[{'label': 'LABEL_1', 'score': 0.9994753003120422}]"
1835464052656529823,"[{'label': 'LABEL_0', 'score': 0.9998644590377808}]"
1835448473149227019,"[{'label': 'LABEL_1', 'score': 0.9997143149375916}]"
1835444433329775045,"[{'label': 'LABEL_0', 'score': 0.8847872018814087}]"
1835422571145134336,"[{'label': 'LABEL_1', 'score': 0.9994865655899048}]"
1835397714634256796,"[{'label': 'LABEL_0', 'score': 0.9997878670692444}]"
1835362842460987478,"[{'label': 'LABEL_0', 'score': 0.9999022483825684}]"
1835349254782558361,"[{'label': 'LABEL_0', 'score': 0.9998499155044556}]"
1835339739563467179,"[{'label': 'LABEL_0', 'score': 0.9998841285705566}]"
1835333518798238023,"[{'label': 'LABEL_0', 'score': 0.9997356534004211}]"
1835329344102674647,"[{'label': 'LABEL_0', 'score': 0.9998795986175537}]"
1835327114893033927,"[{'label': 'LABEL_0', 'score': 0.9998531341552734}]"
1835316579887628549,"[{'label': 'LABEL_1', 'score': 0.9995379447937012}]"
1835301879326077295,"[{'label': 'LABEL_1', 'score': 0.9994450211524963}]"
1835298304688832785,"[{'label': 'LABEL_1', 'score': 0.896941065788269}]"
1835265198652829765,"[{'label': 'LABEL_0', 'score': 0.9999113082885742}]"
1835225892051685754,"[{'label': 'LABEL_0', 'score': 0.9999425411224365}]"
1835190638523900157,"[{'label': 'LABEL_0', 'score': 0.9989187717437744}]"
1835135359002227054,"[{'label': 'LABEL_1', 'score': 0.9996103644371033}]"
1835134462448865710,"[{'label': 'LABEL_0', 'score': 0.9999372959136963}]"
1835127039206076436,"[{'label': 'LABEL_0', 'score': 0.9998668432235718}]"
1835126740936515683,"[{'label': 'LABEL_0', 'score': 0.9999403953552246}]"
1835124771664560343,"[{'label': 'LABEL_0', 'score': 0.9988874793052673}]"
1835117452348326218,"[{'label': 'LABEL_0', 'score': 0.9999185800552368}]"
1835116098204627351,"[{'label': 'LABEL_0', 'score': 0.9998403787612915}]"
1835106573930168805,"[{'label': 'LABEL_0', 'score': 0.9999527931213379}]"
1835097949426377146,"[{'label': 'LABEL_0', 'score': 0.9998273253440857}]"
1835085529357910074,"[{'label': 'LABEL_0', 'score': 0.9998757839202881}]"
1835085511159075247,"[{'label': 'LABEL_1', 'score': 0.9995259046554565}]"
1835082094684319938,"[{'label': 'LABEL_0', 'score': 0.9999245405197144}]"
1835077772491866422,"[{'label': 'LABEL_0', 'score': 0.7733060717582703}]"
1835076196259807726,"[{'label': 'LABEL_0', 'score': 0.999874472618103}]"
1835072629574623723,"[{'label': 'LABEL_0', 'score': 0.999782145023346}]"
1835072209745801634,"[{'label': 'LABEL_0', 'score': 0.9999098777770996}]"
1835046266570748048,"[{'label': 'LABEL_0', 'score': 0.9998251795768738}]"
1835057130207899895,"[{'label': 'LABEL_0', 'score': 0.9998611211776733}]"
1835045460865617939,"[{'label': 'LABEL_0', 'score': 0.9989663362503052}]"
1835044762820526439,"[{'label': 'LABEL_0', 'score': 0.9999374151229858}]"
1835034091315490938,"[{'label': 'LABEL_0', 'score': 0.9998094439506531}]"
1835026331542667738,"[{'label': 'LABEL_0', 'score': 0.9997374415397644}]"
1835020562239737921,"[{'label': 'LABEL_0', 'score': 0.9998735189437866}]"
1835020531055092200,"[{'label': 'LABEL_1', 'score': 0.9968233108520508}]"
1835013610504175839,"[{'label': 'LABEL_1', 'score': 0.9997568726539612}]"
1835010863293776372,"[{'label': 'LABEL_0', 'score': 0.9998844861984253}]"
1835008416793645282,"[{'label': 'LABEL_0', 'score': 0.9998119473457336}]"
1834962253650485626,"[{'label': 'LABEL_0', 'score': 0.9997016787528992}]"
1834961830726287450,"[{'label': 'LABEL_0', 'score': 0.9998561143875122}]"
1834960577778663765,"[{'label': 'LABEL_0', 'score': 0.9955956339836121}]"
1834956720751173790,"[{'label': 'LABEL_0', 'score': 0.9993826150894165}]"
1834903443703521663,"[{'label': 'LABEL_0', 'score': 0.9997484087944031}]"
1834890771343835621,"[{'label': 'LABEL_0', 'score': 0.9999409914016724}]"
1834889819173888477,"[{'label': 'LABEL_0', 'score': 0.9998502731323242}]"
1834882750085464204,"[{'label': 'LABEL_0', 'score': 0.9999265670776367}]"
1834849698487607317,"[{'label': 'LABEL_0', 'score': 0.9998680353164673}]"
1834849076044501167,"[{'label': 'LABEL_0', 'score': 0.9997958540916443}]"
1834829703749804111,"[{'label': 'LABEL_1', 'score': 0.999325156211853}]"
1834798034032394568,"[{'label': 'LABEL_1', 'score': 0.9992827773094177}]"
1834796229068300354,"[{'label': 'LABEL_0', 'score': 0.9774077534675598}]"
1834780763130114124,"[{'label': 'LABEL_0', 'score': 0.7429013848304749}]"
1834779914366570955,"[{'label': 'LABEL_0', 'score': 0.9995312690734863}]"
1834763268394565706,"[{'label': 'LABEL_0', 'score': 0.9999197721481323}]"
1834687795941544119,"[{'label': 'LABEL_0', 'score': 0.9967525005340576}]"
1834762352157192363,"[{'label': 'LABEL_0', 'score': 0.9995279312133789}]"
1834759289379881388,"[{'label': 'LABEL_0', 'score': 0.9998018145561218}]"
1834758610301128779,"[{'label': 'LABEL_0', 'score': 0.9997929930686951}]"
1834757970996977807,"[{'label': 'LABEL_0', 'score': 0.9999359846115112}]"
1834740144563536298,"[{'label': 'LABEL_1', 'score': 0.9995133876800537}]"
1834737949042196580,"[{'label': 'LABEL_1', 'score': 0.9994834661483765}]"
1834736090332180484,"[{'label': 'LABEL_0', 'score': 0.9998311996459961}]"
1834731664657842513,"[{'label': 'LABEL_1', 'score': 0.9993570446968079}]"
1834717945366245537,"[{'label': 'LABEL_0', 'score': 0.9998989105224609}]"
1834714842097238295,"[{'label': 'LABEL_0', 'score': 0.9999310970306396}]"
1834705673285726576,"[{'label': 'LABEL_0', 'score': 0.9998947381973267}]"
1834703328430686493,"[{'label': 'LABEL_0', 'score': 0.9998672008514404}]"
1834702349971210752,"[{'label': 'LABEL_1', 'score': 0.9995641112327576}]"
1834700603903074604,"[{'label': 'LABEL_0', 'score': 0.9986997842788696}]"
1834689385746342392,"[{'label': 'LABEL_0', 'score': 0.9997819066047668}]"
1834670908419485766,"[{'label': 'LABEL_0', 'score': 0.9998798370361328}]"
1834665673315991681,"[{'label': 'LABEL_0', 'score': 0.9992387294769287}]"
1834660103511064715,"[{'label': 'LABEL_0', 'score': 0.9999253749847412}]"
1834652425828831455,"[{'label': 'LABEL_0', 'score': 0.9999035596847534}]"
1834622237774663793,"[{'label': 'LABEL_1', 'score': 0.9993289709091187}]"
1834620759114703197,"[{'label': 'LABEL_0', 'score': 0.9997994303703308}]"
1834434016063127594,"[{'label': 'LABEL_0', 'score': 0.9998433589935303}]"
1834613829793198403,"[{'label': 'LABEL_0', 'score': 0.9752155542373657}]"
1834607636286763393,"[{'label': 'LABEL_1', 'score': 0.9992675185203552}]"
1834599261062726086,"[{'label': 'LABEL_0', 'score': 0.9707335829734802}]"
1834597079886245965,"[{'label': 'LABEL_1', 'score': 0.9483913779258728}]"
1834577362203115714,"[{'label': 'LABEL_1', 'score': 0.9997039437294006}]"
1834571304604754164,"[{'label': 'LABEL_1', 'score': 0.9995995163917542}]"
1834558688272506948,"[{'label': 'LABEL_0', 'score': 0.999927282333374}]"
1834548289191944346,"[{'label': 'LABEL_0', 'score': 0.9998664855957031}]"
1834459228494250237,"[{'label': 'LABEL_0', 'score': 0.9997909665107727}]"
1834445396841488449,"[{'label': 'LABEL_0', 'score': 0.9998776912689209}]"
1834443880147698036,"[{'label': 'LABEL_1', 'score': 0.9997323155403137}]"
1834396738456600893,"[{'label': 'LABEL_0', 'score': 0.9987542629241943}]"
1834373189310337350,"[{'label': 'LABEL_0', 'score': 0.999871015548706}]"
1834355235159970082,"[{'label': 'LABEL_0', 'score': 0.887045681476593}]"
1834336044298408158,"[{'label': 'LABEL_0', 'score': 0.9994205236434937}]"
1834335312878993572,"[{'label': 'LABEL_0', 'score': 0.9992140531539917}]"
1834320951263011295,"[{'label': 'LABEL_1', 'score': 0.9983227849006653}]"
1834289009389891861,"[{'label': 'LABEL_0', 'score': 0.9837431311607361}]"
1834276280348385609,"[{'label': 'LABEL_1', 'score': 0.9989176988601685}]"
1834274476248174794,"[{'label': 'LABEL_0', 'score': 0.9999165534973145}]"
1834272022307946927,"[{'label': 'LABEL_1', 'score': 0.9989056587219238}]"
1834257731609305315,"[{'label': 'LABEL_0', 'score': 0.9997861981391907}]"
1834252191214793005,"[{'label': 'LABEL_0', 'score': 0.9975757002830505}]"
1834245433352237297,"[{'label': 'LABEL_1', 'score': 0.9539047479629517}]"
1834223865553109157,"[{'label': 'LABEL_0', 'score': 0.9998937845230103}]"
1834136002190823581,"[{'label': 'LABEL_1', 'score': 0.9950951337814331}]"
1834096474675724672,"[{'label': 'LABEL_0', 'score': 0.9999315738677979}]"
1834076231135875278,"[{'label': 'LABEL_0', 'score': 0.9996311664581299}]"
1834071629397098516,"[{'label': 'LABEL_0', 'score': 0.9988839030265808}]"
1834034933020422373,"[{'label': 'LABEL_0', 'score': 0.9997827410697937}]"
1834009051308409214,"[{'label': 'LABEL_0', 'score': 0.999528169631958}]"
1834001602275147895,"[{'label': 'LABEL_0', 'score': 0.9797292947769165}]"
1833999164394402186,"[{'label': 'LABEL_1', 'score': 0.9996317625045776}]"
1833997474882617621,"[{'label': 'LABEL_1', 'score': 0.999491810798645}]"
1833994256353993179,"[{'label': 'LABEL_0', 'score': 0.998261034488678}]"
1833983901619884526,"[{'label': 'LABEL_1', 'score': 0.9998437166213989}]"
1833983443950010725,"[{'label': 'LABEL_0', 'score': 0.9994719624519348}]"
1833963973227561084,"[{'label': 'LABEL_0', 'score': 0.9997461438179016}]"
1833953659509698901,"[{'label': 'LABEL_0', 'score': 0.9997275471687317}]"
1833951921461178430,"[{'label': 'LABEL_0', 'score': 0.9999337196350098}]"
1833942733935051200,"[{'label': 'LABEL_0', 'score': 0.9996662139892578}]"
1833940082434113908,"[{'label': 'LABEL_0', 'score': 0.9995042085647583}]"
1833925676648603718,"[{'label': 'LABEL_0', 'score': 0.9997989535331726}]"
1833921516150350148,"[{'label': 'LABEL_0', 'score': 0.9997885823249817}]"
1833918799122497701,"[{'label': 'LABEL_0', 'score': 0.9996299743652344}]"
1833916514531246377,"[{'label': 'LABEL_0', 'score': 0.9998989105224609}]"
1833901184144609317,"[{'label': 'LABEL_0', 'score': 0.9999005794525146}]"
1833887499891954029,"[{'label': 'LABEL_0', 'score': 0.9998989105224609}]"
1833885712036331797,"[{'label': 'LABEL_1', 'score': 0.9997337460517883}]"
1833883715191050456,"[{'label': 'LABEL_0', 'score': 0.999946117401123}]"
1833869501298876804,"[{'label': 'LABEL_0', 'score': 0.9998574256896973}]"
1833863779760623997,"[{'label': 'LABEL_0', 'score': 0.9999525547027588}]"
1833862222574964909,"[{'label': 'LABEL_0', 'score': 0.8565596342086792}]"
1833858324237885877,"[{'label': 'LABEL_1', 'score': 0.99985671043396}]"
1833852148875972981,"[{'label': 'LABEL_0', 'score': 0.9979621171951294}]"
1833846160026452281,"[{'label': 'LABEL_0', 'score': 0.9998366832733154}]"
1833842780466000357,"[{'label': 'LABEL_0', 'score': 0.9985830783843994}]"
1833840144849281077,"[{'label': 'LABEL_0', 'score': 0.9230107665061951}]"
1833834967484215785,"[{'label': 'LABEL_1', 'score': 0.9996935129165649}]"
1833830029936967689,"[{'label': 'LABEL_0', 'score': 0.9999254941940308}]"
1833829464502898794,"[{'label': 'LABEL_0', 'score': 0.9998615980148315}]"
1833755358185062902,"[{'label': 'LABEL_0', 'score': 0.9989622831344604}]"
1833732556837003587,"[{'label': 'LABEL_0', 'score': 0.9998390674591064}]"
1833730200082739576,"[{'label': 'LABEL_1', 'score': 0.9884935021400452}]"
1833726819490566575,"[{'label': 'LABEL_1', 'score': 0.9993461966514587}]"
1833721874083123711,"[{'label': 'LABEL_0', 'score': 0.9998351335525513}]"
1833223465693847578,"[{'label': 'LABEL_0', 'score': 0.999735414981842}]"
1833716472595591508,"[{'label': 'LABEL_0', 'score': 0.99985671043396}]"
1833704182508892638,"[{'label': 'LABEL_1', 'score': 0.995779275894165}]"
1833694219082551613,"[{'label': 'LABEL_1', 'score': 0.9997201561927795}]"
1833686257181839419,"[{'label': 'LABEL_0', 'score': 0.9965006113052368}]"
1833674857088770146,"[{'label': 'LABEL_1', 'score': 0.9662277698516846}]"
1833671371353727420,"[{'label': 'LABEL_0', 'score': 0.5852261185646057}]"
1833667506046665057,"[{'label': 'LABEL_1', 'score': 0.996863603591919}]"
1833663217270182340,"[{'label': 'LABEL_0', 'score': 0.9961264729499817}]"
1833656610784260173,"[{'label': 'LABEL_0', 'score': 0.999940037727356}]"
1833645217033121990,"[{'label': 'LABEL_0', 'score': 0.9964757561683655}]"
1833634296596250951,"[{'label': 'LABEL_0', 'score': 0.9987519979476929}]"
1833614668432056470,"[{'label': 'LABEL_0', 'score': 0.999742329120636}]"
1833609113013465124,"[{'label': 'LABEL_1', 'score': 0.772081196308136}]"
1833606001888526453,"[{'label': 'LABEL_0', 'score': 0.9383642077445984}]"
1833605584005878041,"[{'label': 'LABEL_0', 'score': 0.9998723268508911}]"
1833599762777731414,"[{'label': 'LABEL_1', 'score': 0.9999136924743652}]"
1833589009916002422,"[{'label': 'LABEL_0', 'score': 0.999845027923584}]"
1833588596617658396,"[{'label': 'LABEL_0', 'score': 0.999853253364563}]"
1833565277025345616,"[{'label': 'LABEL_0', 'score': 0.9998971223831177}]"
1833557496046174483,"[{'label': 'LABEL_1', 'score': 0.9859002232551575}]"
1833556144754655291,"[{'label': 'LABEL_0', 'score': 0.9999395608901978}]"
1833553174973538645,"[{'label': 'LABEL_0', 'score': 0.999783456325531}]"
1833549009085977041,"[{'label': 'LABEL_0', 'score': 0.9996901750564575}]"
1833542699032682947,"[{'label': 'LABEL_0', 'score': 0.9994495511054993}]"
1833533859931296081,"[{'label': 'LABEL_0', 'score': 0.9994200468063354}]"
1833528597837189393,"[{'label': 'LABEL_0', 'score': 0.9998204112052917}]"
1833527102131605593,"[{'label': 'LABEL_0', 'score': 0.8351384401321411}]"
1833478847108448620,"[{'label': 'LABEL_1', 'score': 0.9990973472595215}]"
1833462819758469341,"[{'label': 'LABEL_1', 'score': 0.6961194276809692}]"
1833397726899277903,"[{'label': 'LABEL_0', 'score': 0.9989323019981384}]"
1833359345796452827,"[{'label': 'LABEL_0', 'score': 0.9998157620429993}]"
1833326646704705957,"[{'label': 'LABEL_0', 'score': 0.9997866749763489}]"
1833313933886702013,"[{'label': 'LABEL_0', 'score': 0.9417376518249512}]"
1833293720323809342,"[{'label': 'LABEL_0', 'score': 0.9999194145202637}]"
1833291625361015164,"[{'label': 'LABEL_1', 'score': 0.9996119141578674}]"
1833288834294952007,"[{'label': 'LABEL_1', 'score': 0.9997937083244324}]"
1833279692243407049,"[{'label': 'LABEL_0', 'score': 0.9955945611000061}]"
1833266958336135307,"[{'label': 'LABEL_1', 'score': 0.9993070363998413}]"
1833258745922507053,"[{'label': 'LABEL_1', 'score': 0.9997753500938416}]"
1833255663453061137,"[{'label': 'LABEL_1', 'score': 0.99979168176651}]"
1833245040019481070,"[{'label': 'LABEL_1', 'score': 0.9988514184951782}]"
1833238343938936837,"[{'label': 'LABEL_0', 'score': 0.9997460246086121}]"
1833234557543612762,"[{'label': 'LABEL_0', 'score': 0.9995937943458557}]"
1833224625448210743,"[{'label': 'LABEL_1', 'score': 0.9998109936714172}]"
1833222243372999047,"[{'label': 'LABEL_0', 'score': 0.9997089505195618}]"
1833191218102112613,"[{'label': 'LABEL_1', 'score': 0.6198266744613647}]"
1833178747505090857,"[{'label': 'LABEL_0', 'score': 0.9869503378868103}]"
1833175583833960472,"[{'label': 'LABEL_0', 'score': 0.9997257590293884}]"
1833135662976864484,"[{'label': 'LABEL_1', 'score': 0.9731242060661316}]"
1838909589401510150,"[{'label': 'LABEL_0', 'score': 0.9992859959602356}]"
1838907109703888918,"[{'label': 'LABEL_0', 'score': 0.999923825263977}]"
1838859734973051191,"[{'label': 'LABEL_0', 'score': 0.9961887001991272}]"
1838778073107271827,"[{'label': 'LABEL_0', 'score': 0.9998780488967896}]"
1838762672969441641,"[{'label': 'LABEL_0', 'score': 0.9996387958526611}]"
1838759336660578619,"[{'label': 'LABEL_1', 'score': 0.9933119416236877}]"
1838740323607924890,"[{'label': 'LABEL_1', 'score': 0.9960947632789612}]"
1838739551038152719,"[{'label': 'LABEL_1', 'score': 0.9994284510612488}]"
1838738347927191868,"[{'label': 'LABEL_0', 'score': 0.9997783303260803}]"
1838719894017204574,"[{'label': 'LABEL_0', 'score': 0.9954707622528076}]"
1838710636265513356,"[{'label': 'LABEL_0', 'score': 0.9998888969421387}]"
1838658066650132481,"[{'label': 'LABEL_0', 'score': 0.9997960925102234}]"
1838657130750153100,"[{'label': 'LABEL_0', 'score': 0.9790246486663818}]"
1838655842062663880,"[{'label': 'LABEL_1', 'score': 0.9994644522666931}]"
1838634299945341260,"[{'label': 'LABEL_1', 'score': 0.9974414110183716}]"
1838626928086897020,"[{'label': 'LABEL_1', 'score': 0.9978360533714294}]"
1838624122881863722,"[{'label': 'LABEL_0', 'score': 0.9996145963668823}]"
1838605384044495284,"[{'label': 'LABEL_0', 'score': 0.9998923540115356}]"
1838602208536875174,"[{'label': 'LABEL_0', 'score': 0.9997743964195251}]"
1838591359046865355,"[{'label': 'LABEL_1', 'score': 0.9871529936790466}]"
1838574106356138162,"[{'label': 'LABEL_0', 'score': 0.9991655349731445}]"
1838559487700967616,"[{'label': 'LABEL_0', 'score': 0.9998088479042053}]"
1838549318745079944,"[{'label': 'LABEL_0', 'score': 0.9996745586395264}]"
1838510050798719193,"[{'label': 'LABEL_0', 'score': 0.999887228012085}]"
1838504406372782454,"[{'label': 'LABEL_0', 'score': 0.9998561143875122}]"
1838422639120896015,"[{'label': 'LABEL_0', 'score': 0.9998643398284912}]"
1838414830383882295,"[{'label': 'LABEL_1', 'score': 0.9732167720794678}]"
1838404063823646833,"[{'label': 'LABEL_0', 'score': 0.9998310804367065}]"
1838393598053638534,"[{'label': 'LABEL_0', 'score': 0.9999288320541382}]"
1838390639542640929,"[{'label': 'LABEL_0', 'score': 0.9998408555984497}]"
1838387092012826812,"[{'label': 'LABEL_0', 'score': 0.9993383288383484}]"
1838372988002963718,"[{'label': 'LABEL_0', 'score': 0.6320125460624695}]"
1838369495544443028,"[{'label': 'LABEL_0', 'score': 0.999531626701355}]"
1838369404926533988,"[{'label': 'LABEL_1', 'score': 0.9995967745780945}]"
1838359024175034410,"[{'label': 'LABEL_0', 'score': 0.9999208450317383}]"
1838341624465625419,"[{'label': 'LABEL_1', 'score': 0.9997664093971252}]"
1838329313147404657,"[{'label': 'LABEL_0', 'score': 0.9998192191123962}]"
1838293851968061613,"[{'label': 'LABEL_1', 'score': 0.9997928738594055}]"
1838293016534028354,"[{'label': 'LABEL_0', 'score': 0.99983811378479}]"
1838291235892613456,"[{'label': 'LABEL_1', 'score': 0.9993688464164734}]"
1838289911092326406,"[{'label': 'LABEL_0', 'score': 0.9996200799942017}]"
1838283629556043807,"[{'label': 'LABEL_1', 'score': 0.9954197406768799}]"
1838281861996466331,"[{'label': 'LABEL_0', 'score': 0.9992651343345642}]"
1838263001041809489,"[{'label': 'LABEL_0', 'score': 0.9998049139976501}]"
1838246162773553651,"[{'label': 'LABEL_1', 'score': 0.9998308420181274}]"
1838230077730963725,"[{'label': 'LABEL_0', 'score': 0.9999208450317383}]"
1838211137025810469,"[{'label': 'LABEL_0', 'score': 0.9980859756469727}]"
1838207711000867200,"[{'label': 'LABEL_0', 'score': 0.9998902082443237}]"
1838200921114710114,"[{'label': 'LABEL_0', 'score': 0.9996509552001953}]"
1838198264228638902,"[{'label': 'LABEL_0', 'score': 0.9999125003814697}]"
1838192125042639158,"[{'label': 'LABEL_0', 'score': 0.9999028444290161}]"
1838155790961570291,"[{'label': 'LABEL_0', 'score': 0.999707043170929}]"
1838061406387581334,"[{'label': 'LABEL_0', 'score': 0.9999326467514038}]"
1838060847932793042,"[{'label': 'LABEL_0', 'score': 0.9590425491333008}]"
1838040980081004767,"[{'label': 'LABEL_0', 'score': 0.9999039173126221}]"
1838018913726087193,"[{'label': 'LABEL_0', 'score': 0.999884843826294}]"
1837991128609538411,"[{'label': 'LABEL_1', 'score': 0.9994804263114929}]"
1837976272237994432,"[{'label': 'LABEL_0', 'score': 0.5304728746414185}]"
1837965399612076346,"[{'label': 'LABEL_1', 'score': 0.9995695948600769}]"
1837929498290876627,"[{'label': 'LABEL_1', 'score': 0.9999021291732788}]"
1837917553491890656,"[{'label': 'LABEL_1', 'score': 0.9998229146003723}]"
1837899968226513085,"[{'label': 'LABEL_0', 'score': 0.9998712539672852}]"
1837874358775099608,"[{'label': 'LABEL_1', 'score': 0.9991077780723572}]"
1837899751968174342,"[{'label': 'LABEL_0', 'score': 0.9998958110809326}]"
1837881396917883087,"[{'label': 'LABEL_0', 'score': 0.9999134540557861}]"
1837817653030703271,"[{'label': 'LABEL_0', 'score': 0.9973733425140381}]"
1837698918114558169,"[{'label': 'LABEL_0', 'score': 0.9998708963394165}]"
1837681880600129702,"[{'label': 'LABEL_1', 'score': 0.9997981190681458}]"
1837674940889235872,"[{'label': 'LABEL_0', 'score': 0.999870777130127}]"
1837658100725149740,"[{'label': 'LABEL_1', 'score': 0.9993612170219421}]"
1837650060110168173,"[{'label': 'LABEL_0', 'score': 0.9997790455818176}]"
1837631971226165485,"[{'label': 'LABEL_0', 'score': 0.9993973970413208}]"
1837620341746675748,"[{'label': 'LABEL_0', 'score': 0.9957828521728516}]"
1837613285073359267,"[{'label': 'LABEL_0', 'score': 0.9999065399169922}]"
1837602167407951883,"[{'label': 'LABEL_1', 'score': 0.9828434586524963}]"
1837592395762094136,"[{'label': 'LABEL_1', 'score': 0.9997076392173767}]"
1837571618937491630,"[{'label': 'LABEL_1', 'score': 0.9944078922271729}]"
1837555481381945692,"[{'label': 'LABEL_0', 'score': 0.9998859167098999}]"
1837554762373648738,"[{'label': 'LABEL_1', 'score': 0.999652624130249}]"
1837504670668898774,"[{'label': 'LABEL_0', 'score': 0.996437668800354}]"
1837157319165325641,"[{'label': 'LABEL_0', 'score': 0.9994944334030151}]"
1837478588582383739,"[{'label': 'LABEL_0', 'score': 0.999169111251831}]"
1837180436318925284,"[{'label': 'LABEL_0', 'score': 0.9993591904640198}]"
1837449238210330920,"[{'label': 'LABEL_1', 'score': 0.9026620388031006}]"
1837447905088618724,"[{'label': 'LABEL_0', 'score': 0.9999195337295532}]"
1837397626506850356,"[{'label': 'LABEL_0', 'score': 0.9659639596939087}]"
1837371230137020504,"[{'label': 'LABEL_0', 'score': 0.9775320291519165}]"
1837314260969345267,"[{'label': 'LABEL_1', 'score': 0.9987298846244812}]"
1837298222303252601,"[{'label': 'LABEL_0', 'score': 0.9998925924301147}]"
1837274303059972111,"[{'label': 'LABEL_1', 'score': 0.9995445609092712}]"
1837246255266943375,"[{'label': 'LABEL_1', 'score': 0.9328694343566895}]"
1837209096702902498,"[{'label': 'LABEL_0', 'score': 0.9995737671852112}]"
1837204129829028191,"[{'label': 'LABEL_1', 'score': 0.9992733597755432}]"
1837171258053537945,"[{'label': 'LABEL_0', 'score': 0.9999064207077026}]"
1837167335653675452,"[{'label': 'LABEL_0', 'score': 0.9998792409896851}]"
1837141676579524803,"[{'label': 'LABEL_0', 'score': 0.9811496734619141}]"
1837118663612043277,"[{'label': 'LABEL_0', 'score': 0.9999116659164429}]"
1837095316459250162,"[{'label': 'LABEL_0', 'score': 0.7860575318336487}]"
1836957828348588191,"[{'label': 'LABEL_1', 'score': 0.8224213123321533}]"
1836933391360348566,"[{'label': 'LABEL_0', 'score': 0.8471935987472534}]"
1836933290260836689,"[{'label': 'LABEL_0', 'score': 0.999919056892395}]"
1836921860878942402,"[{'label': 'LABEL_0', 'score': 0.9998695850372314}]"
1836896683097214989,"[{'label': 'LABEL_0', 'score': 0.999879002571106}]"
1836875159908798805,"[{'label': 'LABEL_0', 'score': 0.9999264478683472}]"
1836875016744345663,"[{'label': 'LABEL_0', 'score': 0.9999345541000366}]"
1836872802793669037,"[{'label': 'LABEL_0', 'score': 0.9997738003730774}]"
1836860168241308060,"[{'label': 'LABEL_0', 'score': 0.9991642236709595}]"
1836858897186894276,"[{'label': 'LABEL_0', 'score': 0.7172637581825256}]"
1836839906452082983,"[{'label': 'LABEL_1', 'score': 0.9223868250846863}]"
1836829762398081332,"[{'label': 'LABEL_0', 'score': 0.9998195767402649}]"
1836822886587171189,"[{'label': 'LABEL_0', 'score': 0.9993340373039246}]"
1836821007664836941,"[{'label': 'LABEL_0', 'score': 0.9999054670333862}]"
1836818251864584397,"[{'label': 'LABEL_1', 'score': 0.9998875856399536}]"
1836809169032073250,"[{'label': 'LABEL_0', 'score': 0.9998674392700195}]"
1836757185721667891,"[{'label': 'LABEL_1', 'score': 0.9989983439445496}]"
1836755372561907878,"[{'label': 'LABEL_0', 'score': 0.9998408555984497}]"
1836748470109020250,"[{'label': 'LABEL_0', 'score': 0.999861478805542}]"
1836722336629686326,"[{'label': 'LABEL_0', 'score': 0.9996695518493652}]"
1836647146600157678,"[{'label': 'LABEL_0', 'score': 0.9999158382415771}]"
1836593315858260235,"[{'label': 'LABEL_0', 'score': 0.9998968839645386}]"
1836567629235913214,"[{'label': 'LABEL_0', 'score': 0.9998776912689209}]"
1836565700372021318,"[{'label': 'LABEL_1', 'score': 0.9991053938865662}]"
1836552290695545189,"[{'label': 'LABEL_1', 'score': 0.9979957342147827}]"
1836500272866107532,"[{'label': 'LABEL_0', 'score': 0.9999368190765381}]"
1836476848408002810,"[{'label': 'LABEL_1', 'score': 0.9991231560707092}]"
1836474592195432777,"[{'label': 'LABEL_0', 'score': 0.9998502731323242}]"
1836457427211792722,"[{'label': 'LABEL_0', 'score': 0.9969078898429871}]"
1836423857974002029,"[{'label': 'LABEL_0', 'score': 0.9992863535881042}]"
1836418771658887170,"[{'label': 'LABEL_0', 'score': 0.9998477697372437}]"
1836397552389775614,"[{'label': 'LABEL_0', 'score': 0.9998828172683716}]"
1836395969002254555,"[{'label': 'LABEL_0', 'score': 0.9998797178268433}]"
1836375982820770131,"[{'label': 'LABEL_0', 'score': 0.9998811483383179}]"
1836372173579076000,"[{'label': 'LABEL_0', 'score': 0.9999237060546875}]"
1836370258124288254,"[{'label': 'LABEL_0', 'score': 0.9998513460159302}]"
1836243394802090099,"[{'label': 'LABEL_1', 'score': 0.5763325095176697}]"
1836241090472522074,"[{'label': 'LABEL_1', 'score': 0.9992959499359131}]"
1836232194089508981,"[{'label': 'LABEL_0', 'score': 0.9999111890792847}]"
1836232012941693099,"[{'label': 'LABEL_1', 'score': 0.9996993541717529}]"
1836228973262463460,"[{'label': 'LABEL_0', 'score': 0.9998711347579956}]"
1836225157020406022,"[{'label': 'LABEL_1', 'score': 0.9372081160545349}]"
1836219612658053516,"[{'label': 'LABEL_0', 'score': 0.9998824596405029}]"
1836212453018947872,"[{'label': 'LABEL_0', 'score': 0.9999476671218872}]"
1836192343218630945,"[{'label': 'LABEL_1', 'score': 0.9997105002403259}]"
1836181716119007268,"[{'label': 'LABEL_0', 'score': 0.5682644248008728}]"
1836175650522103993,"[{'label': 'LABEL_0', 'score': 0.9843999147415161}]"
1836155352385216846,"[{'label': 'LABEL_0', 'score': 0.9998161196708679}]"
1836146179782119621,"[{'label': 'LABEL_1', 'score': 0.9985664486885071}]"
1836143000763928687,"[{'label': 'LABEL_1', 'score': 0.9995253086090088}]"
1836141969153691748,"[{'label': 'LABEL_0', 'score': 0.9998385906219482}]"
1836138111991967955,"[{'label': 'LABEL_0', 'score': 0.9998549222946167}]"
1836126237787591051,"[{'label': 'LABEL_0', 'score': 0.9999279975891113}]"
1836114774544822482,"[{'label': 'LABEL_0', 'score': 0.9999011754989624}]"
1836107969634640352,"[{'label': 'LABEL_0', 'score': 0.9999043941497803}]"
1836092916227260817,"[{'label': 'LABEL_0', 'score': 0.9998525381088257}]"
1835824365021073424,"[{'label': 'LABEL_0', 'score': 0.9998970031738281}]"
1836086820427247985,"[{'label': 'LABEL_1', 'score': 0.9995610117912292}]"
1836080580246540470,"[{'label': 'LABEL_1', 'score': 0.9990298748016357}]"
1836067228443181441,"[{'label': 'LABEL_0', 'score': 0.9993119239807129}]"
1836052256132633072,"[{'label': 'LABEL_0', 'score': 0.9976298809051514}]"
1836046916427104608,"[{'label': 'LABEL_0', 'score': 0.9997919201850891}]"
1836023237890765032,"[{'label': 'LABEL_0', 'score': 0.9998975992202759}]"
1836019704097300548,"[{'label': 'LABEL_0', 'score': 0.9920810461044312}]"
1839264137475493995,"[{'label': 'LABEL_0', 'score': 0.9998006224632263}]"
1839227826358100358,"[{'label': 'LABEL_0', 'score': 0.9998205304145813}]"
1839134565266288983,"[{'label': 'LABEL_0', 'score': 0.9505215287208557}]"
1839130163377733925,"[{'label': 'LABEL_0', 'score': 0.9999237060546875}]"
1839120100432957476,"[{'label': 'LABEL_0', 'score': 0.9999122619628906}]"
1839119836196041008,"[{'label': 'LABEL_0', 'score': 0.9992641806602478}]"
1839119662774132886,"[{'label': 'LABEL_0', 'score': 0.9997195601463318}]"
1839115478314230227,"[{'label': 'LABEL_0', 'score': 0.9994086027145386}]"
1839113381447418295,"[{'label': 'LABEL_0', 'score': 0.999778687953949}]"
1839111708129800599,"[{'label': 'LABEL_0', 'score': 0.999833345413208}]"
1839111137939361960,"[{'label': 'LABEL_1', 'score': 0.9993616938591003}]"
1839108736394166636,"[{'label': 'LABEL_0', 'score': 0.9997792840003967}]"
1839108262697881697,"[{'label': 'LABEL_0', 'score': 0.9879206418991089}]"
1839103989285106149,"[{'label': 'LABEL_0', 'score': 0.9999233484268188}]"
1839103296314700094,"[{'label': 'LABEL_0', 'score': 0.9995852112770081}]"
1839101976442814817,"[{'label': 'LABEL_0', 'score': 0.9993975162506104}]"
1839100843162829043,"[{'label': 'LABEL_0', 'score': 0.9997346997261047}]"
1839099844197007799,"[{'label': 'LABEL_0', 'score': 0.9819002151489258}]"
1839095212297138354,"[{'label': 'LABEL_0', 'score': 0.9998434782028198}]"
1839089711110820012,"[{'label': 'LABEL_0', 'score': 0.991113007068634}]"
1839073647283069225,"[{'label': 'LABEL_0', 'score': 0.9998672008514404}]"
1839064232769573077,"[{'label': 'LABEL_1', 'score': 0.9994626641273499}]"
1839056908038066237,"[{'label': 'LABEL_0', 'score': 0.9990377426147461}]"
1839039478033166827,"[{'label': 'LABEL_0', 'score': 0.9997331500053406}]"
1839038999941312968,"[{'label': 'LABEL_0', 'score': 0.9999334812164307}]"
1839036661788770564,"[{'label': 'LABEL_0', 'score': 0.9999089241027832}]"
1839036352853324155,"[{'label': 'LABEL_0', 'score': 0.9997968077659607}]"
1839024228403749235,"[{'label': 'LABEL_1', 'score': 0.9996235370635986}]"
1839018111653056781,"[{'label': 'LABEL_0', 'score': 0.9993973970413208}]"
1839016411793949074,"[{'label': 'LABEL_0', 'score': 0.9998694658279419}]"
1838996959585095870,"[{'label': 'LABEL_0', 'score': 0.9998270869255066}]"
1838974631119642981,"[{'label': 'LABEL_1', 'score': 0.9978790283203125}]"
1838973202778718526,"[{'label': 'LABEL_0', 'score': 0.9998911619186401}]"
1838955861856690354,"[{'label': 'LABEL_0', 'score': 0.9979187846183777}]"
1838955166881726601,"[{'label': 'LABEL_0', 'score': 0.9999183416366577}]"
1838954593184629234,"[{'label': 'LABEL_0', 'score': 0.9961408972740173}]"
1838953353147027657,"[{'label': 'LABEL_0', 'score': 0.9998756647109985}]"
1838950816029331529,"[{'label': 'LABEL_0', 'score': 0.999900221824646}]"
1838924986951581934,"[{'label': 'LABEL_0', 'score': 0.999914288520813}]"
1840734914393571397,"[{'label': 'LABEL_0', 'score': 0.9998624324798584}]"
1840734484544582094,"[{'label': 'LABEL_0', 'score': 0.9998393058776855}]"
1840724718938194273,"[{'label': 'LABEL_1', 'score': 0.8730347752571106}]"
1840703191698071931,"[{'label': 'LABEL_0', 'score': 0.999854564666748}]"
1840700629737488638,"[{'label': 'LABEL_1', 'score': 0.9998549222946167}]"
1840693778127995345,"[{'label': 'LABEL_0', 'score': 0.9994794726371765}]"
1840691128087031912,"[{'label': 'LABEL_0', 'score': 0.999862790107727}]"
1840633283945603411,"[{'label': 'LABEL_0', 'score': 0.9999099969863892}]"
1840600361725276397,"[{'label': 'LABEL_1', 'score': 0.9878062605857849}]"
1840584723342479506,"[{'label': 'LABEL_0', 'score': 0.9995576739311218}]"
1840582044977344849,"[{'label': 'LABEL_1', 'score': 0.9993884563446045}]"
1840579310094094410,"[{'label': 'LABEL_0', 'score': 0.9806504845619202}]"
1840568331893403802,"[{'label': 'LABEL_0', 'score': 0.9995027780532837}]"
1840568070076555608,"[{'label': 'LABEL_0', 'score': 0.9998970031738281}]"
1840562622292222095,"[{'label': 'LABEL_0', 'score': 0.9996370077133179}]"
1840557746761895959,"[{'label': 'LABEL_0', 'score': 0.9993513226509094}]"
1840551505436250331,"[{'label': 'LABEL_1', 'score': 0.9988698363304138}]"
1840550382218432752,"[{'label': 'LABEL_1', 'score': 0.8755205273628235}]"
1840548297276366919,"[{'label': 'LABEL_1', 'score': 0.9993427395820618}]"
1840531128811462874,"[{'label': 'LABEL_0', 'score': 0.9998754262924194}]"
1840525815953478104,"[{'label': 'LABEL_0', 'score': 0.9997945427894592}]"
1840519448194613260,"[{'label': 'LABEL_0', 'score': 0.9996080994606018}]"
1840500382256017702,"[{'label': 'LABEL_0', 'score': 0.9998693466186523}]"
1840498605238689874,"[{'label': 'LABEL_0', 'score': 0.9998893737792969}]"
1840479160042668370,"[{'label': 'LABEL_1', 'score': 0.9981081485748291}]"
1840455674330841537,"[{'label': 'LABEL_0', 'score': 0.9999032020568848}]"
1840443119017267327,"[{'label': 'LABEL_1', 'score': 0.9993836879730225}]"
1840433015878549894,"[{'label': 'LABEL_0', 'score': 0.9997041821479797}]"
1840427204427067673,"[{'label': 'LABEL_0', 'score': 0.9998579025268555}]"
1840425399035052403,"[{'label': 'LABEL_0', 'score': 0.99993896484375}]"
1840424717754241485,"[{'label': 'LABEL_0', 'score': 0.9997468590736389}]"
1840421668692361626,"[{'label': 'LABEL_0', 'score': 0.9999209642410278}]"
1840408907040133176,"[{'label': 'LABEL_1', 'score': 0.9998202919960022}]"
1840407488434237682,"[{'label': 'LABEL_0', 'score': 0.9992651343345642}]"
1840403947435012431,"[{'label': 'LABEL_1', 'score': 0.8686127066612244}]"
1840401780707864765,"[{'label': 'LABEL_0', 'score': 0.9998564720153809}]"
1840401396299870407,"[{'label': 'LABEL_0', 'score': 0.9997783303260803}]"
1840400506759282920,"[{'label': 'LABEL_0', 'score': 0.9976853132247925}]"
1840397929170829802,"[{'label': 'LABEL_0', 'score': 0.9995369911193848}]"
1840395587985854781,"[{'label': 'LABEL_0', 'score': 0.999690055847168}]"
1840392403607278009,"[{'label': 'LABEL_0', 'score': 0.9999256134033203}]"
1840390344963133515,"[{'label': 'LABEL_1', 'score': 0.9192423820495605}]"
1840369324986445824,"[{'label': 'LABEL_0', 'score': 0.9996730089187622}]"
1840315583901978891,"[{'label': 'LABEL_0', 'score': 0.9998880624771118}]"
1840253984793055399,"[{'label': 'LABEL_0', 'score': 0.9998687505722046}]"
1840232226572624229,"[{'label': 'LABEL_0', 'score': 0.9999034404754639}]"
1840219560844148981,"[{'label': 'LABEL_0', 'score': 0.99496990442276}]"
1840207272548470914,"[{'label': 'LABEL_0', 'score': 0.9995593428611755}]"
1840198259073007995,"[{'label': 'LABEL_0', 'score': 0.9996582269668579}]"
1840173759287656627,"[{'label': 'LABEL_0', 'score': 0.999919056892395}]"
1840170526855114764,"[{'label': 'LABEL_1', 'score': 0.9995668530464172}]"
1840162783284842763,"[{'label': 'LABEL_1', 'score': 0.9997807145118713}]"
1840149637908292076,"[{'label': 'LABEL_0', 'score': 0.9965029954910278}]"
1840142309578682659,"[{'label': 'LABEL_0', 'score': 0.9995840191841125}]"
1840140443335471144,"[{'label': 'LABEL_0', 'score': 0.9996117949485779}]"
1840134297661124757,"[{'label': 'LABEL_1', 'score': 0.9997445940971375}]"
1840119169058062546,"[{'label': 'LABEL_0', 'score': 0.999138355255127}]"
1840102441691557920,"[{'label': 'LABEL_0', 'score': 0.9998774528503418}]"
1840090817031016463,"[{'label': 'LABEL_0', 'score': 0.5789859890937805}]"
1840048356040601965,"[{'label': 'LABEL_1', 'score': 0.9901385307312012}]"
1840042659345322361,"[{'label': 'LABEL_1', 'score': 0.9989389777183533}]"
1840039482298343501,"[{'label': 'LABEL_0', 'score': 0.999708354473114}]"
1840026863059493270,"[{'label': 'LABEL_1', 'score': 0.9997348189353943}]"
1840019253493211176,"[{'label': 'LABEL_1', 'score': 0.9959424138069153}]"
1840014573044179131,"[{'label': 'LABEL_0', 'score': 0.9999295473098755}]"
1840001793134125541,"[{'label': 'LABEL_0', 'score': 0.9996285438537598}]"
1840001435720651164,"[{'label': 'LABEL_0', 'score': 0.9997301697731018}]"
1839905958559965488,"[{'label': 'LABEL_0', 'score': 0.9998955726623535}]"
1839884558218436888,"[{'label': 'LABEL_0', 'score': 0.9945928454399109}]"
1839878190853931328,"[{'label': 'LABEL_0', 'score': 0.99982088804245}]"
1839845406911398236,"[{'label': 'LABEL_0', 'score': 0.9998946189880371}]"
1839842304586100815,"[{'label': 'LABEL_0', 'score': 0.9990894794464111}]"
1839815904030228636,"[{'label': 'LABEL_0', 'score': 0.9994440674781799}]"
1839813371375263783,"[{'label': 'LABEL_0', 'score': 0.9997779726982117}]"
1839798514710392961,"[{'label': 'LABEL_1', 'score': 0.9982325434684753}]"
1839793167400407334,"[{'label': 'LABEL_0', 'score': 0.9997733235359192}]"
1839765183063044237,"[{'label': 'LABEL_1', 'score': 0.999810516834259}]"
1839762527636381899,"[{'label': 'LABEL_0', 'score': 0.999810516834259}]"
1839757386103345527,"[{'label': 'LABEL_1', 'score': 0.9994233846664429}]"
1839743804926251084,"[{'label': 'LABEL_0', 'score': 0.9998955726623535}]"
1839700886701879759,"[{'label': 'LABEL_0', 'score': 0.9999464750289917}]"
1839674249943859271,"[{'label': 'LABEL_0', 'score': 0.9994943141937256}]"
1839651695241920968,"[{'label': 'LABEL_0', 'score': 0.9998018145561218}]"
1839544628007096336,"[{'label': 'LABEL_0', 'score': 0.9998621940612793}]"
1839534249742877091,"[{'label': 'LABEL_0', 'score': 0.9999077320098877}]"
1839522333498749102,"[{'label': 'LABEL_1', 'score': 0.8072659373283386}]"
1839509216978972885,"[{'label': 'LABEL_0', 'score': 0.9998273253440857}]"
1839497227565178961,"[{'label': 'LABEL_0', 'score': 0.9999179840087891}]"
1839485440132350231,"[{'label': 'LABEL_0', 'score': 0.9996974468231201}]"
1839453113595695579,"[{'label': 'LABEL_0', 'score': 0.9998983144760132}]"
1839442310616232307,"[{'label': 'LABEL_0', 'score': 0.9980680346488953}]"
1839433790331961537,"[{'label': 'LABEL_0', 'score': 0.9998818635940552}]"
1839417700054925454,"[{'label': 'LABEL_0', 'score': 0.9999046325683594}]"
1839394264780071049,"[{'label': 'LABEL_0', 'score': 0.9998058676719666}]"
1839379045974446524,"[{'label': 'LABEL_1', 'score': 0.9932407140731812}]"
1839367783823692175,"[{'label': 'LABEL_0', 'score': 0.9996212720870972}]"
1839365178242310649,"[{'label': 'LABEL_0', 'score': 0.9991115927696228}]"
1839350214353952896,"[{'label': 'LABEL_1', 'score': 0.9990987777709961}]"
1839329699727839366,"[{'label': 'LABEL_0', 'score': 0.9997784495353699}]"
1839327291589144579,"[{'label': 'LABEL_0', 'score': 0.9999285936355591}]"
1839323898833502290,"[{'label': 'LABEL_0', 'score': 0.9998891353607178}]"
1839323659225415908,"[{'label': 'LABEL_0', 'score': 0.99944669008255}]"
1839319102055395840,"[{'label': 'LABEL_0', 'score': 0.9998564720153809}]"
1839311608394428447,"[{'label': 'LABEL_0', 'score': 0.9997960925102234}]"
1853429514627379663,"[{'label': 'LABEL_0', 'score': 0.9993509650230408}]"
1853424778192761214,"[{'label': 'LABEL_1', 'score': 0.9998524188995361}]"
1853381839714492776,"[{'label': 'LABEL_0', 'score': 0.9999321699142456}]"
1853316713938403408,"[{'label': 'LABEL_0', 'score': 0.9960871934890747}]"
1853299226656084246,"[{'label': 'LABEL_0', 'score': 0.9995934367179871}]"
1853287684996804883,"[{'label': 'LABEL_0', 'score': 0.9997503161430359}]"
1853269533986849204,"[{'label': 'LABEL_1', 'score': 0.9991820454597473}]"
1853259825322373282,"[{'label': 'LABEL_0', 'score': 0.9996500015258789}]"
1853244958066540603,"[{'label': 'LABEL_0', 'score': 0.9997826218605042}]"
1853240312035963054,"[{'label': 'LABEL_0', 'score': 0.9998087286949158}]"
1853236817618776513,"[{'label': 'LABEL_0', 'score': 0.9998621940612793}]"
1853233756624298402,"[{'label': 'LABEL_0', 'score': 0.9996868371963501}]"
1853233079277502599,"[{'label': 'LABEL_1', 'score': 0.9993880987167358}]"
1853219005785616765,"[{'label': 'LABEL_0', 'score': 0.9999468326568604}]"
1853217955833639200,"[{'label': 'LABEL_0', 'score': 0.9994725584983826}]"
1853189595531223098,"[{'label': 'LABEL_0', 'score': 0.998976469039917}]"
1853155493293723666,"[{'label': 'LABEL_0', 'score': 0.9988017082214355}]"
1853151989217313189,"[{'label': 'LABEL_0', 'score': 0.9996482133865356}]"
1853127972967895469,"[{'label': 'LABEL_0', 'score': 0.9998894929885864}]"
1853117062735950271,"[{'label': 'LABEL_0', 'score': 0.9997062087059021}]"
1853110942453633528,"[{'label': 'LABEL_0', 'score': 0.9949477910995483}]"
1853106052440772894,"[{'label': 'LABEL_0', 'score': 0.9973631501197815}]"
1853085936998903888,"[{'label': 'LABEL_0', 'score': 0.9998335838317871}]"
1853070116868468996,"[{'label': 'LABEL_1', 'score': 0.9975823163986206}]"
1853057544559747418,"[{'label': 'LABEL_0', 'score': 0.9996610879898071}]"
1853043992838988185,"[{'label': 'LABEL_0', 'score': 0.9996457099914551}]"
1853018683456516240,"[{'label': 'LABEL_0', 'score': 0.9993060827255249}]"
1852938029997924601,"[{'label': 'LABEL_0', 'score': 0.9999123811721802}]"
1852914513760100669,"[{'label': 'LABEL_0', 'score': 0.999904990196228}]"
1852893051900846417,"[{'label': 'LABEL_0', 'score': 0.8452549576759338}]"
1852881450648957051,"[{'label': 'LABEL_0', 'score': 0.9999189376831055}]"
1852880848581726444,"[{'label': 'LABEL_0', 'score': 0.999761164188385}]"
1852870520410357918,"[{'label': 'LABEL_0', 'score': 0.9998406171798706}]"
1852880276130607273,"[{'label': 'LABEL_0', 'score': 0.9999157190322876}]"
1852852887447105949,"[{'label': 'LABEL_0', 'score': 0.9849154949188232}]"
1852852318913409327,"[{'label': 'LABEL_0', 'score': 0.9998156428337097}]"
1852848788823810291,"[{'label': 'LABEL_0', 'score': 0.9998593330383301}]"
1852848363210772785,"[{'label': 'LABEL_0', 'score': 0.9886748790740967}]"
1852824261443944509,"[{'label': 'LABEL_0', 'score': 0.9994860887527466}]"
1852817312216461366,"[{'label': 'LABEL_0', 'score': 0.9998753070831299}]"
1852797574228406725,"[{'label': 'LABEL_0', 'score': 0.9974985718727112}]"
1852795370285285810,"[{'label': 'LABEL_0', 'score': 0.9991406202316284}]"
1852766636509372596,"[{'label': 'LABEL_1', 'score': 0.8876551389694214}]"
1852756917652701425,"[{'label': 'LABEL_1', 'score': 0.9879049062728882}]"
1852742182656184401,"[{'label': 'LABEL_0', 'score': 0.9997788071632385}]"
1852709414282625180,"[{'label': 'LABEL_0', 'score': 0.9998787641525269}]"
1852698366716612948,"[{'label': 'LABEL_1', 'score': 0.9995102882385254}]"
1852697423988060523,"[{'label': 'LABEL_0', 'score': 0.9998931884765625}]"
1852660641103822864,"[{'label': 'LABEL_0', 'score': 0.9999336004257202}]"
1852635876121100445,"[{'label': 'LABEL_0', 'score': 0.9999102354049683}]"
1852530604941726032,"[{'label': 'LABEL_0', 'score': 0.999924898147583}]"
1852483041240961488,"[{'label': 'LABEL_1', 'score': 0.9957459568977356}]"
1852478728971899206,"[{'label': 'LABEL_1', 'score': 0.9997269511222839}]"
1852440159553241550,"[{'label': 'LABEL_0', 'score': 0.9975480437278748}]"
1852437002932625866,"[{'label': 'LABEL_0', 'score': 0.9998553991317749}]"
1852432808108527685,"[{'label': 'LABEL_1', 'score': 0.99943608045578}]"
1852391873484099868,"[{'label': 'LABEL_0', 'score': 0.9998663663864136}]"
1852387888928796731,"[{'label': 'LABEL_0', 'score': 0.9998356103897095}]"
1852373968348455040,"[{'label': 'LABEL_0', 'score': 0.9999006986618042}]"
1852372279553818982,"[{'label': 'LABEL_0', 'score': 0.9997438788414001}]"
1852369639344365615,"[{'label': 'LABEL_0', 'score': 0.9998557567596436}]"
1852356707780891016,"[{'label': 'LABEL_0', 'score': 0.9996720552444458}]"
1852354392982233163,"[{'label': 'LABEL_0', 'score': 0.9998716115951538}]"
1852349784901710219,"[{'label': 'LABEL_1', 'score': 0.997515082359314}]"
1851997040735056149,"[{'label': 'LABEL_0', 'score': 0.999923586845398}]"
1852339543694889348,"[{'label': 'LABEL_0', 'score': 0.9998388290405273}]"
1856015039473271054,"[{'label': 'LABEL_0', 'score': 0.99925297498703}]"
1856012755410555267,"[{'label': 'LABEL_1', 'score': 0.9993784427642822}]"
1856012214437880029,"[{'label': 'LABEL_0', 'score': 0.9998812675476074}]"
1856002721079271580,"[{'label': 'LABEL_0', 'score': 0.9995321035385132}]"
1855981992195600581,"[{'label': 'LABEL_1', 'score': 0.9989374279975891}]"
1855981765015302437,"[{'label': 'LABEL_0', 'score': 0.9940223097801208}]"
1855972551253533187,"[{'label': 'LABEL_0', 'score': 0.9999115467071533}]"
1855964894027292896,"[{'label': 'LABEL_0', 'score': 0.9998074173927307}]"
1855963143534419996,"[{'label': 'LABEL_1', 'score': 0.9993788003921509}]"
1855959274452553768,"[{'label': 'LABEL_0', 'score': 0.9994403719902039}]"
1855724135017812368,"[{'label': 'LABEL_0', 'score': 0.999808132648468}]"
1855912478862954806,"[{'label': 'LABEL_0', 'score': 0.9998250603675842}]"
1855826209403236605,"[{'label': 'LABEL_0', 'score': 0.9998164772987366}]"
1855817039815807413,"[{'label': 'LABEL_0', 'score': 0.9995543360710144}]"
1855816060844314881,"[{'label': 'LABEL_1', 'score': 0.979284405708313}]"
1855802584738435248,"[{'label': 'LABEL_0', 'score': 0.999818742275238}]"
1855798941519917339,"[{'label': 'LABEL_1', 'score': 0.9993720650672913}]"
1855797848291377597,"[{'label': 'LABEL_0', 'score': 0.9991344809532166}]"
1855769304194580679,"[{'label': 'LABEL_0', 'score': 0.9999094009399414}]"
1855766540638974364,"[{'label': 'LABEL_0', 'score': 0.9998573064804077}]"
1855739339189236129,"[{'label': 'LABEL_0', 'score': 0.9995974898338318}]"
1855713802236391589,"[{'label': 'LABEL_0', 'score': 0.8739251494407654}]"
1855667656793153663,"[{'label': 'LABEL_0', 'score': 0.9852768778800964}]"
1855657449954443525,"[{'label': 'LABEL_1', 'score': 0.9994220733642578}]"
1855649993517846528,"[{'label': 'LABEL_0', 'score': 0.9998928308486938}]"
1855572346192421155,"[{'label': 'LABEL_0', 'score': 0.9988762736320496}]"
1855483426444324962,"[{'label': 'LABEL_0', 'score': 0.9994677901268005}]"
1855446642121445586,"[{'label': 'LABEL_0', 'score': 0.9985528588294983}]"
1855445124131471871,"[{'label': 'LABEL_0', 'score': 0.9998747110366821}]"
1855383273091854580,"[{'label': 'LABEL_0', 'score': 0.9949873685836792}]"
1855374619823542356,"[{'label': 'LABEL_0', 'score': 0.9999386072158813}]"
1855333528294089175,"[{'label': 'LABEL_0', 'score': 0.5511216521263123}]"
1855333002374771012,"[{'label': 'LABEL_1', 'score': 0.9998362064361572}]"
1855328736000012509,"[{'label': 'LABEL_1', 'score': 0.9994833469390869}]"
1855320203699126653,"[{'label': 'LABEL_0', 'score': 0.9998787641525269}]"
1855281885032685906,"[{'label': 'LABEL_0', 'score': 0.9998393058776855}]"
1855280461565603976,"[{'label': 'LABEL_0', 'score': 0.9169162511825562}]"
1855230403109364159,"[{'label': 'LABEL_0', 'score': 0.9998291730880737}]"
1855207924383076607,"[{'label': 'LABEL_0', 'score': 0.9998370409011841}]"
1855133460999913505,"[{'label': 'LABEL_1', 'score': 0.9996377229690552}]"
1855087227820257590,"[{'label': 'LABEL_0', 'score': 0.9998499155044556}]"
1855080063030464969,"[{'label': 'LABEL_1', 'score': 0.9997631907463074}]"
1855070251693883640,"[{'label': 'LABEL_1', 'score': 0.7035714387893677}]"
1855024482999538080,"[{'label': 'LABEL_0', 'score': 0.9995618462562561}]"
1855014306347118749,"[{'label': 'LABEL_0', 'score': 0.9990054965019226}]"
1855002232938258919,"[{'label': 'LABEL_1', 'score': 0.9892862439155579}]"
1855000520861110674,"[{'label': 'LABEL_1', 'score': 0.9995729327201843}]"
1854977937570922720,"[{'label': 'LABEL_0', 'score': 0.9998328685760498}]"
1854977106100244922,"[{'label': 'LABEL_0', 'score': 0.9998825788497925}]"
1854967223565087046,"[{'label': 'LABEL_0', 'score': 0.9998251795768738}]"
1854956515280457780,"[{'label': 'LABEL_0', 'score': 0.9998049139976501}]"
1854954723704815852,"[{'label': 'LABEL_0', 'score': 0.9999085664749146}]"
1854938542855578074,"[{'label': 'LABEL_0', 'score': 0.9995416402816772}]"
1854927233871163506,"[{'label': 'LABEL_0', 'score': 0.9809742569923401}]"
1854908333058072629,"[{'label': 'LABEL_0', 'score': 0.993048906326294}]"
1854908233019777059,"[{'label': 'LABEL_0', 'score': 0.999584972858429}]"
1854888022799483391,"[{'label': 'LABEL_0', 'score': 0.9960319399833679}]"
1854886969500660020,"[{'label': 'LABEL_1', 'score': 0.9956439733505249}]"
1854876651932311732,"[{'label': 'LABEL_0', 'score': 0.9994242191314697}]"
1854869414165827937,"[{'label': 'LABEL_0', 'score': 0.9999200105667114}]"
1854853531053809845,"[{'label': 'LABEL_0', 'score': 0.9998413324356079}]"
1854846753238917629,"[{'label': 'LABEL_0', 'score': 0.9998791217803955}]"
1854843267742937446,"[{'label': 'LABEL_0', 'score': 0.999942421913147}]"
1854832727012339771,"[{'label': 'LABEL_1', 'score': 0.9990065693855286}]"
1854818500881043899,"[{'label': 'LABEL_0', 'score': 0.9997672438621521}]"
1854717465890087223,"[{'label': 'LABEL_1', 'score': 0.9995265007019043}]"
1854707155552600276,"[{'label': 'LABEL_0', 'score': 0.9998145699501038}]"
1854703999095623863,"[{'label': 'LABEL_0', 'score': 0.9999285936355591}]"
1854686676171321593,"[{'label': 'LABEL_0', 'score': 0.9999263286590576}]"
1854699620859015270,"[{'label': 'LABEL_0', 'score': 0.8635003566741943}]"
1854696579996729522,"[{'label': 'LABEL_0', 'score': 0.9998706579208374}]"
1854691323716288926,"[{'label': 'LABEL_1', 'score': 0.9985635876655579}]"
1854686488841130322,"[{'label': 'LABEL_0', 'score': 0.9823285937309265}]"
1854684726113579243,"[{'label': 'LABEL_0', 'score': 0.9996978044509888}]"
1854666709090660394,"[{'label': 'LABEL_0', 'score': 0.999355137348175}]"
1854655569946116268,"[{'label': 'LABEL_0', 'score': 0.9998192191123962}]"
1854635733148926182,"[{'label': 'LABEL_0', 'score': 0.997005045413971}]"
1854633919779315837,"[{'label': 'LABEL_0', 'score': 0.9950886368751526}]"
1854632933002461614,"[{'label': 'LABEL_1', 'score': 0.9716191291809082}]"
1854625685098443199,"[{'label': 'LABEL_0', 'score': 0.9543158411979675}]"
1854622851405402147,"[{'label': 'LABEL_0', 'score': 0.9999220371246338}]"
1854622646165475479,"[{'label': 'LABEL_0', 'score': 0.9998860359191895}]"
1854621962036711580,"[{'label': 'LABEL_0', 'score': 0.9931676983833313}]"
1854617445115609479,"[{'label': 'LABEL_0', 'score': 0.9992857575416565}]"
1854590406937448552,"[{'label': 'LABEL_0', 'score': 0.9994391798973083}]"
1854589065988911518,"[{'label': 'LABEL_0', 'score': 0.9998637437820435}]"
1854573239483212017,"[{'label': 'LABEL_0', 'score': 0.9996938705444336}]"
1854570232406331553,"[{'label': 'LABEL_1', 'score': 0.6914141178131104}]"
1854567585104224276,"[{'label': 'LABEL_1', 'score': 0.9993928670883179}]"
1854563639782502453,"[{'label': 'LABEL_0', 'score': 0.9998775720596313}]"
1854548850997928227,"[{'label': 'LABEL_0', 'score': 0.7013332843780518}]"
1854532343588925533,"[{'label': 'LABEL_1', 'score': 0.9996354579925537}]"
1854531071968174495,"[{'label': 'LABEL_0', 'score': 0.9881010055541992}]"
1854514215186305347,"[{'label': 'LABEL_0', 'score': 0.9997934699058533}]"
1854506367379226836,"[{'label': 'LABEL_1', 'score': 0.9998006224632263}]"
1854505543978598889,"[{'label': 'LABEL_0', 'score': 0.9998666048049927}]"
1854485561160978489,"[{'label': 'LABEL_1', 'score': 0.8744472861289978}]"
1854475088038387875,"[{'label': 'LABEL_0', 'score': 0.9998862743377686}]"
1854459834491425041,"[{'label': 'LABEL_1', 'score': 0.9990874528884888}]"
1854451846821081557,"[{'label': 'LABEL_1', 'score': 0.999403715133667}]"
1854451155683713133,"[{'label': 'LABEL_1', 'score': 0.999138355255127}]"
1854448548823142572,"[{'label': 'LABEL_0', 'score': 0.9738606810569763}]"
1854427750733410328,"[{'label': 'LABEL_0', 'score': 0.9997687935829163}]"
1854427481630998537,"[{'label': 'LABEL_0', 'score': 0.9999309778213501}]"
1854421099766829070,"[{'label': 'LABEL_0', 'score': 0.9961796998977661}]"
1854360559946219636,"[{'label': 'LABEL_1', 'score': 0.9996013045310974}]"
1854339451956125954,"[{'label': 'LABEL_0', 'score': 0.9998552799224854}]"
1854321780128698499,"[{'label': 'LABEL_0', 'score': 0.9989407658576965}]"
1854155715859943897,"[{'label': 'LABEL_0', 'score': 0.884860634803772}]"
1854313625327944112,"[{'label': 'LABEL_0', 'score': 0.9998390674591064}]"
1854313083591651752,"[{'label': 'LABEL_0', 'score': 0.9998179078102112}]"
1854308149290836363,"[{'label': 'LABEL_0', 'score': 0.999893069267273}]"
1854303266542170321,"[{'label': 'LABEL_0', 'score': 0.999810516834259}]"
1854291317972738458,"[{'label': 'LABEL_1', 'score': 0.9998308420181274}]"
1854290813796188344,"[{'label': 'LABEL_0', 'score': 0.9998847246170044}]"
1854287532919505378,"[{'label': 'LABEL_1', 'score': 0.9999064207077026}]"
1854282766734758374,"[{'label': 'LABEL_0', 'score': 0.9988746047019958}]"
1854282250659012821,"[{'label': 'LABEL_1', 'score': 0.9998364448547363}]"
1854281914267615680,"[{'label': 'LABEL_0', 'score': 0.9991894364356995}]"
1854280888231551028,"[{'label': 'LABEL_0', 'score': 0.9892163276672363}]"
1854280734015390028,"[{'label': 'LABEL_0', 'score': 0.9975649118423462}]"
1854279164712366426,"[{'label': 'LABEL_0', 'score': 0.9997877478599548}]"
1854279076489445660,"[{'label': 'LABEL_0', 'score': 0.9941828846931458}]"
1854278381535449302,"[{'label': 'LABEL_0', 'score': 0.9887113571166992}]"
1854268684413624413,"[{'label': 'LABEL_1', 'score': 0.9994958639144897}]"
1854266968678822091,"[{'label': 'LABEL_0', 'score': 0.7220571041107178}]"
1854266198369911188,"[{'label': 'LABEL_0', 'score': 0.943170964717865}]"
1854265952667406847,"[{'label': 'LABEL_1', 'score': 0.9992780089378357}]"
1854262877273591972,"[{'label': 'LABEL_0', 'score': 0.9997337460517883}]"
1854262282152300894,"[{'label': 'LABEL_1', 'score': 0.9992109537124634}]"
1854245112655630531,"[{'label': 'LABEL_0', 'score': 0.999428927898407}]"
1854237903146119178,"[{'label': 'LABEL_1', 'score': 0.9857757687568665}]"
1854216164450169009,"[{'label': 'LABEL_0', 'score': 0.99958735704422}]"
1854189793577492675,"[{'label': 'LABEL_0', 'score': 0.9999103546142578}]"
1854183738969620942,"[{'label': 'LABEL_0', 'score': 0.9997953772544861}]"
1854177828566167728,"[{'label': 'LABEL_0', 'score': 0.9997743964195251}]"
1854175087785640392,"[{'label': 'LABEL_0', 'score': 0.9999411106109619}]"
1854164240187224507,"[{'label': 'LABEL_0', 'score': 0.9999022483825684}]"
1854148287713914910,"[{'label': 'LABEL_1', 'score': 0.7433702945709229}]"
1854145422001873022,"[{'label': 'LABEL_0', 'score': 0.9988848567008972}]"
1854173713278591264,"[{'label': 'LABEL_0', 'score': 0.9997532963752747}]"
1854143707554914755,"[{'label': 'LABEL_1', 'score': 0.9416417479515076}]"
1854143027075235918,"[{'label': 'LABEL_0', 'score': 0.9999152421951294}]"
1854123481018909117,"[{'label': 'LABEL_0', 'score': 0.9920985698699951}]"
1854106353771360430,"[{'label': 'LABEL_0', 'score': 0.9999023675918579}]"
1854007635680661998,"[{'label': 'LABEL_0', 'score': 0.999894380569458}]"
1854004496642257121,"[{'label': 'LABEL_1', 'score': 0.9997815489768982}]"
1853978689467548141,"[{'label': 'LABEL_0', 'score': 0.9998993873596191}]"
1853957644479857011,"[{'label': 'LABEL_1', 'score': 0.9998185038566589}]"
1853948027687387358,"[{'label': 'LABEL_0', 'score': 0.9999281167984009}]"
1853942261098140022,"[{'label': 'LABEL_0', 'score': 0.9999226331710815}]"
1853935243121885549,"[{'label': 'LABEL_0', 'score': 0.9998487234115601}]"
1853923688007012436,"[{'label': 'LABEL_0', 'score': 0.9999270439147949}]"
1853922814627139599,"[{'label': 'LABEL_0', 'score': 0.9997192025184631}]"
1853917050072072265,"[{'label': 'LABEL_0', 'score': 0.9991976618766785}]"
1853910772356981140,"[{'label': 'LABEL_0', 'score': 0.725827693939209}]"
1853901410271981802,"[{'label': 'LABEL_0', 'score': 0.9998929500579834}]"
1853866339137438162,"[{'label': 'LABEL_0', 'score': 0.9720559120178223}]"
1853863285960912985,"[{'label': 'LABEL_0', 'score': 0.9999300241470337}]"
1853855977306488918,"[{'label': 'LABEL_0', 'score': 0.9994244575500488}]"
1853841425659470268,"[{'label': 'LABEL_0', 'score': 0.993118405342102}]"
1853834680371429452,"[{'label': 'LABEL_0', 'score': 0.9998899698257446}]"
1853829623034925406,"[{'label': 'LABEL_0', 'score': 0.9999300241470337}]"
1853817305731387607,"[{'label': 'LABEL_0', 'score': 0.9999116659164429}]"
1853779156305121588,"[{'label': 'LABEL_0', 'score': 0.9950685501098633}]"
1853749987097628931,"[{'label': 'LABEL_0', 'score': 0.999916672706604}]"
1853727339777048688,"[{'label': 'LABEL_0', 'score': 0.998977541923523}]"
1853627982662807765,"[{'label': 'LABEL_0', 'score': 0.9995309114456177}]"
1853610822347698305,"[{'label': 'LABEL_1', 'score': 0.9987939596176147}]"
1853606709924630594,"[{'label': 'LABEL_0', 'score': 0.9998860359191895}]"
1853605536488628603,"[{'label': 'LABEL_0', 'score': 0.9998775720596313}]"
1853603547851485338,"[{'label': 'LABEL_1', 'score': 0.9998431205749512}]"
1853600724883484833,"[{'label': 'LABEL_0', 'score': 0.9998688697814941}]"
1853581949581115432,"[{'label': 'LABEL_1', 'score': 0.9994513392448425}]"
1853574223903457379,"[{'label': 'LABEL_1', 'score': 0.9996652603149414}]"
1853574219566653792,"[{'label': 'LABEL_0', 'score': 0.9997369647026062}]"
1853553790386848142,"[{'label': 'LABEL_1', 'score': 0.9993327260017395}]"
1853553148599693586,"[{'label': 'LABEL_0', 'score': 0.9999176263809204}]"
1853540354361811025,"[{'label': 'LABEL_0', 'score': 0.9999237060546875}]"
1853540204482822637,"[{'label': 'LABEL_0', 'score': 0.9996349811553955}]"
1853538466346549250,"[{'label': 'LABEL_0', 'score': 0.9997358918190002}]"
1853524398650818746,"[{'label': 'LABEL_1', 'score': 0.9522794485092163}]"
1853521991115973046,"[{'label': 'LABEL_0', 'score': 0.9998866319656372}]"
1853521911260869090,"[{'label': 'LABEL_1', 'score': 0.9981166124343872}]"
1853519560718131333,"[{'label': 'LABEL_0', 'score': 0.9999054670333862}]"
1853514877068796214,"[{'label': 'LABEL_0', 'score': 0.9998326301574707}]"
1853480638621294805,"[{'label': 'LABEL_0', 'score': 0.9996414184570312}]"
1853477099476001153,"[{'label': 'LABEL_0', 'score': 0.9999035596847534}]"
1853466485135487026,"[{'label': 'LABEL_0', 'score': 0.9995947480201721}]"
1853465692957224970,"[{'label': 'LABEL_0', 'score': 0.9997666478157043}]"
1853458649319940388,"[{'label': 'LABEL_0', 'score': 0.9999104738235474}]"
1853457526995529844,"[{'label': 'LABEL_0', 'score': 0.9999126195907593}]"
1853445291573117432,"[{'label': 'LABEL_0', 'score': 0.6972660422325134}]"
1853441788033269904,"[{'label': 'LABEL_0', 'score': 0.9999229907989502}]"
1857084371045433448,"[{'label': 'LABEL_0', 'score': 0.9942324757575989}]"
1857078017001939199,"[{'label': 'LABEL_0', 'score': 0.9998295307159424}]"
1857075529129545984,"[{'label': 'LABEL_0', 'score': 0.9998942613601685}]"
1857066894743757164,"[{'label': 'LABEL_0', 'score': 0.9988453388214111}]"
1857062204236767484,"[{'label': 'LABEL_0', 'score': 0.9997770190238953}]"
1857046143705755660,"[{'label': 'LABEL_0', 'score': 0.999862551689148}]"
1857028912770904391,"[{'label': 'LABEL_0', 'score': 0.9998989105224609}]"
1856915749870211381,"[{'label': 'LABEL_0', 'score': 0.9996657371520996}]"
1856890649313788385,"[{'label': 'LABEL_1', 'score': 0.9973779916763306}]"
1856880632032346218,"[{'label': 'LABEL_0', 'score': 0.9998482465744019}]"
1856860654197514356,"[{'label': 'LABEL_0', 'score': 0.999907374382019}]"
1856857777035206733,"[{'label': 'LABEL_0', 'score': 0.9997377991676331}]"
1856847502038725065,"[{'label': 'LABEL_0', 'score': 0.9999144077301025}]"
1856846881546002755,"[{'label': 'LABEL_0', 'score': 0.9998843669891357}]"
1856830983409918016,"[{'label': 'LABEL_0', 'score': 0.997774064540863}]"
1856818498460164461,"[{'label': 'LABEL_0', 'score': 0.9999027252197266}]"
1856816995528020395,"[{'label': 'LABEL_0', 'score': 0.999561607837677}]"
1856772877191672166,"[{'label': 'LABEL_0', 'score': 0.9999159574508667}]"
1856766174547095809,"[{'label': 'LABEL_0', 'score': 0.9997543692588806}]"
1856757921767395632,"[{'label': 'LABEL_1', 'score': 0.9996320009231567}]"
1856751958956048420,"[{'label': 'LABEL_0', 'score': 0.9999252557754517}]"
1856748610135720332,"[{'label': 'LABEL_1', 'score': 0.998902440071106}]"
1856742491980271981,"[{'label': 'LABEL_0', 'score': 0.9997928738594055}]"
1856738726296039519,"[{'label': 'LABEL_1', 'score': 0.9985595345497131}]"
1856724381021434280,"[{'label': 'LABEL_1', 'score': 0.9994379878044128}]"
1856719160866111507,"[{'label': 'LABEL_0', 'score': 0.9705352783203125}]"
1856685405501804723,"[{'label': 'LABEL_1', 'score': 0.9994908571243286}]"
1856658102008877193,"[{'label': 'LABEL_0', 'score': 0.999751627445221}]"
1856635794338840897,"[{'label': 'LABEL_1', 'score': 0.9936482310295105}]"
1856542812134670391,"[{'label': 'LABEL_0', 'score': 0.9998965263366699}]"
1856537524509794543,"[{'label': 'LABEL_0', 'score': 0.9995182752609253}]"
1856533003578524013,"[{'label': 'LABEL_0', 'score': 0.9998526573181152}]"
1856530992883732520,"[{'label': 'LABEL_0', 'score': 0.9998711347579956}]"
1856498330278211872,"[{'label': 'LABEL_0', 'score': 0.999828577041626}]"
1856489723990069514,"[{'label': 'LABEL_0', 'score': 0.9998075366020203}]"
1856481831308382224,"[{'label': 'LABEL_0', 'score': 0.5200819373130798}]"
1856473302635540572,"[{'label': 'LABEL_1', 'score': 0.999572217464447}]"
1856456967759217083,"[{'label': 'LABEL_0', 'score': 0.9998445510864258}]"
1856438591322570785,"[{'label': 'LABEL_0', 'score': 0.9998985528945923}]"
1856424557567246409,"[{'label': 'LABEL_0', 'score': 0.999586284160614}]"
1856423243780899154,"[{'label': 'LABEL_0', 'score': 0.999921441078186}]"
1856416769948237888,"[{'label': 'LABEL_0', 'score': 0.9999303817749023}]"
1856407652810772710,"[{'label': 'LABEL_0', 'score': 0.9838940501213074}]"
1856407446236909686,"[{'label': 'LABEL_0', 'score': 0.9971269965171814}]"
1856405124605706313,"[{'label': 'LABEL_0', 'score': 0.9998251795768738}]"
1856379348288192517,"[{'label': 'LABEL_0', 'score': 0.9714734554290771}]"
1856379119920914769,"[{'label': 'LABEL_0', 'score': 0.999908447265625}]"
1856367606749438196,"[{'label': 'LABEL_0', 'score': 0.9998430013656616}]"
1856358337668919579,"[{'label': 'LABEL_0', 'score': 0.9997758269309998}]"
1856353725813526548,"[{'label': 'LABEL_1', 'score': 0.7738758325576782}]"
1856344832051912903,"[{'label': 'LABEL_0', 'score': 0.9993500113487244}]"
1856343220432605534,"[{'label': 'LABEL_0', 'score': 0.9995747208595276}]"
1856326870905610270,"[{'label': 'LABEL_0', 'score': 0.9998263716697693}]"
1856324764760948986,"[{'label': 'LABEL_0', 'score': 0.9998025298118591}]"
1856324196034281960,"[{'label': 'LABEL_0', 'score': 0.9999070167541504}]"
1856321301645771258,"[{'label': 'LABEL_0', 'score': 0.9998100399971008}]"
1856314770674094277,"[{'label': 'LABEL_0', 'score': 0.9998806715011597}]"
1856305952191811618,"[{'label': 'LABEL_0', 'score': 0.9999487400054932}]"
1856299210129248600,"[{'label': 'LABEL_0', 'score': 0.9999139308929443}]"
1856284375744184383,"[{'label': 'LABEL_0', 'score': 0.9999291896820068}]"
1856172921909059706,"[{'label': 'LABEL_0', 'score': 0.999935507774353}]"
1856168427565531165,"[{'label': 'LABEL_0', 'score': 0.999782145023346}]"
1856166658387173477,"[{'label': 'LABEL_0', 'score': 0.9999232292175293}]"
1856154618964668836,"[{'label': 'LABEL_0', 'score': 0.9999233484268188}]"
1856139924917104964,"[{'label': 'LABEL_0', 'score': 0.9999290704727173}]"
1856137838540026192,"[{'label': 'LABEL_0', 'score': 0.9998733997344971}]"
1856133470600224954,"[{'label': 'LABEL_0', 'score': 0.9998477697372437}]"
1856120052308742200,"[{'label': 'LABEL_0', 'score': 0.9999428987503052}]"
1856291115650978156,"[{'label': 'LABEL_0', 'score': 0.9999350309371948}]"
1856115997725356383,"[{'label': 'LABEL_0', 'score': 0.999871015548706}]"
1856113595961970738,"[{'label': 'LABEL_0', 'score': 0.9999432563781738}]"
1856111610609250549,"[{'label': 'LABEL_0', 'score': 0.9999079704284668}]"
1856091887486042512,"[{'label': 'LABEL_0', 'score': 0.9998983144760132}]"
1856076445765751093,"[{'label': 'LABEL_0', 'score': 0.9998133778572083}]"
1856061653965541742,"[{'label': 'LABEL_1', 'score': 0.9902821779251099}]"
1856058841374306354,"[{'label': 'LABEL_0', 'score': 0.9998953342437744}]"
1856044767521444258,"[{'label': 'LABEL_0', 'score': 0.9991400241851807}]"
1856036184750764512,"[{'label': 'LABEL_0', 'score': 0.9995250701904297}]"
1856035611410411923,"[{'label': 'LABEL_1', 'score': 0.9994555115699768}]"
1856020966205173762,"[{'label': 'LABEL_0', 'score': 0.9998477697372437}]"
1858888562420154399,"[{'label': 'LABEL_1', 'score': 0.9993695616722107}]"
1858888109871570946,"[{'label': 'LABEL_1', 'score': 0.9990196228027344}]"
1858882485859279005,"[{'label': 'LABEL_0', 'score': 0.9997596144676208}]"
1858873129361088960,"[{'label': 'LABEL_1', 'score': 0.9994945526123047}]"
1858872865019621716,"[{'label': 'LABEL_0', 'score': 0.9998127818107605}]"
1858816021143965854,"[{'label': 'LABEL_0', 'score': 0.9998345375061035}]"
1858801197211156968,"[{'label': 'LABEL_0', 'score': 0.9998759031295776}]"
1858755583739834744,"[{'label': 'LABEL_1', 'score': 0.9995459914207458}]"
1858725122170847297,"[{'label': 'LABEL_0', 'score': 0.9999274015426636}]"
1858562840535134539,"[{'label': 'LABEL_1', 'score': 0.9996381998062134}]"
1858721551790534882,"[{'label': 'LABEL_0', 'score': 0.999923825263977}]"
1858706481069031848,"[{'label': 'LABEL_0', 'score': 0.9850149750709534}]"
1858693599443013745,"[{'label': 'LABEL_0', 'score': 0.9995062351226807}]"
1858692376069287990,"[{'label': 'LABEL_1', 'score': 0.9992121458053589}]"
1858672008722346490,"[{'label': 'LABEL_1', 'score': 0.9996346235275269}]"
1858671891017355728,"[{'label': 'LABEL_0', 'score': 0.9999016523361206}]"
1858664824500003108,"[{'label': 'LABEL_0', 'score': 0.7368162870407104}]"
1858608219632869564,"[{'label': 'LABEL_0', 'score': 0.9998754262924194}]"
1858658485027667971,"[{'label': 'LABEL_0', 'score': 0.9998602867126465}]"
1858652671588081832,"[{'label': 'LABEL_1', 'score': 0.9996178150177002}]"
1858651671619854656,"[{'label': 'LABEL_0', 'score': 0.9991793036460876}]"
1858646229762089215,"[{'label': 'LABEL_0', 'score': 0.9992245435714722}]"
1858642996624801908,"[{'label': 'LABEL_0', 'score': 0.9997422099113464}]"
1858631269061644701,"[{'label': 'LABEL_0', 'score': 0.9997325539588928}]"
1858629173234860523,"[{'label': 'LABEL_0', 'score': 0.9977766871452332}]"
1858620712967119347,"[{'label': 'LABEL_1', 'score': 0.99968421459198}]"
1858615085650133110,"[{'label': 'LABEL_1', 'score': 0.9997614026069641}]"
1858612096025719218,"[{'label': 'LABEL_0', 'score': 0.9998807907104492}]"
1858605548704248317,"[{'label': 'LABEL_0', 'score': 0.9998045563697815}]"
1858598039176319166,"[{'label': 'LABEL_0', 'score': 0.7200913429260254}]"
1858593993996857747,"[{'label': 'LABEL_0', 'score': 0.9998908042907715}]"
1858593398070124891,"[{'label': 'LABEL_0', 'score': 0.9992596507072449}]"
1858593009333358765,"[{'label': 'LABEL_0', 'score': 0.9996944665908813}]"
1858579370132000918,"[{'label': 'LABEL_0', 'score': 0.9998428821563721}]"
1858578998659608935,"[{'label': 'LABEL_0', 'score': 0.9998610019683838}]"
1858576206884467179,"[{'label': 'LABEL_0', 'score': 0.9643500447273254}]"
1858569303731417117,"[{'label': 'LABEL_0', 'score': 0.999713122844696}]"
1858563012711346654,"[{'label': 'LABEL_1', 'score': 0.9997372031211853}]"
1858334126324973871,"[{'label': 'LABEL_0', 'score': 0.9990848302841187}]"
1858556908157718978,"[{'label': 'LABEL_0', 'score': 0.9999409914016724}]"
1858556566431019115,"[{'label': 'LABEL_0', 'score': 0.9998977184295654}]"
1858546533043445879,"[{'label': 'LABEL_0', 'score': 0.9997877478599548}]"
1858545023022703008,"[{'label': 'LABEL_0', 'score': 0.9997351765632629}]"
1858544309017911716,"[{'label': 'LABEL_0', 'score': 0.999910831451416}]"
1858535929553522690,"[{'label': 'LABEL_0', 'score': 0.9998230338096619}]"
1858530183004754049,"[{'label': 'LABEL_0', 'score': 0.9997949004173279}]"
1858529261679698215,"[{'label': 'LABEL_0', 'score': 0.9997914433479309}]"
1858269070262759735,"[{'label': 'LABEL_0', 'score': 0.9991069436073303}]"
1858527185230827959,"[{'label': 'LABEL_0', 'score': 0.9993602633476257}]"
1858525057691091127,"[{'label': 'LABEL_0', 'score': 0.9998306035995483}]"
1858515996832616614,"[{'label': 'LABEL_0', 'score': 0.999782145023346}]"
1858511352693682456,"[{'label': 'LABEL_0', 'score': 0.993110179901123}]"
1858510346652115143,"[{'label': 'LABEL_0', 'score': 0.9998067021369934}]"
1858487353372704853,"[{'label': 'LABEL_0', 'score': 0.9998179078102112}]"
1858483942652772716,"[{'label': 'LABEL_0', 'score': 0.9991605281829834}]"
1858478756534395013,"[{'label': 'LABEL_0', 'score': 0.9999048709869385}]"
1858460789562048980,"[{'label': 'LABEL_0', 'score': 0.989177942276001}]"
1858433621679325627,"[{'label': 'LABEL_0', 'score': 0.9998106360435486}]"
1858431457997345130,"[{'label': 'LABEL_0', 'score': 0.6595145463943481}]"
1858369185731973341,"[{'label': 'LABEL_0', 'score': 0.9998780488967896}]"
1858368556938727917,"[{'label': 'LABEL_1', 'score': 0.9886868000030518}]"
1858158697513390450,"[{'label': 'LABEL_0', 'score': 0.5561253428459167}]"
1858357735181471996,"[{'label': 'LABEL_0', 'score': 0.9997588992118835}]"
1858349971889639636,"[{'label': 'LABEL_1', 'score': 0.909358561038971}]"
1858327547513065513,"[{'label': 'LABEL_0', 'score': 0.9908464550971985}]"
1858320060537823646,"[{'label': 'LABEL_0', 'score': 0.9997033476829529}]"
1858315729331724639,"[{'label': 'LABEL_0', 'score': 0.9998517036437988}]"
1858305028844642683,"[{'label': 'LABEL_1', 'score': 0.8917703628540039}]"
1858299030008205523,"[{'label': 'LABEL_0', 'score': 0.9989438652992249}]"
1858298127985614865,"[{'label': 'LABEL_0', 'score': 0.9999113082885742}]"
1858289660050456896,"[{'label': 'LABEL_0', 'score': 0.9999028444290161}]"
1858288432373444649,"[{'label': 'LABEL_0', 'score': 0.999819815158844}]"
1858281857562882246,"[{'label': 'LABEL_0', 'score': 0.9999042749404907}]"
1858275837516165242,"[{'label': 'LABEL_0', 'score': 0.9999005794525146}]"
1858275651574260126,"[{'label': 'LABEL_0', 'score': 0.9998998641967773}]"
1858345182422352327,"[{'label': 'LABEL_1', 'score': 0.9994112253189087}]"
1858270626974515705,"[{'label': 'LABEL_0', 'score': 0.9996483325958252}]"
1858269167667048607,"[{'label': 'LABEL_0', 'score': 0.9999217987060547}]"
1858258103634211190,"[{'label': 'LABEL_1', 'score': 0.8229564428329468}]"
1858255087199506807,"[{'label': 'LABEL_0', 'score': 0.9998936653137207}]"
1858249592849981638,"[{'label': 'LABEL_0', 'score': 0.9998944997787476}]"
1858247431546089718,"[{'label': 'LABEL_0', 'score': 0.9999492168426514}]"
1858242805925335219,"[{'label': 'LABEL_1', 'score': 0.9991949200630188}]"
1858242466622882281,"[{'label': 'LABEL_0', 'score': 0.9998645782470703}]"
1858242074723672383,"[{'label': 'LABEL_0', 'score': 0.9998372793197632}]"
1858241855319679139,"[{'label': 'LABEL_0', 'score': 0.9998088479042053}]"
1858021466236735645,"[{'label': 'LABEL_0', 'score': 0.9996979236602783}]"
1858240928902680579,"[{'label': 'LABEL_0', 'score': 0.9998468160629272}]"
1858240126872351172,"[{'label': 'LABEL_0', 'score': 0.9997261166572571}]"
1858239817441513696,"[{'label': 'LABEL_0', 'score': 0.9998767375946045}]"
1858239564655009917,"[{'label': 'LABEL_0', 'score': 0.9998847246170044}]"
1858234661954040016,"[{'label': 'LABEL_0', 'score': 0.9999042749404907}]"
1858229756384391544,"[{'label': 'LABEL_1', 'score': 0.9984942674636841}]"
1858190176054284607,"[{'label': 'LABEL_0', 'score': 0.9994713664054871}]"
1857474041310744660,"[{'label': 'LABEL_0', 'score': 0.9998587369918823}]"
1858183625948197214,"[{'label': 'LABEL_0', 'score': 0.9998844861984253}]"
1858173581693264213,"[{'label': 'LABEL_0', 'score': 0.9827877283096313}]"
1858173093664927973,"[{'label': 'LABEL_0', 'score': 0.9998617172241211}]"
1858168520745333036,"[{'label': 'LABEL_0', 'score': 0.9999250173568726}]"
1858150281608839434,"[{'label': 'LABEL_1', 'score': 0.9933075904846191}]"
1858144840774537690,"[{'label': 'LABEL_0', 'score': 0.9974033236503601}]"
1858134739640602951,"[{'label': 'LABEL_0', 'score': 0.999862790107727}]"
1858128887219204542,"[{'label': 'LABEL_1', 'score': 0.9711310863494873}]"
1858128642385010972,"[{'label': 'LABEL_0', 'score': 0.9990921020507812}]"
1858095637272650217,"[{'label': 'LABEL_0', 'score': 0.9997686743736267}]"
1858064006843339061,"[{'label': 'LABEL_0', 'score': 0.9998371601104736}]"
1858063233006837869,"[{'label': 'LABEL_0', 'score': 0.9998778104782104}]"
1858040585241653714,"[{'label': 'LABEL_0', 'score': 0.9997807145118713}]"
1858039360391610696,"[{'label': 'LABEL_0', 'score': 0.9998219609260559}]"
1858026941158158794,"[{'label': 'LABEL_0', 'score': 0.9998706579208374}]"
1857979269357473911,"[{'label': 'LABEL_0', 'score': 0.9998458623886108}]"
1857946322365448264,"[{'label': 'LABEL_0', 'score': 0.9998764991760254}]"
1857941589588316288,"[{'label': 'LABEL_0', 'score': 0.9998587369918823}]"
1857816975004610738,"[{'label': 'LABEL_0', 'score': 0.997570812702179}]"
1857927254807887951,"[{'label': 'LABEL_0', 'score': 0.9998502731323242}]"
1857915954627309808,"[{'label': 'LABEL_0', 'score': 0.9997338652610779}]"
1857903753489510650,"[{'label': 'LABEL_0', 'score': 0.9999483823776245}]"
1857894349654343736,"[{'label': 'LABEL_0', 'score': 0.9998925924301147}]"
1857871497076846876,"[{'label': 'LABEL_1', 'score': 0.9992897510528564}]"
1857858726352265305,"[{'label': 'LABEL_0', 'score': 0.9999070167541504}]"
1857831118407434244,"[{'label': 'LABEL_0', 'score': 0.9556185603141785}]"
1857828635182260501,"[{'label': 'LABEL_0', 'score': 0.999933123588562}]"
1857821427375767902,"[{'label': 'LABEL_1', 'score': 0.9825631380081177}]"
1857818036889059496,"[{'label': 'LABEL_0', 'score': 0.9998704195022583}]"
1857810682042867896,"[{'label': 'LABEL_0', 'score': 0.9998871088027954}]"
1857800077185790334,"[{'label': 'LABEL_0', 'score': 0.9997784495353699}]"
1857770082845212779,"[{'label': 'LABEL_1', 'score': 0.9937646389007568}]"
1857731849658789999,"[{'label': 'LABEL_0', 'score': 0.9998440742492676}]"
1857680347640610888,"[{'label': 'LABEL_0', 'score': 0.9865810871124268}]"
1857631788757057682,"[{'label': 'LABEL_0', 'score': 0.9996832609176636}]"
1857616572094792105,"[{'label': 'LABEL_1', 'score': 0.9998315572738647}]"
1857603298028638511,"[{'label': 'LABEL_1', 'score': 0.9996685981750488}]"
1857602212471648769,"[{'label': 'LABEL_0', 'score': 0.9996694326400757}]"
1857595855299068143,"[{'label': 'LABEL_0', 'score': 0.999869704246521}]"
1857588934643007792,"[{'label': 'LABEL_0', 'score': 0.9461392760276794}]"
1857578638016749939,"[{'label': 'LABEL_0', 'score': 0.9998468160629272}]"
1857517928628805710,"[{'label': 'LABEL_0', 'score': 0.9998700618743896}]"
1857494786489594326,"[{'label': 'LABEL_0', 'score': 0.9998884201049805}]"
1857458421093597255,"[{'label': 'LABEL_1', 'score': 0.9895646572113037}]"
1857434492316663816,"[{'label': 'LABEL_0', 'score': 0.9997511506080627}]"
1857431522032210151,"[{'label': 'LABEL_0', 'score': 0.9984593391418457}]"
1857374662000304459,"[{'label': 'LABEL_0', 'score': 0.6662982106208801}]"
1857272412099756288,"[{'label': 'LABEL_0', 'score': 0.9996439218521118}]"
1857263432338190631,"[{'label': 'LABEL_0', 'score': 0.8771765828132629}]"
1857238254661013899,"[{'label': 'LABEL_1', 'score': 0.9955730438232422}]"
1857192075378217001,"[{'label': 'LABEL_0', 'score': 0.9997895359992981}]"
1857186517740884008,"[{'label': 'LABEL_0', 'score': 0.9996966123580933}]"
1857135910426693741,"[{'label': 'LABEL_0', 'score': 0.9972645044326782}]"
1857125720297705803,"[{'label': 'LABEL_0', 'score': 0.9998015761375427}]"
1857122437953094095,"[{'label': 'LABEL_0', 'score': 0.9998499155044556}]"
1857109849680515270,"[{'label': 'LABEL_0', 'score': 0.9996365308761597}]"
1857093192694333706,"[{'label': 'LABEL_0', 'score': 0.9998213648796082}]"
1861067607526260854,"[{'label': 'LABEL_0', 'score': 0.9998962879180908}]"
1861067353728905230,"[{'label': 'LABEL_1', 'score': 0.9951489567756653}]"
1861063858766455050,"[{'label': 'LABEL_0', 'score': 0.9999315738677979}]"
1861061984701075948,"[{'label': 'LABEL_1', 'score': 0.9982839226722717}]"
1861060282358878485,"[{'label': 'LABEL_0', 'score': 0.9999369382858276}]"
1861028634523247048,"[{'label': 'LABEL_0', 'score': 0.9998488426208496}]"
1860954752965542186,"[{'label': 'LABEL_0', 'score': 0.9997206330299377}]"
1860873707813556386,"[{'label': 'LABEL_0', 'score': 0.999907374382019}]"
1860867171242414095,"[{'label': 'LABEL_0', 'score': 0.9989649057388306}]"
1860856879066354028,"[{'label': 'LABEL_0', 'score': 0.9996761083602905}]"
1860843945980215386,"[{'label': 'LABEL_1', 'score': 0.9965062141418457}]"
1860839894593015872,"[{'label': 'LABEL_0', 'score': 0.9969231486320496}]"
1860831503560614036,"[{'label': 'LABEL_0', 'score': 0.9996320009231567}]"
1860822212636250256,"[{'label': 'LABEL_1', 'score': 0.9991776347160339}]"
1860787588694524371,"[{'label': 'LABEL_1', 'score': 0.6234142780303955}]"
1860776640114004268,"[{'label': 'LABEL_0', 'score': 0.9997031092643738}]"
1860773965024632868,"[{'label': 'LABEL_1', 'score': 0.9989571571350098}]"
1860750888962347216,"[{'label': 'LABEL_0', 'score': 0.9987049102783203}]"
1860744331226730548,"[{'label': 'LABEL_1', 'score': 0.9964032173156738}]"
1860742599352451132,"[{'label': 'LABEL_1', 'score': 0.9997554421424866}]"
1860694264486707315,"[{'label': 'LABEL_0', 'score': 0.9998276233673096}]"
1860692316136112604,"[{'label': 'LABEL_0', 'score': 0.9231783747673035}]"
1860670575208784343,"[{'label': 'LABEL_0', 'score': 0.9996649026870728}]"
1860650568240210204,"[{'label': 'LABEL_0', 'score': 0.9998034834861755}]"
1860648231647990103,"[{'label': 'LABEL_0', 'score': 0.9999271631240845}]"
1860643979684933666,"[{'label': 'LABEL_1', 'score': 0.9963195323944092}]"
1860638867822436530,"[{'label': 'LABEL_0', 'score': 0.9997394680976868}]"
1860611266164752631,"[{'label': 'LABEL_0', 'score': 0.9998319149017334}]"
1860536326870667686,"[{'label': 'LABEL_1', 'score': 0.9997041821479797}]"
1860531285946405150,"[{'label': 'LABEL_0', 'score': 0.9998955726623535}]"
1792019415904424337,"[{'label': 'LABEL_0', 'score': 0.9999262094497681}]"
1860528659662004516,"[{'label': 'LABEL_1', 'score': 0.9994159936904907}]"
1860513656053657940,"[{'label': 'LABEL_0', 'score': 0.9998321533203125}]"
1860507645255299181,"[{'label': 'LABEL_0', 'score': 0.9991303086280823}]"
1860505433376477318,"[{'label': 'LABEL_0', 'score': 0.9995631575584412}]"
1860497243863699596,"[{'label': 'LABEL_1', 'score': 0.9996172189712524}]"
1860496651632140335,"[{'label': 'LABEL_1', 'score': 0.5733978152275085}]"
1860490416837083595,"[{'label': 'LABEL_0', 'score': 0.9998971223831177}]"
1860474654751678962,"[{'label': 'LABEL_0', 'score': 0.9981017708778381}]"
1860469055670321482,"[{'label': 'LABEL_0', 'score': 0.9997029900550842}]"
1860458788311937511,"[{'label': 'LABEL_0', 'score': 0.999880313873291}]"
1860448705066705238,"[{'label': 'LABEL_0', 'score': 0.9999207258224487}]"
1860431626456440881,"[{'label': 'LABEL_0', 'score': 0.997657299041748}]"
1860408779117879313,"[{'label': 'LABEL_0', 'score': 0.9999277591705322}]"
1860379818073698520,"[{'label': 'LABEL_1', 'score': 0.999273955821991}]"
1860358052064436279,"[{'label': 'LABEL_0', 'score': 0.999816358089447}]"
1860352576987762885,"[{'label': 'LABEL_0', 'score': 0.9998695850372314}]"
1860347879480602925,"[{'label': 'LABEL_0', 'score': 0.9998108744621277}]"
1860342566366978497,"[{'label': 'LABEL_0', 'score': 0.9997774958610535}]"
1860337759606439989,"[{'label': 'LABEL_0', 'score': 0.9992376565933228}]"
1860335702065447416,"[{'label': 'LABEL_0', 'score': 0.9996110796928406}]"
1860329532386873572,"[{'label': 'LABEL_1', 'score': 0.9997381567955017}]"
1860320686348075361,"[{'label': 'LABEL_0', 'score': 0.9997724890708923}]"
1860320038030323945,"[{'label': 'LABEL_0', 'score': 0.9972590208053589}]"
1860319215145619704,"[{'label': 'LABEL_0', 'score': 0.9998922348022461}]"
1859994673999437838,"[{'label': 'LABEL_0', 'score': 0.9997765421867371}]"
1860303191016870196,"[{'label': 'LABEL_0', 'score': 0.9993867874145508}]"
1860302395797815437,"[{'label': 'LABEL_0', 'score': 0.9999363422393799}]"
1860301944671080908,"[{'label': 'LABEL_0', 'score': 0.9997941851615906}]"
1860251907240902911,"[{'label': 'LABEL_0', 'score': 0.9999035596847534}]"
1860251901914222823,"[{'label': 'LABEL_0', 'score': 0.999872088432312}]"
1860211673820463481,"[{'label': 'LABEL_0', 'score': 0.9998985528945923}]"
1860190136316961066,"[{'label': 'LABEL_0', 'score': 0.9998667240142822}]"
1860167990521803217,"[{'label': 'LABEL_0', 'score': 0.9998749494552612}]"
1860166880587034724,"[{'label': 'LABEL_0', 'score': 0.9997648596763611}]"
1860143481509019901,"[{'label': 'LABEL_0', 'score': 0.9998626708984375}]"
1860132682476454298,"[{'label': 'LABEL_1', 'score': 0.7812384963035583}]"
1860131001412067541,"[{'label': 'LABEL_1', 'score': 0.7439968585968018}]"
1860126477825774055,"[{'label': 'LABEL_0', 'score': 0.9706261157989502}]"
1860121102250635676,"[{'label': 'LABEL_0', 'score': 0.6059360504150391}]"
1860115572119470092,"[{'label': 'LABEL_0', 'score': 0.9998136162757874}]"
1860112801592934880,"[{'label': 'LABEL_1', 'score': 0.9992749094963074}]"
1860111155609653639,"[{'label': 'LABEL_0', 'score': 0.9999172687530518}]"
1860103920921776542,"[{'label': 'LABEL_0', 'score': 0.9995253086090088}]"
1860101921505443921,"[{'label': 'LABEL_0', 'score': 0.9986091256141663}]"
1860101821559373965,"[{'label': 'LABEL_1', 'score': 0.697994589805603}]"
1860100702124802257,"[{'label': 'LABEL_0', 'score': 0.998884379863739}]"
1860097101541384227,"[{'label': 'LABEL_0', 'score': 0.9998703002929688}]"
1860083562315424250,"[{'label': 'LABEL_0', 'score': 0.9998655319213867}]"
1860080392000487444,"[{'label': 'LABEL_0', 'score': 0.9987491369247437}]"
1860076654380613994,"[{'label': 'LABEL_0', 'score': 0.9998574256896973}]"
1860071507881525369,"[{'label': 'LABEL_0', 'score': 0.9998047947883606}]"
1860065492880490844,"[{'label': 'LABEL_0', 'score': 0.9995976090431213}]"
1860041697180504139,"[{'label': 'LABEL_0', 'score': 0.9999277591705322}]"
1860014573316899232,"[{'label': 'LABEL_1', 'score': 0.5941604971885681}]"
1860006487411818689,"[{'label': 'LABEL_0', 'score': 0.999830961227417}]"
1860003244900319539,"[{'label': 'LABEL_0', 'score': 0.998551070690155}]"
1860000198468206892,"[{'label': 'LABEL_0', 'score': 0.9998749494552612}]"
1859988698504528117,"[{'label': 'LABEL_1', 'score': 0.9983100891113281}]"
1859966966464999598,"[{'label': 'LABEL_1', 'score': 0.9964166879653931}]"
1859962020369719406,"[{'label': 'LABEL_1', 'score': 0.9924701452255249}]"
1859939261925204407,"[{'label': 'LABEL_1', 'score': 0.999652624130249}]"
1859938877383016898,"[{'label': 'LABEL_0', 'score': 0.9991834759712219}]"
1859927490795598323,"[{'label': 'LABEL_0', 'score': 0.999821126461029}]"
1859914566953787568,"[{'label': 'LABEL_0', 'score': 0.999219536781311}]"
1859832896821002347,"[{'label': 'LABEL_0', 'score': 0.9995176792144775}]"
1859804749656359218,"[{'label': 'LABEL_0', 'score': 0.9999372959136963}]"
1859792830056804463,"[{'label': 'LABEL_0', 'score': 0.9999111890792847}]"
1859786259847315509,"[{'label': 'LABEL_0', 'score': 0.9997727274894714}]"
1859783003435827614,"[{'label': 'LABEL_0', 'score': 0.9973012804985046}]"
1859782995852525960,"[{'label': 'LABEL_1', 'score': 0.9993985891342163}]"
1859781117668151562,"[{'label': 'LABEL_0', 'score': 0.9998193383216858}]"
1859778563056205960,"[{'label': 'LABEL_0', 'score': 0.9818998575210571}]"
1859767059082772561,"[{'label': 'LABEL_1', 'score': 0.9996442794799805}]"
1859755960715313510,"[{'label': 'LABEL_0', 'score': 0.9998670816421509}]"
1859747736737939866,"[{'label': 'LABEL_0', 'score': 0.999327540397644}]"
1859742799782084831,"[{'label': 'LABEL_0', 'score': 0.999123752117157}]"
1859731795903905847,"[{'label': 'LABEL_1', 'score': 0.6025747060775757}]"
1859729656930566225,"[{'label': 'LABEL_0', 'score': 0.9997599720954895}]"
1859700329199423951,"[{'label': 'LABEL_0', 'score': 0.9999327659606934}]"
1859665246379704462,"[{'label': 'LABEL_0', 'score': 0.999904990196228}]"
1859656708932677731,"[{'label': 'LABEL_0', 'score': 0.9998502731323242}]"
1859656440119763088,"[{'label': 'LABEL_0', 'score': 0.9998677968978882}]"
1859653318760595723,"[{'label': 'LABEL_0', 'score': 0.9998894929885864}]"
1859651217905144052,"[{'label': 'LABEL_0', 'score': 0.999855637550354}]"
1859641691344707918,"[{'label': 'LABEL_0', 'score': 0.9998342990875244}]"
1859633773907714342,"[{'label': 'LABEL_0', 'score': 0.9999208450317383}]"
1859615190775390210,"[{'label': 'LABEL_0', 'score': 0.9999316930770874}]"
1859611094265770476,"[{'label': 'LABEL_0', 'score': 0.9998488426208496}]"
1859599691559690394,"[{'label': 'LABEL_0', 'score': 0.9999141693115234}]"
1859593997150241113,"[{'label': 'LABEL_0', 'score': 0.9997537732124329}]"
1859583150193602832,"[{'label': 'LABEL_0', 'score': 0.9997856020927429}]"
1859573447514272034,"[{'label': 'LABEL_0', 'score': 0.999893069267273}]"
1859561516279669219,"[{'label': 'LABEL_0', 'score': 0.999701201915741}]"
1859558569412071598,"[{'label': 'LABEL_1', 'score': 0.9998946189880371}]"
1859553298820345921,"[{'label': 'LABEL_0', 'score': 0.9999213218688965}]"
1859535207977607633,"[{'label': 'LABEL_1', 'score': 0.9961013793945312}]"
1859481559717298525,"[{'label': 'LABEL_1', 'score': 0.9946343898773193}]"
1859416909864702393,"[{'label': 'LABEL_0', 'score': 0.9999172687530518}]"
1859391957044183333,"[{'label': 'LABEL_0', 'score': 0.9999008178710938}]"
1859386991365791844,"[{'label': 'LABEL_0', 'score': 0.9998725652694702}]"
1859373355205317010,"[{'label': 'LABEL_0', 'score': 0.9994794726371765}]"
1859369425985548458,"[{'label': 'LABEL_0', 'score': 0.9998962879180908}]"
1859362564892770447,"[{'label': 'LABEL_0', 'score': 0.9998315572738647}]"
1859362063237398714,"[{'label': 'LABEL_1', 'score': 0.9998455047607422}]"
1859356867664687484,"[{'label': 'LABEL_0', 'score': 0.999785840511322}]"
1859346529288585224,"[{'label': 'LABEL_0', 'score': 0.9999405145645142}]"
1859345948431753696,"[{'label': 'LABEL_0', 'score': 0.9998375177383423}]"
1859329053490127220,"[{'label': 'LABEL_0', 'score': 0.9999063014984131}]"
1859404086195487033,"[{'label': 'LABEL_0', 'score': 0.9998916387557983}]"
1859328323199041769,"[{'label': 'LABEL_0', 'score': 0.688172459602356}]"
1859321748543381700,"[{'label': 'LABEL_1', 'score': 0.9968445301055908}]"
1859310086663045140,"[{'label': 'LABEL_1', 'score': 0.9986969828605652}]"
1859297735696056755,"[{'label': 'LABEL_1', 'score': 0.9994804263114929}]"
1859296650000466353,"[{'label': 'LABEL_0', 'score': 0.9995816349983215}]"
1859293525625442444,"[{'label': 'LABEL_0', 'score': 0.9998157620429993}]"
1859293458147705199,"[{'label': 'LABEL_1', 'score': 0.9727391004562378}]"
1859287610272698712,"[{'label': 'LABEL_1', 'score': 0.9984080195426941}]"
1859284477656301855,"[{'label': 'LABEL_1', 'score': 0.9996970891952515}]"
1859282141512700216,"[{'label': 'LABEL_0', 'score': 0.9998730421066284}]"
1859276086594404792,"[{'label': 'LABEL_0', 'score': 0.9996922016143799}]"
1859275259217678372,"[{'label': 'LABEL_0', 'score': 0.999785840511322}]"
1859259831489626301,"[{'label': 'LABEL_0', 'score': 0.999907374382019}]"
1859256878825402616,"[{'label': 'LABEL_0', 'score': 0.9999024868011475}]"
1859253795206705266,"[{'label': 'LABEL_0', 'score': 0.9999351501464844}]"
1859251526646055088,"[{'label': 'LABEL_0', 'score': 0.9999231100082397}]"
1859249840909148412,"[{'label': 'LABEL_0', 'score': 0.9999223947525024}]"
1859246504340238506,"[{'label': 'LABEL_0', 'score': 0.9999498128890991}]"
1859245386721907127,"[{'label': 'LABEL_0', 'score': 0.999745786190033}]"
1859240060626833585,"[{'label': 'LABEL_0', 'score': 0.9993047714233398}]"
1859237876363383259,"[{'label': 'LABEL_0', 'score': 0.9995324611663818}]"
1859227696879837465,"[{'label': 'LABEL_0', 'score': 0.9999055862426758}]"
1859220919907996034,"[{'label': 'LABEL_0', 'score': 0.999903678894043}]"
1859203287590846843,"[{'label': 'LABEL_1', 'score': 0.9937078952789307}]"
1859198886847402189,"[{'label': 'LABEL_0', 'score': 0.999923586845398}]"
1859179548866154546,"[{'label': 'LABEL_0', 'score': 0.9998925924301147}]"
1859174330204057958,"[{'label': 'LABEL_0', 'score': 0.9998286962509155}]"
1859095936602915023,"[{'label': 'LABEL_0', 'score': 0.9998977184295654}]"
1859086048740950312,"[{'label': 'LABEL_0', 'score': 0.9999347925186157}]"
1859081277514678476,"[{'label': 'LABEL_1', 'score': 0.9997867941856384}]"
1859062297362125286,"[{'label': 'LABEL_0', 'score': 0.9996786117553711}]"
1859027358386417763,"[{'label': 'LABEL_0', 'score': 0.9999179840087891}]"
1859245842978197764,"[{'label': 'LABEL_0', 'score': 0.813643217086792}]"
1859046523230683622,"[{'label': 'LABEL_1', 'score': 0.9789617657661438}]"
1859038070542319762,"[{'label': 'LABEL_0', 'score': 0.9997387528419495}]"
1859021749343711454,"[{'label': 'LABEL_1', 'score': 0.9996110796928406}]"
1859010987321696535,"[{'label': 'LABEL_0', 'score': 0.9998742341995239}]"
1859007018377638021,"[{'label': 'LABEL_0', 'score': 0.999737560749054}]"
1859001270876729788,"[{'label': 'LABEL_0', 'score': 0.9998468160629272}]"
1858999699363213364,"[{'label': 'LABEL_0', 'score': 0.9998612403869629}]"
1858997225252417893,"[{'label': 'LABEL_0', 'score': 0.999554455280304}]"
1858982416360317123,"[{'label': 'LABEL_0', 'score': 0.9998760223388672}]"
1858981043694686552,"[{'label': 'LABEL_0', 'score': 0.973180890083313}]"
1858969048316604610,"[{'label': 'LABEL_0', 'score': 0.9998526573181152}]"
1858951184641368418,"[{'label': 'LABEL_0', 'score': 0.9999228715896606}]"
1858942516310995062,"[{'label': 'LABEL_0', 'score': 0.9999188184738159}]"
1858942486388883764,"[{'label': 'LABEL_0', 'score': 0.9999303817749023}]"
1858938437572948002,"[{'label': 'LABEL_0', 'score': 0.9998047947883606}]"
1858930150269685832,"[{'label': 'LABEL_1', 'score': 0.9974473714828491}]"
1863658658468417688,"[{'label': 'LABEL_1', 'score': 0.9993845224380493}]"
1863643287908663433,"[{'label': 'LABEL_0', 'score': 0.9990478157997131}]"
1863601339781026121,"[{'label': 'LABEL_0', 'score': 0.9998623132705688}]"
1863599092892320144,"[{'label': 'LABEL_0', 'score': 0.9998966455459595}]"
1863574072048660565,"[{'label': 'LABEL_0', 'score': 0.9995601773262024}]"
1863543983718219945,"[{'label': 'LABEL_0', 'score': 0.9999094009399414}]"
1863523035497509327,"[{'label': 'LABEL_0', 'score': 0.9999113082885742}]"
1863419716645040132,"[{'label': 'LABEL_0', 'score': 0.9999130964279175}]"
1863378283871506893,"[{'label': 'LABEL_0', 'score': 0.7434883713722229}]"
1863361245459460394,"[{'label': 'LABEL_0', 'score': 0.9989369511604309}]"
1863317785952075988,"[{'label': 'LABEL_0', 'score': 0.9998986721038818}]"
1863316511646949535,"[{'label': 'LABEL_0', 'score': 0.9882558584213257}]"
1863299937225589045,"[{'label': 'LABEL_0', 'score': 0.999936580657959}]"
1863290861053739317,"[{'label': 'LABEL_0', 'score': 0.9998348951339722}]"
1863279187445866769,"[{'label': 'LABEL_1', 'score': 0.6783308982849121}]"
1863257498469142918,"[{'label': 'LABEL_0', 'score': 0.998556911945343}]"
1863230764550132073,"[{'label': 'LABEL_0', 'score': 0.9999099969863892}]"
1863196525381218530,"[{'label': 'LABEL_1', 'score': 0.9963274598121643}]"
1863040622371696761,"[{'label': 'LABEL_0', 'score': 0.9964996576309204}]"
1863038539119669443,"[{'label': 'LABEL_1', 'score': 0.9992941617965698}]"
1863016102877384759,"[{'label': 'LABEL_1', 'score': 0.973533034324646}]"
1862969069541966291,"[{'label': 'LABEL_1', 'score': 0.9992653727531433}]"
1862949961748353151,"[{'label': 'LABEL_1', 'score': 0.9994805455207825}]"
1862933996650348762,"[{'label': 'LABEL_1', 'score': 0.9992092251777649}]"
1862922736722489709,"[{'label': 'LABEL_1', 'score': 0.993180513381958}]"
1862922460657537373,"[{'label': 'LABEL_0', 'score': 0.9999427795410156}]"
1862870228897521886,"[{'label': 'LABEL_0', 'score': 0.9990980625152588}]"
1862869695839269164,"[{'label': 'LABEL_0', 'score': 0.9998010993003845}]"
1862849467092742173,"[{'label': 'LABEL_0', 'score': 0.9996230602264404}]"
1862821370570080282,"[{'label': 'LABEL_1', 'score': 0.9996086955070496}]"
1862818136086434280,"[{'label': 'LABEL_0', 'score': 0.9998425245285034}]"
1862817840211902513,"[{'label': 'LABEL_1', 'score': 0.9996606111526489}]"
1862713112891134442,"[{'label': 'LABEL_1', 'score': 0.9990231990814209}]"
1862694474205257778,"[{'label': 'LABEL_0', 'score': 0.9998277425765991}]"
1862685493831315728,"[{'label': 'LABEL_0', 'score': 0.9999150037765503}]"
1862673394946265382,"[{'label': 'LABEL_0', 'score': 0.999923586845398}]"
1862670455137542532,"[{'label': 'LABEL_0', 'score': 0.9999520778656006}]"
1862664226113786103,"[{'label': 'LABEL_0', 'score': 0.9998832941055298}]"
1862649143727935957,"[{'label': 'LABEL_0', 'score': 0.9995311498641968}]"
1862638963040645609,"[{'label': 'LABEL_0', 'score': 0.9999345541000366}]"
1862632370249023972,"[{'label': 'LABEL_0', 'score': 0.99981290102005}]"
1862629805847445790,"[{'label': 'LABEL_0', 'score': 0.9998571872711182}]"
1862601552688501155,"[{'label': 'LABEL_0', 'score': 0.9994964599609375}]"
1862574769301811438,"[{'label': 'LABEL_1', 'score': 0.9990474581718445}]"
1862571667672773050,"[{'label': 'LABEL_0', 'score': 0.9998615980148315}]"
1862561866083356866,"[{'label': 'LABEL_0', 'score': 0.9998981952667236}]"
1862555457644101670,"[{'label': 'LABEL_0', 'score': 0.9997158646583557}]"
1862553839506711023,"[{'label': 'LABEL_0', 'score': 0.9950874447822571}]"
1862546291189793063,"[{'label': 'LABEL_0', 'score': 0.9995217323303223}]"
1862516400788582739,"[{'label': 'LABEL_0', 'score': 0.999849796295166}]"
1862513904410108318,"[{'label': 'LABEL_0', 'score': 0.9997686743736267}]"
1862511595374489793,"[{'label': 'LABEL_0', 'score': 0.9997398257255554}]"
1862508191797448871,"[{'label': 'LABEL_0', 'score': 0.9994285702705383}]"
1862507403079524719,"[{'label': 'LABEL_0', 'score': 0.9998481273651123}]"
1862503682689962473,"[{'label': 'LABEL_0', 'score': 0.9998674392700195}]"
1862486946385215715,"[{'label': 'LABEL_0', 'score': 0.9999116659164429}]"
1862485459131117943,"[{'label': 'LABEL_0', 'score': 0.9998905658721924}]"
1862479043033018408,"[{'label': 'LABEL_0', 'score': 0.9999226331710815}]"
1862465466880463064,"[{'label': 'LABEL_0', 'score': 0.9999173879623413}]"
1862460490288386472,"[{'label': 'LABEL_0', 'score': 0.9998421669006348}]"
1862364885620789451,"[{'label': 'LABEL_1', 'score': 0.9992254972457886}]"
1862321564034686985,"[{'label': 'LABEL_0', 'score': 0.9998719692230225}]"
1862309455959863393,"[{'label': 'LABEL_0', 'score': 0.9998503923416138}]"
1862278847820894612,"[{'label': 'LABEL_0', 'score': 0.9996356964111328}]"
1862241593337544808,"[{'label': 'LABEL_0', 'score': 0.9997634291648865}]"
1862214595894476908,"[{'label': 'LABEL_1', 'score': 0.999733030796051}]"
1862214550612811968,"[{'label': 'LABEL_0', 'score': 0.9998875856399536}]"
1862115653802393967,"[{'label': 'LABEL_1', 'score': 0.9219542145729065}]"
1862206593409913220,"[{'label': 'LABEL_0', 'score': 0.9996752738952637}]"
1862197619419672620,"[{'label': 'LABEL_0', 'score': 0.9995149374008179}]"
1862194191985455200,"[{'label': 'LABEL_0', 'score': 0.9998642206192017}]"
1862189556197474523,"[{'label': 'LABEL_0', 'score': 0.9999210834503174}]"
1862183297108836407,"[{'label': 'LABEL_1', 'score': 0.9993166923522949}]"
1862181629885661543,"[{'label': 'LABEL_0', 'score': 0.9991732239723206}]"
1862160913593168088,"[{'label': 'LABEL_1', 'score': 0.9998799562454224}]"
1862157619227467855,"[{'label': 'LABEL_0', 'score': 0.9997465014457703}]"
1862154830216638720,"[{'label': 'LABEL_0', 'score': 0.9998786449432373}]"
1862151048627908754,"[{'label': 'LABEL_0', 'score': 0.9999052286148071}]"
1862141803467587634,"[{'label': 'LABEL_0', 'score': 0.999614953994751}]"
1862118067964194954,"[{'label': 'LABEL_1', 'score': 0.9996531009674072}]"
1862112592371630433,"[{'label': 'LABEL_0', 'score': 0.9998725652694702}]"
1862110670050750725,"[{'label': 'LABEL_0', 'score': 0.9999336004257202}]"
1862110216919060481,"[{'label': 'LABEL_0', 'score': 0.9998748302459717}]"
1862100457335726584,"[{'label': 'LABEL_0', 'score': 0.999264657497406}]"
1862099779825586231,"[{'label': 'LABEL_0', 'score': 0.999729335308075}]"
1862092354326335735,"[{'label': 'LABEL_0', 'score': 0.9997307658195496}]"
1862139547036909580,"[{'label': 'LABEL_0', 'score': 0.9999387264251709}]"
1862030171097715082,"[{'label': 'LABEL_0', 'score': 0.9998865127563477}]"
1862003008243998855,"[{'label': 'LABEL_0', 'score': 0.707713782787323}]"
1861993477204058552,"[{'label': 'LABEL_0', 'score': 0.9997095465660095}]"
1861983776319983667,"[{'label': 'LABEL_0', 'score': 0.9997430443763733}]"
1861969756460306808,"[{'label': 'LABEL_0', 'score': 0.9999276399612427}]"
1861953028527370377,"[{'label': 'LABEL_0', 'score': 0.9964776635169983}]"
1861952578445046083,"[{'label': 'LABEL_0', 'score': 0.9999043941497803}]"
1861951749499564264,"[{'label': 'LABEL_0', 'score': 0.9997932314872742}]"
1861950068934205591,"[{'label': 'LABEL_0', 'score': 0.9959690570831299}]"
1861948642992574693,"[{'label': 'LABEL_0', 'score': 0.9999287128448486}]"
1861948485223710728,"[{'label': 'LABEL_0', 'score': 0.9997090697288513}]"
1861946246539120677,"[{'label': 'LABEL_0', 'score': 0.9998145699501038}]"
1861943800576311692,"[{'label': 'LABEL_0', 'score': 0.999881386756897}]"
1861943519910224039,"[{'label': 'LABEL_1', 'score': 0.9987536668777466}]"
1861941203509367037,"[{'label': 'LABEL_0', 'score': 0.999652624130249}]"
1861938798403240303,"[{'label': 'LABEL_0', 'score': 0.9413737654685974}]"
1861936089583243449,"[{'label': 'LABEL_0', 'score': 0.995647132396698}]"
1861931204909334838,"[{'label': 'LABEL_0', 'score': 0.9999332427978516}]"
1861927083514925436,"[{'label': 'LABEL_0', 'score': 0.9865332841873169}]"
1861926063376318822,"[{'label': 'LABEL_1', 'score': 0.9959821701049805}]"
1861926014852436306,"[{'label': 'LABEL_0', 'score': 0.9999287128448486}]"
1861922122873933829,"[{'label': 'LABEL_1', 'score': 0.9997606873512268}]"
1861917958521364618,"[{'label': 'LABEL_0', 'score': 0.996411144733429}]"
1861903218394964470,"[{'label': 'LABEL_0', 'score': 0.9999148845672607}]"
1861889020868907439,"[{'label': 'LABEL_0', 'score': 0.9998650550842285}]"
1861886340129779851,"[{'label': 'LABEL_0', 'score': 0.9998769760131836}]"
1861884905933684848,"[{'label': 'LABEL_0', 'score': 0.9998869895935059}]"
1861605865284891039,"[{'label': 'LABEL_0', 'score': 0.9998666048049927}]"
1861876460719329742,"[{'label': 'LABEL_0', 'score': 0.99974125623703}]"
1861876005742284802,"[{'label': 'LABEL_0', 'score': 0.999886155128479}]"
1861865276783915350,"[{'label': 'LABEL_0', 'score': 0.983801543712616}]"
1861861862133977497,"[{'label': 'LABEL_0', 'score': 0.9998986721038818}]"
1861847766491648459,"[{'label': 'LABEL_0', 'score': 0.9998501539230347}]"
1861845570244993392,"[{'label': 'LABEL_0', 'score': 0.9996812343597412}]"
1861841696016789863,"[{'label': 'LABEL_0', 'score': 0.9998980760574341}]"
1861831707936121309,"[{'label': 'LABEL_0', 'score': 0.9998714923858643}]"
1861825513574076676,"[{'label': 'LABEL_0', 'score': 0.9999178647994995}]"
1861815067781521630,"[{'label': 'LABEL_0', 'score': 0.9981023669242859}]"
1861811200549364115,"[{'label': 'LABEL_0', 'score': 0.9995468258857727}]"
1861809231650861255,"[{'label': 'LABEL_0', 'score': 0.9987651109695435}]"
1861809200935891073,"[{'label': 'LABEL_0', 'score': 0.9994827508926392}]"
1861803303320826035,"[{'label': 'LABEL_0', 'score': 0.9999122619628906}]"
1861802640734113915,"[{'label': 'LABEL_0', 'score': 0.9998096823692322}]"
1861802627798888948,"[{'label': 'LABEL_0', 'score': 0.9997084736824036}]"
1861801246392307953,"[{'label': 'LABEL_0', 'score': 0.9997261166572571}]"
1861791230180417903,"[{'label': 'LABEL_0', 'score': 0.9999229907989502}]"
1861790953079447917,"[{'label': 'LABEL_0', 'score': 0.9998026490211487}]"
1861786369473020240,"[{'label': 'LABEL_0', 'score': 0.9998854398727417}]"
1861778553596973152,"[{'label': 'LABEL_0', 'score': 0.9998435974121094}]"
1861776581191962991,"[{'label': 'LABEL_0', 'score': 0.9998383522033691}]"
1861772902028259466,"[{'label': 'LABEL_0', 'score': 0.9999099969863892}]"
1861770789344751796,"[{'label': 'LABEL_0', 'score': 0.9999382495880127}]"
1861767241626218708,"[{'label': 'LABEL_0', 'score': 0.9999090433120728}]"
1861767042547802569,"[{'label': 'LABEL_0', 'score': 0.9998607635498047}]"
1861764802172821870,"[{'label': 'LABEL_0', 'score': 0.9999058246612549}]"
1861764378606903299,"[{'label': 'LABEL_0', 'score': 0.9999276399612427}]"
1830575997378232383,"[{'label': 'LABEL_0', 'score': 0.9999135732650757}]"
1861762664977830142,"[{'label': 'LABEL_0', 'score': 0.9996472597122192}]"
1861758278457335865,"[{'label': 'LABEL_0', 'score': 0.9999136924743652}]"
1861754947559153953,"[{'label': 'LABEL_0', 'score': 0.9998422861099243}]"
1861744796336845061,"[{'label': 'LABEL_0', 'score': 0.9999129772186279}]"
1861742431709880679,"[{'label': 'LABEL_0', 'score': 0.9999439716339111}]"
1861737845808865734,"[{'label': 'LABEL_0', 'score': 0.9996676445007324}]"
1861737503964745776,"[{'label': 'LABEL_0', 'score': 0.9998363256454468}]"
1861732901643039006,"[{'label': 'LABEL_0', 'score': 0.9999047517776489}]"
1861693049778139297,"[{'label': 'LABEL_1', 'score': 0.9950256943702698}]"
1861616346338844717,"[{'label': 'LABEL_0', 'score': 0.9993888139724731}]"
1861614756211085670,"[{'label': 'LABEL_0', 'score': 0.9999068975448608}]"
1861613385919386061,"[{'label': 'LABEL_0', 'score': 0.9998239874839783}]"
1861611569982873757,"[{'label': 'LABEL_0', 'score': 0.9998527765274048}]"
1861607524073357567,"[{'label': 'LABEL_0', 'score': 0.9998811483383179}]"
1861600564351566250,"[{'label': 'LABEL_0', 'score': 0.999890923500061}]"
1861587647069647014,"[{'label': 'LABEL_0', 'score': 0.9998476505279541}]"
1861585715571593662,"[{'label': 'LABEL_0', 'score': 0.9995918869972229}]"
1861584292599476392,"[{'label': 'LABEL_0', 'score': 0.999163031578064}]"
1861579381627376109,"[{'label': 'LABEL_0', 'score': 0.999868631362915}]"
1861578331570774265,"[{'label': 'LABEL_0', 'score': 0.9997926354408264}]"
1861576595120570702,"[{'label': 'LABEL_0', 'score': 0.999187171459198}]"
1861576097361453460,"[{'label': 'LABEL_1', 'score': 0.9996418952941895}]"
1861580587435237581,"[{'label': 'LABEL_0', 'score': 0.9999349117279053}]"
1861572019302592527,"[{'label': 'LABEL_0', 'score': 0.9998741149902344}]"
1861569408881111089,"[{'label': 'LABEL_0', 'score': 0.9998863935470581}]"
1861563675670139119,"[{'label': 'LABEL_0', 'score': 0.9997764229774475}]"
1861560680400261388,"[{'label': 'LABEL_1', 'score': 0.9997010231018066}]"
1861557587184889878,"[{'label': 'LABEL_0', 'score': 0.9995983242988586}]"
1861546443674173737,"[{'label': 'LABEL_0', 'score': 0.9997411370277405}]"
1861546121090183430,"[{'label': 'LABEL_0', 'score': 0.9998056292533875}]"
1861537523337482352,"[{'label': 'LABEL_0', 'score': 0.9998517036437988}]"
1861533089853309180,"[{'label': 'LABEL_1', 'score': 0.9959333539009094}]"
1861530316264927312,"[{'label': 'LABEL_1', 'score': 0.9998072981834412}]"
1861520746985537661,"[{'label': 'LABEL_0', 'score': 0.9998725652694702}]"
1861511175780909201,"[{'label': 'LABEL_0', 'score': 0.9998862743377686}]"
1861499213936283748,"[{'label': 'LABEL_0', 'score': 0.9998505115509033}]"
1861471623305461782,"[{'label': 'LABEL_0', 'score': 0.9998676776885986}]"
1861463538557960552,"[{'label': 'LABEL_0', 'score': 0.684776246547699}]"
1861453252362985550,"[{'label': 'LABEL_0', 'score': 0.9995971322059631}]"
1861445926583222497,"[{'label': 'LABEL_0', 'score': 0.9997738003730774}]"
1861449316595823019,"[{'label': 'LABEL_1', 'score': 0.999739944934845}]"
1861433638597841141,"[{'label': 'LABEL_0', 'score': 0.987776517868042}]"
1861433258375786943,"[{'label': 'LABEL_0', 'score': 0.9998437166213989}]"
1861428714841481224,"[{'label': 'LABEL_0', 'score': 0.9975706934928894}]"
1861428314998509978,"[{'label': 'LABEL_0', 'score': 0.9998251795768738}]"
1861424595036684670,"[{'label': 'LABEL_0', 'score': 0.9998959302902222}]"
1861423121393160493,"[{'label': 'LABEL_1', 'score': 0.9989790916442871}]"
1861410004730818854,"[{'label': 'LABEL_0', 'score': 0.9999276399612427}]"
1861404848945586482,"[{'label': 'LABEL_0', 'score': 0.9998792409896851}]"
1861392608603279658,"[{'label': 'LABEL_0', 'score': 0.999830961227417}]"
1861373341552009222,"[{'label': 'LABEL_0', 'score': 0.9998160004615784}]"
1861280258940391591,"[{'label': 'LABEL_0', 'score': 0.9998462200164795}]"
1861273227328118973,"[{'label': 'LABEL_0', 'score': 0.9999247789382935}]"
1861271799968727543,"[{'label': 'LABEL_0', 'score': 0.9999445676803589}]"
1861176650991288588,"[{'label': 'LABEL_1', 'score': 0.9923073649406433}]"
1861165542893137980,"[{'label': 'LABEL_0', 'score': 0.9979860782623291}]"
1861146734652444762,"[{'label': 'LABEL_0', 'score': 0.9999185800552368}]"
1861125375515869236,"[{'label': 'LABEL_1', 'score': 0.9997549653053284}]"
1861101270632714298,"[{'label': 'LABEL_0', 'score': 0.9999390840530396}]"
1861097278926156283,"[{'label': 'LABEL_1', 'score': 0.9925770163536072}]"
1861083460388987046,"[{'label': 'LABEL_0', 'score': 0.9999467134475708}]"
1864365792227164356,"[{'label': 'LABEL_0', 'score': 0.9998964071273804}]"
1864365329826058293,"[{'label': 'LABEL_0', 'score': 0.9998098015785217}]"
1864332370783899915,"[{'label': 'LABEL_0', 'score': 0.999772846698761}]"
1864316184029466846,"[{'label': 'LABEL_0', 'score': 0.9998553991317749}]"
1864314965751927213,"[{'label': 'LABEL_0', 'score': 0.9998236298561096}]"
1864274293091103103,"[{'label': 'LABEL_0', 'score': 0.999510645866394}]"
1864230222305849571,"[{'label': 'LABEL_0', 'score': 0.9996684789657593}]"
1864169753675215293,"[{'label': 'LABEL_1', 'score': 0.999476969242096}]"
1864168064255684661,"[{'label': 'LABEL_0', 'score': 0.9997360110282898}]"
1864132056231424193,"[{'label': 'LABEL_0', 'score': 0.9997758269309998}]"
1864129222400172337,"[{'label': 'LABEL_0', 'score': 0.9995822310447693}]"
1864123050578346084,"[{'label': 'LABEL_0', 'score': 0.9996116757392883}]"
1864108202301747399,"[{'label': 'LABEL_0', 'score': 0.9999154806137085}]"
1864095171085730063,"[{'label': 'LABEL_0', 'score': 0.9969570636749268}]"
1864087827819970640,"[{'label': 'LABEL_1', 'score': 0.9997232556343079}]"
1864083688545231301,"[{'label': 'LABEL_0', 'score': 0.999767005443573}]"
1864074571713790002,"[{'label': 'LABEL_0', 'score': 0.9998425245285034}]"
1864056772614381940,"[{'label': 'LABEL_0', 'score': 0.9999232292175293}]"
1864040806551630186,"[{'label': 'LABEL_0', 'score': 0.9994174242019653}]"
1864023012829176314,"[{'label': 'LABEL_0', 'score': 0.9995123147964478}]"
1864014440913326289,"[{'label': 'LABEL_1', 'score': 0.7650643587112427}]"
1863989886950187076,"[{'label': 'LABEL_1', 'score': 0.9997071623802185}]"
1863954920136740885,"[{'label': 'LABEL_0', 'score': 0.9996992349624634}]"
1863874327772287464,"[{'label': 'LABEL_1', 'score': 0.9996466636657715}]"
1863220770404520044,"[{'label': 'LABEL_0', 'score': 0.9755198955535889}]"
1863871529844404692,"[{'label': 'LABEL_0', 'score': 0.9999439716339111}]"
1863840200738140442,"[{'label': 'LABEL_1', 'score': 0.9994027614593506}]"
1863820433679691944,"[{'label': 'LABEL_0', 'score': 0.9997690320014954}]"
1863811822719041684,"[{'label': 'LABEL_1', 'score': 0.9997426867485046}]"
1863792059053744623,"[{'label': 'LABEL_1', 'score': 0.9557189345359802}]"
1863780978839232626,"[{'label': 'LABEL_0', 'score': 0.9996862411499023}]"
1863779820515065944,"[{'label': 'LABEL_0', 'score': 0.9998227953910828}]"
1863779619142357439,"[{'label': 'LABEL_0', 'score': 0.9974707365036011}]"
1863774139556729070,"[{'label': 'LABEL_1', 'score': 0.9993650317192078}]"
1863765043189252344,"[{'label': 'LABEL_0', 'score': 0.9995730519294739}]"
1863758290569552103,"[{'label': 'LABEL_0', 'score': 0.9999276399612427}]"
1863734458844610662,"[{'label': 'LABEL_0', 'score': 0.9997588992118835}]"
1863728603231351234,"[{'label': 'LABEL_0', 'score': 0.9998881816864014}]"
1863728044604621146,"[{'label': 'LABEL_0', 'score': 0.999692440032959}]"
1863695729748750340,"[{'label': 'LABEL_1', 'score': 0.999617338180542}]"
1863691226681102710,"[{'label': 'LABEL_0', 'score': 0.9998252987861633}]"
1863689711321039234,"[{'label': 'LABEL_0', 'score': 0.9993707537651062}]"
1863676667773755589,"[{'label': 'LABEL_1', 'score': 0.9992076754570007}]"
1866200075149430929,"[{'label': 'LABEL_1', 'score': 0.9993212223052979}]"
1866184426067009672,"[{'label': 'LABEL_0', 'score': 0.9997844099998474}]"
1866174772670828810,"[{'label': 'LABEL_0', 'score': 0.9998915195465088}]"
1866165251068084483,"[{'label': 'LABEL_1', 'score': 0.9903435707092285}]"
1866154792386502788,"[{'label': 'LABEL_0', 'score': 0.8019422888755798}]"
1866140207478698352,"[{'label': 'LABEL_0', 'score': 0.999670147895813}]"
1866134040119787571,"[{'label': 'LABEL_0', 'score': 0.999138355255127}]"
1866121638535741473,"[{'label': 'LABEL_1', 'score': 0.9989176988601685}]"
1866115976762216573,"[{'label': 'LABEL_0', 'score': 0.9998801946640015}]"
1866099313073328480,"[{'label': 'LABEL_1', 'score': 0.9989215135574341}]"
1866083258246779017,"[{'label': 'LABEL_1', 'score': 0.9997746348381042}]"
1866017170616119622,"[{'label': 'LABEL_1', 'score': 0.9773530960083008}]"
1865970572229820651,"[{'label': 'LABEL_1', 'score': 0.999457061290741}]"
1865966993905516970,"[{'label': 'LABEL_1', 'score': 0.9997037053108215}]"
1865965019902673157,"[{'label': 'LABEL_0', 'score': 0.9994673132896423}]"
1865927930301305323,"[{'label': 'LABEL_0', 'score': 0.9997962117195129}]"
1865888510311551459,"[{'label': 'LABEL_0', 'score': 0.9998533725738525}]"
1865884286772986181,"[{'label': 'LABEL_0', 'score': 0.999678373336792}]"
1865825535148048472,"[{'label': 'LABEL_1', 'score': 0.9998252987861633}]"
1865823395742392708,"[{'label': 'LABEL_0', 'score': 0.9994297623634338}]"
1865804072504234250,"[{'label': 'LABEL_1', 'score': 0.9989691972732544}]"
1865800501058519425,"[{'label': 'LABEL_1', 'score': 0.9996590614318848}]"
1865795671887909110,"[{'label': 'LABEL_0', 'score': 0.9997236132621765}]"
1865775375172751748,"[{'label': 'LABEL_0', 'score': 0.9317883253097534}]"
1865761765700903341,"[{'label': 'LABEL_1', 'score': 0.9998002648353577}]"
1865684807516344741,"[{'label': 'LABEL_0', 'score': 0.9996790885925293}]"
1865658398433501468,"[{'label': 'LABEL_1', 'score': 0.9997337460517883}]"
1865644949401678216,"[{'label': 'LABEL_0', 'score': 0.9995914101600647}]"
1865607006364537243,"[{'label': 'LABEL_0', 'score': 0.9999082088470459}]"
1865585608590061761,"[{'label': 'LABEL_0', 'score': 0.999842643737793}]"
1865578121019142397,"[{'label': 'LABEL_0', 'score': 0.9986555576324463}]"
1865562306500825263,"[{'label': 'LABEL_0', 'score': 0.9993413090705872}]"
1865544562690662831,"[{'label': 'LABEL_1', 'score': 0.9986439347267151}]"
1865468097013977221,"[{'label': 'LABEL_1', 'score': 0.9995974898338318}]"
1865450851529007197,"[{'label': 'LABEL_1', 'score': 0.9394893050193787}]"
1865448454983442799,"[{'label': 'LABEL_1', 'score': 0.9995492100715637}]"
1865408659922002115,"[{'label': 'LABEL_0', 'score': 0.9999191761016846}]"
1865396544133865932,"[{'label': 'LABEL_0', 'score': 0.9999005794525146}]"
1865383708125016105,"[{'label': 'LABEL_0', 'score': 0.9998950958251953}]"
1865362176023601629,"[{'label': 'LABEL_0', 'score': 0.9999094009399414}]"
1865352212597092670,"[{'label': 'LABEL_0', 'score': 0.9999054670333862}]"
1865274325227434044,"[{'label': 'LABEL_0', 'score': 0.9999372959136963}]"
1865247824259993986,"[{'label': 'LABEL_0', 'score': 0.9997181296348572}]"
1865236312854335762,"[{'label': 'LABEL_0', 'score': 0.9998842477798462}]"
1865198243627368711,"[{'label': 'LABEL_0', 'score': 0.9808748960494995}]"
1865222643504316574,"[{'label': 'LABEL_0', 'score': 0.9994097948074341}]"
1865217129265434894,"[{'label': 'LABEL_0', 'score': 0.9999239444732666}]"
1865198151658819838,"[{'label': 'LABEL_0', 'score': 0.9997746348381042}]"
1865169403530109363,"[{'label': 'LABEL_1', 'score': 0.996980607509613}]"
1865157077364093217,"[{'label': 'LABEL_0', 'score': 0.9998689889907837}]"
1865143086273159264,"[{'label': 'LABEL_1', 'score': 0.9991176724433899}]"
1865140335933817202,"[{'label': 'LABEL_0', 'score': 0.999839186668396}]"
1865128545229385775,"[{'label': 'LABEL_0', 'score': 0.9980921149253845}]"
1865114824683688385,"[{'label': 'LABEL_0', 'score': 0.9877228736877441}]"
1865114702516191521,"[{'label': 'LABEL_0', 'score': 0.9996449947357178}]"
1865106088628015346,"[{'label': 'LABEL_0', 'score': 0.9989787340164185}]"
1864493944077267260,"[{'label': 'LABEL_0', 'score': 0.9998807907104492}]"
1865104587574706639,"[{'label': 'LABEL_0', 'score': 0.9993730187416077}]"
1865099820181889398,"[{'label': 'LABEL_0', 'score': 0.9998747110366821}]"
1865092121000063280,"[{'label': 'LABEL_0', 'score': 0.999913215637207}]"
1865080160631877949,"[{'label': 'LABEL_1', 'score': 0.9994683861732483}]"
1865079912677199976,"[{'label': 'LABEL_0', 'score': 0.9998548030853271}]"
1865065337990926521,"[{'label': 'LABEL_0', 'score': 0.9998182654380798}]"
1865063131786936698,"[{'label': 'LABEL_0', 'score': 0.9990580677986145}]"
1865048002995409406,"[{'label': 'LABEL_0', 'score': 0.9996091723442078}]"
1865042500466950628,"[{'label': 'LABEL_0', 'score': 0.9999103546142578}]"
1865042139710734374,"[{'label': 'LABEL_0', 'score': 0.9831136465072632}]"
1865026461918183638,"[{'label': 'LABEL_0', 'score': 0.9056181907653809}]"
1865024913276330242,"[{'label': 'LABEL_0', 'score': 0.9997932314872742}]"
1865023879338467603,"[{'label': 'LABEL_1', 'score': 0.9687300324440002}]"
1865020679445188850,"[{'label': 'LABEL_1', 'score': 0.9995226860046387}]"
1865020200527011891,"[{'label': 'LABEL_0', 'score': 0.9992105960845947}]"
1865019043154935891,"[{'label': 'LABEL_0', 'score': 0.9998781681060791}]"
1865018678619545990,"[{'label': 'LABEL_1', 'score': 0.9998613595962524}]"
1865017917634449918,"[{'label': 'LABEL_0', 'score': 0.9982883334159851}]"
1865014451549749650,"[{'label': 'LABEL_0', 'score': 0.9992214441299438}]"
1865012278887596246,"[{'label': 'LABEL_1', 'score': 0.9997707009315491}]"
1865010023501320394,"[{'label': 'LABEL_0', 'score': 0.9616050720214844}]"
1864995348982178056,"[{'label': 'LABEL_0', 'score': 0.9998781681060791}]"
1864993591002529828,"[{'label': 'LABEL_0', 'score': 0.9997636675834656}]"
1864983829598896316,"[{'label': 'LABEL_0', 'score': 0.9998725652694702}]"
1864955228228899154,"[{'label': 'LABEL_1', 'score': 0.999506950378418}]"
1864918337156751786,"[{'label': 'LABEL_1', 'score': 0.9997370839118958}]"
1864891513357950977,"[{'label': 'LABEL_0', 'score': 0.9998171925544739}]"
1864862072938414589,"[{'label': 'LABEL_0', 'score': 0.999731719493866}]"
1864861117106839803,"[{'label': 'LABEL_0', 'score': 0.9997518658638}]"
1864858122315055465,"[{'label': 'LABEL_1', 'score': 0.9997251629829407}]"
1864852993725640741,"[{'label': 'LABEL_0', 'score': 0.9998010993003845}]"
1864846211959726096,"[{'label': 'LABEL_0', 'score': 0.9999030828475952}]"
1864832803642237110,"[{'label': 'LABEL_0', 'score': 0.9998928308486938}]"
1864815627174576145,"[{'label': 'LABEL_0', 'score': 0.9999102354049683}]"
1864809976411127897,"[{'label': 'LABEL_0', 'score': 0.9998534917831421}]"
1864803692051857566,"[{'label': 'LABEL_1', 'score': 0.9994474053382874}]"
1864802343272780148,"[{'label': 'LABEL_0', 'score': 0.9998891353607178}]"
1864781858971505021,"[{'label': 'LABEL_0', 'score': 0.9990704655647278}]"
1864764951337787807,"[{'label': 'LABEL_0', 'score': 0.9997450709342957}]"
1864748591434064251,"[{'label': 'LABEL_0', 'score': 0.9999271631240845}]"
1864748165062090921,"[{'label': 'LABEL_0', 'score': 0.9998792409896851}]"
1864745796043706612,"[{'label': 'LABEL_0', 'score': 0.9998581409454346}]"
1864740211462148272,"[{'label': 'LABEL_1', 'score': 0.9991437196731567}]"
1864735185356370254,"[{'label': 'LABEL_0', 'score': 0.9999103546142578}]"
1864727437570941301,"[{'label': 'LABEL_0', 'score': 0.9985276460647583}]"
1864722555501682828,"[{'label': 'LABEL_0', 'score': 0.9998229146003723}]"
1864707745904984453,"[{'label': 'LABEL_1', 'score': 0.999734103679657}]"
1864705818156728808,"[{'label': 'LABEL_0', 'score': 0.9999347925186157}]"
1864697823809147040,"[{'label': 'LABEL_0', 'score': 0.9999183416366577}]"
1864678061574066300,"[{'label': 'LABEL_0', 'score': 0.9997871518135071}]"
1864670936064004349,"[{'label': 'LABEL_1', 'score': 0.9969634413719177}]"
1864606490616529146,"[{'label': 'LABEL_1', 'score': 0.9993971586227417}]"
1864525041548804516,"[{'label': 'LABEL_0', 'score': 0.9998633861541748}]"
1864508017732993535,"[{'label': 'LABEL_0', 'score': 0.9991759657859802}]"
1864499155772612812,"[{'label': 'LABEL_0', 'score': 0.9999126195907593}]"
1864491545275113799,"[{'label': 'LABEL_0', 'score': 0.99991774559021}]"
1864487989335716318,"[{'label': 'LABEL_1', 'score': 0.99930739402771}]"
1864486136803938549,"[{'label': 'LABEL_1', 'score': 0.9969972372055054}]"
1864476389098807672,"[{'label': 'LABEL_0', 'score': 0.9995255470275879}]"
1864475653250121743,"[{'label': 'LABEL_1', 'score': 0.7449793815612793}]"
1864466733689442746,"[{'label': 'LABEL_0', 'score': 0.9998527765274048}]"
1864465851946054066,"[{'label': 'LABEL_0', 'score': 0.9992021918296814}]"
1864454754631344421,"[{'label': 'LABEL_0', 'score': 0.9970821738243103}]"
1864433012039143448,"[{'label': 'LABEL_0', 'score': 0.9998636245727539}]"
1864432609943584847,"[{'label': 'LABEL_0', 'score': 0.9997699856758118}]"
1864396430997172268,"[{'label': 'LABEL_0', 'score': 0.9995859265327454}]"
1864394233769041987,"[{'label': 'LABEL_0', 'score': 0.9998069405555725}]"
1864387389939994725,"[{'label': 'LABEL_0', 'score': 0.9918896555900574}]"
1864386614387990893,"[{'label': 'LABEL_1', 'score': 0.9994099140167236}]"
1868711257291043124,"[{'label': 'LABEL_0', 'score': 0.9999228715896606}]"
1868711250525626744,"[{'label': 'LABEL_0', 'score': 0.9998835325241089}]"
1868708637478379729,"[{'label': 'LABEL_1', 'score': 0.9995607733726501}]"
1868704691422740646,"[{'label': 'LABEL_0', 'score': 0.999924898147583}]"
1868703820848812036,"[{'label': 'LABEL_0', 'score': 0.9995970129966736}]"
1868700387303465256,"[{'label': 'LABEL_0', 'score': 0.9994389414787292}]"
1868700297041936883,"[{'label': 'LABEL_0', 'score': 0.9996230602264404}]"
1868680654864712164,"[{'label': 'LABEL_0', 'score': 0.8382260799407959}]"
1868646790381355132,"[{'label': 'LABEL_0', 'score': 0.9997480511665344}]"
1868622500810379715,"[{'label': 'LABEL_1', 'score': 0.9998750686645508}]"
1868618507212210261,"[{'label': 'LABEL_0', 'score': 0.9998881816864014}]"
1868608757028319737,"[{'label': 'LABEL_0', 'score': 0.9999123811721802}]"
1868566011269779525,"[{'label': 'LABEL_1', 'score': 0.9995280504226685}]"
1868510405628133704,"[{'label': 'LABEL_0', 'score': 0.9998633861541748}]"
1868478686984540196,"[{'label': 'LABEL_0', 'score': 0.9977107048034668}]"
1868462302434886059,"[{'label': 'LABEL_0', 'score': 0.9998452663421631}]"
1868449864209834206,"[{'label': 'LABEL_0', 'score': 0.9998559951782227}]"
1868438119780938035,"[{'label': 'LABEL_0', 'score': 0.9998805522918701}]"
1868421715069390980,"[{'label': 'LABEL_0', 'score': 0.9996821880340576}]"
1868413372296999389,"[{'label': 'LABEL_0', 'score': 0.9997439980506897}]"
1868412935061585926,"[{'label': 'LABEL_1', 'score': 0.9993610978126526}]"
1868402665186898332,"[{'label': 'LABEL_0', 'score': 0.9994457364082336}]"
1868400512980410618,"[{'label': 'LABEL_1', 'score': 0.9996886253356934}]"
1868378672128053607,"[{'label': 'LABEL_0', 'score': 0.9999222755432129}]"
1868371698615246977,"[{'label': 'LABEL_0', 'score': 0.999790370464325}]"
1868364645230412138,"[{'label': 'LABEL_0', 'score': 0.9994680285453796}]"
1868351762975047830,"[{'label': 'LABEL_0', 'score': 0.9999408721923828}]"
1868331716282319148,"[{'label': 'LABEL_1', 'score': 0.9996029734611511}]"
1868324518738919710,"[{'label': 'LABEL_0', 'score': 0.9995526671409607}]"
1868319957647286289,"[{'label': 'LABEL_0', 'score': 0.9996285438537598}]"
1868314730420740293,"[{'label': 'LABEL_0', 'score': 0.9998922348022461}]"
1868313811809083834,"[{'label': 'LABEL_0', 'score': 0.9566401243209839}]"
1868304243586965665,"[{'label': 'LABEL_1', 'score': 0.9998286962509155}]"
1868296123242217885,"[{'label': 'LABEL_0', 'score': 0.9998595714569092}]"
1868293099186999334,"[{'label': 'LABEL_0', 'score': 0.9998747110366821}]"
1868286329068630452,"[{'label': 'LABEL_0', 'score': 0.9997937083244324}]"
1868279710700155294,"[{'label': 'LABEL_0', 'score': 0.9998981952667236}]"
1868256583802822704,"[{'label': 'LABEL_0', 'score': 0.9998821020126343}]"
1868146921577308193,"[{'label': 'LABEL_1', 'score': 0.998448371887207}]"
1868122085937356809,"[{'label': 'LABEL_0', 'score': 0.9998207688331604}]"
1868111472980787225,"[{'label': 'LABEL_0', 'score': 0.9982466697692871}]"
1868096101959827556,"[{'label': 'LABEL_0', 'score': 0.9998605251312256}]"
1868094690266157137,"[{'label': 'LABEL_0', 'score': 0.9964680671691895}]"
1868088050846203929,"[{'label': 'LABEL_1', 'score': 0.9992251396179199}]"
1868087016572834266,"[{'label': 'LABEL_1', 'score': 0.999612033367157}]"
1868081328216027378,"[{'label': 'LABEL_1', 'score': 0.9995841383934021}]"
1868081091640471862,"[{'label': 'LABEL_1', 'score': 0.9992690682411194}]"
1868079744702632284,"[{'label': 'LABEL_1', 'score': 0.9990063309669495}]"
1868069101748564078,"[{'label': 'LABEL_0', 'score': 0.9999375343322754}]"
1868063327517368575,"[{'label': 'LABEL_0', 'score': 0.9994305968284607}]"
1868060681028661753,"[{'label': 'LABEL_0', 'score': 0.9998586177825928}]"
1868038665194405963,"[{'label': 'LABEL_0', 'score': 0.9996757507324219}]"
1868010784888086809,"[{'label': 'LABEL_1', 'score': 0.8429848551750183}]"
1868003991734657244,"[{'label': 'LABEL_0', 'score': 0.9998941421508789}]"
1868001854124441603,"[{'label': 'LABEL_0', 'score': 0.9998883008956909}]"
1867995019006918782,"[{'label': 'LABEL_0', 'score': 0.9994458556175232}]"
1867992585886994852,"[{'label': 'LABEL_1', 'score': 0.9991181492805481}]"
1867834821168513421,"[{'label': 'LABEL_1', 'score': 0.999523401260376}]"
1867805375271252224,"[{'label': 'LABEL_1', 'score': 0.9988362193107605}]"
1867797941018407413,"[{'label': 'LABEL_0', 'score': 0.9998632669448853}]"
1867775043058745517,"[{'label': 'LABEL_0', 'score': 0.999460756778717}]"
1867769911063589134,"[{'label': 'LABEL_0', 'score': 0.9998527765274048}]"
1867766711740772652,"[{'label': 'LABEL_0', 'score': 0.9975597858428955}]"
1867749868678394026,"[{'label': 'LABEL_0', 'score': 0.9997918009757996}]"
1867748464861339845,"[{'label': 'LABEL_0', 'score': 0.9999195337295532}]"
1867706928933036041,"[{'label': 'LABEL_1', 'score': 0.8880020380020142}]"
1867704346768814434,"[{'label': 'LABEL_1', 'score': 0.994333028793335}]"
1867664415916499013,"[{'label': 'LABEL_0', 'score': 0.9992586970329285}]"
1867657000555044903,"[{'label': 'LABEL_0', 'score': 0.9988802075386047}]"
1867642833873797379,"[{'label': 'LABEL_0', 'score': 0.999891996383667}]"
1867640578948976986,"[{'label': 'LABEL_0', 'score': 0.9997952580451965}]"
1867640352770814246,"[{'label': 'LABEL_0', 'score': 0.999861478805542}]"
1867637611105595782,"[{'label': 'LABEL_1', 'score': 0.9993118047714233}]"
1867631840980598833,"[{'label': 'LABEL_1', 'score': 0.989327073097229}]"
1867625971982991806,"[{'label': 'LABEL_0', 'score': 0.99661785364151}]"
1867625708895220016,"[{'label': 'LABEL_0', 'score': 0.9998376369476318}]"
1867624466131333363,"[{'label': 'LABEL_0', 'score': 0.947899341583252}]"
1867618811723006055,"[{'label': 'LABEL_0', 'score': 0.999592125415802}]"
1867614294122066182,"[{'label': 'LABEL_0', 'score': 0.9999295473098755}]"
1867612336845942809,"[{'label': 'LABEL_0', 'score': 0.9998050332069397}]"
1867602744124600387,"[{'label': 'LABEL_0', 'score': 0.9955741167068481}]"
1867595173506515342,"[{'label': 'LABEL_0', 'score': 0.9998457431793213}]"
1867589681681977525,"[{'label': 'LABEL_0', 'score': 0.9998169541358948}]"
1867589486366142589,"[{'label': 'LABEL_0', 'score': 0.9994882345199585}]"
1867582251220807835,"[{'label': 'LABEL_0', 'score': 0.9978199005126953}]"
1867561796997198274,"[{'label': 'LABEL_0', 'score': 0.9998283386230469}]"
1867555638878109721,"[{'label': 'LABEL_1', 'score': 0.9795418977737427}]"
1867551579022254482,"[{'label': 'LABEL_0', 'score': 0.9998007416725159}]"
1867539259626078470,"[{'label': 'LABEL_0', 'score': 0.9999070167541504}]"
1867538849502515466,"[{'label': 'LABEL_0', 'score': 0.9996453523635864}]"
1867534850452075035,"[{'label': 'LABEL_0', 'score': 0.9997462630271912}]"
1867533300149186731,"[{'label': 'LABEL_0', 'score': 0.9964050054550171}]"
1867511952454648289,"[{'label': 'LABEL_0', 'score': 0.9998482465744019}]"
1867499029397221872,"[{'label': 'LABEL_0', 'score': 0.9998730421066284}]"
1867416061366481136,"[{'label': 'LABEL_0', 'score': 0.9998074173927307}]"
1867403773787701577,"[{'label': 'LABEL_0', 'score': 0.9999278783798218}]"
1867401167787241977,"[{'label': 'LABEL_0', 'score': 0.9998904466629028}]"
1867400708380594611,"[{'label': 'LABEL_0', 'score': 0.999864935874939}]"
1867353726467408317,"[{'label': 'LABEL_0', 'score': 0.9997684359550476}]"
1867337846643900889,"[{'label': 'LABEL_0', 'score': 0.9998713731765747}]"
1867329178871218342,"[{'label': 'LABEL_0', 'score': 0.9988116025924683}]"
1867309881440809149,"[{'label': 'LABEL_0', 'score': 0.9996316432952881}]"
1867278113337749530,"[{'label': 'LABEL_0', 'score': 0.9998130202293396}]"
1867277615582916669,"[{'label': 'LABEL_0', 'score': 0.9998842477798462}]"
1867270523635323053,"[{'label': 'LABEL_0', 'score': 0.9997274279594421}]"
1867247744609386694,"[{'label': 'LABEL_0', 'score': 0.9998531341552734}]"
1867222876535112002,"[{'label': 'LABEL_0', 'score': 0.9998452663421631}]"
1867196912144634095,"[{'label': 'LABEL_0', 'score': 0.9991722106933594}]"
1867191644170395820,"[{'label': 'LABEL_0', 'score': 0.9998182654380798}]"
1867184831463072246,"[{'label': 'LABEL_1', 'score': 0.9998043179512024}]"
1867142870760644863,"[{'label': 'LABEL_1', 'score': 0.9997099041938782}]"
1867135763302760452,"[{'label': 'LABEL_0', 'score': 0.9999121427536011}]"
1867133156949970952,"[{'label': 'LABEL_0', 'score': 0.9985271692276001}]"
1867123749230944753,"[{'label': 'LABEL_1', 'score': 0.9986783862113953}]"
1867094010034102731,"[{'label': 'LABEL_1', 'score': 0.9830758571624756}]"
1867038347899834562,"[{'label': 'LABEL_1', 'score': 0.998659610748291}]"
1867006966649745802,"[{'label': 'LABEL_0', 'score': 0.9997637867927551}]"
1867004071049122051,"[{'label': 'LABEL_0', 'score': 0.9995625615119934}]"
1866967888302837879,"[{'label': 'LABEL_1', 'score': 0.9995866417884827}]"
1866959559958389187,"[{'label': 'LABEL_0', 'score': 0.9997263550758362}]"
1866958985972031553,"[{'label': 'LABEL_0', 'score': 0.9999068975448608}]"
1866952971898036346,"[{'label': 'LABEL_1', 'score': 0.9997370839118958}]"
1866923599434748358,"[{'label': 'LABEL_0', 'score': 0.9998677968978882}]"
1866915772586430794,"[{'label': 'LABEL_0', 'score': 0.9984349608421326}]"
1866914638602108947,"[{'label': 'LABEL_0', 'score': 0.9988759160041809}]"
1866897311458078765,"[{'label': 'LABEL_0', 'score': 0.9997926354408264}]"
1866892218360905956,"[{'label': 'LABEL_0', 'score': 0.9999501705169678}]"
1866888727827714387,"[{'label': 'LABEL_0', 'score': 0.9998854398727417}]"
1866844729050079408,"[{'label': 'LABEL_0', 'score': 0.9999294281005859}]"
1866828106298007824,"[{'label': 'LABEL_0', 'score': 0.9998084902763367}]"
1866826102150402218,"[{'label': 'LABEL_0', 'score': 0.999919056892395}]"
1866821290176520292,"[{'label': 'LABEL_0', 'score': 0.9999524354934692}]"
1866820347645006335,"[{'label': 'LABEL_0', 'score': 0.9999411106109619}]"
1866779904429212122,"[{'label': 'LABEL_0', 'score': 0.9995130300521851}]"
1866696141871714390,"[{'label': 'LABEL_1', 'score': 0.9930404424667358}]"
1866693792499167608,"[{'label': 'LABEL_1', 'score': 0.9994959831237793}]"
1866620400219693066,"[{'label': 'LABEL_0', 'score': 0.9977705478668213}]"
1866603318526541916,"[{'label': 'LABEL_0', 'score': 0.9998339414596558}]"
1866575056358326755,"[{'label': 'LABEL_0', 'score': 0.5167070627212524}]"
1866556692281901340,"[{'label': 'LABEL_1', 'score': 0.9995102882385254}]"
1866528551970935209,"[{'label': 'LABEL_0', 'score': 0.9996134638786316}]"
1866526103633899802,"[{'label': 'LABEL_0', 'score': 0.9998108744621277}]"
1866517441569824838,"[{'label': 'LABEL_0', 'score': 0.9998936653137207}]"
1866509458295124141,"[{'label': 'LABEL_0', 'score': 0.9997237324714661}]"
1866499665119658439,"[{'label': 'LABEL_0', 'score': 0.9988492727279663}]"
1866451494855147795,"[{'label': 'LABEL_0', 'score': 0.9999231100082397}]"
1866385013870338063,"[{'label': 'LABEL_0', 'score': 0.999772846698761}]"
1866331431250661589,"[{'label': 'LABEL_1', 'score': 0.999624490737915}]"
1866321596618518701,"[{'label': 'LABEL_0', 'score': 0.9999258518218994}]"
1866291575946363062,"[{'label': 'LABEL_1', 'score': 0.9997987151145935}]"
1866257868413923478,"[{'label': 'LABEL_0', 'score': 0.9997854828834534}]"
1866256785285292460,"[{'label': 'LABEL_0', 'score': 0.999161958694458}]"
1866246777600364824,"[{'label': 'LABEL_0', 'score': 0.9997312426567078}]"
1866245490557194497,"[{'label': 'LABEL_0', 'score': 0.9998067021369934}]"
1866238735425102182,"[{'label': 'LABEL_0', 'score': 0.999734103679657}]"
1866238614188728745,"[{'label': 'LABEL_0', 'score': 0.9999133348464966}]"
1870045511706620107,"[{'label': 'LABEL_0', 'score': 0.9990870952606201}]"
1870035244843254113,"[{'label': 'LABEL_0', 'score': 0.9996134638786316}]"
1869986778297368931,"[{'label': 'LABEL_0', 'score': 0.9999444484710693}]"
1869936828247105677,"[{'label': 'LABEL_0', 'score': 0.9967806339263916}]"
1869926153374576759,"[{'label': 'LABEL_0', 'score': 0.9496784210205078}]"
1869925746443202676,"[{'label': 'LABEL_0', 'score': 0.9998395442962646}]"
1869914182046585208,"[{'label': 'LABEL_1', 'score': 0.9996639490127563}]"
1869911405337399299,"[{'label': 'LABEL_0', 'score': 0.999901294708252}]"
1869901923572215827,"[{'label': 'LABEL_0', 'score': 0.9998990297317505}]"
1869895269212402045,"[{'label': 'LABEL_0', 'score': 0.9998950958251953}]"
1869895210177835242,"[{'label': 'LABEL_1', 'score': 0.9991874098777771}]"
1869892367244820598,"[{'label': 'LABEL_0', 'score': 0.9997819066047668}]"
1869839238679933228,"[{'label': 'LABEL_0', 'score': 0.9960099458694458}]"
1869830987926122676,"[{'label': 'LABEL_0', 'score': 0.9998212456703186}]"
1869820228399706463,"[{'label': 'LABEL_0', 'score': 0.999358594417572}]"
1869804401164202213,"[{'label': 'LABEL_0', 'score': 0.9998934268951416}]"
1869748786136031740,"[{'label': 'LABEL_0', 'score': 0.8531798720359802}]"
1869735181319586303,"[{'label': 'LABEL_0', 'score': 0.9991455078125}]"
1869734502312108400,"[{'label': 'LABEL_0', 'score': 0.998903751373291}]"
1869718352077500656,"[{'label': 'LABEL_0', 'score': 0.9987009763717651}]"
1869711968069943676,"[{'label': 'LABEL_0', 'score': 0.999906063079834}]"
1869602972029882450,"[{'label': 'LABEL_0', 'score': 0.9993323683738708}]"
1869601374851522843,"[{'label': 'LABEL_0', 'score': 0.9998457431793213}]"
1869578976622194757,"[{'label': 'LABEL_0', 'score': 0.9997230172157288}]"
1869564334281769346,"[{'label': 'LABEL_1', 'score': 0.9929730892181396}]"
1869552771952984389,"[{'label': 'LABEL_0', 'score': 0.9998779296875}]"
1869551955309465885,"[{'label': 'LABEL_0', 'score': 0.9995521903038025}]"
1869544070554714129,"[{'label': 'LABEL_1', 'score': 0.9220578074455261}]"
1869539820600713223,"[{'label': 'LABEL_0', 'score': 0.6286680102348328}]"
1869539396762132767,"[{'label': 'LABEL_0', 'score': 0.9995185136795044}]"
1869539393645560298,"[{'label': 'LABEL_0', 'score': 0.9998968839645386}]"
1869534827831267710,"[{'label': 'LABEL_0', 'score': 0.9999234676361084}]"
1869534677469725089,"[{'label': 'LABEL_0', 'score': 0.9998795986175537}]"
1869529775632699688,"[{'label': 'LABEL_0', 'score': 0.999840497970581}]"
1869518686954119413,"[{'label': 'LABEL_1', 'score': 0.9999195337295532}]"
1869499747637375448,"[{'label': 'LABEL_0', 'score': 0.910193681716919}]"
1869499603911090418,"[{'label': 'LABEL_0', 'score': 0.9998350143432617}]"
1869492587364794511,"[{'label': 'LABEL_1', 'score': 0.8450325131416321}]"
1869485866084962639,"[{'label': 'LABEL_1', 'score': 0.9990842342376709}]"
1869478263380447343,"[{'label': 'LABEL_0', 'score': 0.9565290808677673}]"
1869447502996570284,"[{'label': 'LABEL_0', 'score': 0.9995742440223694}]"
1869437734483612053,"[{'label': 'LABEL_0', 'score': 0.9998176693916321}]"
1869435444951474669,"[{'label': 'LABEL_0', 'score': 0.9998681545257568}]"
1869435040440193081,"[{'label': 'LABEL_0', 'score': 0.9999042749404907}]"
1869432594670202989,"[{'label': 'LABEL_0', 'score': 0.9997921586036682}]"
1869431697156255768,"[{'label': 'LABEL_0', 'score': 0.9999074935913086}]"
1869409485745496459,"[{'label': 'LABEL_0', 'score': 0.9998714923858643}]"
1869374649546756598,"[{'label': 'LABEL_1', 'score': 0.9793877601623535}]"
1869371373409427598,"[{'label': 'LABEL_1', 'score': 0.9995478987693787}]"
1869349858974593409,"[{'label': 'LABEL_1', 'score': 0.9998262524604797}]"
1869348697433309359,"[{'label': 'LABEL_0', 'score': 0.99982750415802}]"
1868980208537067701,"[{'label': 'LABEL_0', 'score': 0.9992920160293579}]"
1869339516504543473,"[{'label': 'LABEL_0', 'score': 0.9998893737792969}]"
1869328461850108166,"[{'label': 'LABEL_0', 'score': 0.9996110796928406}]"
1869287196387373234,"[{'label': 'LABEL_0', 'score': 0.9996069073677063}]"
1868791182886866960,"[{'label': 'LABEL_0', 'score': 0.9998632669448853}]"
1869228416660382154,"[{'label': 'LABEL_1', 'score': 0.995459258556366}]"
1869223097209065622,"[{'label': 'LABEL_0', 'score': 0.9998291730880737}]"
1869212544604541374,"[{'label': 'LABEL_0', 'score': 0.9998774528503418}]"
1869205199988170826,"[{'label': 'LABEL_0', 'score': 0.9752258658409119}]"
1869200605270646973,"[{'label': 'LABEL_0', 'score': 0.9976006150245667}]"
1869199735409795399,"[{'label': 'LABEL_0', 'score': 0.9972348809242249}]"
1869192712207180050,"[{'label': 'LABEL_0', 'score': 0.9949594736099243}]"
1869186607217308014,"[{'label': 'LABEL_0', 'score': 0.9998031258583069}]"
1869185778850648554,"[{'label': 'LABEL_0', 'score': 0.9998999834060669}]"
1869179430255665353,"[{'label': 'LABEL_0', 'score': 0.9998884201049805}]"
1868552888739676172,"[{'label': 'LABEL_0', 'score': 0.999897837638855}]"
1869175731387047966,"[{'label': 'LABEL_0', 'score': 0.9994263648986816}]"
1869168654858011108,"[{'label': 'LABEL_1', 'score': 0.9995204210281372}]"
1869164719258710078,"[{'label': 'LABEL_0', 'score': 0.972973644733429}]"
1869160782627590296,"[{'label': 'LABEL_0', 'score': 0.998058021068573}]"
1869159098304106753,"[{'label': 'LABEL_0', 'score': 0.9998629093170166}]"
1869157803597918621,"[{'label': 'LABEL_0', 'score': 0.9772124886512756}]"
1869155532130660648,"[{'label': 'LABEL_0', 'score': 0.9998857975006104}]"
1869151239235395934,"[{'label': 'LABEL_0', 'score': 0.9998906850814819}]"
1869150740952055915,"[{'label': 'LABEL_0', 'score': 0.9991588592529297}]"
1869148580260495550,"[{'label': 'LABEL_1', 'score': 0.9991446733474731}]"
1869145943230308791,"[{'label': 'LABEL_1', 'score': 0.531506359577179}]"
1869139957497094458,"[{'label': 'LABEL_0', 'score': 0.9998794794082642}]"
1869137575379914773,"[{'label': 'LABEL_0', 'score': 0.9997485280036926}]"
1869136313116766634,"[{'label': 'LABEL_0', 'score': 0.9999027252197266}]"
1869131546470515076,"[{'label': 'LABEL_0', 'score': 0.9999196529388428}]"
1869129210415268056,"[{'label': 'LABEL_0', 'score': 0.9997137188911438}]"
1869127853847298522,"[{'label': 'LABEL_1', 'score': 0.9990574717521667}]"
1869122812755218520,"[{'label': 'LABEL_0', 'score': 0.9998927116394043}]"
1869110825824452653,"[{'label': 'LABEL_0', 'score': 0.9998950958251953}]"
1868451128972554648,"[{'label': 'LABEL_0', 'score': 0.7923959493637085}]"
1869103581804257627,"[{'label': 'LABEL_0', 'score': 0.9997884631156921}]"
1869102444502045025,"[{'label': 'LABEL_1', 'score': 0.9951211810112}]"
1869101660112613536,"[{'label': 'LABEL_1', 'score': 0.9993889331817627}]"
1869098008673165455,"[{'label': 'LABEL_0', 'score': 0.9995846152305603}]"
1869090640476401862,"[{'label': 'LABEL_1', 'score': 0.999516487121582}]"
1869088285664178509,"[{'label': 'LABEL_0', 'score': 0.9999226331710815}]"
1869082640273617159,"[{'label': 'LABEL_1', 'score': 0.9998760223388672}]"
1869081192819273823,"[{'label': 'LABEL_0', 'score': 0.9990111589431763}]"
1869080714916053452,"[{'label': 'LABEL_1', 'score': 0.9775826334953308}]"
1869070734313791820,"[{'label': 'LABEL_0', 'score': 0.9997484087944031}]"
1869067353067286537,"[{'label': 'LABEL_0', 'score': 0.999701201915741}]"
1869063325176451485,"[{'label': 'LABEL_0', 'score': 0.9997828602790833}]"
1869056027435597935,"[{'label': 'LABEL_0', 'score': 0.9996176958084106}]"
1869053905046528129,"[{'label': 'LABEL_1', 'score': 0.5731595158576965}]"
1869053653858038153,"[{'label': 'LABEL_1', 'score': 0.9983205199241638}]"
1869050719124566352,"[{'label': 'LABEL_0', 'score': 0.9999152421951294}]"
1869050229653430607,"[{'label': 'LABEL_0', 'score': 0.9998681545257568}]"
1869043737441325389,"[{'label': 'LABEL_1', 'score': 0.9998772144317627}]"
1869026388784959967,"[{'label': 'LABEL_0', 'score': 0.9994696974754333}]"
1869025785644023913,"[{'label': 'LABEL_1', 'score': 0.9983047246932983}]"
1869012850867634453,"[{'label': 'LABEL_0', 'score': 0.9998540878295898}]"
1869006879206392113,"[{'label': 'LABEL_0', 'score': 0.9998301267623901}]"
1868979712829407589,"[{'label': 'LABEL_0', 'score': 0.999082088470459}]"
1868979074343006678,"[{'label': 'LABEL_0', 'score': 0.9666804075241089}]"
1868972704566849916,"[{'label': 'LABEL_0', 'score': 0.9994311928749084}]"
1868942507935252859,"[{'label': 'LABEL_1', 'score': 0.999245285987854}]"
1868917645606871544,"[{'label': 'LABEL_0', 'score': 0.9999305009841919}]"
1868888796378677618,"[{'label': 'LABEL_1', 'score': 0.8761041760444641}]"
1868877925845742033,"[{'label': 'LABEL_0', 'score': 0.9999412298202515}]"
1868873764207051034,"[{'label': 'LABEL_0', 'score': 0.999860405921936}]"
1868855774979801235,"[{'label': 'LABEL_0', 'score': 0.9998002648353577}]"
1868853222599016642,"[{'label': 'LABEL_0', 'score': 0.9997662901878357}]"
1868847158482616453,"[{'label': 'LABEL_0', 'score': 0.9997939467430115}]"
1868841623641293209,"[{'label': 'LABEL_0', 'score': 0.9999158382415771}]"
1868835795706290376,"[{'label': 'LABEL_0', 'score': 0.9997629523277283}]"
1868810130529321204,"[{'label': 'LABEL_0', 'score': 0.9998761415481567}]"
1868809765222334881,"[{'label': 'LABEL_0', 'score': 0.9992990493774414}]"
1868806718173724808,"[{'label': 'LABEL_0', 'score': 0.9998725652694702}]"
1868803590263034299,"[{'label': 'LABEL_0', 'score': 0.9997441172599792}]"
1868803455470780825,"[{'label': 'LABEL_0', 'score': 0.9997147917747498}]"
1868803004109066726,"[{'label': 'LABEL_0', 'score': 0.9993510842323303}]"
1868799957924561285,"[{'label': 'LABEL_0', 'score': 0.999873161315918}]"
1868786557341278217,"[{'label': 'LABEL_1', 'score': 0.9996272325515747}]"
1868783993761706066,"[{'label': 'LABEL_0', 'score': 0.9998441934585571}]"
1868779029652029489,"[{'label': 'LABEL_1', 'score': 0.9996802806854248}]"
1868767329288630592,"[{'label': 'LABEL_0', 'score': 0.9997166991233826}]"
1868765327229960212,"[{'label': 'LABEL_0', 'score': 0.9998984336853027}]"
1868761699991667200,"[{'label': 'LABEL_0', 'score': 0.9976375102996826}]"
1868747084482200016,"[{'label': 'LABEL_0', 'score': 0.9998499155044556}]"
1868741959432782335,"[{'label': 'LABEL_0', 'score': 0.9998424053192139}]"
