,id_str,hs_spanlp
0,1747300752475730129,True
1,1747297783743197385,True
2,1747292672232931781,False
3,1747046404873175457,True
4,1747291200812400862,False
5,1747290395032142059,False
6,1747290326476226858,False
7,1747287065300017356,True
8,1747286327123423546,False
9,1747284157691035981,True
10,1747270229523370181,True
11,1747269528143454681,False
12,1747254626791903317,False
13,1747252762742780074,True
14,1747242402375463158,False
15,1747240691053232383,False
16,1747153247696015782,False
17,1747114851883716742,False
18,1747113274146001066,True
19,1747109221697540208,False
20,1747104883994423494,False
21,1747100121844641863,False
22,1747094621241458876,True
23,1746921934678331409,True
24,1747077459973927359,True
25,1747076543719805276,True
26,1747062638809419989,False
27,1747049101978456106,False
28,1747044699473314265,False
29,1747042202428076039,False
30,1747037481529229671,False
31,1747037338440499598,False
32,1747023336733876377,True
33,1746855321421623411,False
34,1747020399773167652,False
35,1747011548927688829,False
36,1747007584253407529,False
37,1746972204049269056,True
38,1746970836676886906,True
39,1746968984463819039,True
40,1746961147008303305,False
41,1746960317668561009,True
42,1746945769007919473,False
43,1746944918054973613,False
44,1746943177108459994,True
45,1746940942962045048,True
46,1746931885463220731,False
47,1746929704886513986,False
48,1746925432790794574,False
49,1746894348367581588,True
50,1746894345364447603,False
51,1746891854463770786,False
52,1746887596708438072,False
53,1746848950160707666,True
54,1746800892752306391,True
55,1746763855638761746,False
56,1746736922452451715,True
57,1746730759300284697,True
58,1746721224825176352,True
59,1746715238177689916,False
60,1746712909483282944,False
61,1746711825834479896,False
62,1746711597827920369,True
63,1746698270766674195,True
64,1746696767133913466,False
65,1746689759269843203,False
66,1746686645208813962,False
67,1746683558456971451,True
68,1746676564274581995,False
69,1746674809394680079,True
70,1746669916139192329,False
71,1746667776591171948,False
72,1746663159409086506,False
73,1746661107551363299,False
74,1746660960947916826,False
75,1746657412818350302,False
76,1746650267590770819,True
77,1746649005306655083,False
78,1746638340634370454,True
79,1746635009903985149,False
80,1746623122994823559,True
81,1746611446471893463,True
82,1746605431038873880,True
83,1746603183764275632,False
84,1746599710540841214,True
85,1746584272608137663,False
86,1746560893205225785,True
87,1746532017456423038,False
88,1746526537027830176,True
90,1746499255265628595,True
91,1746447144272191492,False
92,1746445105148342539,False
93,1746433626634346647,False
94,1746433322685718863,False
95,1746412153446224254,False
96,1746386461446861127,True
97,1746384950725591328,False
98,1746373439810597010,False
99,1746369707727303066,True
100,1746366780501610616,True
101,1746363867431665670,True
103,1746344769532391741,True
104,1746344353285488867,False
105,1746340329463128486,False
106,1746323447402148304,False
107,1746306905507565992,False
108,1746302791612514464,False
109,1746300515401535963,False
110,1746294694353469712,True
111,1746279702103265442,False
112,1746273594470994418,False
113,1746271991290560942,True
114,1746270411875094911,False
115,1746259206980702321,False
116,1746258547464126669,True
117,1746257890212491430,True
118,1746256390476136867,True
119,1746255193912553648,True
120,1746231445339730394,False
121,1746223315138531540,False
122,1746222671950487855,True
123,1746221852052090949,False
124,1746166943025861080,False
125,1746220633711690056,False
126,1746208173478854704,False
127,1746197987670294623,False
128,1746195662331425272,False
129,1746191972765687959,True
130,1746179090992816367,True
131,1746170064049475785,True
132,1746169497147388282,True
133,1746164523122172040,False
134,1746159895802515469,True
135,1746078808849981913,False
136,1746046973654806836,True
137,1746046657429475420,True
138,1746044633916776729,False
139,1746028026293268636,True
140,1746017441900012002,False
141,1746001616275181615,True
142,1745989851848008038,False
143,1745976155407077736,False
144,1745975466958164108,False
145,1745968078775632367,False
146,1745956841648267539,False
147,1745941630224404573,True
148,1745940532667236749,False
149,1745939757564100902,True
150,1745935572646916264,True
151,1745921449670455803,True
152,1745904891585859786,True
153,1745903506991530099,False
154,1745903320420536743,False
155,1745896764530385242,False
156,1745890750292807942,False
157,1745885800724639918,True
158,1745878859910611042,True
159,1745871880421056954,True
160,1745869241503678697,False
161,1745863073368285577,True
162,1745857524501287323,False
163,1745845341759353228,False
164,1745842732277330035,False
165,1745835136397009201,False
166,1745830994962178274,True
167,1745820300590067878,False
168,1745815956675309756,False
169,1745814667325268238,True
170,1745814389238673807,False
171,1745813910169563236,False
172,1745806312313680259,False
173,1745804812090781916,True
174,1745803269933244453,True
175,1745801642048458838,True
176,1745779562452079023,False
177,1745598152298881212,True
178,1745672396332294559,False
179,1745668884672270455,True
180,1745654537912758442,False
181,1745650767178949008,False
182,1745607835134611598,True
183,1745595609535385798,False
184,1745588045045248071,False
185,1745587369485742208,False
186,1745585277375074645,False
187,1745577312865644941,True
188,1745574783394185285,True
189,1745509551070171167,True
190,1745556502868283685,False
191,1745556328125219045,False
192,1745550946631852403,False
193,1745550040783855831,True
194,1745524062997058042,True
195,1745523540571419032,True
196,1745520638792474869,False
197,1745510318820688097,True
198,1745502390722158936,False
199,1745492006099354049,True
200,1745488755589259410,False
201,1745480809488826812,True
202,1745471881031934133,False
203,1745461093001282002,False
204,1745436954831749604,True
205,1745412016779448410,False
206,1745406511105343686,True
207,1745391044827419100,False
208,1745363695176143103,False
209,1745344974231638204,False
210,1745330116891181240,False
211,1745322918815338640,False
212,1745309733693607954,False
213,1745302942628893181,False
214,1745302531029323852,False
215,1745284040888881422,False
216,1745281262007230587,True
217,1745266381933723697,False
218,1745254399931290008,True
219,1745254027409981445,False
220,1745244330564997170,False
221,1745241298523558164,True
222,1745237506398765314,True
223,1745220753895600409,False
224,1745210199693021584,True
225,1745097990400799123,True
226,1745200561169813641,True
227,1745195551841243425,False
228,1745194497380683937,False
229,1745192634279235615,False
230,1745191707421901215,True
231,1745175137203212591,True
232,1745169734935384237,False
233,1745163429994734018,False
234,1745161362114810215,True
235,1745161191263965563,True
236,1745160754137874533,False
237,1745152964946231571,False
238,1745143398074380513,False
239,1745141781979636221,True
240,1745131808700694720,False
241,1745119252015714791,False
242,1745114707499913620,True
243,1745114298785902705,True
244,1745110331288891855,True
245,1745105419431768480,True
246,1745104102638391423,True
247,1745097849728032868,False
248,1745082035100651805,False
249,1745075376919888243,False
250,1745071403835990297,False
251,1745066757948055878,True
252,1745064718606180548,True
253,1745058996761829785,True
254,1745045592580231291,False
255,1745038172482883822,False
256,1745037190818623666,False
257,1745035690545389624,False
258,1745002274026340370,False
259,1744971258603704787,False
260,1744916187492884617,True
261,1744908616979656852,False
262,1744900781495460326,False
263,1744878787253202947,False
264,1744850123266375868,True
265,1744841453128314935,False
266,1744838683629421004,True
267,1744838508009718214,True
268,1744831519917474012,False
269,1744829823782904119,True
270,1744812562716188766,True
271,1744810797035864093,False
272,1744790296292913622,False
273,1744789793857224811,False
274,1744783108509950295,True
275,1744776064633581761,False
276,1744773450948841515,True
277,1744772591485661483,False
278,1744772048981782737,True
279,1744771830408261715,False
280,1744771589017571748,False
281,1744770248027365385,False
282,1744766584965541993,True
283,1744761794713809004,True
284,1744758892272193841,True
285,1744752878512648348,False
286,1744747678934639088,False
287,1744742012535111710,False
288,1744738546215526684,False
289,1744732514768584849,False
290,1744729585852535189,True
291,1744719145826984037,False
292,1744716524844462362,False
293,1744705424056549417,True
294,1744699236866797689,True
295,1744697505898447273,False
296,1744669730055565560,True
297,1744668196550938630,True
298,1744668119430201591,True
299,1744662915859227070,True
300,1744592866872057996,False
301,1744589502281085423,False
302,1744583725008949477,False
303,1744575534091092452,True
304,1744558343471997059,True
305,1744573388125798449,False
306,1744571255959773452,False
307,1744564579017826759,False
308,1744559298959528315,True
309,1744557992450687179,True
310,1744555498387447811,False
311,1744552666338865239,False
312,1744551752114811070,False
313,1744539575257649394,True
314,1744535849247678721,False
315,1744535731156971766,False
316,1744534422722883973,False
317,1744529274478969001,False
318,1744446244355785008,False
319,1744059736171962531,False
320,1744051558562648260,True
321,1743736730123948285,False
322,1743702912688181344,False
323,1743497125785133256,False
324,1743344630316274021,False
325,1743144049467326574,True
326,1743128355430420607,True
327,1742584849318212011,True
328,1749401780989960525,True
329,1749395057361277121,True
330,1749351400843149361,True
331,1749286466457362897,True
332,1749281954132877457,False
333,1749278940781224153,False
334,1749275550118482053,False
335,1749272791197593927,False
336,1749272063733354739,False
337,1749267492751450253,False
338,1749265066891894827,True
339,1749262557523681326,False
340,1749253801880465896,True
341,1749253490923212923,True
342,1749251803089174882,True
343,1749192940637872296,False
344,1749211300821954997,True
345,1749189513778172179,True
346,1749159794911453560,False
347,1749158928842154415,False
348,1749146431741374806,True
349,1749146291764871464,True
350,1749139968847471095,True
351,1749139235490111862,True
352,1749137855408996744,True
353,1749123615893688635,False
354,1749118302104719699,True
355,1749111718024708171,False
356,1749078402898747673,False
357,1749072146108658142,True
358,1749051173506535442,False
359,1748944649559965978,False
360,1748930271934644688,False
361,1748925431745568945,False
362,1748925372001857810,True
363,1748923218067390621,True
364,1748917737777205510,False
365,1748890457608753345,True
366,1748892592769569159,False
367,1748887821945823382,True
368,1748886865690726754,False
369,1748881344220856534,False
370,1748876421089440163,False
371,1748849776932638967,False
372,1748829168115097752,False
373,1748820524799492098,True
374,1748816935649677419,False
375,1748811504307052582,True
376,1748808043553309049,False
377,1748761093176991921,True
378,1748754057974431858,False
379,1748731862195822596,False
380,1748724294643765469,True
381,1748720627396014230,False
382,1748716783752655209,False
383,1748716011115725197,False
384,1748713845479071929,False
385,1748713641652769253,True
386,1748711125779136926,False
387,1748708662699241574,False
388,1748698988587667897,False
389,1748687809718714387,False
390,1748671800634933648,False
391,1748587758015119630,False
392,1748575055787733424,False
393,1748562741340627368,True
394,1748549130706682104,True
395,1748526444592984566,False
396,1748525110091210759,True
397,1748522725595881871,False
398,1748520174578188479,False
399,1748513376609710217,False
400,1748501888578765044,False
401,1748475479324033118,True
402,1748468041224958028,False
403,1748462471419973789,False
404,1748449934641123626,True
405,1748448041168724462,False
406,1748441371784995110,False
407,1748431634313937298,True
408,1748428917461901562,True
409,1748419024105398760,False
410,1748410671614566762,False
411,1748407988572783050,False
412,1748386576109826290,False
413,1748381586536436099,False
414,1748377043459301767,False
415,1748373562350596144,True
416,1748369098407399490,False
417,1748350280557588934,False
418,1748348643176824941,False
419,1748319133324791866,False
420,1748312141352886383,False
421,1748310071765868585,False
422,1748302192350494750,True
423,1748301779865866331,True
424,1748251243254870358,False
425,1748201557823242759,False
426,1748195221328797818,False
427,1748171956090732830,False
428,1748149526311899448,False
429,1748148852752888200,True
430,1748147089580716532,False
431,1748147064033132822,True
432,1748135357445505340,True
433,1748134872651067882,False
434,1748129285397676266,True
435,1748117887804457013,False
436,1748103936127435202,False
437,1748099204264718602,False
438,1748074603723755822,False
439,1748072105562779780,False
440,1748066766599991502,True
441,1748060281392058438,False
442,1748059861407928685,True
443,1748056168088387955,True
444,1748041798511948007,False
445,1748039185687048349,False
446,1748034560791654671,False
447,1748034553812304017,True
448,1748018534796382363,False
449,1747999097544417457,False
450,1747998855415620020,True
451,1747996000587796846,True
452,1747990388055408703,False
453,1747988394091610269,False
454,1747986217260449800,True
455,1747983390953857171,True
456,1747974008912380208,True
457,1747910471661842456,False
458,1747847936535318859,False
459,1747803613076836525,False
460,1747789034145886424,False
461,1747787591229845801,False
462,1747781159876968893,False
463,1747775749036109908,True
464,1747764962284470454,True
465,1747762791711224208,True
466,1747762402639090150,False
467,1747730065427661286,False
468,1747719559266684974,False
469,1747717901438828892,True
470,1747717577810268302,True
471,1747716663854694585,False
472,1747712393109479701,True
473,1747706744015339627,False
474,1747699737187254556,False
475,1747699143844176325,True
476,1747695759816888663,False
477,1747690976766816755,True
478,1747666530463060065,True
479,1747662884690133220,False
480,1747659523521663347,False
481,1747659153877647544,False
482,1747650533656076507,False
483,1747644626628919458,False
484,1747613490062168551,False
485,1747594531933966574,True
486,1747479860421755251,True
487,1747453780675739871,False
488,1747451494931009716,True
489,1747448643290792051,False
490,1747428490968727598,False
491,1747426801687646236,False
492,1747418861123653722,True
493,1747418267902185522,False
494,1747415069003046917,False
495,1747409660129280090,False
496,1747402777934885100,False
497,1747401430305014253,False
498,1747399633863614950,False
499,1747398054167089334,False
500,1747390129100964317,False
501,1747354013765345346,True
502,1747352365483569181,False
503,1747350374556549526,True
504,1747340508987343094,False
505,1747339626228965579,True
506,1747332362013172085,False
507,1747323775488495795,True
508,1747315941497614606,False
509,1747309923988377899,False
510,1747307862592782623,False
511,1747306043305021810,True
512,1753006756874035202,True
513,1753003861336379707,False
514,1752969295825449107,False
515,1752950965840249081,False
516,1752939233877053669,True
517,1752926357879664977,False
518,1752915243716526087,True
519,1752682286611345568,True
520,1752913944589549717,False
521,1752912586079686837,False
522,1752907128300294409,True
523,1752899349976076479,True
524,1752889240881443153,False
525,1752881395628642751,False
526,1752878941352702462,False
527,1752873039660761128,True
528,1752870288440643916,False
529,1752865055320793339,False
530,1752856132895355340,False
531,1752854573423772012,False
532,1752851594469679491,False
533,1752847946985459840,False
534,1752803698001006775,False
535,1752841237831320016,True
536,1752819848952815985,True
537,1752818316777832587,False
538,1752813521572614534,False
539,1752813110128189735,True
540,1752809990417494420,False
541,1752808216113586466,True
542,1752808028808642924,False
543,1752802914744008936,False
544,1752802804211614204,True
545,1752796762291458080,False
546,1752783859442225330,False
547,1752771499503628567,True
548,1752769269874532731,False
549,1752764007843303874,True
550,1752760453082579007,False
551,1752760265123197268,True
552,1752757163670274505,False
553,1752744727395410350,True
554,1752741290347761935,True
555,1752735644902637998,False
556,1752733025371054511,False
557,1752732013579174357,False
558,1752726922042241136,False
559,1752723925824315615,False
560,1752717893744165306,True
561,1752707699970855096,True
562,1752702470118388081,False
563,1752667190568825012,True
564,1752665779521163707,True
565,1752535327569285156,False
566,1752526226604933410,True
567,1752521623360418137,True
568,1752500039027437686,True
569,1752500036666106139,True
570,1752492892419985841,False
571,1752484653217227233,True
572,1752471723759288818,True
573,1752446001648984254,False
574,1752441691275923587,False
575,1752436780660343011,True
576,1752434857701933464,False
577,1752430691382448463,False
578,1752424992774492564,False
579,1752390400722051366,False
580,1752388802650202529,False
581,1752339825489822038,True
582,1752320516474425621,True
583,1752316139839868953,False
584,1752307707439206561,True
585,1752243472948453578,False
586,1752222262751572183,False
587,1752189211724169594,False
588,1752150299769196979,True
589,1752144567120355528,True
590,1752125227700805999,False
591,1752098306073804907,False
592,1752083845774442562,False
593,1752081552651980870,True
594,1752080802723025067,False
595,1752066874005987761,True
596,1752050690036207913,False
597,1752036786287542558,False
598,1752032405178007941,True
599,1752029534822556016,True
600,1752024945448669603,True
601,1752017481663721594,False
602,1752010467336146979,False
603,1752008797285958108,True
604,1752005513192087889,False
605,1751998337685868734,True
606,1751987215868031212,True
607,1751981016783221230,False
608,1751979462344786307,False
609,1751970609838321956,False
610,1751953089530053028,False
611,1751947003095826717,True
612,1751939590103945636,False
613,1751908020752208348,True
614,1751903622906949929,False
615,1751823160234725835,False
616,1751793789528621257,False
617,1751780550862311717,False
618,1751767325584609540,True
619,1751764508018868704,True
620,1751752661160886410,False
621,1751749194379898999,True
622,1751730312097202339,False
623,1751703091630551102,True
624,1751700599714759038,True
625,1751700138530058494,True
626,1751685179637166122,True
627,1751681071698133229,False
628,1751674494811336951,True
629,1751673667749052460,False
630,1751673449922150526,False
631,1751670904155734524,True
632,1751639036924412104,False
633,1751638254598631546,False
634,1751635423275663757,True
635,1751635159332311105,True
636,1751633485322658062,False
637,1751633281894752263,False
638,1751625536265208032,True
639,1751615227093807565,False
640,1751598597458575375,False
641,1751560020125167683,True
642,1751475435949420942,False
643,1751455703611351428,False
644,1751450427952869839,False
645,1751430448901714353,False
646,1751423335328608637,True
647,1751420472976085196,True
648,1751404867292196912,True
649,1751402238017171594,False
650,1751401680162156575,False
651,1751401296068776245,False
652,1751400437230580130,False
653,1751391328305369146,True
654,1751382298006618460,False
655,1751377743810277836,True
656,1751373816205373442,False
657,1751368942994469218,True
658,1751365197669728316,True
659,1751352770714628337,True
660,1751331501868748991,False
661,1751312640977096961,True
662,1751306446925381889,False
663,1751001744266371378,False
664,1751296030824439843,False
665,1751295981155451138,False
666,1751286384956948805,False
667,1751276107242827931,False
668,1751261404579930579,True
669,1751234960441122901,True
670,1751228820437241874,False
671,1751226595937796430,False
672,1751223202942976352,True
673,1751214524043030722,False
674,1751196910075998243,True
675,1751173610612355167,False
676,1751072123869687815,False
677,1751068768925622507,False
678,1751062334628364689,True
679,1751060439524417764,False
680,1751052051180617879,False
681,1751042984131321917,False
682,1751028738945438159,False
683,1751024087025987668,False
684,1751023068548300978,False
685,1751010023184953697,False
686,1751009769207288147,True
687,1750967980136010152,True
688,1750964504425333117,True
689,1750958012414480799,False
690,1750956248135057902,False
691,1750954079692427701,True
692,1750953450198777930,True
693,1750945906323583400,True
694,1750933072042705058,False
695,1750928167785594961,False
696,1750925670815879215,False
697,1750913698883936618,True
698,1750912944391471502,True
699,1750912042628763678,False
700,1750904607021142233,False
701,1750887419681845608,False
702,1750870396339892522,False
703,1750870269118349397,True
704,1750869655961338010,True
705,1750780986604884244,False
706,1750767108458246400,False
707,1750737677513597284,True
708,1750735160281030913,False
709,1750704959614583226,False
710,1750691751663145120,False
711,1750690273368137745,False
712,1750686741894135987,False
713,1750624885854912794,False
714,1750622550961324230,True
715,1750613084689891654,True
716,1750606317234819153,True
717,1750602458580308462,True
718,1750596937617936746,True
719,1750596114083123551,True
720,1750595243412697468,False
721,1750588234743320633,False
722,1750560756347679164,True
723,1750547572786163717,True
724,1750544364311298278,True
725,1750530065363017925,True
726,1750526478746583326,True
727,1750516500094406843,False
728,1750504995391209677,True
729,1750483181977960532,True
730,1750482316420370689,True
731,1750474431204294851,False
732,1750427576453955970,False
733,1750408995225919645,True
734,1750388748762644618,False
735,1750377360770077157,False
736,1750355212064215228,True
737,1750355117142839486,False
738,1750353616651616719,True
739,1750350490750079110,False
740,1750350474824327571,True
741,1750345076226637873,True
742,1750344683912376688,False
743,1750335589319049600,True
744,1750314101245346011,False
745,1750308337919422864,True
746,1750302610706362428,False
747,1750279565300170774,False
748,1750274736821506421,True
749,1750273916294025465,False
750,1750273504916754613,False
751,1750271179393269860,False
752,1750270693260787998,False
753,1750270156234731805,True
754,1750258287897969021,False
755,1750254880139227286,False
756,1750246288124166410,False
757,1750243644710289663,False
758,1750239880297291832,True
759,1750222572484993029,True
760,1750221942701920399,True
761,1750218151642718456,False
762,1750216560390668342,True
763,1750211376813887574,True
764,1750206505473757247,True
765,1750202177644044427,False
766,1750197617143816217,False
767,1750196595335774271,True
768,1750189776051847373,False
769,1750189657889837515,True
770,1750188270611239352,False
771,1750184689791311883,True
772,1750184304896782428,False
773,1750176676229628156,True
774,1750149489002693062,False
775,1750137142930554882,False
776,1750043459837215018,False
777,1750012897051226591,False
778,1749989891637641563,False
779,1749964925428961604,True
780,1749934004944409077,False
781,1749912398994034983,False
782,1749905402345541637,False
783,1749902529305931873,False
784,1749896424983060926,True
785,1749893697301360705,True
786,1749892404042191061,False
787,1749886989195698388,False
788,1749878722163847628,False
789,1749870639865835886,False
790,1749840924132429874,False
791,1749839178169286837,True
792,1749839036754108780,False
793,1749835208898015598,True
794,1749619899108892916,True
795,1749594993428135977,True
796,1754485980990439652,False
797,1754482879873036442,False
798,1754471727793381837,False
799,1754461202678181960,False
800,1754403008241086664,True
801,1754391814692323561,True
802,1754196068344922117,True
803,1754390007475794355,True
804,1754384315637461123,False
805,1754372607132996078,False
806,1754360819662336398,False
807,1754357862082515029,True
808,1754355133658406944,True
809,1754345826141212705,True
810,1754344980817104920,True
811,1754344499734561196,True
812,1754342082871738649,True
813,1754340997159346453,True
814,1754340571269718350,False
815,1754339054043246960,False
816,1754338044818125288,False
817,1754333710390903158,True
818,1754332618340843926,True
819,1754331636299165929,True
820,1754310441348510056,True
821,1754307548461617547,True
822,1754305536479134095,True
823,1754304827469840652,False
824,1754303068609315094,True
825,1754298815153115562,True
826,1754298381181005972,False
827,1754161225984864319,False
828,1754294340904505630,False
829,1754293329917861954,False
830,1754292410291478752,True
831,1754291089412886969,False
832,1754290064530591790,False
833,1754288380920188942,True
834,1754159042535039175,False
835,1754284359157244165,False
836,1754284206564217022,False
837,1754283283699978744,False
838,1754283193014861998,True
839,1754282762951893294,True
840,1754279675071717487,False
841,1754276826724155564,True
842,1754271838585131046,False
843,1754271226309079412,True
844,1754264684721512797,True
845,1754262782202057086,False
846,1754262729936826712,False
847,1754261451760398738,True
848,1754250305384960244,False
849,1754234654608011301,True
850,1754228713439347192,True
851,1754228607826751637,True
852,1754226261843403249,False
853,1754224890113126722,True
854,1754223103922561278,True
855,1754220566305718687,False
856,1754217466840965296,True
857,1754213694450352360,True
858,1754210663226843180,False
859,1754210052485898268,True
860,1754207411634610345,False
861,1754203255318429698,False
862,1754197040295297516,False
863,1754194066995024009,False
864,1754192842522550656,False
865,1754190049996861640,True
866,1754187238852706643,True
867,1754184681258365422,False
868,1754184650119942505,False
869,1754184260221538544,True
870,1754180026902159766,True
871,1754177202940211265,True
872,1754171644522746003,False
873,1754157318915137962,True
874,1754149361980694915,False
875,1754118149006336124,False
876,1754084909902074285,False
877,1754005015843229798,False
878,1753995866644316406,False
879,1753967945858814255,False
880,1753914644228366761,True
881,1753894577553965258,False
882,1753891419582828608,False
883,1753882164423221565,False
884,1753875022513348767,False
885,1753874140623483000,True
886,1753860004367483148,False
887,1753849657791496668,False
888,1753798490281373972,False
890,1753773712199819633,True
891,1753742673767174335,True
892,1753671731548508632,False
893,1753655459087524036,False
894,1753630565587165236,False
895,1753617672095277110,False
896,1753615792745197691,True
897,1753607237526823378,True
898,1753587786509132265,False
899,1753585496163303605,True
900,1753575809753686476,True
901,1753566593076895847,True
902,1753553491849539726,False
903,1753545330056917150,False
904,1753538085235679323,True
905,1753523769987956950,True
906,1753511499207761971,False
907,1753502615143338121,False
908,1753502560613175651,False
909,1753501338577613027,False
910,1753492046612930667,True
911,1753484248756228431,False
912,1753478570045767955,True
913,1753466478785958247,False
914,1753455677979164768,True
915,1753451996063949265,True
916,1753445268295455125,False
917,1753431618029494659,True
918,1753421566723928336,False
919,1753415370285724111,True
920,1753378752149537040,False
921,1753273412267471049,False
922,1753261758293197158,False
923,1753249820645466378,False
924,1753248252684583025,True
925,1753238719513903493,True
926,1753237444504232178,False
927,1753236333982580997,False
928,1753234470834970825,False
929,1753220074511450184,False
930,1753215774498369547,False
931,1753210752041693424,False
932,1753201432000446542,False
933,1753196911048188177,False
934,1753196405055774893,False
935,1753187317345333317,True
936,1753182981303214398,False
937,1753182943139205297,False
938,1753171521600647319,False
939,1753170157562667514,True
940,1753163813870825616,False
941,1753140178686718251,False
942,1753128178908803197,False
943,1753126225676042662,True
944,1753125510237069454,False
945,1753118656802718192,True
946,1753108750679060873,False
947,1753103534281891868,False
948,1753103357613596942,False
949,1753099915151208624,False
950,1753099133215535201,False
951,1753097517514764371,True
952,1752901561091600672,True
953,1753095728715501915,False
954,1753090122097045817,False
955,1753086256970441007,True
956,1753081010106093921,False
957,1753075164357754967,False
958,1753073767105069299,False
959,1753068945572340092,False
960,1753067072450650561,True
961,1753064770071306713,True
962,1753052102899748912,False
963,1753032439226577346,False
965,1755971267746758761,False
966,1755968038485058007,False
967,1755907187249906096,False
968,1755902313527398451,False
969,1755887263622299675,False
970,1755875597228650625,True
971,1755872608522760198,True
972,1755867222742851945,False
973,1755859517613514977,True
974,1755843008635810091,False
975,1755838599713444294,True
976,1755826751286997068,True
977,1755802676179140911,True
978,1755789156171571346,False
979,1755785514240622697,False
980,1755776311891517715,False
981,1755771984363847951,False
982,1755766785490432152,True
983,1755752080629702696,True
984,1755740149424718118,True
985,1755735072198598767,False
986,1755723894940409994,False
987,1755717428640678376,False
988,1755716783443443974,True
989,1755701674574753909,True
990,1755674275787251719,False
991,1755668139008770075,False
992,1755658044225069382,False
993,1755654794344104240,True
994,1755654312477274281,False
995,1755636633871815003,True
996,1755633913278439923,True
997,1755627283883159867,True
998,1755626335232241908,True
999,1755593545430216804,False
1000,1755567404527067423,True
1001,1755566063452823816,False
1002,1755564523719721313,False
1004,1755450647023915414,False
1005,1755438367905366346,False
1006,1755431285529452852,True
1007,1755425723202908386,True
1008,1755405936544325669,False
1009,1755394514368319695,True
1010,1755393339308822959,True
1011,1755353960615952702,False
1012,1755345284576448556,False
1013,1755332194149474553,False
1014,1755325274269405223,False
1015,1755322666448220281,False
1016,1755315156022599965,False
1017,1755279223957147782,False
1018,1755270085994836407,False
1019,1755269642518433972,False
1020,1755263404237890004,False
1021,1755263274566705310,False
1022,1755258447799415067,False
1023,1755254372215243161,False
1024,1755253147411619916,True
1025,1755248186472427596,False
1026,1755234880034574542,True
1027,1755233672192573773,False
1028,1755218917214048425,True
1029,1755208419227611410,False
1030,1755198966742876170,False
1031,1755190667930685651,False
1032,1755171944469606613,False
1033,1755112652357923175,True
1034,1755073540099871011,True
1035,1755072970379214934,False
1036,1755063545102746089,False
1037,1755060843996225781,False
1038,1755052839137640857,False
1039,1755038705947996327,True
1040,1755023012779225345,True
1041,1755016341734498433,False
1042,1755011908426510692,True
1043,1755000456118403187,False
1044,1754993419074646425,False
1045,1754991968982094276,False
1046,1754988741045690486,False
1047,1754968807364284842,True
1048,1754853615548670021,False
1049,1754948827629355373,False
1050,1754942078377742420,False
1051,1754933579761516992,False
1052,1754933577421050136,False
1053,1754920342844256634,False
1054,1754920173130166765,False
1055,1754918780029776327,False
1056,1754918325828689970,False
1057,1754914383963054441,True
1058,1754913360989094331,False
1059,1754894633845363099,True
1060,1754893931286766034,True
1061,1754698992443629982,True
1062,1754892825705984512,False
1063,1754892782194332051,False
1064,1754891534044889254,False
1065,1754891487555289257,False
1066,1754860864656527624,False
1067,1754857898780274785,True
1068,1754854177119883286,False
1069,1754852716197679356,True
1070,1754833352199119339,False
1071,1754829203210375384,True
1072,1754820127642488855,True
1073,1754764159411974181,False
1074,1754729076525260812,False
1075,1754715656304345476,False
1076,1754711176846442865,False
1077,1754710418356883635,False
1078,1754710296407486813,False
1079,1754707000850612694,False
1080,1754703044418142401,False
1081,1754700918941945940,False
1082,1754700565999710235,True
1083,1754699426612846744,False
1084,1754699423211229462,True
1085,1754696096683540624,False
1086,1754695487565770777,True
1087,1754693956942659886,False
1088,1754690638593851748,False
1089,1754690386163871767,True
1090,1754687425081717239,False
1091,1754685326855934286,True
1092,1754684962362552710,True
1093,1754680029324186021,False
1094,1754679151489937705,True
1095,1754674926529720502,False
1096,1754674270540636345,True
1097,1754669124527992850,True
1098,1754667686234079301,False
1099,1754662473733390765,True
1100,1754661016972013780,False
1101,1754657889547891079,True
1102,1754655770472325213,True
1103,1754653103255687195,False
1104,1754651812445999168,False
1105,1754649980285952376,False
1106,1754637550013096411,True
1107,1754633266827510200,False
1108,1754632834055016746,False
1109,1754631523427344525,False
1110,1754631435770569160,False
1111,1754630026819997978,False
1112,1754629769176465835,True
1113,1754624556810031588,True
1114,1754622568777101706,False
1115,1754621322825548076,False
1116,1754620616294986083,False
1117,1754620535319691489,True
1118,1754620080686563764,True
1119,1754615535742902409,True
1120,1754615255517352202,True
1121,1754609675033628845,False
1122,1754605812637393152,True
1123,1754605684958642199,True
1124,1754602968345645412,True
1125,1754598382616686802,True
1126,1754596017008218308,True
1127,1754594655956574481,False
1128,1754591312236400820,False
1129,1754590175471005792,False
1130,1754586836012290385,False
1131,1754584908872217085,False
1132,1754567318892376225,True
1133,1754560412920504697,False
1134,1754220962294235497,True
1135,1754554119564501070,False
1136,1754553818350538903,False
1137,1754550997588832716,False
1138,1754548736770834532,False
1139,1754546643968377316,False
1140,1754539690282172767,True
1141,1754538906727350608,False
1142,1754538567211061424,False
1143,1754538473225060568,True
1144,1754538084639625256,False
1145,1754535960459522211,False
1146,1754533824195645584,True
1147,1754530024965742614,False
1148,1754524741283553409,False
1149,1754523348816511352,True
1150,1754523122991034489,True
1151,1754515108628230491,False
1152,1754507451741704305,True
1153,1754507033720566072,False
1154,1754502790888517895,False
1155,1754499475773464873,True
1156,1754496368003932380,False
1157,1758161837189738992,False
1158,1758151030926135336,False
1159,1758144055853076655,True
1160,1758139949415587942,False
1161,1758136362111492244,True
1162,1758092662123503896,True
1163,1758091725719973962,True
1164,1758088637642580362,False
1165,1757989991383216134,False
1166,1757967680097619998,True
1167,1757964222359626196,False
1168,1757963239118303418,False
1169,1757934635357532573,False
1170,1757926075626115296,False
1171,1757925789620736441,False
1172,1757920381929935239,False
1173,1757917210352427375,False
1174,1757903793067302937,False
1175,1757884698250858799,False
1176,1757881594730221846,False
1177,1757872716915298387,False
1178,1757867030781300948,True
1179,1757857309961687351,True
1180,1757844752110673940,False
1181,1757838575570133458,True
1182,1757814911294460268,True
1183,1757798840680292829,False
1184,1757798521065857191,False
1185,1757753935379530113,False
1186,1757667951027642843,False
1187,1757660332351168740,False
1188,1757589577835934200,False
1189,1757570618805911652,False
1190,1757530446424948863,True
1191,1757528985204838458,True
1192,1757510062837211506,False
1193,1757507829982724289,False
1194,1757506756484178413,False
1195,1757741962151547221,False
1196,1757456415403237884,False
1197,1757255407746113536,False
1198,1757455886807625728,False
1199,1757440547726242242,False
1200,1757406829900857539,True
1201,1757394211245080731,False
1202,1757389085331648921,True
1203,1757373624120414587,False
1204,1757251684911202386,True
1205,1757241348523004359,True
1206,1757237781208711255,False
1207,1757214235925377261,False
1208,1757188575597150692,False
1209,1757182587796172902,False
1210,1757171342544150960,True
1211,1757157961040867411,False
1212,1757152106455171540,False
1213,1757133302924771728,True
1214,1757115678060945790,True
1215,1757099226771718311,True
1216,1757094207519416565,False
1217,1757086307547861104,False
1218,1757074160172331190,False
1219,1757067844435509261,False
1220,1757046962883346862,False
1221,1756977086542045243,True
1222,1756964981784863169,True
1223,1756951061779063279,False
1224,1756943922901786973,False
1225,1756938328094417274,True
1226,1756903152283009119,False
1227,1756885994731655243,False
1228,1756871066717245452,False
1229,1756855414577082817,True
1230,1756841400287608872,True
1231,1756840467700871668,True
1232,1756823465825374400,True
1233,1756817186474152221,False
1234,1756789793948574127,False
1235,1756789016375050570,True
1236,1756775385222557777,False
1237,1756752874812379560,True
1238,1756750483539001837,True
1239,1756721771804254392,False
1240,1756712228022092234,True
1241,1756706547877458364,False
1242,1756702669085782235,False
1243,1756668984378765687,False
1244,1756621295263842443,False
1245,1756591086246477873,False
1246,1756313481521807565,True
1247,1756553388739694695,True
1248,1756549785962631350,True
1249,1756538108999266317,True
1250,1756512938309898383,False
1251,1756479558977458280,False
1252,1756478909137264874,False
1253,1756466326929908094,True
1254,1756432272071274556,False
1255,1756415572525396065,True
1256,1756413753921298698,False
1257,1756409694665552077,False
1258,1756400247721365799,False
1259,1756392987662180746,False
1260,1756390165004648455,False
1261,1756356997178335295,False
1262,1756356895521079410,True
1263,1756355894730715390,False
1264,1756350995292975501,False
1265,1756344188126335263,True
1266,1756341369025520097,False
1267,1756332993138811168,False
1268,1756329619504935024,False
1269,1756328697697615972,True
1270,1756199574421569679,False
1271,1756199353230790985,False
1272,1756198688261652516,False
1273,1756144787936149969,False
1274,1756119585386823782,False
1275,1756101910191382920,False
1276,1756100345522995319,False
1277,1756092652590633291,False
1278,1756083021520798019,False
1279,1756078775006097562,False
1280,1756051366865195268,True
1281,1756048060436578492,True
1282,1756027049272127519,False
1283,1756011730373620079,True
1284,1756009441659347383,True
1285,1756006974523630055,False
1286,1756000205919400259,False
1287,1755997721742147803,True
1288,1755984971238375432,False
1289,1755973138897088744,True
1290,1762176337211543593,False
1291,1762137378745917711,False
1292,1762136713223107011,False
1293,1762126908710441047,False
1294,1762121145799586076,True
1295,1762099486422090019,False
1296,1762098279288889628,False
1297,1762095060097572970,True
1298,1761961898658971892,False
1299,1761950735267156291,False
1300,1761920973572280673,False
1301,1761917634566635924,True
1302,1761916400048750659,False
1303,1761903766519857362,True
1304,1761900850581057542,False
1305,1761898144374165708,False
1306,1761879620725493985,True
1307,1761860723779465457,True
1308,1761858896808063027,False
1309,1761836803311751252,True
1310,1761830220733026502,False
1311,1761662861070201074,False
1312,1761822013750919656,False
1313,1761820902990241845,False
1314,1761808921495326984,False
1315,1761805254834680016,False
1316,1761796418795192635,False
1317,1761795017142632803,False
1318,1761789542695059768,True
1319,1761786897636921739,False
1320,1761784154163658996,False
1321,1761779830847103119,False
1322,1761778005544718537,False
1323,1761767646192648547,False
1324,1761740929600250268,True
1325,1761582908211335173,False
1326,1761562481216901435,False
1327,1761553885234082057,False
1328,1761547499758563741,True
1329,1761541393980239991,False
1330,1761530562114736278,False
1331,1761522495721496928,True
1332,1761507333958406184,False
1333,1761502919730323504,True
1334,1761494623438975078,True
1335,1761489860131733635,True
1336,1761489791529505084,False
1337,1761462898985988367,False
1338,1761461620994150541,False
1340,1761444704699191462,True
1341,1761437634948104402,False
1342,1761436865519895033,True
1343,1761410802387411163,False
1344,1761410593041342746,True
1345,1761407996700053788,False
1346,1761404770865057999,False
1347,1761397887336862184,True
1348,1761386357115564350,False
1349,1761384680580845783,True
1350,1761379178148970558,False
1351,1761359647582073330,True
1352,1761284092375523337,False
1353,1761277148675936708,True
1354,1761254687922061487,True
1355,1761231422851792901,True
1356,1761223736030626115,True
1357,1761220971803885989,False
1358,1761212367533117892,True
1359,1761208860646215897,True
1360,1761200576086647135,True
1361,1761200575260041488,False
1362,1761193199094104199,True
1363,1761182736243442159,False
1364,1761180187415175266,False
1365,1761170342800756807,False
1366,1761152202305945986,False
1367,1761147283805016351,True
1368,1761139840878354936,True
1369,1761137647022428577,False
1370,1761134867453018279,False
1371,1761134066080899412,True
1372,1761117525121585460,True
1373,1761106380683972633,True
1374,1761098135344951729,False
1376,1761029994493493433,False
1377,1761019659736719673,False
1378,1761013270092112323,True
1379,1761010935680962943,False
1380,1760992977252401544,True
1381,1760976382807707827,True
1382,1760921592958259325,False
1383,1760893426948526268,False
1384,1760890902229266827,False
1385,1760888399173464400,True
1386,1760882096292167878,True
1387,1760872004817756227,True
1388,1760870188914737198,False
1389,1760863873769378284,True
1390,1760856653878948237,False
1391,1760855346296291839,True
1392,1760853420481626561,True
1393,1760852030094995876,False
1394,1760851539042648248,False
1395,1760849677862256862,False
1396,1760846656327565811,True
1397,1760645425797665185,True
1398,1760842575085269436,False
1399,1760834338076196986,False
1400,1760810112472523062,True
1401,1760800850266427680,False
1402,1760799351369007345,True
1403,1760795338221256955,True
1404,1760781913806028947,True
1405,1760776564751384668,False
1406,1760770719477317705,True
1407,1760756374588322224,False
1408,1760725792810803370,False
1409,1760725304035954747,False
1410,1760718150876758195,True
1411,1760706469215830420,True
1412,1760700976288133144,False
1413,1760691407520489960,True
1414,1760691132244095223,True
1415,1760689549192396962,False
1416,1760685443346235605,False
1417,1760661919122219335,False
1418,1760655350598934540,False
1419,1760646966508130513,False
1420,1760635055632740786,False
1421,1760634215241015331,True
1422,1760609256158478337,False
1423,1760530082664231094,True
1424,1760520770080432552,True
1425,1760520635774562585,True
1426,1760515604883325259,True
1427,1760504674115838315,True
1428,1760499206291099653,True
1429,1760483174314905899,True
1430,1760481266648883634,True
1431,1760480829627629676,False
1432,1760467989239824790,True
1433,1760463313375309856,True
1434,1760460163914359052,True
1435,1760445016634204179,True
1436,1760438797752291562,True
1437,1760423082257170941,False
1438,1760401307666358513,False
1439,1760399632788533451,False
1440,1760397202361299054,True
1441,1760390935337185648,False
1442,1760389538969489575,True
1443,1760385582688346538,False
1444,1760365955161448772,False
1445,1760364638267490619,True
1446,1760344820059340835,False
1447,1760329825405800783,False
1448,1760329684749852726,False
1449,1760285154646401456,False
1450,1760274525260845373,True
1451,1760270286618869996,True
1452,1760269193373483173,True
1453,1760267573579407445,False
1454,1760201514054738170,True
1455,1760184699605877016,True
1456,1760145016897302998,False
1457,1760129911337951729,False
1458,1760124734698607055,True
1459,1760120056250257915,True
1460,1760085917987946694,False
1461,1760084075665109127,False
1462,1760076128666943766,True
1463,1760179623634354351,False
1464,1760063265067991044,False
1465,1760043266626445580,False
1466,1760027688205742123,False
1467,1759997625087209754,True
1468,1759980901885243598,False
1469,1759962488148210106,False
1470,1759953596110471296,False
1471,1759937802777563567,False
1472,1759934413322768653,True
1473,1759921753575260571,True
1474,1759915355869176249,True
1475,1759909926535610429,False
1476,1759891533916975466,True
1477,1759891107524030804,False
1478,1759881904336081066,True
1479,1759834956606406910,False
1480,1759816609680544010,True
1481,1759792370722169172,False
1482,1759771595382358050,False
1483,1759766156959789396,False
1484,1759756224315224183,False
1485,1759755828389634458,False
1486,1759738477816557768,False
1487,1759718855843143948,True
1488,1759714060889637353,False
1489,1759711377772445812,True
1490,1759704302614884659,True
1491,1759701036401385966,False
1492,1759697222394872145,True
1493,1759685789363900858,True
1494,1759684281285083374,True
1495,1759655637170950237,False
1496,1759653802641158563,True
1497,1759649651374879090,False
1498,1759641375799181824,True
1499,1759618307408146501,True
1500,1759612209972355439,False
1501,1759604928320778241,True
1502,1759604134896972008,True
1503,1759600190091092227,False
1504,1759588180460785933,True
1505,1759567260329341034,False
1506,1759566688075264246,True
1507,1759444600677138875,False
1508,1759390817502863766,True
1509,1759390813287489582,True
1510,1759357504801189931,True
1511,1759353656745611772,False
1512,1759337412952486232,False
1513,1759309864654750067,False
1514,1759276739929215269,False
1515,1759275735024308632,True
1516,1759265465816207764,False
1517,1759237120630174147,False
1518,1759234189549863094,False
1519,1759223961806660018,False
1520,1759222741759144224,True
1521,1759218680229954027,True
1522,1759192796764745939,False
1523,1759163337357627760,True
1524,1759152662275076477,False
1525,1759108683500253423,True
1526,1759105088205803721,True
1527,1759054706976903516,True
1528,1759046528272851421,False
1529,1759042451182886967,True
1530,1759038554477379995,True
1531,1759033628472860965,True
1532,1759031163757195439,False
1533,1759031051844727008,False
1534,1759027625433923963,False
1535,1759017680852426997,True
1536,1759003241977614514,False
1537,1759002607148995054,True
1538,1758985331339100634,False
1539,1758979213577580578,True
1540,1758976678427087318,False
1541,1758973832667275512,False
1542,1758973519960965311,False
1543,1758967648618959010,False
1544,1758967470033952962,False
1545,1758964641487577304,False
1546,1758963533880926402,False
1547,1758953488585760806,True
1548,1758945161411735793,False
1549,1758895358803878395,True
1550,1758886411061563584,True
1551,1758883213827531202,False
1552,1758833244198297966,False
1553,1758669257276334579,False
1554,1758609439098036232,False
1555,1758291996232524029,True
1556,1763269242873405550,False
1557,1763263415600996492,False
1558,1763258241658569150,False
1559,1763250359533724113,False
1560,1763232714042282351,True
1561,1763232694320742461,False
1562,1763223725061644431,True
1563,1763223705033879999,True
1564,1763206432663523820,False
1565,1763200924032352371,False
1566,1763166518324392446,True
1567,1763162491540938890,True
1568,1763000049947000939,True
1569,1763160975945900107,False
1570,1763151878219604316,True
1571,1763150784751899103,False
1572,1763147848122548224,True
1573,1763130904585584862,True
1574,1763070976760172820,True
1575,1763065318451118517,False
1576,1763063555249545290,False
1577,1763045260865773639,False
1578,1763033270453698820,True
1579,1763030998311199133,True
1580,1763022560579473689,False
1581,1763019554844725412,True
1582,1763005404282327411,True
1583,1762996483652034699,True
1584,1762993395021025587,True
1585,1762985206732992761,False
1586,1762969994235646439,True
1587,1762969728518078970,True
1588,1762965902452981980,False
1589,1762962515871346931,False
1590,1762957830724731282,False
1591,1762935968997183946,True
1592,1762928054945395026,False
1593,1762927252092653661,True
1594,1762914623819260031,True
1595,1762912874584752254,True
1596,1762907566835749363,True
1597,1762885009914876104,False
1598,1762884758348927479,False
1599,1762880994690924791,True
1600,1762871301675352097,False
1601,1762866152903266427,False
1602,1762863710643552611,False
1603,1762861341537091657,True
1604,1762860009992421858,False
1605,1762858855367594092,False
1606,1762858004599173221,True
1607,1762857376485376487,False
1608,1762845630513263062,True
1609,1762841786433564683,True
1610,1762839335924121676,False
1611,1762812944943841666,False
1612,1762812329228447918,True
1613,1762746922824024554,True
1614,1762740006207029310,False
1615,1762683913841815897,True
1616,1762680534046589181,False
1617,1762669349481886145,False
1618,1762648057772962103,True
1619,1762626398131253477,False
1620,1762622506664333635,True
1621,1762612789498065250,False
1622,1762603702391591018,True
1623,1762589768292962544,False
1624,1762585129493442607,False
1625,1762583938885620199,False
1626,1762583561624838508,True
1627,1762582816863182982,True
1628,1762582700676755698,False
1629,1762582597098451245,True
1630,1762582037368611066,True
1631,1762577474255294623,False
1632,1762576042676404271,False
1633,1762572993140584593,True
1634,1762569904035643408,True
1635,1762567260961436159,True
1636,1762566840469839932,True
1637,1762554757250486448,False
1638,1762527861053825198,False
1639,1762521874498535705,False
1640,1762518706175836245,False
1641,1762514614456082508,False
1642,1762509090415091762,True
1643,1762495828919484629,False
1644,1762495805280391509,True
1645,1762478519920037932,True
1646,1762477268142592220,False
1647,1762471079791013900,False
1648,1762425048818688020,True
1649,1762353390464512383,False
1650,1762315949334544741,False
1651,1762306878208352257,True
1652,1762286023873011784,False
1653,1762278979585630718,False
1654,1762273193648161056,False
1655,1762267629723480275,True
1656,1762264494900727856,False
1657,1762263985078841642,True
1658,1762261967224336872,False
1659,1762260539105833361,False
1660,1762258607804944879,True
1661,1762258120368132258,True
1662,1762256793139323026,True
1663,1762220366217298329,False
1664,1762182090873794923,True
1665,1762182069214400946,True
1666,1765010548331098437,False
1667,1764994304093679984,True
1668,1764991565548724673,False
1669,1764990672812036399,True
1670,1764989152322330878,True
1671,1764989076485062930,True
1672,1764976826563080278,False
1673,1764975342949736687,True
1674,1764969641401540997,False
1676,1764949250020868181,False
1677,1764794248396775909,False
1678,1764948865843957765,True
1679,1764852618755481644,False
1680,1764845451818197466,False
1681,1764839759753421129,True
1682,1764835649981399185,False
1683,1764830297894383974,False
1684,1764827772872983034,False
1685,1764827101910143271,False
1686,1764808685732118943,True
1687,1764808314498453936,False
1688,1764806816460923368,True
1689,1764801125251698705,False
1690,1764798986261606858,False
1691,1764787666871013420,False
1692,1764786415395545466,False
1693,1764786192699027640,False
1694,1764774705095909450,False
1695,1764774353227391063,True
1696,1764772693881028863,True
1697,1764772308432851324,True
1698,1764772219794669746,False
1699,1764761505847738600,False
1700,1764758419452350574,False
1701,1764756529083793885,False
1702,1764750372483092938,False
1703,1764746886051766379,True
1704,1764739251273404675,True
1705,1764730619915886964,False
1706,1764730616673698018,False
1707,1764730273025978675,True
1708,1764729450921410925,False
1709,1764721577650749504,False
1710,1764708300703023511,True
1711,1764705629229224314,True
1712,1764702883784634805,False
1713,1764695247857013001,True
1714,1764688623746596902,False
1715,1764685137269215401,False
1716,1764682047849648134,True
1717,1764681206124204401,False
1718,1764680273008980279,False
1719,1764676587364991416,False
1720,1764674609071206782,False
1721,1764673859867865181,False
1722,1764670995363660257,True
1723,1764670993031667793,True
1724,1764670990213124473,False
1725,1764669877023863108,False
1726,1764669322788585489,False
1727,1764666105912516753,False
1728,1764661063394398538,False
1729,1764660270700355971,True
1730,1764660085928652886,False
1731,1764659498822570122,False
1732,1764657046241116488,False
1733,1764656224912482451,False
1734,1764652839299625082,False
1735,1764652282933584267,False
1736,1764641992896614868,False
1737,1764639048851771552,False
1738,1764638814570414290,True
1739,1764637114405110096,False
1740,1764637112861688088,True
1741,1764631349653119111,False
1742,1764629864517075038,False
1743,1764629173354598564,True
1744,1764629061999960501,False
1745,1764628966604673453,False
1746,1764624672862130670,False
1747,1764622409271783541,False
1748,1764622392486228410,False
1749,1764620197892079756,False
1750,1764615554290028971,False
1751,1764609734441619839,False
1752,1764605818144423982,False
1753,1764543342342184976,False
1754,1764533700182655441,False
1755,1764522001610236384,True
1756,1764507078238797841,False
1757,1764487181244973185,False
1758,1764486170644553992,False
1759,1764468694392901973,True
1760,1764441447661486552,True
1761,1764465904367157668,True
1762,1764456405220606377,True
1763,1764451971992273045,False
1764,1764444771806806443,False
1765,1764439288064745941,True
1766,1764425526792630542,False
1767,1764423396874440719,False
1768,1764404110743265710,True
1769,1764394371326062919,False
1770,1764393015588602053,False
1771,1764390270563479990,False
1772,1764386599566000234,True
1773,1764371150103101906,True
1774,1764370819763863807,False
1775,1764354846168158554,False
1776,1764352876032209164,False
1777,1764351675953828346,False
1778,1764350075008893033,False
1779,1764347300841652558,False
1780,1764325316430884913,True
1781,1764320769826341193,False
1782,1764300160559988896,True
1783,1764294737027076371,False
1784,1764278248261701912,False
1785,1764275626683339161,True
1786,1764264831744344209,True
1787,1764223656043929681,True
1788,1764103127286923323,True
1789,1764098189475365304,False
1790,1764098115148145005,False
1791,1764096686941745214,False
1792,1764069520899973515,True
1793,1764055943237533763,False
1794,1764055721451171950,True
1795,1764055720331182220,True
1796,1764016971014689053,True
1797,1764010581361570210,False
1798,1763991005353656418,True
1799,1763977243917685111,False
1800,1763971439365927335,False
1801,1763971184717086869,True
1802,1763970767190896946,False
1803,1763970587385323796,False
1804,1763961418074722428,False
1805,1763956015043649861,True
1806,1763955631340310575,False
1807,1763953331297292493,True
1808,1763952015284023670,False
1809,1763935073894563945,True
1810,1763913729106649289,True
1811,1763912137758662782,False
1812,1763901200737464468,False
1813,1763898075762811068,True
1814,1763894959009046841,True
1815,1763894136048906600,False
1816,1763779522451718519,True
1817,1763771306003018017,False
1818,1763770519667482815,False
1819,1763767871014846893,True
1820,1763766674551972080,False
1821,1763759726301434080,False
1822,1763755163871801646,False
1823,1763753623157141665,False
1824,1763752660224651363,True
1825,1763747916043124844,True
1826,1763745381890891905,False
1827,1763731867335868681,True
1828,1763725744520220875,False
1829,1763720841433428107,True
1830,1763719498266255852,False
1831,1763719438262513952,False
1832,1763718011297423518,False
1833,1763717463827443891,False
1834,1763712574162346323,False
1835,1763710695013572766,False
1836,1763704611129487654,False
1837,1763693197727814125,True
1838,1763691394739139010,False
1839,1763686359917613375,True
1840,1763684432014151945,False
1841,1763681684526862582,True
1842,1763676225363472586,False
1843,1763660968997822509,False
1844,1763649549799674065,True
1845,1763649026690351314,True
1846,1763647444481442082,True
1847,1763640353247068429,False
1848,1763637606745550948,False
1849,1763634382949011839,True
1850,1763631381576356293,False
1851,1763627618316804239,True
1852,1763621531056271625,False
1853,1763620427027415501,True
1854,1763618127877726414,False
1855,1763616662773784998,False
1856,1763616530271441151,True
1857,1763608141407674553,True
1858,1763596044380565741,False
1859,1763594007412605284,False
1860,1763585634784956462,False
1861,1763564232912617774,False
1862,1763556655592010119,False
1863,1763547511124361636,False
1864,1763544198249111846,False
1865,1763538113945616458,True
1866,1763534034997543225,False
1867,1763523276448424344,False
1868,1763519962801446978,True
1869,1763468880192704693,False
1870,1763468002152861766,True
1871,1763459651968897071,True
1872,1763418649669369879,False
1873,1763390817606001135,False
1874,1763390523841151035,True
1875,1763386276357545993,False
1876,1763377431262511133,False
1877,1763375249058365919,True
1878,1763368697840693421,False
1879,1763367890458173695,False
1880,1763364316818890816,True
1881,1763348040453095579,False
1882,1763344536468660627,True
1883,1763343206198956173,False
1884,1763318635941052552,False
1885,1763315744127762765,False
1886,1763314622365393229,False
1887,1763312692918374752,True
1888,1763304567532384658,False
1889,1763292612239258034,False
1890,1763283196584890841,False
1891,1767145250256990448,True
1893,1767052089996247426,True
1894,1767019241159508233,False
1895,1767016317284913416,False
1896,1767007059382239575,False
1897,1767004823595917406,False
1898,1767001535962103994,False
1899,1766999340294291514,True
1900,1766992056310727109,False
1901,1766985263891271866,True
1902,1766973159754924136,False
1903,1766956015486898630,True
1904,1766950573528563940,True
1905,1766927799552471195,False
1906,1766924541241012705,False
1907,1766922346672099461,False
1908,1766915096213660046,False
1909,1766914761004884406,False
1910,1766914604184027357,True
1911,1766908623228199364,False
1912,1766904810698134013,True
1913,1766889089783972185,True
1914,1766880477627974055,False
1915,1766847665365557506,False
1916,1766830313118867758,True
1917,1766823652916355218,True
1918,1766821800971837584,False
1919,1766813520144781714,True
1920,1766787133849608615,False
1921,1766756059694166025,False
1922,1766725007193891307,False
1923,1766724989443584238,True
1924,1766720812633993289,True
1925,1766656440649879614,False
1926,1766652982198747412,False
1927,1766635343913058644,True
1928,1766632234637836643,False
1929,1766629811257028858,True
1930,1766615362525860157,False
1931,1766606814676676811,True
1932,1766606680928747767,False
1933,1766596419710836863,True
1934,1766585861053759604,True
1935,1766584022384115998,False
1936,1766579843288735804,False
1937,1766555739663769856,True
1938,1766550031572570124,True
1939,1766549314686374214,True
1940,1766532701362754047,False
1941,1766521999101161561,True
1942,1766521404327907672,False
1943,1766511253810286765,False
1944,1766507752837255355,True
1945,1766499202408886281,False
1946,1766495251689046454,True
1947,1766482940777668655,False
1949,1766448766641426669,False
1950,1766446998834602379,True
1951,1766321705234940085,False
1952,1766298506954732005,True
1953,1766287564783177838,False
1954,1766282052578476164,False
1955,1766272428571857348,True
1956,1766269830489837834,True
1957,1766269272714510574,False
1958,1766246356983632119,False
1959,1766245525093773342,True
1960,1766227004544720936,False
1961,1766217741273330142,False
1962,1766217431016518078,False
1963,1766217374200471879,False
1964,1766213258422153290,True
1965,1766209834632761684,True
1966,1766203916356579618,True
1967,1766180529957695845,False
1968,1766172777604636882,True
1969,1766166201724498364,False
1970,1766149606813954533,False
1971,1766149151513813050,False
1972,1766140652373356719,False
1973,1766130980773863692,True
1974,1766099625256059379,True
1975,1766094843720212533,True
1976,1766087585498009964,False
1977,1766082441716932786,False
1978,1766056826850680931,False
1979,1766054545040257269,True
1980,1766014659067289617,True
1981,1765939133652861383,False
1982,1765932152229626179,True
1983,1765911924321997203,False
1984,1765911637569962270,True
1985,1765905925620052249,True
1986,1765900414661083381,False
1987,1765876637411774713,False
1988,1765863403774509127,True
1989,1765852879338803274,True
1990,1765846626600387004,False
1991,1765842367548915716,True
1992,1765835994073628811,False
1993,1765823703018090712,False
1994,1765814278374805761,True
1995,1765770355233223075,True
1996,1765750446470173045,True
1997,1765736743678959779,False
1998,1765734753381048344,False
1999,1765727890740519115,True
2000,1765725864686219605,False
2001,1765716705286709320,False
2002,1765691554369347961,True
2003,1765683599271932004,False
2004,1765566900853989685,True
2005,1765562382569349354,False
2006,1765536763060105428,False
2007,1765520382583271587,False
2008,1765513018207502651,False
2009,1765499523986571282,False
2010,1765493247902708001,False
2011,1765484522752074210,True
2012,1765410194148712722,False
2013,1765470985241665856,False
2014,1765463566914597128,True
2015,1765463006152982616,False
2016,1765438685707661800,False
2017,1765438477489828262,True
2018,1765428728140542184,True
2019,1765426620179820889,False
2020,1765426566039769096,False
2021,1765416163066933444,False
2022,1765387364354973836,False
2023,1765344351285039348,False
2024,1765298904432513419,False
2025,1765228756723990592,False
2026,1765212474679144521,True
2027,1765203622206255588,False
2028,1765193046855954807,True
2029,1765185681423253772,False
2030,1765185258549338388,True
2031,1765183883992064280,True
2032,1765171061287444551,False
2033,1765164738172842273,True
2034,1765161977477791805,False
2035,1765157234604994812,False
2036,1765148559853162853,False
2037,1765146154080104823,False
2038,1765141960266805681,True
2039,1765141008910561689,True
2040,1765139426978460160,False
2041,1765138755210428763,False
2042,1765137582210298351,False
2043,1765120554485649660,True
2044,1765119767084417065,False
2045,1765118223194718290,False
2046,1765089219670597777,True
2047,1765062614777057371,True
2048,1765057583310889139,False
2049,1765056192387375145,True
2050,1765053763403010376,False
2051,1765045788005081287,False
2052,1765042818106449969,False
2053,1765032240549912743,False
2054,1765030292861948404,False
2055,1765029473819197692,False
2056,1770130358060638220,True
2057,1770122951385354446,True
2058,1770111187209900487,True
2059,1770104220953284713,False
2060,1770085149486551352,False
2061,1770056180628369600,True
2062,1770040729231859866,False
2063,1769966648893583543,True
2064,1769924620902072813,True
2065,1769916497424478634,True
2066,1769906357245706394,True
2067,1769876260644143577,False
2068,1769873184864493660,False
2069,1769872718135017790,False
2070,1769872655694299586,False
2071,1769872260066574492,True
2072,1769870748993139184,False
2073,1769869377241838044,True
2074,1769869203987652707,False
2075,1769868430675517560,False
2076,1769868137044873616,True
2077,1769860419907195350,False
2078,1769858588128792702,False
2079,1769856318817349959,False
2080,1769842759538495860,True
2081,1769841835315188086,False
2082,1769828080690848015,True
2083,1769809814165573637,False
2084,1769806684820578460,True
2085,1769796026938847274,False
2086,1769791176607977829,False
2087,1769789982728753177,True
2088,1769784121490813190,False
2089,1769530286256033928,False
2090,1769774041458516430,False
2091,1769773493514621312,False
2092,1769772096609996975,False
2093,1769771614214742198,True
2094,1769763034879123613,False
2096,1769746249744547991,False
2097,1769745735233290727,False
2098,1769745429367751129,False
2099,1769742123115356364,False
2100,1769730762918531325,False
2101,1769712279665226239,True
2102,1769709888987435349,False
2103,1769706618185293880,False
2104,1769699377067487701,True
2105,1769668347581419853,False
2106,1769638348740608317,False
2107,1769580662732832970,True
2108,1769578060007854441,True
2109,1769566847865676039,True
2110,1769564523466219697,True
2111,1769556718000701805,False
2112,1769546885264535892,True
2113,1769535698762166308,True
2114,1769529277807005706,True
2115,1769526620245709192,True
2116,1769528950496038938,True
2117,1769518369940648411,False
2118,1769512908260569262,False
2119,1769511981843706146,True
2120,1769500306402914548,False
2121,1769491095572939057,False
2122,1769489645069377900,False
2123,1769459085059989587,False
2124,1769448006850343027,True
2125,1769446902729216058,False
2126,1769431261536276854,False
2127,1769420924044857591,False
2128,1769414942396981603,False
2129,1769412609478914072,False
2130,1769087021589393544,False
2131,1769406942529605954,False
2132,1769400592466595908,False
2133,1769357415160394079,True
2134,1769320207070249209,False
2135,1769227811464581412,True
2136,1769186262441660703,True
2137,1769184066954268745,False
2138,1769173569123016893,False
2139,1769170509944504564,False
2140,1769158221078380602,False
2141,1769155126332096873,True
2142,1769153652139217014,False
2143,1769112619342790862,False
2144,1769111214225785111,True
2145,1769106709350416615,True
2146,1769075446149251347,True
2147,1769067743133741153,True
2148,1769063416872734869,False
2149,1769016701822095410,False
2150,1769010734045024503,False
2151,1769010445388521932,False
2152,1769009264276684924,False
2153,1769008662192758832,False
2155,1768994253709930672,True
2156,1768986467722731886,False
2157,1768940387232534876,False
2158,1768933549522968840,False
2159,1768866723409588719,False
2160,1768859275999220222,True
2161,1768650979732320651,True
2162,1768850707824648215,False
2163,1768835177529200806,True
2164,1768819192709480448,False
2165,1768817149202583559,False
2166,1768805031879274843,True
2167,1768803655145152626,True
2168,1768789278715187699,False
2169,1768771454185640095,True
2170,1768763734275629389,True
2171,1768755797872324672,False
2172,1768751133600747719,False
2173,1768746528204546251,True
2174,1768744609239232750,False
2175,1768743262867623940,False
2176,1768742732208521500,False
2177,1768739852479004938,False
2178,1768736604191895649,True
2179,1768736130600476717,False
2180,1768736035012288910,False
2181,1768735240451698717,False
2182,1768722944480407618,False
2183,1768700622310690889,False
2184,1768697222386835605,True
2185,1768695129559138513,False
2186,1768683206021124475,False
2187,1768676881220382802,False
2188,1768671552411680849,False
2189,1768637204010594519,True
2190,1768634013923586559,True
2191,1768591259717849134,True
2192,1768582236146749859,False
2193,1768469798227148906,False
2194,1768468983898837356,True
2195,1768464108108619894,False
2196,1768463513175896458,False
2197,1768456082374934615,False
2198,1768436474196713639,False
2199,1768416348193870153,False
2200,1768405681227330020,True
2201,1768395049128042710,False
2202,1768393744280178949,False
2203,1768391180151050678,False
2204,1768378607146037347,False
2205,1768375072178217204,True
2206,1768370412650385653,True
2207,1768361150599602685,False
2208,1768354087219744828,False
2209,1768349972599083138,True
2210,1768341243090653534,True
2211,1768334487849435278,False
2212,1768312827121447259,True
2213,1768291548205125907,False
2214,1768272369477451870,True
2215,1768244852087517587,False
2216,1768012840361726199,True
2217,1768146822881546399,False
2218,1768141821576626394,True
2219,1768124862080360959,False
2220,1768117586930049507,False
2221,1768113349597003905,False
2222,1768109445752479945,True
2223,1768106088241524897,True
2224,1768084403190665302,True
2225,1768074669167456561,False
2226,1768050790793417022,True
2227,1768042729454379203,True
2228,1768029716450005493,True
2229,1768025039000027382,True
2230,1768021550635118859,True
2231,1768014026410250644,True
2232,1767990075130810606,False
2233,1767983592137724073,True
2234,1767978843610976504,False
2235,1767977294633570711,False
2236,1767967437427773810,True
2237,1767963562566119835,True
2238,1767955904085791200,False
2239,1767948732488937848,False
2240,1767941493275181453,False
2241,1767902934266675652,True
2242,1767896067016700285,True
2243,1767894038739288348,False
2244,1767891862797295767,False
2245,1767883488693190934,True
2246,1767880986090500511,True
2247,1767786217641259074,False
2248,1767766721157361698,False
2249,1767765560782172422,True
2250,1767758789237727689,True
2251,1767753517630988632,False
2252,1767749988107399393,True
2253,1767745530677821635,False
2254,1767745163105804718,True
2255,1767743408469115388,True
2256,1767730805147599215,False
2257,1767719942156124624,False
2258,1767701311917564302,False
2259,1767697726836236455,False
2260,1767690786622394531,False
2261,1767687799489085790,True
2262,1767683794197241947,False
2263,1767670375851188379,False
2264,1767653174607773808,False
2265,1767635790144647241,False
2266,1767628994344562993,False
2267,1767626468916441180,False
2268,1767625255869190559,True
2269,1767608505316376883,False
2270,1767591493290893688,True
2271,1767586601452900847,True
2272,1767586311299375535,False
2273,1767580341441823222,False
2274,1767569423815135559,False
2275,1767548320740708652,True
2276,1767531829681074572,False
2277,1767530719864103143,True
2278,1767527568381517888,False
2279,1767516549408010268,True
2280,1767423753460363480,False
2281,1767401407676596569,False
2282,1767400216154538346,False
2283,1767398477695222187,False
2284,1767394155125187001,False
2285,1767387091288138194,False
2286,1767385314765529449,True
2287,1767381696821764424,False
2288,1767373664498950282,False
2289,1767362530270146741,False
2290,1767361586774102292,True
2291,1767357298664480973,True
2292,1767353981112610909,False
2293,1767351375392907683,False
2294,1767345672582258742,False
2295,1767343745031160086,False
2296,1767340617758114223,False
2297,1767316979797381406,True
2298,1767314997539991607,True
2299,1767304578465243482,True
2300,1767300630580781223,True
2301,1767290842664812826,False
2302,1767284120046948821,True
2303,1767268759826252064,True
2304,1767267454231752726,True
2305,1767251118935908650,False
2306,1767248521126654112,False
2307,1767247200424247338,False
2308,1767236698969108868,True
2309,1767235869117702382,False
2310,1767226750142959969,False
2311,1767226504738435486,False
2312,1767226136520487119,False
2313,1767225722723037212,True
2314,1767218852780245257,False
2315,1767215947696255324,True
2316,1767192819385430527,False
2317,1767186832876257366,False
2318,1767184136052023355,True
2319,1767007983827906935,True
2320,1767173714817265794,False
2321,1767172339957948685,True
2322,1767171524455264583,False
2323,1767168682185077147,False
2324,1772609951917088775,True
2325,1772608916263706772,False
2326,1772601470405300612,False
2327,1772594563250540639,False
2328,1772522992465006827,False
2329,1772476467793838262,False
2330,1772449222693916931,False
2331,1772448286936351006,True
2332,1772438286583144785,False
2333,1772435223466090805,False
2334,1772422022485717154,False
2335,1772421568653644218,False
2337,1772412738569978169,True
2338,1772399144868475287,False
2339,1772397792201220455,False
2340,1772391598531268992,False
2341,1772357859373617631,False
2342,1772320728668418322,False
2343,1772291115359584398,False
2344,1772261891403849803,False
2345,1772246271186608513,False
2346,1772206666307576303,True
2347,1772198564514414817,False
2348,1772138917078192138,True
2349,1772128593574867188,True
2350,1772098371181789629,True
2351,1772090359440437549,False
2352,1772068087476441091,False
2353,1772065288516690115,True
2354,1772054266489770322,False
2355,1772052281673798061,True
2356,1772051806916350341,False
2357,1772035242116763838,False
2358,1772011700209721830,False
2359,1772009222290444433,True
2360,1772001171961483348,False
2361,1771968854744351190,False
2362,1771966695940260164,True
2363,1771965486231671061,True
2364,1771928573206581632,False
2365,1771927168165056629,False
2366,1771908441532969213,False
2367,1771897856808665521,False
2368,1771895881601585406,True
2369,1771870383479705768,False
2370,1771836052723941639,True
2371,1771808746240417990,True
2372,1771796387442704530,False
2373,1771763844223771047,False
2374,1771719824617484546,False
2375,1771690122309759303,True
2376,1771667336677695995,True
2377,1771661890789183779,False
2378,1771637530087092576,False
2379,1771634311805944159,False
2380,1771633424542945732,True
2381,1771614669360234894,True
2382,1771597118500721084,False
2383,1771576315897917465,True
2384,1771572183287906768,True
2385,1771532692883968486,True
2386,1771530079765500411,False
2387,1771526987787423860,True
2388,1771441944691953953,False
2389,1771361524168183862,False
2390,1771283878835065203,False
2391,1771262964005245083,False
2392,1771249849674961143,False
2393,1771234677254176928,False
2394,1771232897783017923,False
2395,1771228311009558988,True
2396,1771226424050852190,False
2397,1771216753982427497,False
2398,1770960078302064774,True
2399,1771204902615736371,False
2400,1771197642887848305,False
2401,1771196428158738433,False
2402,1771195757934051706,True
2403,1771187706610995250,True
2404,1771184129293353196,True
2405,1771176370061643873,True
2406,1771169076775092430,True
2407,1771021573584986501,False
2408,1771012583526396281,True
2409,1770967584386507117,False
2410,1770961615690600847,False
2411,1770958647582957994,True
2412,1770934708114784538,False
2414,1770916484895666279,False
2415,1770912936183140483,False
2416,1770895706712117578,False
2417,1770858415323009218,True
2418,1770817045916983456,False
2419,1770844180215943512,False
2420,1770821915726295071,False
2421,1770801290018201981,True
2422,1770786845200109581,False
2423,1770963794841186350,False
2424,1770777542330380628,True
2426,1770683610082771072,True
2427,1770658943045628090,True
2428,1770647747084923155,False
2429,1770639823792955622,False
2430,1770636194532954207,False
2431,1770628840462663863,True
2433,1770610934844662252,False
2434,1770543275943821588,False
2435,1770522910576222522,False
2436,1770490557237797082,True
2437,1770487374725648439,False
2438,1770478125966582057,False
2439,1770473851526218151,True
2440,1770460250044285321,True
2441,1770455833182171470,True
2442,1770453087485931635,False
2443,1770441881186369768,False
2444,1770437893216989586,False
2445,1770437507089314153,True
2446,1770342456392818761,False
2447,1770289148085047648,True
2448,1770281664159121558,False
2449,1770271630054322595,False
2450,1770270542941114783,False
2451,1770238120635617364,False
2452,1770232808172130639,False
2453,1770202951665008645,False
2454,1770201037573337198,False
2455,1770176175827988589,False
2456,1770158579846123909,True
2457,1770156336795222379,False
2458,1770144862903410795,False
2459,1770142418714734746,True
2460,1775515223681630693,True
2461,1775486496448946684,False
2462,1775464179421368759,False
2463,1775462719300206789,True
2464,1775461158876537237,True
2465,1775460962214043715,False
2466,1775350456643977503,True
2467,1775342349196894501,True
2468,1775314008586776760,True
2469,1775308402329100359,True
2470,1775307656162361426,True
2471,1775303670302740706,True
2472,1775292494395195658,True
2473,1775291657547624489,True
2474,1775291054729691537,False
2475,1775277870191137224,True
2476,1775272310989332713,True
2477,1775262435248849224,True
2479,1775261979311235237,True
2480,1775238723199738279,True
2481,1775232105284358499,False
2482,1775228054152859869,False
2483,1775206279121662003,True
2484,1775206021985681613,True
2485,1775205607273853009,False
2486,1775202340892520834,False
2487,1775202096674976075,True
2488,1775199233148117302,True
2489,1775196358779056270,False
2490,1775192243189506409,False
2491,1775188868788085039,False
2492,1775181355099287689,False
2493,1775180167130009992,True
2494,1775170846237090009,False
2495,1775169256398684310,True
2496,1775166324831883318,False
2497,1775162205744320891,False
2498,1775044420263354856,False
2499,1775035461599150132,False
2500,1775007534790623707,True
2501,1775003717147693293,True
2502,1775000573009346814,True
2503,1774999213807374522,False
2504,1774994823994315158,False
2505,1774989996476321806,False
2506,1774988850474909730,False
2507,1775022077709254804,True
2508,1774986807425314853,True
2509,1774983344356221196,True
2510,1774980662400847978,False
2511,1774979882541273142,False
2512,1774978409761751389,True
2513,1774958873608065348,False
2514,1774919880786972907,False
2515,1774958646830551075,True
2516,1774957393421521324,False
2517,1774949983172559302,True
2518,1774884077918728313,True
2519,1774944064086921372,False
2520,1774939487455568186,False
2521,1774937807091327483,False
2522,1774936727771078797,True
2523,1774935815057035771,False
2524,1774935292425785515,False
2525,1774934633827766557,False
2526,1774931581494268036,True
2527,1774931004270018716,True
2528,1774929481880191356,True
2529,1774926736184025098,False
2530,1774925282446651577,False
2531,1774924961469067720,False
2532,1774924701317398931,True
2533,1774919555825168450,True
2534,1774915450767393036,False
2535,1774915338850754603,False
2536,1774906742993813608,False
2537,1774903026139922464,False
2538,1774900855667404907,True
2539,1774900195039281554,True
2540,1774898419942776869,False
2541,1774893293836345723,True
2542,1774889789310881914,True
2543,1774887854864212190,False
2544,1774880593827782947,True
2545,1774868571933303231,False
2546,1774863298036453862,True
2547,1774817294658494569,False
2548,1774858842490257776,False
2549,1774857766147911879,False
2550,1774855381430272383,False
2551,1774834964963479854,False
2552,1774834407137829112,False
2553,1774821346314223836,False
2554,1774817327709622288,True
2555,1774816658294497707,False
2556,1774807541299433566,True
2557,1774848900861440031,True
2558,1774806362297418105,False
2559,1774805371107807722,True
2560,1774764433195036809,False
2561,1774734846205493447,True
2562,1774671715521438069,True
2563,1774664677617770676,True
2564,1774658713715937737,False
2565,1774651513752732145,False
2566,1774644975080247770,True
2567,1774641018765246940,True
2568,1774639818305135019,True
2569,1774638290248847387,False
2570,1774630442605437365,True
2571,1774627663329497306,True
2572,1774618702190624863,True
2573,1774614782538047802,False
2574,1774582975809593515,True
2575,1774575413232103816,True
2576,1774570054601805932,False
2577,1774556178812403844,True
2578,1774541112469848103,False
2579,1774536382750290241,True
2580,1774535771883495740,False
2581,1774533392115151061,True
2582,1774527879050658268,False
2583,1774527397812998631,False
2584,1774516509261419007,False
2585,1774496654265065937,False
2586,1774485178238291974,False
2587,1774071300790599814,False
2588,1774462361690059185,False
2589,1774457584746938793,False
2590,1774448724720148556,False
2591,1774447237847732628,False
2592,1774421795199668230,False
2593,1774419180311204252,False
2594,1774415501919227985,True
2595,1774393576119488588,False
2596,1774384914961404138,True
2597,1774326271813750860,False
2598,1774300639092154385,False
2599,1774271708532232364,False
2600,1774271276732895741,True
2601,1774260291678740982,False
2602,1774254448807727492,False
2603,1774251899715289167,True
2604,1774245129475248629,False
2605,1774244989771403355,True
2606,1774244174809764300,True
2607,1774243268458402131,True
2608,1774242825057579477,False
2609,1774237784967897481,False
2610,1774237548165882188,True
2611,1774232573541036462,False
2612,1774231496259252688,False
2613,1774227371173794031,False
2614,1774226471155831069,False
2615,1774225791678660987,True
2616,1774222710429622647,False
2617,1774213999959199963,True
2618,1774209999180370323,False
2619,1774209064597131327,True
2620,1774192810414977049,False
2621,1774186274506592682,True
2622,1774178552302191077,False
2623,1774175486802882968,False
2624,1774174867853631796,False
2625,1774171534728351791,False
2626,1774171203306914151,False
2627,1774171164241228100,False
2628,1774165512282317043,True
2629,1774163894803550351,True
2630,1774163865841885545,True
2631,1774163312655147497,True
2632,1774162355246489824,True
2633,1774159319417672018,True
2634,1774156320414781633,False
2635,1774144683217748398,False
2636,1774142369417335245,False
2637,1774139850083447038,True
2638,1774138844650074345,False
2639,1774138384937619888,False
2640,1774135755910103361,False
2641,1774132014880293061,False
2642,1774124975634444537,False
2643,1774124632339079269,False
2644,1774120861483614265,False
2645,1774120040100458720,False
2646,1774118875023462711,False
2647,1774117503758672028,False
2648,1774117421403492446,True
2649,1774116099971269077,False
2650,1774110068729933861,False
2651,1774109996290076700,False
2652,1774104322000695395,False
2653,1774096714909016071,False
2654,1774096539838808259,False
2655,1774092488514424968,False
2656,1774090389928005751,False
2657,1774079841341501534,True
2658,1774058972636483966,False
2659,1773932026510401551,False
2660,1773890665379729731,False
2661,1773885082094162403,False
2662,1773883072380874766,False
2663,1773882050799694214,True
2664,1773869013283529056,True
2665,1773868648442024144,False
2666,1773865648247984518,False
2667,1773865357524062322,False
2668,1773862790245085272,True
2669,1773859346918560223,True
2670,1773807451420115420,False
2671,1773798809300074776,False
2672,1773739698252288385,True
2673,1773725720704958745,False
2674,1773720238799913181,True
2675,1773717952384118993,False
2676,1773707413490643252,True
2677,1773686616436990019,True
2678,1773565117772308509,True
2679,1773543200872960462,True
2680,1773541373913767973,False
2681,1773532500343525499,True
2682,1773530571215347737,False
2683,1773527024704925770,False
2684,1773523152900854028,True
2685,1773509309885772039,False
2686,1773508742673281471,False
2687,1773504406291468698,False
2688,1773502259373994286,False
2689,1773478527913894202,True
2690,1773461431112872379,False
2691,1773457433383342168,False
2692,1773453416091492556,True
2693,1773405486475350381,True
2694,1773404686164332829,False
2695,1773402209771831762,False
2696,1773401440272150607,False
2697,1773375206725201999,False
2698,1773366803818852647,True
2699,1773349943387853202,False
2700,1773345912355500532,True
2701,1773343788934578358,True
2702,1773341662250492345,False
2703,1773317874653814903,False
2704,1773242446412980245,False
2705,1773235274585096548,True
2706,1773227292426207632,True
2707,1773204573626282204,False
2708,1773174792666898514,False
2709,1773170275594486105,True
2710,1773167704188326062,False
2711,1773151785735114918,False
2712,1773150219191898453,True
2713,1773147605012213934,True
2714,1773143723771113955,False
2715,1773141818420416608,False
2716,1773131209268199846,True
2717,1773125441924059364,False
2718,1773115967481991225,True
2719,1773111060150489552,True
2720,1773109124298870861,False
2721,1773089057892933922,False
2722,1773088392592433406,True
2723,1773086828792369508,True
2724,1773076736734863421,True
2725,1773030626209218845,True
2726,1773024832591929588,True
2727,1773022186082603264,False
2728,1773019689897082991,False
2729,1773017483135398328,True
2730,1773017232542437825,True
2731,1773015438290489837,False
2732,1773009518198145454,True
2733,1772995392939921421,False
2734,1772993501426266233,False
2735,1772992936759738797,True
2736,1772979806486823020,True
2737,1772974417900916959,True
2738,1772969292130140575,False
2739,1772953016867447141,True
2740,1772940393077989790,False
2741,1772858911164362976,True
2742,1772856698639704299,False
2743,1772844972888502406,False
2744,1772840281450143805,True
2745,1772839051290157430,True
2746,1772836751414890551,False
2747,1772833973728649425,False
2748,1772822606057521639,True
2749,1772821278602264949,False
2750,1772821116630737071,False
2751,1772818772102881686,False
2752,1772816739958415441,True
2753,1772813091891298445,False
2754,1772810045979242666,False
2755,1772809092962116055,False
2756,1772805579989303492,False
2757,1772804558000886067,False
2758,1772781592441749593,False
2759,1772750139028877498,True
2760,1772737255636877375,False
2761,1772794590434570501,True
2762,1772667288598048909,False
2763,1772663484611736033,False
2764,1772663188988862543,True
2765,1772660143227814362,False
2766,1772652446331871277,False
2767,1772650974743572732,False
2768,1772645958527951143,False
2769,1772645370801140129,False
2770,1772640607883694482,False
2771,1772622612914438271,True
2772,1772645936793096455,False
2773,1777344923206922350,False
2774,1777341857317482942,True
2775,1777321657104826593,False
2776,1777308751164215323,False
2777,1777183111157088586,False
2778,1777181897883316733,False
2779,1777175803999952941,False
2780,1777166473741435233,True
2781,1777160311415435393,True
2782,1777159310721614185,False
2783,1777154762514788678,False
2784,1777127354994729017,False
2785,1777090397807824970,True
2786,1777085233893962101,True
2787,1777080141593583662,False
2788,1777062353927843977,False
2789,1777053913553732068,False
2790,1777044527364096309,False
2791,1777041959716082083,True
2792,1777033772157763938,False
2793,1777028955440042219,False
2794,1777016320220914118,False
2795,1777013069224333399,False
2796,1777011421798080719,False
2797,1776990023306338508,True
2798,1776986703925764262,False
2799,1776975110886355238,False
2800,1776974033071878559,True
2801,1776955402761933034,False
2802,1776951261775954429,False
2803,1776930406744400003,False
2804,1776923305892614248,False
2805,1776842241966813590,True
2806,1776797480161517682,False
2807,1776783247164244021,False
2808,1776771986951131281,True
2809,1776769216290468255,True
2810,1776767055179432119,True
2811,1776756511353557466,False
2812,1776753689039917502,False
2813,1776752787411362119,True
2814,1776743176293712050,True
2815,1776733864687202740,False
2816,1776729036661621098,False
2817,1776727644085567857,False
2818,1776721923268870233,True
2819,1776706386665128362,False
2820,1776706254494183782,False
2821,1776700605538418786,True
2822,1776693891166601294,False
2823,1776689160222392389,False
2824,1776678951168963037,False
2825,1776646619464683921,False
2826,1776643806030340522,False
2827,1776637580089446541,False
2828,1776631028083220728,False
2829,1776625624670495146,True
2830,1776620138487255205,False
2831,1776620002507943946,False
2832,1776600523052830887,False
2833,1776592612234830003,False
2834,1776473985716265103,False
2835,1776447298668478893,False
2836,1776434250763395290,True
2837,1776432826465874339,True
2838,1776430177465110689,False
2839,1776414861536158095,True
2840,1776389708953665557,True
2841,1776378435109077204,True
2842,1776355018536624601,False
2843,1776351429352980803,False
2844,1776340370265108899,True
2845,1776334159323017307,True
2846,1776312249092591917,False
2847,1776304066399809802,False
2848,1776292536983695434,False
2849,1776271867608781123,False
2850,1776268558701310356,True
2851,1776264196943991257,False
2852,1776245760729706906,False
2853,1776218304643760377,True
2854,1776208352407703827,False
2855,1776191778896396781,True
2856,1776103004795466201,False
2857,1776102643737198669,True
2858,1776065560708567153,True
2859,1776063746558791887,False
2860,1776063523572867373,False
2861,1776048478071721988,True
2862,1776034647891235263,False
2863,1776029821136420901,True
2864,1776019415470870665,False
2865,1775998901260030426,False
2866,1775996798626091227,True
2867,1775995149992001846,False
2868,1775987053982892305,False
2869,1775984981031931961,True
2870,1775984231941808436,False
2871,1775954733947146313,True
2872,1775953582715527596,False
2873,1775950211623297483,False
2874,1775949516023222544,False
2875,1775945571544535146,True
2876,1775940167041265967,True
2877,1775935307495387605,False
2878,1775913040434589801,False
2879,1775912610069668338,True
2880,1775909262692069720,True
2881,1775917218632503787,False
2882,1775903737287999925,True
2883,1775851231178539207,True
2884,1775830722298720465,False
2885,1775818303539183769,False
2886,1775731267184570605,False
2887,1775729880312770686,False
2888,1775729253830815851,False
2889,1775728325572370847,False
2890,1775710122339176557,False
2891,1775709818101112988,False
2892,1775706077624996127,False
2893,1775697586952790186,True
2894,1775697277874565127,False
2895,1775690581164855648,True
2896,1775684737958355113,True
2897,1775682267236753660,True
2898,1775679997925073320,True
2899,1775665614587146574,True
2900,1775661343841865902,False
2901,1775637883954598394,False
2902,1775636540443578436,False
2903,1775635756096061729,False
2904,1775633375291707487,False
2905,1775620768736346176,False
2906,1775606696234070334,True
2907,1775596338916229617,False
2908,1775591418704142396,False
2909,1775574893528072668,False
2910,1775571544053367237,True
2911,1775565779745824917,True
2912,1775551845412245776,False
2913,1775548538044227932,True
2914,1775536131293249701,False
2915,1779858165435138090,False
2916,1779858131624886546,False
2917,1779855416958071028,False
2918,1779850569357668630,False
2919,1779836598575566929,False
2920,1779815099127013815,True
2921,1779724181208285361,True
2922,1779721317664649313,False
2923,1779696270589743608,False
2924,1779691620998291783,True
2925,1779682470369112153,False
2926,1779682077522149499,False
2927,1779671299092082961,False
2928,1779657998543032668,True
2929,1779631089348178102,False
2930,1779629522666566003,False
2931,1779621314019365197,False
2932,1779613442661404980,False
2933,1779226123580105107,False
2934,1779562391157735902,True
2935,1779558055174173031,True
2936,1779507996680245356,True
2937,1779491980227060085,False
2938,1779484458237743547,False
2939,1779443680077549858,False
2940,1779409749760508297,True
2941,1779396659794817185,True
2942,1779392459627278583,False
2943,1779376654432805102,True
2944,1779321854827680232,False
2945,1779315646339178559,True
2946,1779300561248264648,False
2947,1779262837677809852,False
2948,1779243593233822014,True
2949,1779229528616755481,False
2950,1779206813738549337,False
2951,1779204357520797927,True
2952,1779194094587433014,True
2953,1779170950669304084,False
2954,1779142981695529398,False
2955,1779130600332439661,True
2956,1779111964213383338,False
2957,1779103508303683799,True
2958,1779094712483282983,True
2959,1779083407672099288,False
2960,1779001366435823932,True
2961,1778973990876283377,False
2962,1778969801467011199,False
2963,1778954735799644584,False
2964,1778926233725567418,False
2965,1778906994398593282,False
2966,1778903208343019602,False
2967,1778900971768172791,True
2968,1778900215870673314,True
2969,1778855385044017294,True
2970,1778825885820309826,True
2971,1778818844334739641,True
2972,1778815584580587878,False
2973,1778791775211225373,False
2974,1778790116724556001,False
2975,1778635260760109444,False
2976,1778783757434331451,False
2977,1778780362140729559,True
2978,1778767765060432186,False
2979,1778753259936563636,False
2980,1778690806636745017,False
2981,1778653113722818977,False
2982,1778622062774407441,True
2983,1778619293866885345,False
2984,1778616003032650087,False
2985,1778594963212693587,False
2986,1778594239359680772,True
2987,1778592273615241350,False
2988,1778584029253501018,False
2989,1778558970283655638,True
2991,1778543516450533782,False
2992,1778540152765452487,False
2993,1778533496740528277,False
2994,1778523369941639203,True
2995,1778510795136971157,False
2996,1778510613209059393,True
2997,1778489024841130231,True
2998,1778487741371596876,True
2999,1778486016564719691,True
3000,1778485910771744981,False
3001,1778477757485215912,False
3002,1778476201415184781,False
3003,1778462550755086746,True
3004,1778451651608670550,True
3005,1778444157746311517,True
3006,1778412397876650173,True
3007,1778396076229132781,False
3008,1778393662839284087,True
3009,1778261943758815681,False
3010,1778255091142701519,False
3011,1778254448680128869,True
3012,1778227361013432768,True
3013,1778220067504669001,False
3014,1778210519503008244,False
3015,1778199121897365746,True
3016,1778188364979830790,False
3017,1778188132426612816,False
3018,1778186005079859370,False
3019,1778179087418183948,True
3020,1778177531956375756,True
3021,1778145541337100711,False
3022,1778145490049118459,False
3023,1778141197426380984,False
3024,1778139623379624159,False
3025,1778135666213179684,True
3026,1778114065786646563,False
3027,1778095166336782450,False
3028,1778094681915642207,False
3029,1778083432486056139,False
3030,1778080296262393892,False
3031,1778073380911972859,True
3032,1778070843085434981,False
3033,1778069016524841417,False
3034,1778060275645571497,True
3035,1778050814239527117,False
3036,1778047702774776041,False
3037,1778043747160240508,True
3038,1777994164954640818,True
3039,1777904377807724648,False
3040,1777893661088317820,False
3041,1777872503450341608,False
3042,1777862849638916240,True
3043,1777853806451057122,False
3044,1777852799008571532,False
3045,1777837082628563178,False
3046,1777835557768368353,True
3047,1777823929731625223,False
3048,1777823203110379673,False
3049,1777812133813621043,True
3050,1777470563889320205,True
3051,1777769134421336382,True
3052,1777768503061159997,True
3053,1777759899574731064,True
3054,1777749550918201570,False
3055,1777738016645120050,True
3056,1777735002865709489,True
3057,1777726719362740385,False
3058,1777725454641664348,False
3059,1777695658826191189,False
3060,1777683734168236070,False
3061,1777680295937880559,True
3062,1777678521764098264,True
3063,1777654315366105468,False
3064,1777639013739852169,False
3065,1777590946684702770,False
3066,1777547311188500672,False
3067,1777538892863856956,False
3068,1777533220893925477,False
3069,1777530475864596991,False
3070,1777529236275757149,False
3071,1777528683080687721,True
3072,1777528629162864878,True
3073,1777528131525411096,False
3074,1777527499309629689,False
3075,1777523389931892771,False
3076,1777520558873149854,False
3077,1777519520103465019,True
3078,1777513463016833083,False
3079,1777506883865026721,True
3080,1777490261574107361,False
3081,1777489797998624935,True
3082,1777480942996652447,False
3083,1777471267697762353,False
3084,1777463708941246549,False
3085,1777461502481514754,False
3086,1777457245648765310,True
3087,1777444524161167620,False
3088,1777430258389585995,True
3089,1777429561313046962,False
3090,1777427755610648608,False
3091,1777421265273225409,True
3092,1777390715519001035,True
3093,1777383423843160561,False
3094,1777368686354989468,False
3095,1777365189375267253,True
3096,1777356487234306075,False
3097,1777352229323669791,True
3098,1780555094921986337,False
3099,1780543126706204887,False
3100,1780488762373361758,False
3101,1780477621651869933,False
3102,1780462844451954841,False
3103,1780451005580132485,False
3104,1780428928965861426,False
3105,1780424503144620510,False
3106,1780398715364131294,True
3107,1780395331684843565,False
3108,1780381904304320602,True
3109,1780377721190711798,True
3110,1780362468323131470,True
3111,1780358845438566768,True
3112,1780347462835716443,False
3113,1780346038437437538,False
3114,1780344508397281296,False
3115,1780338284540883217,False
3116,1780335375942074650,False
3117,1780334309448077689,False
3118,1780316553516351646,False
3119,1780311354198331603,False
3120,1780306580967129264,True
3121,1780291950177878314,True
3122,1780284192007291246,False
3123,1780262442959855722,True
3124,1780242602178068963,False
3125,1780230522435674542,True
3126,1780228754297463038,True
3127,1780226588304441610,True
3128,1780220288971489502,False
3129,1780215623005376986,True
3130,1780204713125802377,True
3131,1780193393278124370,False
3132,1780178647116030292,False
3133,1780035030271799405,False
3134,1780173920307429423,False
3135,1780170858230657240,False
3136,1780159286808613165,False
3137,1780087768363766246,False
3138,1780067330510172268,False
3139,1780027595687403898,False
3140,1780025198705598976,False
3141,1780021075406942573,True
3142,1780019789328527610,True
3143,1780014658902012129,False
3144,1779920813690372150,False
3145,1780009372350927155,True
3146,1780008616122015888,False
3147,1780007772903403948,True
3148,1780005007170900214,False
3149,1779974105590051299,True
3150,1779973873141768508,False
3151,1779963497255731323,False
3152,1779950111197438010,False
3153,1779944246524645389,True
3154,1779941987178963146,True
3155,1779936608835269055,False
3156,1779935495675421071,False
3157,1779935437890503091,True
3158,1779930946810101951,True
3159,1779928488167784597,False
3160,1779920590079414297,False
3161,1779920468738187276,False
3162,1779918700189000165,True
3163,1779915738398044313,False
3164,1779912599569612824,False
3165,1779886901886865720,False
3166,1779882418054312106,False
3167,1779872543135916101,True
3168,1781324773726798290,False
3169,1781317937879482594,False
3170,1781307230412738623,False
3171,1781305432566288717,False
3172,1781285435378971037,False
3173,1781278412067287130,True
3174,1781243899782050012,False
3175,1781192051066904838,False
3176,1781183991086727195,False
3177,1781156044313370666,True
3178,1781155548043329703,True
3179,1781150626677702706,True
3180,1781146706664407221,False
3181,1781109469088301323,False
3182,1781093551129948626,True
3183,1781086303301275675,True
3184,1781019871410614724,False
3185,1781081446511206604,False
3186,1781080015678927158,False
3187,1781075922067603830,False
3188,1781073114190782700,False
3189,1781069211424498020,False
3190,1781063472228258094,False
3191,1781059358379384840,True
3192,1781048989506293953,True
3193,1781044976056439053,True
3194,1781039018148335964,True
3195,1781037443388494305,True
3196,1781009228292878612,False
3197,1780998003798454442,True
3198,1780992995740815569,True
3199,1780987540012503533,True
3200,1780984847604895830,False
3201,1780968737702604896,True
3202,1780968686586597380,False
3203,1780958205692317742,False
3204,1780937682174054725,False
3205,1780926751666737262,True
3206,1780925928643670425,True
3207,1780900979145126203,True
3208,1780828857756422468,False
3209,1780813893905916290,False
3210,1780794004340089171,True
3211,1780791137357205915,False
3212,1780784454060912766,False
3213,1780783250933223538,True
3214,1780779581563125872,False
3215,1780763079447359887,True
3216,1780748941660680234,True
3217,1780745741842989431,True
3218,1780741551179632839,True
3219,1780734530602611044,True
3220,1780730286499856873,False
3221,1780726979827794111,True
3222,1780719588751089872,False
3223,1780706237317095819,False
3224,1780693605444956403,True
3225,1780693399718289439,False
3226,1780693080363909604,False
3227,1780683395116282013,False
3228,1780681533927436558,False
3229,1780677402324058364,False
3230,1780654534722793605,True
3231,1780653807409549680,False
3232,1780649132564037800,False
3233,1780608056054673458,False
3234,1780603179220263411,False
3235,1780602239653994532,True
3236,1780594223810830684,True
3237,1780588925582483842,False
3238,1783172745062175014,False
3239,1783172528757686532,False
3240,1783169272891486632,False
3242,1783152492986937443,False
3243,1782932872883536119,False
3244,1783141836711764239,True
3245,1783136731446829141,True
3246,1783135120695656612,True
3247,1783131180411286003,True
3248,1783129206500515955,False
3249,1783121249046061183,False
3250,1783112652010467563,False
3251,1783112168746922244,True
3252,1783105945062498705,True
3253,1783076414440304910,True
3255,1782992359988318690,False
3256,1782949064729845936,False
3257,1782941039168282760,False
3258,1782938517976322549,False
3259,1782937002968580242,False
3260,1782918768584237348,True
3261,1782917531281334328,True
3262,1782891207384875513,True
3263,1782878999368061035,False
3264,1782878520084971662,False
3265,1782867451283193941,False
3266,1782837525024776302,True
3267,1782836274249736242,False
3268,1782835679233220701,False
3269,1782834297709170966,False
3270,1782798974090440718,True
3271,1782798935003713656,False
3272,1782737341825622123,True
3273,1782735712548192445,True
3274,1782660697446350929,False
3275,1782658625799868714,False
3276,1782600298097188942,False
3277,1782584483872383099,False
3278,1782584347184263209,True
3279,1782582797200396452,False
3280,1782577027914010669,False
3281,1782572203294216477,False
3282,1782572089293025489,False
3283,1782562017393385653,False
3284,1782547753945440465,True
3285,1782545103292084710,False
3287,1782523804494831665,False
3288,1782496206360310247,True
3289,1782479376174420090,False
3290,1782477532194877862,False
3291,1782474251229888516,False
3292,1782473052267184408,False
3293,1782464459497197702,False
3294,1782459998485831983,True
3295,1782447206319988944,True
3296,1782440637884670227,False
3297,1782433036346253508,False
3298,1782426220405092810,True
3299,1782425868695921112,False
3300,1782417032346046852,False
3301,1782409994035483088,True
3302,1782405886507409884,True
3303,1782403695575195674,False
3304,1782388573582266562,True
3305,1782380856130130185,False
3306,1782369943402561769,True
3307,1782321083481276537,True
3308,1782295167682162739,False
3309,1782274919742464475,False
3310,1782252674685043139,True
3311,1782252218193702941,False
3312,1782246982087487866,False
3313,1782234131990008045,False
3314,1782204409276998089,True
3315,1782175933912269165,True
3316,1782165405148049630,True
3317,1782162642989097237,True
3318,1782162198644580699,False
3319,1782161900026876313,True
3320,1782146797567123490,True
3321,1782143056138916031,True
3322,1782134379877171652,False
3323,1782120526766330175,False
3324,1782119003848085603,True
3325,1782079459882897677,False
3326,1782015089366761938,False
3327,1781870295768264734,False
3328,1781862489858142539,False
3329,1781857511278072203,True
3330,1781855767231881237,False
3331,1781836827457958361,False
3332,1781821115578355718,True
3333,1781812731290456475,True
3334,1781788914191045111,False
3335,1781782446045811113,False
3336,1781781034326974849,False
3337,1781773100482224474,False
3338,1781767131740111047,False
3339,1781747715115725049,True
3340,1781728125711216801,True
3341,1781695825036394879,False
3342,1781695666009391257,False
3343,1781693836537831587,False
3344,1781657227801092268,True
3345,1781595688242913722,True
3346,1781592090985525670,False
3347,1781512947413418216,False
3348,1781509994464125017,False
3349,1781487363237073349,False
3350,1781474237976379514,False
3351,1781472848336371870,True
3352,1781463275269411007,False
3353,1781461864540520648,True
3354,1781454721917518032,False
3355,1781437467205173329,True
3356,1781435719606546676,False
3357,1781431657968333305,True
3358,1781422843290362328,False
3359,1781398881663598940,False
3360,1781383896065626411,True
3361,1781365256972853670,False
3362,1781363327442067755,True
3363,1781363169899807169,True
3364,1781358016337518957,True
3365,1781354085439996178,True
3366,1781346324870320631,False
3367,1781339028630999545,True
3368,1781337978440221129,True
3369,1781333016977027224,True
3370,1781331659620552752,False
3371,1781327833152790932,False
3372,1783186764154482939,False
3373,1784913744264298982,True
3374,1784897343642362347,False
3375,1784891409331355898,True
3376,1784868547367252239,True
3377,1784831433866875014,False
3378,1784826320796434437,False
3379,1784798790861328817,False
3380,1784783228529787362,False
3381,1784773018092245381,True
3382,1784757451251736688,False
3383,1784756802791346662,False
3384,1784751012558880961,False
3385,1784741973217206640,False
3386,1784733934187696506,True
3387,1784723874841555275,True
3388,1784710448010379442,True
3389,1784698365877404061,False
3390,1784680094574809385,True
3391,1784612139723829255,True
3392,1784608559587614991,True
3393,1784603524329787773,False
3394,1784575316163207456,False
3395,1784484872288915892,False
3396,1784448421870313683,False
3397,1784442370659958792,True
3398,1784401662993379409,True
3399,1784397837490434340,False
3400,1784396231709450540,False
3401,1784389814969643320,False
3402,1784384325460398340,False
3403,1784381583652204740,True
3404,1784369995436191955,False
3405,1784368229009301782,False
3406,1784366981640028213,False
3407,1784355227367284743,False
3408,1784347934831575539,False
3409,1784340452851749326,True
3410,1784335289248297356,True
3411,1784326627381391619,False
3412,1784291120706384186,True
3413,1784290503296479684,False
3414,1784279269834691054,True
3415,1784275567636086806,True
3416,1784241925433807211,False
3417,1784241922766188788,False
3418,1784239732970373505,False
3419,1784229616544276960,False
3420,1784226443410411563,False
3421,1784225080152670522,True
3422,1784221370768855431,False
3423,1784208867166949674,True
3424,1784193456333533407,False
3425,1784149722027942154,True
3426,1784066155524636812,False
3427,1784056671913852955,False
3428,1784050732166987789,True
3429,1784048144570855487,False
3430,1784039970602135719,False
3431,1784034649917817151,True
3432,1784029786433544449,False
3433,1784016479412797597,False
3434,1784014458194444717,True
3435,1784012891923816909,True
3436,1784011398839681146,True
3437,1784009583695921335,True
3438,1784006740440490113,True
3439,1784005771241410623,False
3440,1784003957091668382,True
3441,1784000482920276168,True
3442,1783998584448266526,True
3443,1783997458562838897,True
3444,1783995534426136852,True
3445,1783994394082758935,True
3446,1783991121930031367,True
3447,1783989418518294713,False
3448,1783988311817605293,True
3449,1783980369190002951,True
3450,1783968964680331676,False
3451,1783967669667934225,False
3452,1783967434128392570,True
3453,1783962319430602758,True
3454,1783959886193119729,False
3455,1783953790430851390,True
3456,1783897592427851959,False
3457,1783952420768276761,True
3458,1783950507070939202,False
3459,1783942836741652733,False
3460,1783939618146025566,True
3461,1783932386708726003,True
3462,1783931446501028054,False
3463,1783927975244701763,False
3464,1783925214893551883,False
3465,1783921762561839253,True
3466,1783919796540538956,False
3467,1783912888723230751,False
3468,1783908491133960516,True
3469,1783906070093549709,False
3470,1783890221131604068,True
3471,1783884294152163577,False
3472,1783882863286374644,True
3473,1783882608608178255,True
3474,1783862584258478364,True
3475,1783858779630534914,True
3476,1783837155628048827,False
3477,1783714627345379436,True
3478,1783690275480584373,False
3479,1783678680113320062,True
3480,1783678541684507058,False
3481,1783677746176029176,True
3483,1783672551232692731,True
3484,1783670243375595849,True
3485,1783668629327737046,False
3486,1783667272839573897,False
3487,1783666781392863441,True
3488,1783662180732178547,False
3489,1783661852020420795,False
3490,1783659684177535215,True
3491,1783650273820385467,False
3492,1783649512210223200,False
3493,1783632617553707029,False
3494,1783627135392825507,False
3495,1783620676693151959,False
3496,1783614759788785671,False
3497,1783604691974160441,False
3498,1783593912893882795,False
3499,1783576915120451649,False
3500,1783567565714756000,True
3501,1783553382097080326,False
3502,1783537443808882733,False
3503,1783533177207771351,True
3504,1783521286548783144,True
3505,1783505046577013189,False
3506,1783459992676278598,True
3507,1783453266753265968,False
3508,1783443914403258697,False
3509,1783339198717513994,True
3510,1783337453618704461,False
3511,1783322958401798410,False
3512,1783321959113138471,False
3513,1783314851609166059,False
3514,1783306903302365687,False
3515,1783305116159762491,False
3516,1783295359059398798,False
3517,1783293041823916454,False
3518,1783277650481467548,True
3519,1783263486102978749,True
3520,1783261336719249444,True
3521,1783250047045374407,True
3522,1783246997987676579,False
3523,1783243175290663392,False
3524,1783234177946538112,True
3525,1783229714930233515,True
3526,1783202429518991857,True
3527,1783202254314504490,False
3528,1783197741947949251,False
3529,1783190417380393408,False
3530,1786062275415048643,False
3531,1786028726557319173,False
3532,1786025712425595046,True
3533,1785851709320757292,True
3534,1785892575871631475,True
3535,1785868326247305693,True
3536,1785854169041002662,True
3537,1785832967379554544,False
3538,1785816388487053678,False
3539,1785794380810334338,True
3540,1785773714589495767,False
3541,1785766631345357241,False
3542,1785765231534186772,False
3543,1785764654901272697,True
3544,1785758403467313631,True
3545,1785755168899768650,False
3546,1785744044426932332,False
3547,1785733354911920190,True
3548,1785732295917207638,False
3549,1785720825938591880,True
3550,1785714934229209532,True
3551,1785673277551390919,True
3552,1785662660563832944,True
3553,1785620074667147585,False
3554,1785611351051714731,False
3555,1785563333212459397,False
3556,1785560408197091691,False
3557,1785539500266967133,True
3558,1785526420392886631,False
3559,1785517256505479517,False
3560,1785487525051584734,True
3561,1785476399110783384,True
3562,1785476099780055181,True
3563,1785427962457690161,False
3564,1785424504790880305,True
3565,1785405454165647745,True
3566,1785395619877589081,False
3567,1785391876004037062,False
3568,1785385488209076344,False
3569,1785362595446194496,False
3570,1785351763932934414,False
3571,1785348692997746926,False
3572,1785342246172205113,True
3573,1785334622055772257,False
3574,1785320264852533306,False
3575,1785317114946994271,False
3576,1785315438051660214,False
3577,1785300646226255879,True
3578,1785296629676834900,False
3579,1785287941817835846,False
3580,1785287864034431011,False
3581,1785260765525512308,False
3582,1785173352006459483,True
3583,1785138789255348490,True
3584,1785136526780699125,False
3585,1785135465458257956,True
3586,1785131703993876920,False
3587,1785130641039732920,True
3588,1785126844481556879,False
3589,1785110890800439784,False
3590,1785091804037107887,False
3591,1785086649740747086,False
3592,1785082851458773174,False
3593,1785080471728120071,False
3594,1785079714719162647,False
3595,1785076084159230399,False
3596,1785074192687239568,True
3597,1785066902886224326,False
3598,1785056761751216219,True
3599,1785044160820437309,True
3600,1785036007353499956,True
3601,1785029835099922553,False
3602,1785026074784440515,True
3603,1785025870555652334,True
3604,1785015348531749262,True
3605,1785013747893084441,False
3606,1784995517144985741,False
3607,1784993060499107998,False
3608,1784986530341064956,False
3609,1784981885212373390,True
3610,1784977945326477350,False
3611,1784963085356196149,False
3612,1784961982212296705,True
3613,1784960131744116933,True
3614,1784959469358649754,False
3615,1784950713157566892,True
3616,1784950395334185268,False
3617,1788270091341017101,True
3618,1788269298781491568,True
3620,1788262724801106026,False
3621,1788261600635343234,False
3622,1788002687654502522,True
3623,1788259338496385402,True
3624,1788257942212399570,False
3625,1788257885325033614,False
3626,1788257331521724656,True
3627,1788225858961805519,True
3628,1788257165326581965,False
3629,1788256745120240054,True
3630,1788254188494852174,False
3631,1788253378461536302,False
3632,1788247193943519304,False
3633,1788246196475068846,False
3634,1788244755610055077,False
3635,1788240902516793855,True
3636,1788237213311836367,False
3637,1788226098024620431,True
3638,1788225321461760445,True
3639,1788221821415788851,False
3640,1788220858483232964,False
3641,1788219105209643416,True
3642,1788217738961326323,True
3643,1788217273813016914,False
3644,1788216875131793514,True
3645,1788213335491588330,True
3646,1788202723998908456,True
3647,1788198437491474545,False
3648,1788189475937395166,False
3649,1788184171862499334,False
3650,1788170346069213524,False
3651,1788158463660417028,False
3652,1788139927361741071,True
3653,1788128491810038170,False
3654,1788081233869558028,False
3655,1788070003675131993,False
3656,1788045136816939424,True
3657,1788034425466261769,False
3658,1788033475473285281,True
3659,1788031013450359050,False
3660,1788024304677883997,False
3661,1788018233829650879,False
3662,1788017690491187373,False
3663,1788012342761902390,True
3664,1787964328248795595,False
3665,1788011061095854348,False
3666,1788006693688721530,False
3667,1787995143448006704,False
3668,1787992763151061249,False
3669,1787991790127075572,True
3670,1787988948842578118,True
3671,1787981815849885834,False
3672,1787974462106701883,False
3673,1787963148563058903,False
3674,1787952148308734425,False
3675,1787951204623896930,False
3676,1787912145637622149,False
3677,1787951166015381835,False
3678,1787937693172986040,False
3679,1787931250046431360,False
3680,1787918154900901980,False
3681,1787911328708919673,True
3682,1787909382795092479,False
3683,1787904893249798178,True
3684,1787899122235642325,False
3685,1787898175803535726,True
3686,1787897919271506164,True
3687,1787895924645101931,False
3688,1787890595358191622,False
3689,1787881834191131056,False
3690,1787877063719870972,True
3691,1787869641777217841,False
3692,1787859725964505450,True
3693,1787859111461224901,True
3694,1787858595217863068,False
3695,1787857213748314428,True
3696,1787850668537008153,False
3697,1787588004837552219,False
3698,1787846022363779415,False
3699,1787838339065721250,True
3700,1787818968641613913,False
3701,1787815343458578462,False
3702,1787803603375100403,False
3703,1787791991004086314,False
3704,1787706641367908801,False
3705,1787694815917809712,True
3706,1787678627934466495,False
3707,1787677676934779338,False
3708,1787673475915657591,False
3709,1787650700974936231,True
3710,1787645977475662124,True
3711,1787641918907727928,False
3712,1787641368820482217,False
3713,1787635391580791167,False
3714,1787629825202463036,True
3715,1787614738702065853,False
3716,1787612568221053337,True
3717,1787608114071490580,True
3718,1787608081666363611,True
3719,1787608013181710577,False
3720,1787592889788158314,False
3721,1787591087453773877,True
3722,1787585319237210284,False
3723,1787581676039606534,False
3724,1787578110436602188,False
3725,1787574711964037458,True
3726,1787573794522923125,False
3727,1786099747637346524,False
3728,1787562017143857605,False
3729,1787527502501396746,True
3730,1787548869032587695,False
3731,1787522786983879151,False
3732,1787544190358102088,True
3733,1787542672342761656,True
3734,1787534202579177705,False
3735,1787522473858154921,False
3736,1787522331125981526,False
3737,1787510867048673335,True
3738,1787519349495943589,True
3739,1787513453852119549,True
3740,1787508977007247553,False
3741,1787505591407063145,False
3742,1787504083143737619,False
3743,1787500565317947814,True
3744,1787498038094627092,True
3745,1787479614534627494,True
3746,1787444457455206856,False
3747,1787429780603728045,False
3748,1787429648907051156,False
3749,1787425340043723198,False
3751,1787335837488693421,False
3752,1787326574888415378,True
3753,1787326026634174492,False
3754,1787321502376861938,False
3755,1787321412157325717,False
3756,1787320226264064321,True
3757,1787318150767235485,False
3758,1787318145578946828,False
3759,1787315673628037217,False
3760,1787252641669505461,True
3761,1787315527741735283,False
3762,1787314674108699067,True
3763,1787311440048583035,True
3764,1787297894422229423,False
3765,1787297719658160610,False
3766,1787294054465544262,False
3767,1787290812771930209,False
3768,1787289780880908579,True
3769,1787265404642988259,True
3770,1787261277955362950,False
3771,1787246169850089644,False
3772,1787238854748987447,True
3773,1787234005638693192,True
3774,1787224746414715388,False
3775,1787220546591072326,False
3776,1787216618520481945,False
3777,1787215924220572017,True
3778,1787213642791809181,False
3779,1787206488164864481,False
3780,1787197760032194683,False
3781,1787195712662389004,False
3782,1787195131822579892,True
3783,1787193521742504389,True
3784,1787191902825070997,True
3785,1787190867410788431,False
3786,1787185870082048293,False
3787,1787184846160150867,True
3788,1787179294550077786,False
3789,1787169916656763170,False
3790,1787168856382783873,True
3791,1787164301444202735,True
3792,1787153983011745959,True
3793,1787152777807904960,False
3794,1787150718404628810,True
3795,1787149387895844918,False
3796,1787147576778657917,False
3797,1787139020083843168,False
3798,1787136995581382882,False
3799,1787134663506473381,True
3800,1787134587887346124,True
3801,1787132401384096242,False
3802,1787128314575872126,True
3803,1787124006455238817,False
3804,1787112278770204678,False
3805,1787104951396651340,False
3806,1787104019485233501,False
3807,1787100417798594994,True
3808,1787098060914364470,True
3809,1787086014592229813,False
3810,1787053469238517934,False
3811,1787041828883071157,False
3812,1787033037739368754,True
3813,1786139388180668563,True
3814,1786989456609640531,False
3815,1786987972648395134,True
3816,1786948686397714904,False
3817,1786945556197027972,False
3818,1786944133816287743,True
3819,1786941340942471181,True
3820,1786940029509464120,False
3821,1786941037530783872,False
3822,1786936375155044355,True
3823,1786932257803886728,True
3824,1786910759974244527,False
3825,1786899521449926857,True
3826,1786881294053372054,True
3827,1786855113656558066,True
3828,1786838096102723796,True
3829,1786814018243396056,True
3830,1786813198806487360,True
3831,1786795682621194249,False
3832,1786795357260669143,False
3833,1786789086591656193,False
3834,1786781425582109087,False
3835,1786779671247323563,False
3836,1786767849995792681,True
3837,1786764291799953472,True
3838,1786755550522335522,False
3839,1786737763682763212,False
3840,1786663311615906263,False
3841,1786639435234218209,False
3842,1786570011257004238,False
3843,1786567471475863992,True
3844,1786552665545015639,False
3845,1786543573069910216,False
3846,1786536685204811924,True
3847,1786516873246286327,True
3848,1786505582884647019,False
3849,1786497814245061055,True
3850,1786491539046179136,False
3851,1786483331162399214,False
3852,1786473682971340813,False
3853,1786470148712346061,False
3854,1786464261205635158,False
3856,1786462329195868467,True
3857,1786458966551134525,False
3858,1786439232757653593,False
3859,1786425058178531782,True
3861,1786412358425870358,True
3862,1786412015608594436,False
3863,1786409127637344570,True
3864,1786407086420529516,False
3865,1786405386985038329,True
3866,1786395110848041180,True
3867,1786394493077340421,False
3868,1786387747298521093,True
3869,1786369026903409049,True
3870,1786367874182889897,True
3871,1786363409438585064,True
3872,1786362648033898948,True
3873,1786333996948861369,True
3874,1786321849548190195,True
3875,1786283598338781238,True
3876,1786270428664676521,True
3877,1786260111528239525,True
3878,1786226994545377427,True
3879,1786222294991253517,False
3880,1786215047615709326,True
3881,1786214605024378952,True
3882,1786211885487960412,False
3883,1786209106883174665,True
3884,1786201774317092954,False
3885,1786200669893824949,False
3886,1786198336850051100,True
3887,1786192964319904221,False
3888,1786191727369286092,False
3889,1786164895093834137,False
3890,1786162428968853595,False
3891,1786161815786762249,False
3892,1786159951368372533,False
3893,1786156927883288678,False
3894,1786156707732767159,False
3895,1786153466852728969,False
3896,1786151753966108861,True
3897,1786151733334249566,False
3898,1786151057199882304,True
3899,1786150544224010401,True
3900,1786149111718170986,True
3901,1786148911192621289,False
3902,1786146324229792013,True
3903,1786129256520601794,True
3904,1786128623952400759,False
3905,1786127749771391372,False
3906,1786117748168237545,False
3907,1786112527937470637,True
3908,1786110388238471296,False
3909,1786086933690454067,False
3910,1785615972709146827,True
3911,1785407045048369153,False
3912,1785070031115616658,False
3913,1790025791251640718,False
3914,1790009472590463249,True
3915,1790009425576481249,False
3916,1790000480254407021,True
3917,1789966456517497294,False
3918,1789931477947339170,True
3919,1789854956649959552,True
3920,1789852843404329365,False
3921,1789848300964700622,False
3922,1789821920235417907,False
3923,1789814594736714216,True
3924,1789812169808163151,False
3925,1789807913713721506,False
3926,1789801433551733057,False
3927,1789797843164684437,False
3928,1789791023171846406,False
3929,1789790403144622264,False
3930,1789790284542276030,True
3931,1789789781628477623,True
3932,1789789114830631032,True
3933,1789787458483175539,False
3934,1789786858051748240,True
3935,1789786584633479412,False
3936,1789786311143862571,True
3937,1789778946638152159,False
3938,1789778068975812836,True
3939,1789772648827728143,True
3940,1789767510478172223,False
3941,1789759993379471545,False
3942,1789751388349550711,True
3943,1789740769881829603,False
3944,1789737192383778841,False
3945,1789717211415818412,True
3946,1789713902651019528,False
3947,1789692624581939444,True
3948,1789691966487142651,False
3949,1789688639846281306,False
3950,1789686690921013329,False
3951,1789684361702289502,False
3952,1789683515719659580,True
3953,1789681316407214571,True
3954,1789664345258881364,False
3955,1789662907640541466,False
3956,1789633748918480978,False
3957,1789502653996683339,False
3958,1789495832015757767,False
3959,1789480456167067886,True
3960,1789478276085297246,True
3961,1789471369660395875,True
3962,1789464585801535984,True
3963,1789427689100652583,False
3964,1789371510190207202,False
3965,1789370722537660533,False
3966,1789356276968747102,False
3967,1789351639754658035,False
3968,1789338430574309500,False
3969,1789335052137951688,False
3970,1789332220705939890,False
3971,1789318798547222970,True
3972,1789317400220852590,True
3973,1789316697645568016,False
3974,1789312732019163627,False
3975,1789308044829925540,False
3976,1789303795341492591,True
3977,1789278701143597140,False
3978,1788340128999428290,False
3979,1789256014354649478,False
3980,1789110118379860367,False
3981,1789106581654647240,False
3982,1789093074989191388,True
3983,1789086323246051695,True
3984,1789080253668708644,False
3985,1789074696094302661,True
3986,1789038254257316052,True
3987,1789034443321024683,False
3988,1789021777860899076,True
3989,1789017479143911744,True
3990,1788993947097874626,False
3991,1788988498562646448,False
3992,1788986881327169789,False
3993,1788982641254912436,False
3994,1788973035124294136,False
3995,1788964204755451951,False
3996,1788958569208897588,False
3997,1788950714267439325,True
3998,1788938612823707911,False
3999,1788908599621620147,False
4000,1788900808056054252,False
4001,1788898413867639146,False
4002,1788894904740966428,False
4003,1788723302266974223,False
4004,1788882588666307038,True
4005,1788881925488206245,True
4006,1788880235422679520,False
4007,1788871444371226805,True
4008,1788870884121342032,True
4009,1788788268437283118,True
4010,1788782911925154072,True
4011,1788779404585291780,False
4012,1788762093857947733,False
4013,1788759460199977318,False
4014,1788736758181486651,False
4015,1788736080750977148,False
4016,1788735877335630256,False
4017,1788735155726602654,False
4018,1788731643127050488,True
4019,1788729022446203236,False
4020,1788719465749778579,False
4021,1788699973296488605,False
4022,1788699792798896452,False
4023,1788695535806751093,True
4024,1788692364191465812,False
4025,1788689512652050593,False
4026,1788683214158008622,True
4027,1788677929511088357,False
4028,1788676388100182221,True
4029,1788673572539335144,True
4030,1788667068826398906,True
4031,1788667029680996367,True
4032,1788659582069277144,True
4033,1788657422896132348,False
4034,1788650855748587544,False
4035,1788650259188498496,False
4036,1788644894124187774,True
4037,1788644508407873660,False
4038,1788400157979017527,False
4039,1788642618571698420,False
4040,1788635702856384941,True
4041,1788627393931849904,False
4042,1788627000065741030,False
4043,1788622461983928564,True
4044,1788617962917687358,True
4045,1788611869952889041,True
4046,1788607541615714402,True
4047,1788601099433218488,False
4048,1788594707481690220,True
4049,1788564931580727704,True
4050,1788587318531531115,True
4051,1788586062429978758,True
4052,1788580226617733537,True
4053,1788573802747539859,False
4054,1788572929145311589,False
4055,1788559791503057084,False
4056,1788557887746326659,True
4057,1788556867574096027,False
4058,1788555519856107540,True
4059,1788551715483984375,True
4060,1788550272337293544,False
4061,1788489275723419873,False
4062,1788477429599678707,True
4063,1788450956369092661,False
4064,1788431959217033642,True
4065,1788425880135430407,True
4066,1788421907395596796,True
4067,1788418303095931354,True
4068,1788402897597710809,True
4069,1788395124847747293,False
4070,1788394479201788248,True
4071,1788385060657279150,True
4072,1788377784567357826,False
4073,1788377594708025545,False
4074,1788375154747159024,False
4075,1788373293524734302,True
4076,1788372191945359850,True
4077,1788368974146621581,True
4078,1788365341686411724,True
4079,1788359788721578306,False
4080,1788352856736633318,True
4081,1788352485343514858,False
4082,1788344160434454635,False
4083,1788325519898923403,False
4084,1788313696852181465,False
4085,1787623110050484645,False
4086,1788289531843600603,True
4087,1788273009876140155,False
4088,1788279021119086666,True
4089,1792504841668874528,True
4090,1792499804943024300,False
4091,1792490381654794721,False
4092,1792489653016121843,True
4093,1792446022431453349,False
4094,1792441761496711252,False
4095,1792410502317904115,False
4096,1792410344532402357,False
4097,1792404105354526804,False
4098,1792402278881611914,False
4099,1792400618587598974,False
4100,1792390776250576932,False
4101,1792387199243088220,False
4102,1792362219633844377,False
4103,1792352220241121392,False
4104,1792347586613190772,False
4105,1792343083360956522,True
4106,1792336228886479140,False
4107,1792330332106371155,True
4108,1792324559258980463,False
4109,1792319999794639051,False
4110,1792314680901304492,True
4111,1792287355576979474,True
4112,1792285613917409737,True
4113,1792279054596358255,False
4114,1792263081264906369,True
4115,1792249325738725878,False
4116,1792246013043904534,False
4117,1792238678321824034,False
4118,1792231182987387235,False
4119,1792226096307437860,True
4120,1792223482232598909,False
4121,1792211570057216357,False
4122,1792211269652713941,False
4123,1792190735699071279,True
4124,1792162770491740202,True
4125,1792072256837062981,True
4126,1792058003421614358,True
4127,1792022368174436433,False
4128,1791982519144923485,False
4129,1791977836737114445,False
4130,1791944680206213282,True
4131,1791935404146409626,False
4132,1791925405957365809,False
4133,1791923830060957916,False
4134,1791901234116411753,False
4135,1791896759108558995,False
4136,1791871934042390749,False
4137,1791854878181994762,True
4138,1791829966952202243,False
4139,1791697520097407166,False
4140,1791689549111783470,True
4141,1791676133399826744,False
4142,1791659320767090895,False
4143,1791636176736039401,False
4144,1791634764778078369,False
4145,1791632368710598995,False
4146,1791629045806842148,True
4147,1791620058667520086,False
4148,1791614317160214578,True
4149,1791611216344862727,True
4150,1791600876949270574,False
4151,1791564433484841396,True
4152,1791561790167425515,True
4153,1791561465159160295,True
4154,1791561026644725789,False
4155,1791553747836879333,False
4156,1791517572204224672,False
4157,1791486410731470981,False
4158,1791466720604860878,False
4159,1791447338558398867,False
4160,1791436641950695509,False
4161,1791412680558846241,False
4162,1791410460534694123,False
4163,1791322072481755554,False
4164,1791320471071256953,False
4165,1791307673016607106,False
4166,1791305922364559862,True
4167,1791303409720541444,True
4168,1791300272238498052,False
4169,1791335645371064549,False
4170,1791287553217233114,True
4171,1791276151266013565,True
4172,1791265562674241616,True
4173,1791256007605199066,True
4174,1791247369243070545,True
4175,1791234141331083526,False
4176,1791224030583812445,False
4177,1791222199228981619,False
4178,1791210294921834564,False
4179,1791199160508846261,True
4180,1791187822130450928,True
4181,1791185304176750766,True
4182,1791183819548119069,False
4183,1791179708618740160,False
4184,1791169368363078072,False
4185,1791153983223947617,True
4186,1791101348777189664,False
4187,1791101304057511987,True
4188,1791094241063588002,False
4189,1791084937761665195,False
4190,1791081428475588967,True
4191,1791081085662634182,False
4192,1791078651020116470,True
4193,1791061506265587799,False
4194,1791059972672946273,False
4195,1791050317523460590,False
4196,1790971093542449546,True
4197,1790930944112693541,False
4198,1790929281729581198,True
4199,1790926263676223987,False
4200,1790922161038721138,True
4201,1790921548666118546,False
4202,1790914097162211377,False
4203,1790911653556433298,False
4204,1790897523072057660,False
4205,1790879064133111921,False
4206,1790845405258731552,False
4207,1790841991401492768,False
4208,1790839627479130160,True
4209,1790828070112215062,False
4210,1790819308278300962,True
4211,1790805207816843345,True
4212,1790789239296196897,False
4213,1790776301973799141,True
4214,1790753018201207227,False
4215,1790734921734230365,False
4216,1790733243068666110,True
4217,1790725319592120642,False
4218,1790708609359192495,False
4219,1790615873603981727,True
4220,1790597493039800466,False
4221,1790595444524962017,False
4222,1790578823903301836,False
4223,1790575041110765748,False
4224,1790562256528244960,False
4225,1790559657842319653,True
4226,1790557987158811100,False
4227,1790554837488177316,False
4228,1790554828961132786,False
4229,1790538674532176377,False
4230,1790538389181137348,False
4231,1790518997466993084,True
4232,1790510659022606404,True
4233,1790510290217423083,True
4234,1790507302803345568,False
4235,1790505049396818407,False
4236,1790504622429204629,False
4237,1790499624366608486,True
4238,1790483135697723682,False
4239,1790461405067636894,True
4240,1790450389931692298,False
4241,1790445821428658569,False
4242,1790439794100600994,False
4243,1790434232503791657,False
4244,1790433019733446877,True
4245,1790421817582317814,False
4246,1790407368741621918,False
4247,1790396715603837105,False
4248,1790384113536369058,False
4249,1790383781737578505,True
4250,1790376657636802602,False
4251,1790366820098097448,False
4252,1790364656487317834,False
4253,1790358840938012759,True
4254,1790353143999426839,False
4255,1790255355940712744,True
4256,1790210199992549740,False
4257,1790209456816419083,True
4258,1790200287518466295,False
4259,1790198408000442550,False
4260,1790168789536932243,False
4261,1790168085954981951,False
4262,1790159126766772659,False
4263,1790156263122206962,False
4264,1790152496389788116,False
4265,1790149687216857224,True
4266,1790135992898248920,False
4267,1790116622872568261,False
4268,1790109225554763783,True
4269,1790099992180334787,True
4270,1790091596467478689,False
4271,1790086612409262560,True
4272,1790082753708380347,False
4273,1790064278839361730,False
4274,1790047893480505383,False
4275,1790042680870752626,True
4276,1790040995251323177,False
4277,1790031168793903264,True
4278,1793690503109656576,False
4280,1793675256374480964,False
4281,1793656441800438123,True
4282,1793651736475029795,True
4283,1793648667838365831,False
4284,1793633050712309907,True
4285,1793625102900506883,False
4286,1793620899213521112,True
4288,1793615763636629679,False
4289,1793476293553762487,False
4290,1793470932734136662,False
4291,1793464444343005365,True
4292,1793439887321870776,False
4293,1793438738812371246,True
4294,1793434383098999000,True
4295,1793429479580176579,False
4296,1793413563136221463,False
4297,1793388666863137102,False
4298,1793387683898662986,False
4299,1793378728472621122,False
4300,1793359012345393658,True
4301,1793357154860085387,True
4302,1793345366248542441,True
4303,1793339320058736856,False
4304,1793338076493664552,False
4305,1793321904717041664,False
4306,1793314293850558987,True
4307,1793307842516079058,False
4308,1793307586550223077,False
4309,1793306091893174506,False
4310,1793265528078729722,False
4311,1793250290805674367,False
4312,1793235695470784783,True
4313,1793194634803298728,False
4314,1793163592361033959,False
4315,1793135663312785573,False
4316,1793132192844972398,False
4317,1793106750704693456,True
4318,1793098277405221174,False
4319,1793065504204050511,True
4320,1793049384550092911,False
4321,1793043050576416936,True
4322,1793037076142641606,True
4323,1793025257026007361,False
4324,1793022038975582397,False
4325,1793013969860342167,True
4326,1792985530285564372,True
4327,1792961372780998777,True
4328,1792931625984045473,True
4329,1792921252836884745,True
4330,1792912680879034824,True
4331,1792903073758654773,False
4332,1792897632009904238,False
4333,1792896985256649150,True
4334,1792896460566008027,False
4335,1792895955873702129,False
4336,1792733706333138976,True
4337,1792729283095642432,False
4338,1792724933673705977,False
4339,1792720050706907581,False
4340,1792715277614108764,False
4341,1792704760052912167,False
4342,1792701327019217272,False
4343,1792698281950417321,True
4344,1792689994676793786,False
4345,1792685559237783827,False
4346,1792677390604443925,False
4347,1792656497744454138,False
4348,1792617224642916641,True
4349,1792614165141446984,False
4350,1792610161003213230,True
4351,1792607232150090047,True
4352,1792605858188193896,False
4354,1792595505110773875,False
4355,1792580659287908547,False
4356,1792579545989575086,True
4357,1792579476825522653,False
4358,1792555145198293246,True
4359,1792553552260313553,True
4360,1795800953095954917,False
4361,1795794893157081148,False
4362,1795746227159798153,True
4363,1795718515326112016,True
4364,1795661658347729172,False
4365,1795661430106243169,True
4366,1795648894204014603,False
4367,1795645520272392427,False
4368,1795644113053974736,False
4369,1795630311532794224,True
4370,1795626527461089721,False
4371,1795619753580703853,False
4372,1795612251321418051,True
4373,1795607808102355025,True
4374,1795605561335267834,True
4375,1795590268043051419,False
4376,1795582624649671087,False
4377,1795576841153245497,False
4378,1795554542056009884,False
4379,1795548995760030163,True
4380,1795538596872737183,False
4381,1795538147637629030,False
4382,1795533944148103214,False
4383,1795530262547407305,False
4384,1795513437969354834,True
4385,1795496463440507313,True
4386,1795496174884905156,False
4387,1795486632973316450,False
4388,1795482005460734389,False
4389,1795481434951655824,False
4390,1795476278738379220,False
4391,1795473287851466800,True
4392,1795472844211569063,False
4393,1795469886996513161,True
4394,1795454448136819065,False
4395,1795375533880230373,True
4396,1795372177333915777,False
4397,1795356801275490317,False
4398,1795344932586283470,True
4399,1795333106993610756,False
4400,1795330320071528489,False
4401,1795295065457492424,True
4402,1795290318545584604,False
4403,1795269451472126277,False
4404,1795266187187908623,True
4405,1795254087329669509,False
4406,1795244500446482619,True
4407,1795239889895563396,True
4408,1795236779542425604,True
4409,1795222878398329179,True
4410,1795209862382579871,True
4411,1795202941743186147,False
4412,1795149912276942920,False
4413,1795131227357278655,False
4414,1795128309941932363,True
4415,1795127196706644451,False
4416,1795116786355949637,True
4417,1795105551480766587,False
4418,1795084151273480500,False
4419,1795078914978488534,True
4420,1795071772150112633,True
4421,1795071617250341200,False
4422,1795030964751433728,True
4423,1794962360085487622,True
4424,1794962199045194039,True
4425,1794956218189926848,True
4426,1794954940944683314,True
4427,1794953503196233930,True
4428,1794939577226104988,False
4429,1794936382013702612,True
4430,1794914022468563210,True
4431,1794906571136520482,False
4432,1794884750177718383,True
4433,1794880598907240807,True
4434,1794879266028679490,True
4435,1794862037853684171,True
4436,1794830860610670891,False
4437,1794819366866796710,True
4438,1794818171368579102,False
4439,1794787217677979662,False
4440,1794786399490916424,True
4441,1794784796067156231,True
4442,1794769310809821391,False
4443,1794766172745027747,False
4444,1794749471886049375,False
4445,1794746777457009111,False
4446,1794730221930950920,False
4447,1794397537916313979,False
4448,1794729214270468523,False
4449,1794709924720894189,True
4450,1794563522397192236,False
4451,1794551060960334162,True
4452,1794549431968448964,False
4453,1794544680631496765,False
4454,1794544271762317603,False
4455,1794535058252124426,False
4456,1794526787885494600,True
4457,1794525372048105695,True
4458,1794519373970829779,False
4459,1794511146818420745,True
4460,1794493769808503209,True
4461,1794491130534302147,True
4462,1794490177962102877,True
4463,1794488895381643581,False
4464,1794487308248559753,False
4465,1794481903107498470,False
4466,1794475869441823031,False
4467,1794463114328510700,False
4468,1794462769389171071,False
4469,1794456924177461502,False
4470,1794454439547261214,False
4471,1794452906789191794,True
4472,1794441439851552852,False
4473,1794429675206291661,False
4474,1794425167789387808,False
4475,1794422427495350716,False
4476,1794417404875059220,False
4477,1794411201969168549,False
4478,1794407449040130153,True
4479,1794403281072205989,False
4480,1794359529184112653,False
4481,1794357752141316108,False
4482,1794354724650795086,True
4483,1794350702640422987,True
4484,1794330899653533836,True
4485,1794318748121550918,True
4486,1794230382935802251,True
4487,1794226097506378186,False
4488,1794219744603861453,True
4489,1794197607289667629,False
4490,1794192183303803267,False
4491,1794182899941691833,False
4492,1794138200249639249,True
4493,1794163349984530631,True
4494,1794151584865177834,False
4495,1794150991186538657,False
4496,1794144610437996783,True
4497,1794121698603589825,True
4498,1794114999914222055,False
4499,1794095735828295966,False
4500,1794090385406353882,False
4501,1794069166925787601,True
4502,1794045695701471738,False
4503,1794015396560802138,False
4504,1794005933846122973,False
4505,1794005806548983936,False
4506,1793998698604790002,False
4507,1793997074050236757,False
4508,1793992125236842668,False
4509,1793985790256787630,False
4510,1793929170562715836,False
4511,1793872611170304305,False
4512,1793868561510813858,False
4513,1793848207577092186,False
4514,1793841967060992302,False
4515,1793832156235509865,True
4516,1793831572849992036,False
4517,1793831185996747166,False
4518,1793826576855167046,False
4520,1793819432101327314,False
4521,1793817987515854980,False
4522,1793812212089274853,True
4523,1793804486311358745,False
4524,1793803528944689339,False
4525,1793790203196297307,False
4526,1793771733146894433,True
4527,1793771515441529262,False
4528,1793760466722005489,True
4529,1793733500950200486,False
4530,1793721084359111086,True
4531,1793720402721849801,False
4532,1793289276374843623,True
4533,1793711095599054940,False
4534,1793709030080455150,True
4535,1793699341053673529,False
4536,1793693810918404209,False
4537,1796590007307907468,False
4538,1796579596340728255,False
4539,1796477806945423484,True
4540,1796575583675261013,False
4541,1796561872071929935,False
4542,1796532679112102209,False
4543,1796529773101174886,True
4544,1796529496348098862,True
4545,1796431944680690149,True
4546,1796400973260476460,False
4547,1796397634116358572,False
4548,1796377097050755361,False
4549,1796376880620175861,False
4550,1796363840227274861,True
4551,1796355239110709617,False
4552,1796352362929406198,False
4553,1796351823604863098,True
4554,1796349032186659308,False
4555,1796345720917958744,False
4556,1796344341927194979,False
4557,1796328792182641031,True
4558,1796313056479191099,True
4559,1796294358259437844,True
4560,1796292970867523685,False
4561,1796284382581285020,True
4562,1796253912548151537,False
4563,1796240585864761411,False
4564,1796195554017312898,True
4565,1796187309655945713,False
4566,1796186416222715954,False
4567,1796173534164660343,False
4568,1795996857358811583,True
4569,1795989842284753306,False
4570,1795987900930130093,True
4571,1795986295929331884,True
4572,1795941721743781931,False
4573,1795923669199335841,True
4574,1795914022132367616,False
4575,1795912246482079833,True
4576,1795911205774561519,False
4577,1795895274012889346,False
4578,1795894613850337487,False
4579,1795893426564579528,False
4580,1795886621159555114,True
4581,1795882452969238863,True
4582,1795881892035563628,False
4583,1795867996813951119,True
4584,1795863703776068020,False
4585,1795856921527738699,True
4586,1795841813032640618,True
4587,1795813107287347592,False
4588,1795803967584190808,True
4589,1798728301546000623,False
4590,1798715330258202967,True
4591,1798711101330534478,False
4592,1798708975023886616,True
4593,1798697553506296261,True
4594,1798692568857014416,False
4595,1798592708564615629,False
4596,1798578628198043805,False
4597,1798565996405690703,False
4598,1798559887263412249,False
4599,1798547827188269531,False
4600,1798536074496561295,False
4601,1798517316956860876,True
4602,1798491350951960713,True
4603,1798480089690275956,False
4604,1798478771223405005,True
4605,1798466797819277328,False
4606,1798442471996969215,False
4607,1798438962593137110,True
4608,1798428496672567375,False
4609,1798407427676647667,False
4610,1798403093270495557,True
4611,1798395997560750107,False
4612,1798389086778175710,True
4613,1798388056141295941,True
4614,1798378687597097099,False
4615,1798374959003357368,True
4617,1798357840266252501,False
4618,1798323026288926943,False
4619,1798214117712617868,False
4620,1798195813791015215,False
4621,1798193741372805319,False
4622,1798191012868977106,True
4623,1798186529468157963,False
4624,1798181406872350721,True
4625,1798178810334192010,False
4626,1798150189426819507,True
4627,1798131762876256351,False
4628,1798126044068864272,False
4629,1798086182288654500,True
4630,1798083133361012987,True
4631,1798169895211016539,False
4632,1798067376925319237,True
4633,1798053778740170951,False
4634,1798032479418478659,True
4635,1798030232227913737,False
4636,1798026111059886397,False
4637,1798017869395247213,False
4638,1798011433319580108,True
4639,1797993945852723685,False
4640,1797932458886971495,True
4641,1797817540594520110,True
4642,1797800628594606497,True
4643,1797799866355335323,False
4644,1797798374231642296,False
4645,1797750967137374509,True
4646,1797738412964741604,True
4647,1797726538626158949,True
4648,1797718586510717209,True
4649,1797718584673874024,True
4650,1797702417515176219,True
4651,1797702022919262558,False
4652,1797689733361140074,False
4653,1797680664541827157,True
4654,1797671940460859747,True
4655,1797645418332914001,True
4656,1797641397027447128,False
4657,1797627410156081299,True
4658,1797625531963429080,True
4659,1797599557519618129,True
4660,1797596503852421333,False
4661,1797592903750938885,False
4662,1797584490413633750,True
4663,1797486298716078579,False
4664,1797479358371946618,False
4665,1797472821406503367,True
4666,1797454137342468177,False
4667,1797430218296078455,False
4668,1797411236281196839,False
4669,1797395799455805686,True
4670,1797390198885560532,True
4671,1797367744720966088,False
4672,1797364166027559109,True
4673,1797362703897432228,True
4674,1797356846421856745,False
4675,1797356766281261207,False
4676,1797344599188361544,False
4677,1797339902260002863,True
4678,1797339300301848904,False
4679,1797333015195979915,False
4680,1797320982950019521,False
4681,1797311566892732665,False
4682,1797295773408735657,False
4683,1797279456949620932,False
4684,1797270415385010613,False
4685,1797155619637498083,False
4686,1797145142882709929,True
4687,1797139287537848576,True
4688,1797136740076970353,True
4689,1797135206589116607,False
4690,1797099797880480207,True
4691,1797079945371341094,True
4692,1797079428117229646,False
4693,1797068647766098266,False
4694,1797057664708452713,True
4695,1797044047686799550,True
4696,1797017497008210150,True
4697,1796974848519872952,False
4698,1796909281494618578,False
4699,1796873146873561414,False
4700,1796863911909642498,False
4701,1796836572857307326,True
4702,1796795738891923480,True
4703,1796771778812928036,False
4704,1796752768016757230,False
4705,1796745219632677047,False
4706,1796742376427553236,False
4707,1796741370847080620,False
4708,1796737955844837417,False
4709,1796734007503180101,False
4710,1796709858328141860,False
4711,1796687244578926851,False
4712,1796656484127748550,True
4713,1796646350529941754,False
4714,1796633050509455770,False
4715,1796616029474258998,False
4716,1796610501985583241,False
4717,1800216282161467631,False
4718,1800214638359171515,False
4719,1801225559042621744,True
4720,1801221333394559315,False
4721,1801212866311184397,False
4722,1801166268294127815,True
4723,1801152064526975094,False
4724,1801126210480525782,True
4725,1801125636238409877,True
4726,1801123284471193885,False
4727,1801101119717806584,True
4728,1801096280946475369,False
4729,1801092242372808867,True
4730,1801089870472835211,True
4731,1801088044771991941,False
4732,1801087355987615837,True
4733,1801079506134016418,False
4734,1801069187197997532,False
4735,1801061845299532238,True
4736,1801060582683975962,False
4737,1801055882513465589,False
4738,1801053226088710548,True
4739,1801041878814441601,False
4740,1801039999493669344,True
4741,1801038022026174912,False
4742,1801017943867748826,True
4743,1801012923709460964,False
4744,1801010581027041663,True
4745,1801004891831202285,False
4746,1801001435254895045,False
4747,1800990098709676430,True
4748,1800975909438226849,False
4749,1800941636211331565,False
4750,1800931269100159049,False
4751,1800922442724205015,True
4752,1800921548322484685,False
4753,1800920421144891457,True
4754,1800909674146836826,False
4755,1800909510619578871,False
4756,1800893085028856035,True
4757,1800886090070720955,False
4758,1800884382418567502,True
4759,1800876295787868167,True
4760,1800858980866269299,False
4761,1800858430514852023,False
4762,1800799056241004952,False
4763,1800729850950684889,False
4764,1800709187502211567,False
4765,1800694978248859894,False
4766,1800690231949373793,True
4767,1800671644777922712,False
4768,1800667988724785520,False
4769,1800666726000193845,True
4770,1800631964191322207,False
4771,1800630363313586683,True
4772,1800614502788194347,False
4773,1800610450087793025,False
4774,1800608865530392975,True
4775,1800604053279273274,False
4776,1800596317393019227,True
4777,1800586011384357252,False
4778,1800565701658476590,False
4779,1800558916100931702,True
4780,1800542780705669392,False
4781,1800533769386074344,False
4782,1800533107457831420,False
4783,1800529564516635126,True
4784,1800523756034732372,False
4785,1800518967578317066,False
4786,1800493483066851734,False
4787,1800490934305796159,False
4788,1800475429209604462,True
4789,1800407889544376569,True
4790,1800361896077652071,False
4791,1800342533869900049,True
4792,1800337448523935895,False
4793,1800329483150385604,True
4794,1800319975355568168,False
4795,1800319425637384401,False
4796,1800302830336807345,False
4797,1800294619936432290,False
4798,1800294076212027879,False
4799,1800293700125249826,False
4800,1800287999885787606,False
4801,1799506687881003399,False
4802,1800283415704658358,False
4803,1800282234399969779,False
4804,1800281595137651125,False
4805,1800280278633459734,False
4806,1800271515386257854,False
4807,1800242968542040172,True
4808,1803401602641940496,True
4809,1803387025598361834,True
4810,1803380690311844298,False
4811,1803379105955516762,True
4812,1803376188712276459,False
4813,1803296853737246842,True
4814,1803288639339700401,False
4815,1803284140126581206,True
4816,1803276044465500294,False
4817,1803271047988269552,False
4818,1803269030779732239,True
4819,1803268850303078845,False
4820,1803263521821536754,True
4821,1803257151281918341,False
4822,1803224692821553574,False
4823,1803222041652260896,True
4824,1803219793748644159,True
4825,1803219451141312672,False
4826,1803201938495779037,True
4827,1803194027451281577,False
4828,1803193125978120621,False
4829,1803167947839455695,False
4830,1803159508912578781,True
4831,1803158397623431642,True
4832,1803136889886769170,False
4833,1803132411728859460,False
4834,1803127054642081894,False
4835,1803112249575575869,True
4836,1803109931614355734,False
4837,1803088246227816926,False
4838,1803087233735422304,False
4839,1803086616824558004,True
4840,1803080559171625447,False
4841,1803053751999099227,False
4842,1802927882995425655,False
4843,1802913435266469901,True
4844,1802903922018771318,True
4845,1802887530062426323,False
4846,1802881947376435701,False
4847,1802859324370456747,False
4848,1802841747052978381,False
4849,1802813206840160365,True
4850,1802789354122973486,False
4851,1802789012110774352,True
4852,1802776239331234180,False
4853,1802739348925829556,False
4854,1802733343768715771,False
4855,1802700577131921747,True
4856,1802524050792525988,False
4857,1802503707944235102,False
4858,1802486307991515382,False
4859,1802480869933781287,False
4860,1802473451699241338,True
4861,1802462472172953906,False
4862,1802456142947262618,True
4863,1802447569915887983,False
4864,1802438522659381606,False
4865,1802409672995181006,True
4866,1802384189423063073,False
4867,1802382209220841856,False
4868,1802380933883969801,False
4869,1802380334262063114,True
4870,1802377338262319328,False
4871,1802286336532963648,False
4872,1802219746013634912,True
4873,1802172194320970079,False
4874,1802168073027297306,False
4875,1802164616845291763,False
4876,1802158621179994255,True
4877,1802152094884897048,True
4878,1802142048553775504,True
4879,1802113400102592615,True
4880,1801673610324590708,True
4881,1802111016479895893,True
4882,1802104444080792050,False
4883,1802054114504831006,True
4884,1802043819224920081,True
4885,1802040591733154026,True
4886,1802030723550810535,False
4887,1802026500247417069,False
4888,1802015958782849486,False
4889,1802010027168800966,False
4890,1801992584241328411,False
4891,1801987852915376601,False
4892,1801953519953432995,False
4893,1801947033277694105,True
4894,1801913526107123872,False
4895,1801862132322938986,True
4896,1801855458774319358,False
4897,1801802197644058779,True
4898,1801798663011709012,True
4899,1801792980925263895,False
4900,1801789990004810235,True
4901,1801779435386876209,False
4902,1801770012786442285,False
4903,1801768763026448761,True
4904,1801755608405700778,True
4905,1801750913733771446,False
4906,1801748631990477085,False
4907,1801718457421205592,False
4908,1801711018395001054,False
4909,1801701762262237338,False
4910,1801695377864708521,False
4911,1801681776399556959,True
4912,1801678058023203077,False
4913,1801674706396893297,False
4914,1801669156405670051,False
4915,1801652843297787906,True
4916,1801649727379018140,True
4917,1801642833285169492,False
4918,1801617583050743867,False
4919,1801603458182656023,True
4920,1801600036930723988,False
4921,1801584630975349035,False
4922,1801575346380140931,True
4923,1801552228261511595,False
4924,1801508248098386079,True
4925,1801499545563529541,True
4927,1801468126443249870,False
4928,1801464024548155873,False
4929,1801448185451135280,False
4930,1801443988676759611,True
4931,1801439893035343887,True
4932,1801424984323330443,True
4933,1801423445592363312,True
4934,1801416411526398071,False
4935,1801416113273639182,True
4936,1801407319747522704,True
4937,1801401552558563448,False
4938,1801379536057126970,False
4939,1801362413482053986,False
4940,1801362315998081360,True
4941,1801359894043574501,False
4942,1801356999034019897,False
4943,1801344063897223265,False
4944,1801342606812791089,True
4945,1801338836485890256,True
4946,1801331310876889330,False
4947,1801323495571304465,True
4948,1801322795135336648,False
4949,1801294069316128954,True
4950,1801292321356440030,False
4952,1801286515533758494,True
4953,1801249407121109434,True
4955,1801234564599148777,False
4956,1805284675784483232,True
4957,1805277710505107533,False
4958,1805268637382557876,True
4959,1805263690931061098,False
4960,1805259901477732454,False
4961,1805232435627450864,False
4962,1805203692594823399,False
4963,1805162682426761375,True
4964,1805143952481308981,True
4965,1805054867292987765,True
4966,1805049761747083751,False
4967,1805032697816895724,False
4968,1805032558427582946,False
4969,1805021038922891511,True
4970,1805006303749607702,False
4971,1804986693419753607,True
4972,1804986318859948422,True
4973,1804985067518783504,False
4974,1804970412935205172,True
4975,1804961773902028983,False
4976,1804960774542205341,True
4977,1804956926335156540,True
4978,1804929606966718728,True
4979,1804926497745973500,False
4980,1804920566715191706,True
4981,1804918187806372248,True
4982,1804881536270975120,True
4983,1804877571986739570,False
4984,1804857121420316748,False
4985,1804847943582634392,False
4986,1804843570001572130,False
4987,1804796595826810993,False
4988,1804731946401947885,False
4989,1804728370455830982,False
4990,1804695715152535644,True
4991,1804678782613332405,False
4992,1804642405993394186,True
4993,1804641268644884543,False
4994,1804634251788493147,False
4995,1804626602342396318,False
4996,1804626248481620003,True
4997,1804563387369578567,False
4998,1804548853309259888,False
4999,1804531742436401286,False
5000,1804524780126650449,True
5001,1804493256580858242,True
5002,1804517475591094305,True
5003,1804504782360793297,False
5004,1804503950114099629,False
5005,1804503127351083057,False
5006,1804494244758823112,False
5007,1804245048801857589,False
5008,1778449784736448635,True
5009,1804374432095289697,False
5010,1804332799547121910,False
5011,1804329171868381279,False
5012,1804326441502285836,False
5013,1804326074815271237,True
5014,1804324875206525132,True
5015,1804316166099190184,True
5016,1804309425940762830,True
5017,1804301598887129426,False
5018,1804300058830974981,False
5019,1804293668930568281,True
5020,1804273113686823389,False
5021,1804263139355300052,True
5022,1804262728548102416,False
5023,1804246722375569438,False
5024,1804224508598927793,False
5025,1804215580041580582,False
5026,1804199186906140760,False
5027,1804190946554200262,True
5028,1804189723000263127,True
5029,1804186463971442704,False
5030,1804182853250322740,False
5031,1804181734335869181,True
5032,1804161393442144384,False
5033,1804096924829499420,False
5034,1804024718757937501,False
5035,1804022444572709181,True
5036,1803975297529704833,False
5037,1803490637703987267,False
5038,1803970467537068066,False
5039,1803970052401586355,True
5040,1803969949158809657,False
5041,1803960428231315722,False
5042,1803958360611397834,True
5043,1803925094286127178,False
5044,1803899302554521682,False
5045,1803884863759511779,False
5046,1803883412740051305,True
5047,1803882669715116174,False
5049,1803840862691938721,False
5050,1803813636630003747,False
5051,1803764239200399785,False
5052,1803693666411622538,False
5054,1803637830826004736,True
5055,1803625140611125405,True
5056,1803615222189494662,True
5057,1803601053763473591,True
5058,1803596872516317575,False
5059,1803593065946349686,False
5060,1803545295625638378,False
5061,1803525308471189945,False
5062,1803500024246206715,True
5063,1803479389478277156,False
5064,1803472018358018231,False
5065,1803467725274026043,False
5066,1803461639510847815,False
5067,1803440974083006555,False
5068,1803433926569963651,True
5069,1803426069623484874,True
5070,1803418480743452847,True
5072,1806381944437145841,False
5073,1806379461694136437,True
5074,1806366302950338787,True
5075,1806365240436650319,False
5076,1806364143198364134,True
5077,1806361812176162846,True
5078,1806361319844598127,False
5079,1806331813482172507,False
5080,1806303156361421086,True
5081,1806296586172989742,False
5082,1806220129266487435,True
5083,1806193114488475650,True
5084,1806177733791170749,False
5085,1806169341802451088,False
5086,1806165635539317198,False
5087,1806154998616653859,True
5088,1806153200606601524,True
5089,1806152992099307736,False
5090,1806117729864204790,False
5091,1806097962033959000,True
5092,1806095542859989088,False
5093,1806086927495393674,True
5094,1806082300519563475,False
5095,1806081504755458438,True
5096,1806080716813267443,False
5097,1806066631870677130,False
5098,1806058317753553096,True
5099,1806046711602716845,True
5100,1806044894219112545,False
5101,1806035511175512206,False
5102,1806029109639999549,False
5103,1806014592868336022,False
5104,1806009532893565335,True
5105,1806003750093389994,True
5106,1806002456863649839,False
5107,1806001485861507169,False
5108,1806000297396875290,True
5109,1805994866519703819,True
5110,1805986622816620600,False
5111,1805970602148184403,False
5112,1805963762395931093,True
5113,1805947456900788339,True
5114,1805917593179447407,False
5115,1805910644555735213,True
5116,1805823802611216594,False
5117,1805799599585583458,True
5118,1805786270989467861,False
5119,1805783635607310628,False
5120,1805781366342053957,True
5121,1805763579821334930,True
5122,1805759456300380160,False
5123,1805755257625985251,True
5124,1805754336531591530,True
5125,1805742107300446598,True
5126,1805719333101879543,True
5127,1805741399016460666,True
5128,1805739489001980040,True
5129,1805733789597155552,True
5130,1805730953962123363,False
5131,1805729164357779847,True
5132,1805727087166144805,True
5133,1805723991971447172,True
5134,1805721425900163191,False
5135,1805682364817063959,False
5136,1805669974712701049,False
5137,1805608968191947047,False
5138,1805474906114547910,False
5139,1805441481840173506,True
5140,1805440534275666009,True
5141,1805438693353681062,True
5142,1805438448397865269,False
5143,1805425421074235867,False
5144,1805414338909307301,False
5145,1805403342543212774,False
5146,1805367710332657878,False
5147,1805367159750578454,True
5148,1805366113892483358,False
5149,1805365107205029896,True
5150,1805329684215087225,False
5151,1805319139872870678,True
5152,1805319081911779740,False
5153,1805316903142858954,False
5154,1805315564362985503,False
5155,1805302571252256963,True
5157,1807721699510505573,True
5158,1807618274512851074,False
5159,1807600414465909017,False
5160,1807594150964957495,False
5161,1807591535048798281,True
5162,1807561332385775885,True
5163,1807556309782593660,True
5164,1807549085831795166,True
5165,1807525176449626472,False
5166,1807523695340179709,True
5167,1807520361975849395,False
5169,1807513112494366731,False
5170,1807488081005621671,False
5171,1807474148895051876,False
5172,1807469634800500841,True
5173,1807468883269300261,True
5174,1807468664829903150,True
5175,1807468319152255405,True
5176,1807467826120188078,True
5178,1807448166758760658,False
5179,1807436035766329794,True
5180,1807414532974780550,False
5181,1807406169524248853,False
5182,1807401179732656367,True
5183,1807263517097000994,False
5184,1807235387913609691,False
5185,1807230180596801583,False
5186,1807219819298623946,False
5187,1807218819141689379,False
5188,1807157063065174393,False
5189,1807126997090423071,False
5190,1807115336065372564,False
5191,1807064080982606132,True
5192,1807060164392194557,True
5193,1807022318675214542,False
5194,1806975234982969692,False
5195,1806941656404365349,False
5196,1806901836714230247,True
5197,1806871475992818038,False
5198,1806854554857754864,False
5199,1806845736744857814,True
5200,1806835041609158919,True
5201,1806832349906129174,True
5202,1806825050542317755,True
5203,1806787248312259067,True
5204,1806761631604498863,False
5205,1806758238710329468,False
5206,1806754375051710741,True
5207,1806752433667809516,False
5208,1806748842655613274,True
5209,1806740229207781383,False
5210,1806738334510887420,False
5211,1806733334824841296,False
5212,1806723333599146505,False
5213,1806720386387661076,False
5214,1806710595720282510,False
5215,1806706161489469476,True
5216,1806703956392890732,False
5217,1806701805000151135,False
5218,1806686079774261335,False
5219,1806667554963726631,False
5220,1806625380813459775,True
5221,1806561305228153036,True
5222,1806554632174403908,False
5223,1806550985981985141,False
5224,1806535419670024622,False
5225,1806514561626898432,False
5226,1806514166812799034,False
5227,1806512601032970556,True
5228,1806507136786018502,False
5229,1806481223411274006,False
5230,1806587568349131180,False
5231,1806478078459224383,False
5232,1806465409450713358,False
5233,1806443688471519435,True
5234,1806435835383832933,True
5235,1806434817778520298,True
5236,1806430022523355578,True
5237,1806409635710021813,False
5238,1806409328393326865,False
5239,1806404250185953616,False
5240,1806403547799441820,True
5241,1806402588742480036,True
5242,1806401558940450837,True
5243,1806397739611177148,False
5244,1806393270064271419,False
5245,1806391473161843113,False
5246,1806390961800638748,False
5247,1806385923812458744,False
5248,1806385677203828892,False
5249,1807843334016086462,True
5250,1807843171407167757,False
5251,1807842174132015296,False
5252,1807834960654655792,True
5253,1807812595748950497,True
5254,1807811275625320554,False
5255,1807800681065005432,False
5256,1807788455172161828,True
5257,1810362550841753602,True
5258,1810325969414295642,False
5259,1810266773578485898,False
5260,1810194875398197474,True
5261,1810154299491525044,False
5262,1810148017468592504,False
5263,1810133073234718721,True
5264,1810116650676502573,True
5265,1810106618589163618,True
5266,1810104533667676418,False
5267,1810096791859118484,True
5268,1810082499868897307,True
5269,1810080657084756395,False
5270,1810054135498326357,False
5271,1810053486064587151,False
5272,1810052928155324787,True
5273,1810052338146521380,False
5274,1810049371083546625,False
5275,1810038920081748044,False
5276,1810014498306048203,False
5277,1810010720035062217,True
5278,1810002979606737258,False
5279,1809979093644984424,False
5280,1809970122552991908,False
5281,1809944444487278648,True
5282,1809942230876209163,False
5283,1809840658443608290,True
5284,1809928784750977158,True
5285,1809887456172380493,True
5286,1809871882528620857,False
5287,1809775719364309332,False
5288,1809767207724888539,False
5289,1809729266948374726,True
5290,1809709259833172476,True
5291,1809694498210865176,False
5292,1809690497503408600,False
5293,1809681921242173565,True
5294,1809667713809137696,True
5295,1809667370090172573,True
5296,1809659666437402822,True
5297,1809659138319712642,True
5298,1809637266345664603,True
5299,1809593642023010690,False
5300,1809585412521758940,False
5301,1809583102336868652,False
5302,1809567527543955854,False
5303,1809537522264928599,True
5304,1809470846538314237,False
5305,1809467459210211602,True
5306,1809455969589489715,False
5307,1809453528793895385,False
5308,1809416991041601928,False
5309,1809403809556303968,False
5310,1809397043288281507,True
5311,1809378959970238565,True
5312,1809324217701138781,False
5313,1809319988848914666,False
5314,1809302343810445732,False
5315,1809017495803580468,True
5316,1809297857570017563,True
5317,1809285314068054094,True
5318,1809246635139961065,False
5319,1809235358116118821,True
5320,1809100056240234507,False
5321,1809069206043865112,False
5322,1809065196272365859,True
5323,1809063153210368461,False
5324,1809054261235286414,False
5325,1809052621681971283,False
5326,1809051656727711764,True
5327,1809043293272973753,True
5328,1809043158799691984,True
5329,1809031876360778173,False
5330,1809021684785070537,False
5331,1809008428590801329,True
5332,1808997948228882551,True
5333,1808994825980518684,True
5334,1808982727560929287,True
5335,1808982671244341634,False
5336,1808971533936644139,True
5337,1808965364140945438,True
5338,1808952494111822126,True
5339,1808937808217977325,False
5340,1808924021355938072,True
5341,1808918386774323373,True
5342,1808907645178556827,True
5343,1808907111625101482,True
5344,1808905881280475301,True
5345,1808902588466651535,False
5346,1808901193491739063,True
5347,1808899596694814945,True
5348,1808899461365616908,False
5349,1808895115169010130,True
5350,1808893301195522301,False
5351,1808889497007874185,False
5352,1808887709622047161,False
5353,1808884441239986316,False
5354,1808875020560597054,True
5355,1808870783906640068,True
5356,1808870261329981716,False
5357,1808845038274638197,False
5358,1808799133597069516,True
5359,1808718884909777074,False
5360,1808708899643523479,False
5361,1808699564775403575,False
5362,1808694738490372183,False
5363,1808683938493124830,False
5364,1808672120148197795,True
5365,1808667877366469081,False
5366,1808662753164272079,False
5367,1808634322716430397,True
5368,1808607935548834177,True
5369,1808598866083676493,False
5370,1808566829293453393,True
5371,1808550319690756461,False
5372,1808540810805207332,False
5373,1808539825890603026,False
5374,1808536107845398762,False
5375,1808535367236112428,True
5376,1808534778238358004,True
5377,1808531384299851897,True
5378,1808510507726598554,False
5379,1808492136813199599,False
5380,1808467336011063508,True
5381,1808366515290329557,False
5382,1808354566984921421,False
5383,1808337897902178305,True
5384,1808336946021745050,True
5385,1808316715870134358,False
5386,1808307135731679603,False
5387,1808300882414407932,True
5388,1808291059501277383,False
5389,1808289703453495516,False
5390,1808289385558733024,True
5391,1808284586842952062,False
5392,1808281868615197161,True
5393,1808266447476457576,False
5394,1808265851700715798,False
5395,1807918104237990373,True
5396,1808257124331569378,False
5397,1808249484042031444,False
5398,1808246955782689276,False
5399,1808246488507768965,False
5400,1808244195276345542,True
5401,1808241523953111402,True
5402,1808225603839004895,False
5403,1808215544300028181,True
5404,1808210400737128584,True
5405,1808209484764057668,False
5406,1808204012111409363,False
5407,1808199475887735241,False
5408,1808196181723410501,True
5409,1808180080486547690,False
5410,1808179139863892316,True
5412,1808153702324174907,False
5413,1808139650797564293,False
5414,1808135359336722551,False
5415,1808129925255213248,False
5416,1808111391229780021,True
5417,1808110344222441904,True
5418,1808110035756634148,False
5419,1808092047301034317,False
5420,1807968004694495669,False
5421,1807966725855404240,True
5422,1807961722319249537,False
5423,1807957909508108556,True
5424,1807956252791919074,True
5425,1808143740428525897,False
5426,1807936030483353985,False
5427,1807934315918958849,True
5428,1807916359273402517,False
5429,1807880853847970096,False
5430,1807875988594086233,True
5431,1807863279630668284,False
5432,1807861817516904522,False
5433,1812820739914956950,True
5434,1812753856675172432,True
5435,1812750157340913746,False
5436,1812712807411884431,False
5437,1812697932849717275,True
5438,1812677883032166529,True
5439,1812674027854385348,True
5440,1812667825175007276,False
5441,1812656955183296973,False
5442,1812653635022528598,False
5443,1812532069169242249,False
5444,1812635473224905180,False
5445,1812634477287309697,True
5446,1812634303920034121,True
5447,1812630667169006048,False
5448,1812595949937770785,True
5449,1812590055116206178,True
5450,1812517854270414909,True
5451,1812499178796282028,True
5452,1812486394113057045,False
5453,1812324202147463412,True
5454,1812314976884834685,False
5455,1812310853363855759,False
5456,1812294974299328730,False
5457,1812283355540377746,True
5458,1812280072528924702,False
5459,1812266624189419603,False
5460,1812261308839899509,False
5461,1812257304827593008,False
5462,1812229405730595240,False
5463,1812189000406347891,False
5464,1812185735409152105,True
5465,1812167754545336398,False
5466,1812127879724982561,True
5467,1812111423050264799,True
5468,1812105810412965966,True
5469,1812095433369321699,False
5470,1812035023219900761,False
5471,1811930648518525174,False
5472,1811915355947700381,False
5473,1811873724062150922,False
5474,1811860277324837077,False
5475,1811857562364436851,False
5476,1811854528108507521,True
5477,1811837213090439343,True
5478,1811837046052565126,False
5479,1811835112826319293,False
5480,1811828419174289444,False
5481,1811824301307224531,True
5482,1811818173206814793,True
5483,1811814263511519578,True
5484,1811814260680343782,True
5485,1811814257949835405,True
5486,1811814255554965814,True
5487,1811786264900768012,True
5488,1811775241141764522,True
5489,1811731820888707538,False
5490,1811715060072382617,False
5491,1811690248696393941,True
5492,1811670549182939373,False
5493,1811585818240147849,True
5494,1811584311386149261,True
5495,1811546018401374430,False
5496,1811534860844171549,False
5497,1811532812937543777,False
5498,1811531436282802288,False
5499,1811514486513369486,True
5500,1811501222261616917,False
5501,1811499281439764671,False
5502,1811485550626459923,False
5503,1811464704570556860,False
5504,1811457281143218465,True
5505,1811456195884118273,True
5506,1811453204833435895,True
5507,1811419940509130979,False
5508,1811403874923634790,False
5509,1811399314624676203,True
5510,1811343737143841089,False
5511,1811336804550799537,True
5512,1811279349959586156,False
5513,1811259864854745105,False
5514,1811238183675343161,False
5515,1811235611820302374,True
5516,1811230874379133294,True
5517,1811227384177127463,False
5518,1811226683300569425,True
5519,1811195551481843837,False
5520,1811186966999793975,False
5521,1811157504572670028,False
5522,1811157100623515770,True
5523,1811127326673096994,True
5524,1811096509150052790,False
5525,1811085000676163644,False
5526,1811066382252961936,True
5527,1811016099267232122,False
5528,1810900778422280627,False
5529,1810888153667973448,False
5530,1810872118436937941,False
5531,1810850741323497922,False
5532,1810793417083109699,False
5533,1810790970377539949,True
5534,1810771193458479296,False
5535,1810720247218909418,True
5536,1810718976864878668,False
5537,1810701305331232838,False
5538,1810697872129572867,False
5539,1810696542698791296,False
5540,1810696049746497892,False
5541,1810689963547115598,True
5542,1810686944973602921,True
5543,1810686813406650520,True
5544,1810676264488915052,False
5545,1810671929122062469,False
5546,1810659729670037960,False
5547,1810587729836548178,True
5548,1810587071318253986,True
5549,1810584722415796645,False
5550,1810506315875209356,False
5551,1810480075889844360,True
5552,1810468309327818762,False
5553,1810458742334411226,False
5554,1810456983121559932,True
5555,1810439558053368033,False
5556,1810438158976516125,False
5557,1810425132306853937,False
5558,1810417555225321546,True
5559,1810407325527929147,False
5560,1810393472937111730,False
5561,1813990692512829688,False
5562,1813986339471114583,True
5563,1813984722844062198,True
5564,1813976036864057535,False
5565,1813974568400486561,False
5566,1813940453693337940,True
5567,1813906148707451141,False
5568,1813893010515800365,False
5569,1813771311996645726,False
5570,1813770126468272292,True
5571,1813769728491454889,True
5572,1813765941383340396,False
5573,1813759297177719046,True
5574,1813759275745132691,True
5575,1813758535588798718,False
5576,1813756324422803634,False
5577,1813753851343978722,False
5578,1813738475080019981,False
5579,1813725940381536531,False
5580,1813723285311611240,True
5581,1813719482063573376,False
5582,1813701016254296547,True
5583,1813698453744283866,False
5584,1813687682176053427,False
5585,1813678544599597489,True
5586,1813678043291885902,False
5587,1813675422900772995,False
5588,1813665983095341167,False
5589,1813662702734397691,False
5590,1813657644248547432,True
5591,1813654908199137423,False
5592,1813652042084487656,False
5593,1813651351286731248,True
5594,1813638334134304866,True
5595,1813636220540551669,False
5596,1813602303255130545,True
5597,1813628296531251557,True
5598,1813613612440989724,False
5599,1813591406553997513,False
5600,1813585477816975858,False
5601,1813574762578542841,False
5602,1813540848132579832,True
5603,1813517159609635211,True
5604,1813466433889644736,False
5605,1813447021748945286,False
5606,1813433539632730140,True
5607,1813417251300626782,False
5608,1813401269312106679,False
5609,1813399839733907801,True
5610,1813398313871249904,False
5611,1813397794775830828,False
5612,1813393521170358605,True
5613,1813392359058448858,True
5614,1813392109157613890,False
5615,1813387872923242607,True
5616,1813387670497947657,False
5617,1813386519547134106,False
5618,1813382182880030816,False
5619,1813380469561647232,False
5620,1813379533967356290,False
5621,1813378736642760850,True
5622,1813374545413243003,True
5623,1813370238408266133,False
5624,1813346161329410318,False
5625,1813342554705801635,False
5626,1813338092687982643,True
5627,1813328596120842350,False
5628,1813327175350890946,True
5629,1813323165986103319,False
5630,1813286734588756308,True
5631,1813284122682356037,True
5632,1813276468027531613,False
5633,1813263563655454854,False
5634,1813271567310463212,False
5635,1813271561983447172,True
5636,1813257419289473287,False
5637,1813256832716316882,False
5638,1813250313211814281,True
5639,1813245704246002044,True
5640,1813208815304573112,True
5641,1813245571236323520,False
5642,1813228981576999352,True
5643,1813213262118281713,True
5644,1813180598854259131,False
5645,1813042011378733524,False
5646,1813031167664533992,True
5647,1813017618112258184,False
5648,1813011771000561913,False
5649,1813011642365390961,True
5650,1813000599106933045,True
5651,1812993373118341408,True
5652,1812987607019889136,False
5653,1812967210857689356,False
5654,1812926814786101459,True
5655,1812918188419825788,False
5656,1812909386102415710,False
5657,1812908738853867632,False
5658,1812889462168338694,True
5659,1812863155388747998,False
5660,1815409059606016505,False
5661,1815335809983131878,True
5662,1815324748563284475,True
5663,1815207367287431625,True
5664,1815205018263245305,False
5665,1815202386761441467,False
5666,1815193425387381161,False
5667,1815184235101028369,False
5668,1815178760045400564,True
5669,1815151823113580620,False
5670,1815124583634100363,False
5671,1815108094583558610,True
5672,1815095732577443952,False
5673,1815031573118394546,False
5674,1815030571711553631,True
5675,1815024906855174614,False
5676,1814902527248232457,False
5677,1814889373516681353,False
5678,1814856907363856612,False
5679,1814855542226993318,False
5680,1814844441640726630,False
5681,1814843292896444438,True
5682,1814839722755211673,True
5683,1814817672552431874,False
5684,1814813721136447894,True
5685,1814781461083660797,True
5686,1814778791702544591,False
5687,1814777697328861188,False
5688,1814777513354404298,True
5689,1814749717009735747,True
5690,1814710148574687310,False
5691,1814693861005955493,False
5692,1814687990335050124,True
5693,1814728489209069619,False
5694,1814669751878136216,True
5695,1814636700783517988,False
5696,1814535729663385812,True
5697,1814524695376507291,True
5698,1814495953228911039,False
5699,1814492674881204352,False
5700,1814480860319535181,False
5701,1814469994677141816,False
5702,1814445096907223328,False
5703,1814432802848334292,False
5704,1814423530777293119,False
5705,1814423442143219951,False
5706,1814412133955744158,True
5707,1814407652304105687,True
5708,1814407095581634758,False
5709,1814405401242198297,True
5710,1814400325438328931,True
5711,1814381333055189291,False
5712,1814360873567191521,False
5713,1814359114081878204,False
5714,1814355243049820347,False
5715,1814316146692174233,True
5716,1814293307322753195,False
5717,1814268881449443538,False
5718,1814248481470533855,False
5719,1814173537160114356,False
5720,1814147986294730963,True
5721,1814129423936888906,False
5722,1814128825627812302,False
5723,1814113646919729203,False
5724,1814107693860401638,True
5725,1814089402483605705,False
5726,1814085729036751221,False
5727,1814059335648981283,True
5728,1814029960212029612,False
5729,1814027689436623258,False
5730,1814020399786533291,False
5731,1814019802253385905,False
5732,1814005087678943510,False
5733,1814004842123452546,False
5734,1816089169820557569,False
5735,1816008661824586124,True
5736,1815959244396453972,False
5737,1815946305912312205,False
5738,1815945308574011665,False
5739,1815936676000137389,False
5740,1815936297237709291,False
5741,1815928135289848069,True
5742,1815926704516276561,True
5743,1815923220274434235,False
5744,1815891648276041742,False
5745,1815890024740614594,False
5746,1815887042649477443,True
5747,1815886617112109413,True
5748,1815876529387082059,True
5749,1815857958498312322,True
5750,1815802226259935642,True
5751,1815785386934964236,False
5752,1815779998239768603,False
5753,1815776872208429434,True
5754,1815612298578600102,False
5755,1815608521007792549,False
5756,1815599164568301874,False
5757,1815593441910276101,False
5758,1815576493054984648,False
5759,1815568180393410936,False
5760,1815568176283095444,True
5761,1815568173275422939,True
5762,1815559473513009227,False
5763,1815534682437550292,True
5764,1815557413287723386,False
5765,1815548121037848875,False
5766,1815546187342041534,False
5767,1815535123552407906,False
5768,1815533332454596874,True
5769,1815496073231876498,True
5770,1815485744972243352,True
5771,1815468766102503576,False
5772,1815453388479623457,True
5773,1815445750748192779,False
5774,1815434396448477617,False
5775,1815415424588083273,False
5776,1817896132812431412,False
5777,1817895643823706453,False
5778,1817893914046566451,False
5779,1817883548356939809,True
5781,1817820151397413114,True
5782,1817801244301259248,False
5783,1817780691913896209,False
5784,1817771216700100758,False
5785,1817768950123425843,True
5786,1817766816355058067,True
5787,1817760608340550127,True
5788,1817757889991168184,False
5789,1817752324426588406,False
5790,1817752240817312207,True
5791,1817747111976313267,False
5792,1817745833481113941,True
5793,1817743619618418903,False
5794,1817738808407838777,True
5795,1817688883741474953,False
5796,1817738144973779235,True
5797,1817737663455043669,True
5798,1817737650893132062,False
5799,1817728137012068694,False
5800,1817720111769276789,False
5801,1817718756379910163,False
5802,1817716831446077451,True
5803,1817711337419710726,False
5804,1817697716761158086,False
5805,1817685004551594385,True
5806,1817682099224055876,True
5807,1817672949966500075,True
5808,1817665619531059271,False
5809,1817655271382286580,False
5810,1817648223122551293,True
5811,1817641528795238541,False
5812,1817635859312640250,False
5813,1817631306462666852,True
5814,1817628993253933466,False
5815,1817628915822907451,False
5816,1817620919231119633,False
5817,1817620026805100557,True
5818,1817605026736402687,False
5819,1817600299403460715,True
5820,1817596749827207500,False
5821,1817595767399309468,False
5822,1817586770743333272,True
5823,1817585945602043972,True
5824,1817575559356154055,False
5825,1817570037445861613,False
5826,1817569329334063124,True
5827,1817565781271437693,True
5828,1817565674988011858,False
5829,1817556147261374555,True
5830,1817552261012140125,False
5831,1817543499329265918,True
5832,1817517273063600305,True
5833,1817511304094982561,True
5834,1817484533333139527,True
5835,1817500969334403235,False
5836,1817476735438315677,False
5837,1817415461094436870,False
5838,1817406862121189750,True
5839,1817405807966769152,True
5840,1817405548658135485,True
5841,1817396732319207504,True
5842,1817388159010754886,False
5843,1817385613823254835,False
5844,1817362919408934947,False
5845,1817361203947098346,False
5846,1817333355030921342,True
5847,1817331527916925291,True
5848,1817330496768024835,True
5849,1817321683654500634,True
5850,1817316503412441187,False
5851,1817307209715376158,False
5852,1817306057812701229,True
5853,1817279972509167700,True
5854,1817278449989398896,True
5855,1817273439029231823,True
5856,1817257962710147392,False
5857,1817253767009694071,True
5858,1817244063449407736,True
5859,1817377612462707016,False
5860,1817242925925048686,False
5861,1817236939507896522,False
5862,1817236719571275786,False
5863,1817228268963045606,True
5864,1817220416974266481,False
5865,1817216024707576121,True
5866,1817208193384325211,False
5867,1817205203948421273,False
5868,1817190520340271585,False
5869,1817180256588927047,True
5870,1817157375796670514,False
5871,1817065243308143043,True
5872,1817058600965050555,True
5873,1816955930673639521,False
5874,1817040665567506505,False
5875,1817035654955515954,True
5876,1817034276220575935,False
5877,1817001643092639934,True
5878,1816993403080528307,True
5879,1816991372391452876,False
5880,1816991316061921359,True
5881,1816987223759421652,False
5882,1816977715913732128,False
5883,1816971782668063030,True
5884,1816971236376776933,False
5885,1816968864535863595,True
5886,1816967442616234183,True
5887,1816960429249212573,True
5888,1816944264250634530,False
5889,1816943044257538094,False
5890,1816942863995011572,False
5891,1816941505501888823,True
5892,1816928971352662316,True
5893,1816904380370637120,True
5894,1816901540566741007,True
5895,1816891677438586960,False
5896,1816890832449917385,False
5897,1816889303185662434,False
5898,1816881975988490682,True
5899,1816881566594855415,False
5900,1816865740420772095,False
5901,1816832309158416492,True
5902,1816831287337853023,False
5903,1816830131874242875,True
5904,1816820133014163510,True
5905,1816816422103785580,False
5906,1816797872555188652,True
5907,1816704464486547627,False
5908,1816699025657155631,False
5909,1816694809823739955,True
5910,1816687122817941816,False
5911,1816661469385097590,True
5912,1816599791511744787,False
5913,1816585507415163130,True
5914,1816571821812072601,True
5915,1816567982258290848,False
5916,1816566000512274526,True
5917,1816546219348623506,True
5918,1816532549784715662,False
5919,1816514964301218181,False
5920,1816510614719598900,False
5921,1816500605151568329,False
5922,1816489899828384018,False
5923,1816488431280869847,True
5924,1816488058121842899,False
5925,1816478800533676121,False
5926,1816477319017402480,False
5927,1816473875015741860,True
5928,1816457540957351940,True
5929,1816446715794178090,False
5930,1816443937050984746,False
5931,1816329335424389384,False
5932,1816321669331337591,False
5933,1816308737595838737,False
5934,1816292712301072635,False
5935,1816291880717443426,True
5936,1816289278378353087,True
5937,1816282580334870631,False
5938,1816279711116349945,False
5939,1816262977193955575,True
5940,1816258546872262986,False
5941,1816251979209007258,True
5942,1816244066390036926,False
5943,1816239012958580940,True
5944,1816212890619179309,True
5945,1816208772588507622,False
5946,1816190928077603032,False
5947,1816189023699992688,True
5948,1816168571262681117,False
5949,1816158394354393479,False
5950,1816157050759418314,False
5951,1816149071553351761,True
5952,1816140333798842674,False
5953,1816133547586941312,False
5954,1816112087061438772,True
5955,1816109162972987568,False
5957,1819221116700811751,True
5958,1819197613452689714,True
5959,1819175203030565006,True
5960,1819171336750592045,True
5961,1819169048338342275,True
5962,1819155854102614282,False
5963,1819135396699131979,True
5964,1819131942358638839,False
5965,1819131083658875148,False
5966,1819124052889686163,True
5967,1819097968475361382,False
5968,1819067187237355644,False
5969,1819066763969286584,False
5970,1818753880056062145,True
5971,1819065303357063196,False
5972,1819061734037918064,False
5973,1819060364765810705,False
5974,1819056036462186582,False
5975,1819053971547308422,True
5976,1819050561095803075,False
5977,1819040787520250158,False
5978,1819039667183837314,True
5979,1819027172620718272,False
5980,1819017656697028761,True
5981,1819014813403566166,True
5982,1818988768356905202,True
5983,1818979888021274806,False
5985,1818846424458580025,False
5986,1818827174259929462,True
5987,1818824051592253673,True
5988,1818807650622071037,True
5989,1818802763960402014,False
5990,1818802745777750291,True
5991,1818801924973432993,False
5992,1818353508045013259,True
5993,1818789967734186409,False
5994,1818788386250825825,True
5995,1818787074801021185,False
5996,1818777659436052572,False
5997,1818777307307557371,True
5998,1818775922897736031,True
5999,1818771649636057117,False
6000,1818768350488748358,True
6001,1818761295446802555,True
6002,1818753500139892839,False
6003,1818751526040748440,True
6004,1818749683554304285,True
6005,1818746092458328140,False
6007,1818737408793280790,True
6008,1818736274192450032,True
6009,1818725745235312820,True
6010,1818725151103762551,False
6011,1818720175933493395,False
6012,1818716864542801975,True
6013,1818714877571023218,False
6014,1818712295620411450,False
6015,1818710972019970357,True
6016,1818710285751816520,True
6017,1818705893178925255,True
6018,1818705366735372571,True
6019,1818705049486311832,False
6020,1818703237618237518,True
6021,1818702513421291802,False
6022,1818699219076526510,False
6023,1818699107718119763,True
6024,1818693965517930558,False
6025,1818692170150220263,False
6026,1818689102830768550,True
6027,1818684117820543396,False
6028,1818683871971754446,False
6029,1818678185262772332,False
6030,1818355978540396687,False
6031,1818675375326519701,False
6032,1818668154035359984,True
6033,1818666445108031630,True
6034,1818665866067669266,False
6035,1818662710201962796,False
6036,1818659744724164688,False
6037,1818659618005881304,False
6038,1818655045719626082,False
6039,1818653290688581639,False
6040,1818469542462460024,False
6041,1818644808065335619,True
6042,1818623817473740959,False
6043,1818616384261107981,False
6044,1818615757078450204,False
6045,1818614867818873243,False
6046,1818613568947814897,False
6047,1818601998603726851,False
6048,1818598022529368575,False
6049,1818549217104744929,False
6050,1818527116725473685,True
6051,1818496015088902270,True
6052,1818484633375224232,True
6053,1818479125679477223,False
6054,1818475138532131046,True
6055,1818451283470077997,False
6056,1818449217653764202,False
6057,1818447392951132591,False
6058,1818441386091581674,False
6059,1818445668681171329,False
6060,1818445296516366353,False
6061,1818441839969460242,True
6062,1818436298832544203,False
6063,1818435445975552144,False
6064,1818422589351440882,False
6065,1818420635682381966,False
6066,1818420616690598252,False
6068,1818409594332364952,False
6069,1818401291556835700,False
6070,1818401146555306004,False
6071,1818391412460667258,False
6072,1818390587097465035,False
6073,1818390319630536784,False
6074,1818389983322857948,False
6075,1818389196337275233,False
6076,1818388765984858508,True
6077,1818384384048730139,False
6078,1818384173838864424,False
6079,1818384169447329856,True
6080,1818383416074637507,False
6081,1818380085470412828,True
6082,1818377284392300677,False
6083,1818373855070523651,True
6084,1818371562065871079,False
6085,1818370469890081029,True
6086,1818366497947025884,False
6087,1818365609031213205,False
6088,1818365264721051729,True
6089,1818359313913856442,False
6090,1818332470405632328,True
6091,1818311662232801297,False
6092,1818309274189062396,False
6093,1818302217557848453,True
6094,1818241560800051648,True
6095,1818223641739297203,True
6096,1818213615310180831,False
6097,1818147974884561406,True
6098,1818105701639553155,False
6099,1818105391143620758,True
6100,1818104863722500417,False
6101,1818094891097862619,True
6102,1818087889009336423,True
6103,1818084925188317592,False
6104,1818067110842745117,True
6105,1818058687866352017,True
6106,1818051650130780351,False
6107,1818035348854984793,False
6108,1818030904406851804,True
6109,1818025737208942643,False
6110,1818018150929363132,True
6111,1818008970851738075,False
6112,1817994934974083517,True
6113,1817991078194130958,False
6114,1817976063479205910,True
6115,1817972500653031433,True
6116,1817964624257613967,False
6117,1817964151219925337,True
6118,1817961566853013865,True
6119,1817958407162499563,False
6120,1817956647714935252,True
6121,1817951627648655534,False
6122,1817947810655862851,True
6123,1817946894737265036,False
6124,1817945082789589168,False
6125,1817942374338732202,True
6126,1817934048129425898,True
6127,1817925261805203946,False
6128,1817920388086550840,False
6129,1817918911385342098,True
6130,1817914448645861382,True
6131,1817911872433111423,False
6132,1817903263758324034,True
6133,1817901682270917100,True
6134,1817900382384697539,False
6135,1817898981973729738,False
6136,1820819706774708423,False
6137,1820786447906934973,False
6138,1820783486313046051,True
6139,1820662666689384928,False
6140,1820638148835016721,False
6141,1820616741338108244,False
6142,1820603090023682471,True
6143,1820588344713130186,True
6144,1820582419835359676,False
6145,1820575945755140603,False
6146,1820558311910977567,False
6147,1820548378201137208,False
6148,1820543507159015740,False
6149,1820539484381003892,True
6150,1820538220289102234,False
6151,1820529979161190752,False
6152,1820529548209057819,False
6153,1819784851064521016,False
6154,1820521987367993645,True
6155,1820517253349273953,False
6156,1820498070469238990,False
6157,1820493133404406147,False
6158,1820487031375753392,False
6159,1820472298589356332,False
6160,1820459408746275049,True
6161,1820434168238530813,True
6162,1820375672784650675,True
6163,1820322918120735073,True
6164,1820317214630711430,False
6165,1820311880885244016,True
6166,1820287438977122339,False
6167,1820287165328200052,False
6168,1820273938426925366,False
6169,1820272740051394767,False
6170,1820251626461966448,True
6171,1820231561255751866,False
6172,1820221873856053306,False
6173,1820204626974490945,False
6174,1820185408803647561,True
6175,1820151159396483093,False
6176,1820130001964220419,False
6177,1820121971780362578,True
6178,1820119618117075438,True
6179,1820113678747804108,True
6180,1820113331555807639,False
6181,1820101928912630076,False
6182,1820097109108081117,True
6183,1820095823184556316,False
6184,1820092463610282078,False
6185,1820091142223913236,False
6186,1820084727790911520,True
6187,1820084661948665985,True
6188,1820010447065501773,True
6189,1820004792120254541,False
6190,1819959914627752081,False
6191,1819950394664952180,False
6192,1819913530432184665,True
6193,1819903197676265604,False
6194,1819889245806608392,True
6195,1819882820409479251,False
6196,1819882795550003520,False
6197,1819855922635723108,False
6198,1819826703448838297,True
6199,1819822612580532427,True
6200,1819820719666057298,False
6201,1819820184552554813,False
6202,1819814649350836642,False
6203,1819795142297165923,False
6204,1819787117049872616,False
6205,1819786596419252401,False
6206,1819785114513187306,False
6207,1819780034367766552,True
6208,1819773096628265384,False
6209,1819771249284763990,False
6210,1819738498217251251,False
6211,1819766076261183520,False
6212,1819761310046794033,False
6213,1819752240434880716,False
6214,1819739254374682720,False
6215,1819727418317279737,True
6216,1819712389303959910,False
6217,1819711073638850710,True
6218,1819663547359502419,True
6219,1819611250122248422,False
6220,1819568309840302491,False
6221,1819548963382468884,False
6222,1819540388790538396,False
6223,1819498851235229748,False
6224,1819491096302338320,True
6225,1819481624884445557,True
6226,1819472069643718776,False
6227,1819468147109646724,False
6228,1819463593752252730,True
6229,1819450629414441119,False
6230,1819441490793308588,True
6231,1819431641309135266,False
6232,1819407891859697767,True
6233,1819402603693736220,True
6234,1819398275839283629,True
6235,1819397301124903090,False
6236,1819391963663073352,False
6237,1819391925922701811,False
6238,1819368160518136221,True
6239,1821898539703923027,True
6240,1821866773777396018,False
6241,1821760104116428938,False
6242,1821754980702855315,False
6243,1821754528531702063,False
6244,1821731124957139260,False
6245,1821730874007736559,False
6246,1821725369545761105,False
6247,1821620525233565739,False
6248,1821724804212261112,False
6249,1821715265182220422,False
6250,1821711869184286923,True
6251,1821704938168197215,True
6252,1821695203083714924,False
6253,1821692316416889062,False
6254,1821688758078419370,True
6255,1821675754800701745,False
6256,1821658161230835858,True
6257,1821654741358674003,False
6258,1821651073993732448,False
6259,1821636170088116402,False
6260,1821352003768869180,True
6261,1821609597016404011,False
6262,1821605804325400689,False
6263,1821602379533299929,True
6264,1821583795394662459,False
6265,1821569871622332759,False
6266,1821569154995896797,True
6267,1821552844400468103,False
6268,1821531676679311508,True
6269,1821525320693862758,False
6270,1821400756953428461,True
6271,1821391389839577528,False
6272,1821380004497764802,False
6273,1821360955332174023,False
6274,1821350287157928100,False
6275,1821349880528281939,False
6276,1821325598083387506,False
6277,1821322307144470909,False
6278,1821304229421621437,False
6279,1821290039801946352,False
6280,1821288672756417019,True
6281,1821288286436127099,True
6282,1821265614008389702,False
6283,1821264463271698613,True
6284,1821256337478574117,False
6285,1821238856479392068,True
6286,1821238442765750500,False
6287,1821233767689920722,True
6288,1821228340734521637,False
6289,1821220193885897094,True
6290,1821218235376882142,False
6291,1821205425867333943,True
6292,1821203932409954548,False
6293,1821199196457665011,False
6294,1821189803427172395,False
6295,1821171261608730921,False
6296,1821129580842750186,True
6297,1821062311970267155,True
6298,1821004754501120200,False
6299,1820984345630310593,False
6300,1820983043064049973,False
6301,1820976048286150701,False
6302,1820975794480431279,False
6303,1820947556329034097,False
6304,1820939287463858312,False
6305,1820917043513655308,True
6306,1820909463290679675,False
6307,1820909236928573789,False
6308,1820870896527016349,False
6309,1820860550592741583,False
6310,1820858431806505280,False
6311,1820851410864652377,False
6312,1824050217206890704,False
6313,1824018467281949048,True
6314,1823917009135919259,True
6316,1823906271696769323,False
6317,1823891445033431142,False
6318,1823890064117531102,False
6319,1823878954719060167,False
6320,1823864184515518727,False
6321,1823853443527926152,True
6322,1823837167418048531,True
6323,1823832445940359232,True
6324,1823825818956742997,True
6325,1823811585162535224,True
6326,1823807155520331815,False
6327,1823800688171958633,False
6328,1823797411367805195,False
6329,1823773278051426751,False
6330,1823767681352302721,True
6331,1823763394928996678,False
6332,1823762450304413830,False
6333,1823760181819273422,True
6334,1823758465640358053,False
6335,1823753639196025088,False
6336,1823749209306157200,False
6337,1823743472525857201,False
6338,1823742460494839928,True
6339,1823742128050131136,True
6340,1823731725366910997,True
6341,1823729114010017899,False
6342,1823718423500841144,True
6343,1823717043696492905,True
6344,1823696124013695014,True
6345,1823574886842880329,True
6346,1823552979993288814,True
6347,1823551653984829588,False
6348,1823542674156052877,True
6349,1823526931293163930,False
6350,1823524764373409854,True
6351,1823520559797346760,False
6352,1823507141371568624,False
6353,1823497437446574476,False
6354,1823488699125969178,True
6355,1823477458903138593,False
6356,1823476870324924823,True
6357,1823462577126449656,True
6358,1823460234959933467,True
6359,1823446190949630039,False
6360,1823442393573810580,True
6361,1823437972546490518,False
6362,1823435350053732645,False
6363,1823389156476645403,True
6364,1823424524924412005,True
6365,1823418301151895981,False
6366,1823413048562082101,True
6367,1823411697761264008,True
6368,1823411340645474344,False
6369,1823390482463899700,True
6370,1823386815837204876,False
6371,1823385149574201622,False
6372,1823384942484631660,False
6373,1823384752000287176,True
6374,1823378551728390233,True
6375,1823372518570205509,False
6376,1823369088124522943,False
6377,1823366599140585934,True
6378,1823358746522943842,True
6379,1823353032463040631,False
6380,1823352695844954432,True
6381,1823347607252406677,True
6382,1823344785454682118,True
6383,1823237070728405168,False
6384,1823229213974941995,True
6385,1823218788218667342,True
6386,1823183234080862523,True
6387,1823181189663900126,False
6388,1823152009974812801,True
6389,1823148467394351494,False
6390,1823126967324991865,True
6391,1823113444154892438,False
6392,1823112533474947336,False
6393,1823101231016956317,True
6394,1823101173420916924,True
6395,1823088584251129954,True
6396,1823078460090138839,False
6397,1823066209853817090,False
6398,1823059669629235572,False
6399,1823052895580729773,False
6400,1823049651643138406,False
6401,1823041088103371151,False
6402,1823023251880030345,False
6403,1823018616645636554,False
6404,1823014369308856701,False
6405,1823012772176703547,True
6406,1823002852119187568,False
6407,1822956274100707817,False
6408,1822816534223327526,True
6409,1822779429245845625,False
6410,1822775854025335007,False
6411,1822759938709455086,False
6412,1822726969622135014,False
6413,1822706982811586812,True
6414,1822705960072159397,False
6415,1822693596320895357,True
6416,1822669878630715729,False
6417,1822666432104063049,True
6418,1822631946574287319,False
6419,1822624534706401743,True
6420,1822506365551591911,False
6421,1822463197519159709,True
6422,1822430185460727951,False
6423,1822428523627266244,False
6424,1822413083735933055,True
6425,1822412487956070871,False
6426,1822407374780678499,False
6427,1822402134823886943,True
6428,1822374208816513531,True
6429,1822371591985967401,True
6430,1822339403785670973,True
6431,1822337725363548175,False
6432,1822324959336644993,True
6433,1822301975049900238,True
6434,1822296645591072854,True
6435,1822292806812971498,False
6436,1822288263932952890,True
6437,1822145773800128763,True
6438,1822134290483646779,False
6439,1822122443537854707,False
6440,1822106491274359184,True
6441,1822085443124342950,False
6442,1822084571573145674,False
6443,1822068296339886119,False
6444,1822027579601428520,False
6445,1822024064028094904,True
6446,1822020994623795585,True
6447,1822016694442676476,True
6448,1821992173430305197,True
6449,1821976904817381772,True
6450,1821973958264312295,True
6451,1821973839804563727,False
6452,1821969462935052398,False
6453,1821963636296003831,False
6454,1821951269784695034,True
6455,1821930974696845375,False
6456,1821927458351820887,True
6457,1821926126945468627,True
6458,1821924605495280033,True
6459,1825560332699623799,False
6460,1825545776115888134,True
6461,1825507417670438961,False
6462,1825503402190659706,True
6463,1825412630883737727,False
6464,1825356668315541784,True
6465,1825354540750700844,False
6466,1825353412126351585,False
6467,1825349266170147193,True
6468,1825345716018934186,True
6469,1825334554535624862,True
6470,1825326063989436745,True
6471,1825323100830908588,True
6472,1825311313150513284,False
6473,1825294634626478526,False
6474,1825278335913431440,True
6475,1825235704030400641,False
6476,1825228205269135464,False
6477,1825221505539846507,True
6478,1825190968582430818,False
6479,1825187055221043504,True
6480,1825169697760833945,False
6481,1825169601321119996,False
6482,1825050027783319598,True
6483,1825045037316554813,False
6484,1825002380544373038,True
6485,1824992938306241011,False
6486,1824979127931187248,False
6487,1824964649919353204,False
6488,1824940190915555543,False
6489,1824905474375889036,False
6490,1824899632935145829,True
6491,1824895079439331467,False
6492,1824879109106766058,True
6493,1824869063383773440,False
6494,1824853008766603664,True
6495,1824845917272297767,True
6496,1824840627072188652,False
6497,1824840088301248673,False
6498,1824833158321168804,True
6499,1824827020682940694,False
6500,1824820390973075730,False
6501,1824802051936657637,True
6502,1824682097048486045,True
6503,1824647206491525465,False
6504,1824641220330578288,False
6505,1824635168314847695,False
6506,1824621618582188433,False
6507,1824621361324581037,True
6508,1824620726042742874,False
6509,1824615967038607715,False
6510,1824613323897262234,False
6511,1824594924559368633,False
6512,1824584346595995669,True
6513,1824575272764707146,True
6514,1824525273863266638,True
6515,1824499239193366946,False
6516,1824490062425256175,False
6517,1824488737218129938,False
6518,1824483782314873108,False
6519,1824476776203968558,False
6520,1824457603008573562,False
6521,1824430330226356546,False
6522,1824415944455651524,True
6523,1824401945458544856,True
6524,1824328020858970161,True
6525,1824326641717313989,False
6526,1824262721426088355,False
6527,1824227395001258069,False
6528,1824209025346539856,True
6529,1824204644073021943,False
6530,1824199889963663643,True
6531,1824188421343965248,False
6532,1824184083402068250,False
6533,1824159791016550469,False
6534,1824143081458823526,False
6535,1824143011405566214,True
6536,1824139088770859265,False
6537,1824118005644566934,True
6538,1824116398789927312,True
6539,1824090421569466438,False
6540,1824084823356416355,False
6541,1824084742100353368,False
6542,1824075229972279763,False
6543,1824071191155425341,False
6544,1824065118231007611,True
6545,1824057064143864216,False
6546,1824056863891107888,False
6547,1826986593678205079,False
6548,1826966472595226724,False
6549,1826960487784780010,False
6550,1826957504321871934,True
6551,1826948892669210643,False
6552,1826913741369160110,True
6553,1826911495407444081,False
6554,1826900644441059764,True
6555,1826830050731102616,False
6556,1826812378744258697,True
6557,1826804795681935431,True
6558,1826804694104035499,False
6559,1826802320014999819,False
6560,1826801118082728112,True
6561,1826789470646976942,True
6562,1826788621845987334,True
6563,1826784478112731616,True
6564,1826781180127055896,False
6565,1826773489602494489,True
6566,1826759827579961543,False
6567,1826754525149233657,True
6568,1826750879879627201,False
6569,1826750142772576744,True
6570,1826748712707916185,False
6571,1826747097057820823,True
6572,1826746049886912534,False
6573,1826743948997456085,True
6574,1826726912095650065,True
6575,1826713354813276673,False
6576,1826704005248286801,True
6577,1826698463884837277,False
6578,1826695480874860993,False
6579,1826687712931316076,False
6580,1826687678815109418,False
6581,1826684009155613075,False
6582,1826670099954368553,True
6583,1826668918892585064,False
6584,1826664696851685423,True
6585,1826661600956481647,True
6586,1826660602347225598,False
6587,1826636461569179685,True
6588,1826633726245412965,False
6589,1826621508825088242,False
6590,1826620017397694540,False
6591,1826705612706902122,False
6592,1826616954939150785,False
6593,1826603607384584363,False
6594,1826481210849140862,True
6595,1826461482017849792,False
6596,1826419697413177609,False
6597,1826417334103543903,False
6598,1826373467698065412,False
6599,1826325644537471261,False
6600,1826325514665287694,True
6601,1826311265469563093,False
6602,1826305099591024673,False
6603,1826276109555843140,True
6604,1826268672815481102,False
6605,1826260979698823488,True
6606,1826257099778933151,False
6607,1826255470203715786,False
6608,1826252527060255109,False
6609,1826249749491765681,False
6610,1826248326997807358,False
6611,1826245835677688096,False
6612,1826235811597353121,False
6613,1826231135984361674,False
6614,1826133228295524430,False
6615,1826077384636084402,False
6616,1826070635501728222,True
6617,1826064383094444393,True
6618,1825971959412257194,False
6619,1826058841747759388,False
6620,1826052642772234256,True
6621,1826051591440597328,True
6622,1826001960300065134,True
6623,1825995450773614881,False
6624,1825985990051160506,True
6625,1825984872940257746,True
6626,1825981851938476415,False
6627,1825975295444165040,False
6628,1825968284757336455,False
6629,1825949933771395120,True
6630,1825949759401767375,False
6631,1825946088647569519,False
6632,1825921247303065705,True
6633,1825921197281882252,False
6634,1825911161247728011,False
6635,1825882427656388721,False
6636,1825868778069983257,False
6637,1825866457470673001,True
6638,1825857087789740506,True
6639,1825780520384365053,False
6640,1825745386033586178,False
6641,1825739221111365744,True
6642,1825736243088388600,False
6643,1825723936828510700,False
6644,1825712094827680172,False
6645,1825709775612485750,False
6646,1825693709230338529,False
6647,1825689907492196705,True
6648,1825693097394843923,False
6649,1825689149749293271,False
6650,1825685065122328771,True
6651,1825684572534677745,False
6652,1825678367691022762,False
6653,1825653732618694853,False
6654,1825648563172372940,False
6655,1825643993725805027,False
6656,1825638756160057594,False
6657,1825634436395970608,False
6658,1825629886910005392,False
6659,1825603358679511219,False
6660,1825596514498167162,True
6661,1830576043830263985,True
6662,1830576025874387109,True
6663,1830576020040073389,True
6664,1830576014272954736,True
6665,1830576002776416482,True
6666,1830571637944603077,True
6667,1830561909562564860,False
6668,1830471986083999770,False
6669,1830454591936180250,True
6670,1830452212562034750,False
6671,1830431733176520734,False
6672,1830429114366329138,False
6673,1830421982459900309,True
6675,1830389980042006821,False
6676,1830370007693312367,True
6677,1830344702677139886,False
6678,1830340585967820850,True
6679,1830337326477643834,True
6680,1830327324673294601,False
6681,1830311005626200216,False
6682,1830303673379110975,True
6683,1830301017323524273,False
6684,1830298735982629125,True
6685,1830296769185694145,True
6686,1830292468564439162,True
6687,1830278067513688198,False
6688,1830274676083314790,True
6689,1830264867858927848,False
6690,1830261103886319822,True
6691,1830240281196904614,False
6692,1830237776467693952,False
6693,1830149553787396530,False
6694,1830074461380325555,False
6695,1830040852837622027,False
6696,1830037106992755184,False
6697,1830029116738830583,False
6698,1830027539504402790,True
6699,1830021412788031928,False
6700,1830009426641608894,True
6701,1829999194163089804,False
6702,1829986632600068156,False
6703,1829979603328442831,True
6704,1829972940475285557,False
6705,1829953555727319443,True
6706,1829950979757711518,True
6707,1829942861330108614,True
6708,1829926422497857574,True
6709,1829920458382475464,False
6710,1829902946919989253,False
6711,1829895101860233405,False
6712,1829886874535805443,False
6713,1829863774993465544,True
6714,1829860442740834594,True
6715,1829859780867080641,False
6716,1829842818644222211,True
6717,1829827441486917949,False
6718,1829799901120622602,True
6719,1829748657496678591,False
6720,1829695393329766599,False
6721,1829672905581740256,False
6722,1829656183680221389,False
6723,1829635666080067605,False
6724,1829626105491570996,False
6725,1829617272971018250,True
6726,1829608550404178060,True
6727,1829603127168991496,True
6728,1829602194943025444,True
6729,1829594046572143021,False
6730,1829592641928872068,True
6731,1829590686074905060,True
6732,1829581263604203911,False
6733,1829565701289316512,False
6734,1829495357480288451,False
6735,1829447252521185522,False
6736,1829403440075686182,False
6737,1829387717525828066,True
6738,1829358341224620142,True
6739,1829345566196674880,True
6740,1829316792822505955,False
6741,1829266179829186717,False
6742,1829265304683483253,True
6743,1829265055789314544,True
6744,1829230203664519661,False
6745,1829225965077033419,True
6746,1829225962254569729,True
6747,1829225954347995360,False
6748,1829218636659335216,False
6749,1829188178160562366,False
6750,1829182508107477192,False
6751,1829177484257948062,True
6752,1829153826194239594,True
6753,1829114358581932263,False
6754,1829105333421097210,False
6755,1829065124440633792,True
6756,1829006151482032561,False
6757,1829002093178331415,True
6758,1828991681800048837,False
6759,1828967446172098640,False
6760,1828963971891675591,False
6761,1828955493772992929,False
6762,1828932598254444977,True
6763,1828915614473150956,False
6764,1828900607094075787,False
6765,1828900456774447419,False
6766,1828896445472354327,False
6767,1828888601251156366,False
6768,1828875144590426418,False
6769,1828870917931356594,True
6770,1828858927447994849,False
6771,1828844676641894802,False
6772,1828838792364732845,False
6773,1828829614074163430,False
6774,1828819458561101871,False
6775,1828816105462432069,True
6776,1828797461391200419,False
6777,1828783820558229676,True
6778,1828781633723633772,True
6779,1828769409168793773,False
6780,1828769177391513669,True
6781,1828761213376844277,False
6782,1828756871521689710,True
6783,1828600309192458591,False
6784,1828587854953664750,False
6785,1828550912576532760,False
6786,1828544407253000566,True
6787,1828528143654887776,False
6788,1828515434259194087,False
6789,1828506761038377243,False
6790,1828503920811090120,True
6791,1828503162724196613,False
6792,1828465062631350302,True
6793,1828460881149104569,False
6794,1828446184932810859,True
6795,1828440723776995660,False
6796,1828370849008652650,True
6797,1828264093339308220,True
6798,1828237018427506806,False
6799,1828236511491297633,False
6800,1828211084362178769,True
6801,1828207721734152704,False
6802,1828197769443488218,False
6803,1828186325360562629,True
6804,1828183296351838308,False
6805,1828181019700117889,True
6806,1828166681039921324,False
6807,1828163556807737560,False
6808,1828162941453262916,False
6809,1828161648311579044,True
6810,1828151595248361829,True
6811,1828151270680756642,False
6812,1828144602634952838,True
6813,1828129056988000383,False
6814,1828128088636457015,True
6815,1828113142104125671,False
6816,1828113137091899569,True
6817,1828098557435396464,False
6818,1828089457373065515,False
6819,1828088977511141611,False
6820,1828073856256332103,True
6821,1828066398804849025,False
6822,1828058837951111518,False
6823,1828040365732946168,False
6824,1827983043593748489,True
6825,1827941783164035398,False
6826,1827929297304035455,True
6827,1827896640180535641,False
6828,1827792788458787206,False
6829,1827896634887311603,True
6830,1827890912476688531,True
6831,1827874893238538504,False
6832,1827864614794596497,False
6833,1827854119219966015,False
6834,1827853792739463200,False
6835,1827814026329657714,False
6836,1827765989943181581,True
6837,1827762586319798569,True
6838,1827757711863300426,False
6839,1827741746958066044,False
6840,1827727205557743853,False
6841,1827718046804529154,False
6842,1827710069988888814,True
6843,1827683653586927888,False
6844,1827596896631660993,True
6845,1827523205902258266,False
6846,1827518932435058730,False
6847,1827470021850968554,False
6848,1827458374470135957,False
6851,1827435533838250374,False
6852,1827408502978925004,False
6853,1827381101863510254,True
6854,1827378663249097067,False
6855,1827365076220743849,False
6856,1827359385636474974,False
6857,1827208042502410335,False
6858,1827176112453030249,True
6859,1827158063977021672,True
6860,1827149518636237186,False
6861,1827142905489695004,True
6862,1827142131498000709,False
6863,1827131780446441878,False
6864,1827121908695146578,False
6865,1827119589026885844,False
6866,1827118684147740998,False
6867,1827090865233277378,False
6869,1827105134460940480,True
6870,1831679702513135931,False
6871,1831574797240738068,False
6872,1831565182494994526,False
6873,1831506970404139163,False
6874,1831497666213376480,False
6875,1831480788212445189,False
6876,1831476439046332716,False
6877,1831462560065106145,False
6878,1831429564456935577,False
6879,1831426756009722225,False
6880,1831425365606269414,True
6881,1831410735815307558,False
6882,1831388175367065889,False
6883,1831379858305273929,False
6884,1831379467652026772,False
6885,1831375115764035801,False
6886,1831372787740725441,False
6887,1831362863333880052,False
6888,1831354004921577672,False
6889,1831353101099372865,False
6890,1831341624661856545,True
6891,1831305467164783103,False
6892,1831302459282567295,False
6893,1831260856178413985,True
6894,1831184445027565759,True
6895,1831175781550051381,False
6896,1831153508667494613,False
6897,1831143944144482714,True
6898,1831139023823176189,True
6899,1831110916739412121,False
6900,1831108473800863897,False
6901,1831101652465590408,False
6902,1831094883395989714,False
6903,1831086754298003621,False
6904,1831083626852999367,False
6905,1831067015236436277,False
6906,1831065632617669042,False
6907,1831049006602137668,True
6908,1831044998227538241,False
6909,1831031243733106708,False
6910,1831030888630821120,False
6911,1831019990868430924,True
6912,1831015394569548154,True
6913,1831009078052589695,True
6914,1831000881149382990,True
6916,1830966843210899503,True
6917,1830966045647220927,True
6919,1833079424977187130,False
6920,1833070637709136106,False
6921,1832978368192487687,False
6922,1832976962047906148,False
6923,1832970532393726178,False
6924,1832516889219629352,False
6925,1832958322690929014,True
6926,1832957329991434442,False
6927,1832951816536957097,True
6928,1832947356079153334,False
6929,1832947171873714528,True
6930,1832946153362436602,False
6931,1832945618785857899,False
6932,1832942767531503847,False
6933,1832920598550360433,False
6934,1832906995071938694,True
6935,1832878337225642365,True
6936,1832869173544067219,False
6937,1832864011886473680,True
6938,1832852583800623361,False
6939,1832844781489139776,True
6940,1832843228405551590,False
6941,1832843138299556199,False
6942,1832426447975182661,False
6943,1832834435177140608,False
6944,1832829494333149572,False
6945,1832821837408895103,False
6946,1832820823964414317,True
6947,1832816634504851961,False
6948,1832814087568253030,False
6949,1832497751726407708,False
6950,1832810031886021006,False
6951,1832802661248143693,False
6952,1832793479115616553,False
6953,1832792623930581362,False
6954,1832790822435082708,False
6955,1832744477540094068,False
6956,1832741829772513638,False
6957,1832722848206512233,False
6958,1832665964011225209,True
6959,1832632776568242347,True
6960,1832615210256826377,False
6961,1832609787474759949,False
6962,1832604937206845526,True
6963,1832601385168244817,False
6964,1832586078651347173,False
6965,1832585229778743785,True
6966,1832577390335422802,False
6967,1832551108822052905,False
6968,1832547504602411445,False
6969,1832539765360750756,True
6970,1832525960014430665,False
6971,1832506947829993751,False
6972,1832502364718219342,False
6973,1832485017865323003,False
6974,1832484452678680743,False
6975,1832475662457688301,False
6976,1832475195610693655,False
6977,1832449782427599097,True
6978,1832416822358110546,False
6979,1832416139512795430,False
6980,1832379932925661508,False
6981,1832360529429516732,True
6982,1832313704718762007,False
6983,1832292887351996617,False
6984,1832251590893265198,False
6985,1832250658189197469,False
6986,1832248231948120458,True
6987,1832241960381280409,False
6988,1832238557152379066,True
6989,1832235335964651647,False
6990,1832217202604294465,False
6991,1832212745887928472,True
6992,1832210325921243392,False
6993,1832208473779531860,False
6994,1832187858599473198,True
6995,1832186522918887465,False
6996,1832175287976571015,False
6997,1832160245952524425,False
6998,1832148182496596390,True
6999,1832141594474008853,False
7000,1832141477528347079,True
7001,1832130795080970758,False
7002,1832111582589104132,True
7003,1832091700438897081,True
7004,1832157954319290800,False
7005,1832064126316929515,False
7006,1832038776517890371,False
7007,1831837238969430308,False
7008,1832033169320624558,True
7009,1832024124543099050,False
7010,1831991635468554344,False
7011,1831988566416629840,True
7012,1831957667356799104,False
7013,1831952770536239578,True
7014,1831908256262054375,False
7015,1831892926261293366,True
7016,1831891827852767602,False
7017,1831877610860933182,True
7018,1831867618019753987,True
7019,1831867311151837334,True
7020,1831866837614916085,True
7021,1831862272572190810,False
7022,1831861683368939543,True
7023,1831861043443986577,True
7024,1831852552255656164,True
7025,1831842947580752032,False
7026,1831814011270394225,False
7027,1831795078819688784,False
7028,1831763027252932785,False
7029,1831756429855785462,True
7030,1831750401751970016,False
7031,1831748068448129181,False
7032,1831742038770950327,True
7033,1831698393879416889,False
7034,1831697348784767400,False
7035,1836011424738316497,True
7036,1836010331690164525,False
7037,1836008864111526088,False
7038,1836005005448434049,True
7039,1835987415170719937,False
7040,1835912439671529507,True
7041,1835881378161860942,False
7042,1835872355681185957,False
7043,1835856891781464267,False
7044,1835856000487698566,False
7045,1835661873032687854,False
7046,1835855927561302231,False
7047,1835854967787172023,False
7048,1835852126846668943,False
7049,1835851230700069058,False
7050,1835841318959906945,True
7051,1835841152508944847,False
7052,1835831696039546962,False
7053,1835828695308587263,False
7054,1835820392189219198,True
7055,1835820073832907243,False
7056,1835810820799791385,False
7057,1835805848599413087,True
7059,1835800895079989504,False
7060,1835796804132040915,True
7061,1835787330579226918,True
7062,1835786807750926571,True
7063,1835786505324998794,False
7064,1835783402131251248,False
7065,1835771593584455908,False
7066,1835769238914736422,True
7067,1835766189760389167,True
7068,1835765179927134647,False
7069,1835739752194269452,False
7070,1835736963921404212,False
7071,1835735007903523243,False
7072,1835729073231769750,True
7073,1835718035677786625,True
7074,1835707915396645184,True
7075,1835686909613416516,False
7076,1835627108657226183,True
7077,1835483635920564638,True
7078,1835621868075725292,True
7079,1835565286172295650,True
7080,1835531935310811472,True
7081,1835504439970427111,False
7082,1835488550147555832,False
7083,1835467676090528236,False
7084,1835464052656529823,True
7085,1835448473149227019,True
7086,1835444433329775045,False
7087,1835422571145134336,False
7088,1835397714634256796,True
7089,1835362842460987478,True
7090,1835349254782558361,False
7091,1835339739563467179,False
7092,1835333518798238023,False
7093,1835329344102674647,True
7094,1835327114893033927,False
7095,1835316579887628549,False
7096,1835301879326077295,False
7097,1835298304688832785,False
7098,1835265198652829765,True
7099,1835225892051685754,True
7100,1835190638523900157,True
7101,1835135359002227054,True
7102,1835134462448865710,False
7103,1835127039206076436,False
7104,1835126740936515683,False
7105,1835124771664560343,True
7106,1835117452348326218,True
7107,1835116098204627351,False
7108,1835106573930168805,False
7109,1835097949426377146,True
7110,1835085529357910074,True
7111,1835085511159075247,False
7112,1835082094684319938,False
7113,1835077772491866422,True
7114,1835076196259807726,True
7115,1835072629574623723,False
7116,1835072209745801634,False
7117,1835046266570748048,True
7118,1835057130207899895,False
7119,1835045460865617939,True
7120,1835044762820526439,True
7121,1835034091315490938,False
7122,1835026331542667738,False
7123,1835020562239737921,False
7124,1835020531055092200,True
7125,1835013610504175839,False
7126,1835010863293776372,False
7127,1835008416793645282,False
7128,1834962253650485626,False
7129,1834961830726287450,True
7130,1834960577778663765,False
7131,1834956720751173790,False
7132,1834903443703521663,False
7133,1834890771343835621,False
7134,1834889819173888477,True
7135,1834882750085464204,False
7136,1834849698487607317,False
7137,1834849076044501167,False
7138,1834829703749804111,False
7139,1834798034032394568,True
7140,1834796229068300354,True
7141,1834780763130114124,False
7142,1834779914366570955,False
7143,1834763268394565706,True
7144,1834687795941544119,False
7145,1834762352157192363,False
7146,1834759289379881388,False
7147,1834758610301128779,False
7148,1834757970996977807,True
7149,1834740144563536298,False
7150,1834737949042196580,False
7151,1834736090332180484,False
7152,1834731664657842513,True
7153,1834717945366245537,False
7154,1834714842097238295,False
7155,1834705673285726576,True
7156,1834703328430686493,False
7157,1834702349971210752,True
7158,1834700603903074604,False
7159,1834689385746342392,False
7160,1834670908419485766,False
7161,1834665673315991681,True
7162,1834660103511064715,True
7163,1834652425828831455,False
7164,1834622237774663793,False
7165,1834620759114703197,False
7166,1834434016063127594,True
7167,1834613829793198403,False
7168,1834607636286763393,True
7169,1834599261062726086,False
7170,1834597079886245965,True
7171,1834577362203115714,False
7172,1834571304604754164,True
7173,1834558688272506948,True
7174,1834548289191944346,True
7175,1834459228494250237,False
7176,1834445396841488449,True
7177,1834443880147698036,True
7178,1834396738456600893,False
7179,1834373189310337350,False
7180,1834355235159970082,True
7181,1834336044298408158,False
7182,1834335312878993572,False
7183,1834320951263011295,False
7184,1834289009389891861,False
7185,1834276280348385609,True
7186,1834274476248174794,False
7187,1834272022307946927,True
7188,1834257731609305315,False
7189,1834252191214793005,False
7190,1834245433352237297,False
7191,1834223865553109157,True
7192,1834136002190823581,True
7193,1834096474675724672,False
7194,1834076231135875278,True
7195,1834071629397098516,False
7196,1834034933020422373,False
7197,1834009051308409214,False
7198,1834001602275147895,False
7199,1833999164394402186,False
7200,1833997474882617621,False
7201,1833994256353993179,True
7202,1833983901619884526,True
7203,1833983443950010725,False
7204,1833963973227561084,False
7205,1833953659509698901,False
7206,1833951921461178430,False
7207,1833942733935051200,True
7208,1833940082434113908,False
7209,1833925676648603718,False
7210,1833921516150350148,False
7211,1833918799122497701,False
7212,1833916514531246377,True
7213,1833901184144609317,False
7214,1833887499891954029,False
7215,1833885712036331797,False
7216,1833883715191050456,False
7217,1833869501298876804,True
7218,1833863779760623997,True
7219,1833862222574964909,False
7220,1833858324237885877,False
7221,1833852148875972981,True
7222,1833846160026452281,False
7223,1833842780466000357,True
7224,1833840144849281077,False
7225,1833834967484215785,False
7226,1833830029936967689,True
7227,1833829464502898794,False
7228,1833755358185062902,True
7229,1833732556837003587,False
7230,1833730200082739576,False
7231,1833726819490566575,True
7232,1833721874083123711,False
7233,1833223465693847578,True
7234,1833716472595591508,True
7235,1833704182508892638,True
7236,1833694219082551613,True
7237,1833686257181839419,True
7238,1833674857088770146,False
7239,1833671371353727420,False
7240,1833667506046665057,True
7241,1833663217270182340,False
7242,1833656610784260173,True
7243,1833645217033121990,False
7244,1833634296596250951,True
7245,1833614668432056470,False
7246,1833609113013465124,True
7247,1833606001888526453,True
7248,1833605584005878041,False
7249,1833599762777731414,True
7250,1833589009916002422,False
7251,1833588596617658396,False
7252,1833565277025345616,False
7253,1833557496046174483,True
7254,1833556144754655291,False
7255,1833553174973538645,True
7256,1833549009085977041,True
7257,1833542699032682947,False
7258,1833533859931296081,False
7259,1833528597837189393,False
7260,1833527102131605593,True
7261,1833478847108448620,True
7262,1833462819758469341,False
7263,1833397726899277903,False
7264,1833359345796452827,False
7265,1833326646704705957,True
7266,1833313933886702013,False
7267,1833293720323809342,False
7268,1833291625361015164,False
7269,1833288834294952007,False
7270,1833279692243407049,False
7271,1833266958336135307,True
7272,1833258745922507053,False
7273,1833255663453061137,False
7274,1833245040019481070,True
7275,1833238343938936837,False
7276,1833234557543612762,False
7277,1833224625448210743,False
7278,1833222243372999047,False
7279,1833191218102112613,False
7280,1833178747505090857,False
7281,1833175583833960472,False
7282,1833135662976864484,False
7284,1838909589401510150,False
7285,1838907109703888918,False
7286,1838859734973051191,False
7287,1838778073107271827,False
7288,1838762672969441641,True
7289,1838759336660578619,True
7290,1838740323607924890,True
7291,1838739551038152719,True
7292,1838738347927191868,True
7293,1838719894017204574,False
7294,1838710636265513356,True
7295,1838658066650132481,True
7296,1838657130750153100,False
7297,1838655842062663880,True
7298,1838634299945341260,False
7299,1838626928086897020,True
7300,1838624122881863722,False
7301,1838605384044495284,False
7302,1838602208536875174,True
7303,1838591359046865355,False
7304,1838574106356138162,True
7305,1838559487700967616,False
7306,1838549318745079944,False
7307,1838510050798719193,True
7308,1838504406372782454,True
7309,1838422639120896015,True
7310,1838414830383882295,True
7311,1838404063823646833,True
7312,1838393598053638534,True
7313,1838390639542640929,False
7314,1838387092012826812,False
7315,1838372988002963718,False
7316,1838369495544443028,True
7317,1838369404926533988,False
7318,1838359024175034410,False
7319,1838341624465625419,False
7320,1838329313147404657,False
7321,1838293851968061613,True
7322,1838293016534028354,True
7323,1838291235892613456,True
7324,1838289911092326406,False
7325,1838283629556043807,False
7326,1838281861996466331,True
7327,1838263001041809489,True
7328,1838246162773553651,False
7329,1838230077730963725,False
7330,1838211137025810469,True
7331,1838207711000867200,False
7332,1838200921114710114,False
7333,1838198264228638902,True
7334,1838192125042639158,True
7335,1838155790961570291,False
7336,1838061406387581334,True
7337,1838060847932793042,False
7338,1838040980081004767,False
7339,1838018913726087193,False
7340,1837991128609538411,True
7341,1837976272237994432,False
7342,1837965399612076346,False
7343,1837929498290876627,True
7344,1837917553491890656,True
7345,1837899968226513085,True
7346,1837874358775099608,True
7347,1837899751968174342,False
7348,1837881396917883087,False
7349,1837817653030703271,False
7350,1837698918114558169,False
7351,1837681880600129702,True
7352,1837674940889235872,False
7353,1837658100725149740,True
7354,1837650060110168173,False
7355,1837631971226165485,False
7356,1837620341746675748,False
7357,1837613285073359267,False
7358,1837602167407951883,True
7359,1837592395762094136,True
7360,1837571618937491630,True
7361,1837555481381945692,False
7362,1837554762373648738,True
7363,1837504670668898774,True
7364,1837157319165325641,False
7365,1837478588582383739,False
7366,1837180436318925284,False
7367,1837449238210330920,False
7368,1837447905088618724,True
7369,1837397626506850356,False
7370,1837371230137020504,False
7371,1837314260969345267,False
7372,1837298222303252601,True
7373,1837274303059972111,True
7374,1837246255266943375,True
7375,1837209096702902498,False
7376,1837204129829028191,True
7377,1837171258053537945,False
7378,1837167335653675452,False
7379,1837141676579524803,False
7380,1837118663612043277,False
7381,1837095316459250162,False
7382,1836957828348588191,True
7383,1836933391360348566,False
7384,1836933290260836689,True
7385,1836921860878942402,False
7386,1836896683097214989,False
7387,1836875159908798805,True
7388,1836875016744345663,True
7389,1836872802793669037,False
7390,1836860168241308060,False
7391,1836858897186894276,False
7392,1836839906452082983,False
7393,1836829762398081332,False
7394,1836822886587171189,False
7395,1836821007664836941,False
7396,1836818251864584397,False
7397,1836809169032073250,False
7398,1836757185721667891,False
7399,1836755372561907878,False
7400,1836748470109020250,False
7401,1836722336629686326,False
7402,1836647146600157678,True
7403,1836593315858260235,False
7404,1836567629235913214,False
7405,1836565700372021318,True
7406,1836552290695545189,False
7407,1836500272866107532,False
7408,1836476848408002810,False
7409,1836474592195432777,False
7410,1836457427211792722,False
7411,1836423857974002029,True
7412,1836418771658887170,False
7413,1836397552389775614,True
7414,1836395969002254555,False
7415,1836375982820770131,False
7416,1836372173579076000,False
7417,1836370258124288254,False
7418,1836243394802090099,False
7419,1836241090472522074,True
7420,1836232194089508981,True
7421,1836232012941693099,True
7422,1836228973262463460,False
7423,1836225157020406022,True
7424,1836219612658053516,True
7425,1836212453018947872,False
7426,1836192343218630945,False
7427,1836181716119007268,True
7428,1836175650522103993,True
7429,1836155352385216846,False
7430,1836146179782119621,False
7431,1836143000763928687,True
7432,1836141969153691748,False
7433,1836138111991967955,True
7434,1836126237787591051,True
7435,1836114774544822482,True
7436,1836107969634640352,False
7437,1836092916227260817,True
7438,1835824365021073424,True
7439,1836086820427247985,True
7440,1836080580246540470,True
7441,1836067228443181441,True
7442,1836052256132633072,False
7443,1836046916427104608,False
7444,1836023237890765032,True
7445,1836019704097300548,True
7446,1839264137475493995,True
7447,1839227826358100358,False
7448,1839134565266288983,False
7449,1839130163377733925,True
7450,1839120100432957476,False
7451,1839119836196041008,False
7452,1839119662774132886,False
7453,1839115478314230227,True
7454,1839113381447418295,False
7455,1839111708129800599,False
7456,1839111137939361960,False
7457,1839108736394166636,True
7458,1839108262697881697,True
7459,1839103989285106149,False
7460,1839103296314700094,True
7461,1839101976442814817,True
7462,1839100843162829043,True
7463,1839099844197007799,False
7464,1839095212297138354,True
7465,1839089711110820012,True
7466,1839073647283069225,False
7467,1839064232769573077,False
7468,1839056908038066237,False
7469,1839039478033166827,False
7470,1839038999941312968,True
7471,1839036661788770564,True
7472,1839036352853324155,False
7473,1839024228403749235,True
7474,1839018111653056781,False
7475,1839016411793949074,True
7476,1838996959585095870,False
7477,1838974631119642981,False
7478,1838973202778718526,True
7479,1838955861856690354,True
7480,1838955166881726601,True
7481,1838954593184629234,True
7482,1838953353147027657,False
7483,1838950816029331529,True
7484,1838924986951581934,True
7485,1840734914393571397,False
7486,1840734484544582094,True
7487,1840724718938194273,False
7488,1840703191698071931,False
7489,1840700629737488638,False
7490,1840693778127995345,False
7491,1840691128087031912,True
7492,1840633283945603411,False
7493,1840600361725276397,False
7494,1840584723342479506,False
7495,1840582044977344849,True
7496,1840579310094094410,True
7497,1840568331893403802,False
7498,1840568070076555608,False
7499,1840562622292222095,False
7500,1840557746761895959,True
7501,1840551505436250331,True
7502,1840550382218432752,False
7503,1840548297276366919,False
7504,1840531128811462874,True
7505,1840525815953478104,False
7506,1840519448194613260,False
7507,1840500382256017702,True
7508,1840498605238689874,True
7509,1840479160042668370,True
7510,1840455674330841537,False
7511,1840443119017267327,True
7512,1840433015878549894,False
7513,1840427204427067673,False
7514,1840425399035052403,False
7515,1840424717754241485,False
7516,1840421668692361626,False
7517,1840408907040133176,True
7518,1840407488434237682,False
7519,1840403947435012431,True
7520,1840401780707864765,True
7521,1840401396299870407,False
7522,1840400506759282920,True
7523,1840397929170829802,False
7524,1840395587985854781,False
7525,1840392403607278009,False
7526,1840390344963133515,False
7527,1840369324986445824,False
7528,1840315583901978891,False
7529,1840253984793055399,True
7530,1840232226572624229,False
7531,1840219560844148981,False
7532,1840207272548470914,False
7533,1840198259073007995,True
7534,1840173759287656627,False
7535,1840170526855114764,False
7536,1840162783284842763,False
7537,1840149637908292076,False
7538,1840142309578682659,False
7539,1840140443335471144,False
7540,1840134297661124757,False
7541,1840119169058062546,False
7542,1840102441691557920,False
7543,1840090817031016463,True
7544,1840048356040601965,True
7545,1840042659345322361,True
7546,1840039482298343501,False
7547,1840026863059493270,True
7548,1840019253493211176,False
7549,1840014573044179131,False
7550,1840001793134125541,False
7551,1840001435720651164,True
7552,1839905958559965488,True
7553,1839884558218436888,True
7554,1839878190853931328,False
7555,1839845406911398236,True
7556,1839842304586100815,True
7557,1839815904030228636,True
7558,1839813371375263783,False
7559,1839798514710392961,False
7560,1839793167400407334,False
7561,1839765183063044237,True
7562,1839762527636381899,False
7563,1839757386103345527,False
7564,1839743804926251084,False
7565,1839700886701879759,True
7566,1839674249943859271,True
7567,1839651695241920968,False
7568,1839544628007096336,False
7569,1839534249742877091,False
7570,1839522333498749102,False
7571,1839509216978972885,False
7572,1839497227565178961,False
7573,1839485440132350231,True
7574,1839453113595695579,False
7575,1839442310616232307,False
7576,1839433790331961537,False
7577,1839417700054925454,True
7578,1839394264780071049,False
7579,1839379045974446524,True
7580,1839367783823692175,False
7581,1839365178242310649,True
7582,1839350214353952896,False
7583,1839329699727839366,False
7584,1839327291589144579,False
7585,1839323898833502290,False
7586,1839323659225415908,True
7587,1839319102055395840,True
7588,1839311608394428447,False
7589,1853429514627379663,True
7590,1853424778192761214,False
7591,1853381839714492776,True
7592,1853316713938403408,True
7593,1853299226656084246,False
7594,1853287684996804883,False
7595,1853269533986849204,True
7596,1853259825322373282,False
7597,1853244958066540603,False
7598,1853240312035963054,False
7599,1853236817618776513,True
7600,1853233756624298402,False
7601,1853233079277502599,True
7602,1853219005785616765,True
7603,1853217955833639200,True
7604,1853189595531223098,True
7605,1853155493293723666,False
7606,1853151989217313189,True
7607,1853127972967895469,True
7608,1853117062735950271,False
7609,1853110942453633528,False
7610,1853106052440772894,True
7611,1853085936998903888,True
7612,1853070116868468996,False
7613,1853057544559747418,True
7614,1853043992838988185,False
7615,1853018683456516240,True
7616,1852938029997924601,True
7617,1852914513760100669,False
7618,1852893051900846417,True
7619,1852881450648957051,False
7620,1852880848581726444,True
7621,1852870520410357918,False
7622,1852880276130607273,True
7623,1852852887447105949,False
7624,1852852318913409327,False
7625,1852848788823810291,True
7626,1852848363210772785,True
7627,1852824261443944509,False
7628,1852817312216461366,False
7629,1852797574228406725,False
7630,1852795370285285810,True
7631,1852766636509372596,True
7632,1852756917652701425,False
7633,1852742182656184401,False
7634,1852709414282625180,False
7635,1852698366716612948,False
7636,1852697423988060523,True
7637,1852660641103822864,False
7638,1852635876121100445,False
7639,1852530604941726032,False
7640,1852483041240961488,True
7641,1852478728971899206,True
7642,1852440159553241550,True
7643,1852437002932625866,False
7644,1852432808108527685,False
7645,1852391873484099868,False
7646,1852387888928796731,False
7647,1852373968348455040,True
7648,1852372279553818982,False
7649,1852369639344365615,False
7650,1852356707780891016,False
7651,1852354392982233163,False
7652,1852349784901710219,False
7653,1851997040735056149,True
7654,1852339543694889348,True
7655,1856015039473271054,False
7656,1856012755410555267,True
7657,1856012214437880029,False
7658,1856002721079271580,False
7659,1855981992195600581,False
7660,1855981765015302437,False
7661,1855972551253533187,False
7662,1855964894027292896,True
7663,1855963143534419996,True
7664,1855959274452553768,False
7665,1855724135017812368,True
7666,1855912478862954806,False
7667,1855826209403236605,False
7668,1855817039815807413,False
7669,1855816060844314881,True
7670,1855802584738435248,False
7671,1855798941519917339,True
7672,1855797848291377597,False
7673,1855769304194580679,False
7674,1855766540638974364,True
7675,1855739339189236129,False
7676,1855713802236391589,False
7677,1855667656793153663,False
7678,1855657449954443525,True
7679,1855649993517846528,True
7680,1855572346192421155,False
7681,1855483426444324962,False
7682,1855446642121445586,False
7683,1855445124131471871,False
7684,1855383273091854580,True
7685,1855374619823542356,False
7686,1855333528294089175,True
7687,1855333002374771012,False
7688,1855328736000012509,True
7689,1855320203699126653,False
7690,1855281885032685906,False
7691,1855280461565603976,True
7692,1855230403109364159,False
7693,1855207924383076607,True
7694,1855133460999913505,True
7695,1855087227820257590,False
7696,1855080063030464969,False
7697,1855070251693883640,False
7698,1855024482999538080,False
7699,1855014306347118749,False
7700,1855002232938258919,False
7701,1855000520861110674,False
7702,1854977937570922720,False
7703,1854977106100244922,True
7704,1854967223565087046,False
7705,1854956515280457780,True
7706,1854954723704815852,False
7707,1854938542855578074,False
7708,1854927233871163506,True
7709,1854908333058072629,True
7710,1854908233019777059,True
7711,1854888022799483391,True
7712,1854886969500660020,True
7713,1854876651932311732,False
7714,1854869414165827937,True
7715,1854853531053809845,True
7716,1854846753238917629,False
7717,1854843267742937446,False
7718,1854832727012339771,False
7719,1854818500881043899,False
7720,1854717465890087223,True
7721,1854707155552600276,False
7722,1854703999095623863,False
7723,1854686676171321593,False
7724,1854699620859015270,True
7725,1854696579996729522,False
7726,1854691323716288926,False
7727,1854686488841130322,False
7728,1854684726113579243,False
7729,1854666709090660394,True
7730,1854655569946116268,False
7731,1854635733148926182,True
7732,1854633919779315837,False
7733,1854632933002461614,False
7734,1854625685098443199,False
7735,1854622851405402147,False
7736,1854622646165475479,True
7737,1854621962036711580,False
7738,1854617445115609479,False
7739,1854590406937448552,True
7740,1854589065988911518,True
7741,1854573239483212017,False
7742,1854570232406331553,False
7743,1854567585104224276,True
7744,1854563639782502453,True
7745,1854548850997928227,True
7746,1854532343588925533,False
7747,1854531071968174495,False
7748,1854514215186305347,True
7749,1854506367379226836,True
7750,1854505543978598889,False
7751,1854485561160978489,False
7752,1854475088038387875,True
7753,1854459834491425041,True
7754,1854451846821081557,True
7755,1854451155683713133,True
7756,1854448548823142572,True
7757,1854427750733410328,True
7758,1854427481630998537,True
7759,1854421099766829070,True
7760,1854360559946219636,False
7761,1854339451956125954,False
7762,1854321780128698499,False
7763,1854155715859943897,False
7764,1854313625327944112,True
7765,1854313083591651752,True
7766,1854308149290836363,False
7767,1854303266542170321,False
7768,1854291317972738458,True
7769,1854290813796188344,False
7770,1854287532919505378,False
7771,1854282766734758374,False
7772,1854282250659012821,False
7773,1854281914267615680,False
7774,1854280888231551028,False
7775,1854280734015390028,True
7776,1854279164712366426,False
7777,1854279076489445660,False
7778,1854278381535449302,False
7779,1854268684413624413,False
7780,1854266968678822091,False
7781,1854266198369911188,True
7782,1854265952667406847,False
7783,1854262877273591972,False
7784,1854262282152300894,True
7785,1854245112655630531,False
7786,1854237903146119178,True
7787,1854216164450169009,True
7788,1854189793577492675,False
7789,1854183738969620942,True
7790,1854177828566167728,False
7791,1854175087785640392,False
7792,1854164240187224507,False
7793,1854148287713914910,True
7794,1854145422001873022,False
7795,1854173713278591264,True
7796,1854143707554914755,False
7797,1854143027075235918,False
7798,1854123481018909117,False
7799,1854106353771360430,False
7800,1854007635680661998,False
7801,1854004496642257121,False
7802,1853978689467548141,False
7803,1853957644479857011,True
7804,1853948027687387358,True
7805,1853942261098140022,False
7806,1853935243121885549,True
7807,1853923688007012436,False
7808,1853922814627139599,False
7809,1853917050072072265,False
7810,1853910772356981140,False
7811,1853901410271981802,True
7812,1853866339137438162,False
7813,1853863285960912985,False
7814,1853855977306488918,False
7815,1853841425659470268,False
7816,1853834680371429452,True
7817,1853829623034925406,False
7818,1853817305731387607,True
7819,1853779156305121588,False
7820,1853749987097628931,True
7821,1853727339777048688,False
7822,1853627982662807765,True
7823,1853610822347698305,True
7824,1853606709924630594,False
7825,1853605536488628603,False
7826,1853603547851485338,False
7827,1853600724883484833,False
7828,1853581949581115432,False
7829,1853574223903457379,True
7830,1853574219566653792,True
7831,1853553790386848142,False
7832,1853553148599693586,True
7833,1853540354361811025,True
7834,1853540204482822637,True
7835,1853538466346549250,True
7836,1853524398650818746,False
7837,1853521991115973046,True
7838,1853521911260869090,False
7839,1853519560718131333,True
7840,1853514877068796214,True
7841,1853480638621294805,True
7842,1853477099476001153,True
7843,1853466485135487026,True
7844,1853465692957224970,True
7845,1853458649319940388,True
7846,1853457526995529844,True
7847,1853445291573117432,True
7848,1853441788033269904,True
7849,1857084371045433448,True
7850,1857078017001939199,False
7851,1857075529129545984,True
7852,1857066894743757164,False
7853,1857062204236767484,False
7854,1857046143705755660,True
7855,1857028912770904391,True
7856,1856915749870211381,False
7857,1856890649313788385,True
7858,1856880632032346218,False
7859,1856860654197514356,False
7860,1856857777035206733,False
7861,1856847502038725065,False
7862,1856846881546002755,False
7863,1856830983409918016,True
7864,1856818498460164461,False
7865,1856816995528020395,True
7866,1856772877191672166,False
7867,1856766174547095809,False
7868,1856757921767395632,True
7869,1856751958956048420,True
7870,1856748610135720332,False
7871,1856742491980271981,True
7872,1856738726296039519,False
7873,1856724381021434280,True
7874,1856719160866111507,True
7875,1856685405501804723,False
7876,1856658102008877193,False
7877,1856635794338840897,True
7878,1856542812134670391,False
7879,1856537524509794543,False
7880,1856533003578524013,False
7881,1856530992883732520,False
7882,1856498330278211872,False
7883,1856489723990069514,False
7885,1856481831308382224,True
7886,1856473302635540572,False
7887,1856456967759217083,True
7888,1856438591322570785,False
7889,1856424557567246409,False
7890,1856423243780899154,False
7891,1856416769948237888,False
7892,1856407652810772710,False
7893,1856407446236909686,False
7894,1856405124605706313,False
7895,1856379348288192517,False
7896,1856379119920914769,False
7897,1856367606749438196,False
7898,1856358337668919579,False
7899,1856353725813526548,True
7900,1856344832051912903,False
7901,1856343220432605534,False
7902,1856326870905610270,True
7903,1856324764760948986,False
7904,1856324196034281960,True
7905,1856321301645771258,True
7906,1856314770674094277,False
7907,1856305952191811618,True
7908,1856299210129248600,True
7909,1856284375744184383,True
7910,1856172921909059706,False
7911,1856168427565531165,False
7912,1856166658387173477,False
7913,1856154618964668836,False
7914,1856139924917104964,True
7915,1856137838540026192,True
7916,1856133470600224954,True
7917,1856120052308742200,True
7918,1856291115650978156,False
7919,1856115997725356383,True
7920,1856113595961970738,True
7921,1856111610609250549,True
7922,1856091887486042512,False
7923,1856076445765751093,False
7924,1856061653965541742,True
7925,1856058841374306354,True
7926,1856044767521444258,False
7927,1856036184750764512,False
7928,1856035611410411923,False
7929,1856020966205173762,False
7931,1858888562420154399,True
7932,1858888109871570946,True
7933,1858882485859279005,False
7934,1858873129361088960,False
7935,1858872865019621716,False
7936,1858816021143965854,False
7937,1858801197211156968,False
7938,1858755583739834744,True
7939,1858725122170847297,False
7940,1858562840535134539,False
7941,1858721551790534882,False
7942,1858706481069031848,True
7943,1858693599443013745,False
7944,1858692376069287990,False
7945,1858672008722346490,False
7946,1858671891017355728,True
7947,1858664824500003108,False
7948,1858608219632869564,True
7949,1858658485027667971,False
7950,1858652671588081832,True
7951,1858651671619854656,False
7952,1858646229762089215,True
7953,1858642996624801908,False
7954,1858631269061644701,False
7955,1858629173234860523,True
7956,1858620712967119347,False
7957,1858615085650133110,False
7958,1858612096025719218,False
7959,1858605548704248317,False
7960,1858598039176319166,True
7961,1858593993996857747,False
7962,1858593398070124891,False
7963,1858593009333358765,False
7964,1858579370132000918,False
7965,1858578998659608935,False
7966,1858576206884467179,False
7967,1858569303731417117,True
7968,1858563012711346654,True
7969,1858334126324973871,False
7970,1858556908157718978,False
7971,1858556566431019115,False
7972,1858546533043445879,False
7973,1858545023022703008,True
7974,1858544309017911716,True
7975,1858535929553522690,False
7976,1858530183004754049,False
7977,1858529261679698215,False
7978,1858269070262759735,True
7979,1858527185230827959,True
7980,1858525057691091127,False
7981,1858515996832616614,False
7982,1858511352693682456,True
7983,1858510346652115143,False
7984,1858487353372704853,False
7985,1858483942652772716,False
7986,1858478756534395013,False
7987,1858460789562048980,False
7988,1858433621679325627,False
7989,1858431457997345130,True
7990,1858369185731973341,True
7991,1858368556938727917,False
7992,1858158697513390450,False
7993,1858357735181471996,False
7994,1858349971889639636,False
7995,1858327547513065513,True
7996,1858320060537823646,False
7997,1858315729331724639,False
7998,1858305028844642683,False
7999,1858299030008205523,False
8000,1858298127985614865,False
8001,1858289660050456896,False
8002,1858288432373444649,True
8003,1858281857562882246,True
8004,1858275837516165242,False
8005,1858275651574260126,False
8006,1858345182422352327,False
8007,1858270626974515705,False
8008,1858269167667048607,False
8009,1858258103634211190,False
8010,1858255087199506807,False
8011,1858249592849981638,False
8012,1858247431546089718,True
8013,1858242805925335219,False
8014,1858242466622882281,False
8015,1858242074723672383,False
8016,1858241855319679139,False
8017,1858021466236735645,True
8018,1858240928902680579,False
8019,1858240126872351172,False
8020,1858239817441513696,True
8021,1858239564655009917,False
8022,1858234661954040016,False
8023,1858229756384391544,False
8024,1858190176054284607,False
8025,1857474041310744660,False
8026,1858183625948197214,False
8027,1858173581693264213,True
8028,1858173093664927973,False
8029,1858168520745333036,True
8030,1858150281608839434,False
8031,1858144840774537690,False
8032,1858134739640602951,False
8033,1858128887219204542,True
8034,1858128642385010972,False
8035,1858095637272650217,False
8036,1858064006843339061,True
8037,1858063233006837869,False
8038,1858040585241653714,False
8039,1858039360391610696,False
8040,1858026941158158794,False
8041,1857979269357473911,True
8042,1857946322365448264,True
8043,1857941589588316288,False
8044,1857816975004610738,False
8045,1857927254807887951,True
8046,1857915954627309808,True
8047,1857903753489510650,True
8048,1857894349654343736,False
8049,1857871497076846876,True
8050,1857858726352265305,False
8051,1857831118407434244,False
8052,1857828635182260501,False
8053,1857821427375767902,False
8054,1857818036889059496,False
8055,1857810682042867896,False
8056,1857800077185790334,True
8057,1857770082845212779,True
8058,1857731849658789999,False
8059,1857680347640610888,True
8060,1857631788757057682,False
8061,1857616572094792105,False
8062,1857603298028638511,False
8063,1857602212471648769,True
8064,1857595855299068143,False
8065,1857588934643007792,True
8066,1857578638016749939,False
8067,1857517928628805710,True
8068,1857494786489594326,False
8069,1857458421093597255,False
8070,1857434492316663816,False
8071,1857431522032210151,False
8072,1857374662000304459,False
8073,1857272412099756288,False
8074,1857263432338190631,False
8075,1857238254661013899,False
8076,1857192075378217001,False
8077,1857186517740884008,False
8078,1857135910426693741,True
8079,1857125720297705803,False
8080,1857122437953094095,True
8081,1857109849680515270,False
8082,1857093192694333706,True
8083,1861067607526260854,True
8084,1861067353728905230,True
8085,1861063858766455050,False
8086,1861061984701075948,False
8087,1861060282358878485,False
8088,1861028634523247048,True
8089,1860954752965542186,True
8090,1860873707813556386,False
8091,1860867171242414095,True
8092,1860856879066354028,True
8093,1860843945980215386,False
8094,1860839894593015872,True
8095,1860831503560614036,False
8096,1860822212636250256,True
8097,1860787588694524371,True
8098,1860776640114004268,True
8099,1860773965024632868,True
8100,1860750888962347216,False
8101,1860744331226730548,False
8102,1860742599352451132,False
8103,1860694264486707315,False
8104,1860692316136112604,False
8105,1860670575208784343,False
8106,1860650568240210204,False
8107,1860648231647990103,False
8108,1860643979684933666,False
8109,1860638867822436530,False
8110,1860611266164752631,True
8111,1860536326870667686,False
8112,1860531285946405150,False
8113,1792019415904424337,True
8114,1860528659662004516,False
8115,1860513656053657940,True
8116,1860507645255299181,False
8117,1860505433376477318,False
8118,1860497243863699596,False
8119,1860496651632140335,True
8120,1860490416837083595,False
8121,1860474654751678962,True
8122,1860469055670321482,True
8123,1860458788311937511,True
8124,1860448705066705238,True
8125,1860431626456440881,False
8126,1860408779117879313,True
8127,1860379818073698520,False
8128,1860358052064436279,True
8129,1860352576987762885,False
8130,1860347879480602925,False
8131,1860342566366978497,True
8132,1860337759606439989,False
8133,1860335702065447416,False
8134,1860329532386873572,True
8135,1860320686348075361,True
8136,1860320038030323945,False
8137,1860319215145619704,False
8138,1859994673999437838,False
8139,1860303191016870196,True
8140,1860302395797815437,False
8141,1860301944671080908,False
8142,1860251907240902911,True
8143,1860251901914222823,False
8144,1860211673820463481,False
8145,1860190136316961066,False
8146,1860167990521803217,True
8147,1860166880587034724,False
8148,1860143481509019901,False
8149,1860132682476454298,False
8150,1860131001412067541,True
8151,1860126477825774055,True
8152,1860121102250635676,True
8153,1860115572119470092,False
8154,1860112801592934880,True
8155,1860111155609653639,True
8156,1860103920921776542,True
8157,1860101921505443921,True
8158,1860101821559373965,True
8159,1860100702124802257,False
8160,1860097101541384227,True
8161,1860083562315424250,False
8162,1860080392000487444,False
8163,1860076654380613994,False
8164,1860071507881525369,False
8165,1860065492880490844,False
8166,1860041697180504139,True
8167,1860014573316899232,False
8168,1860006487411818689,False
8169,1860003244900319539,True
8170,1860000198468206892,False
8171,1859988698504528117,True
8172,1859966966464999598,False
8173,1859962020369719406,True
8174,1859939261925204407,True
8175,1859938877383016898,False
8176,1859927490795598323,False
8177,1859914566953787568,True
8178,1859832896821002347,True
8179,1859804749656359218,False
8180,1859792830056804463,True
8181,1859786259847315509,False
8182,1859783003435827614,True
8183,1859782995852525960,True
8184,1859781117668151562,True
8185,1859778563056205960,False
8186,1859767059082772561,True
8187,1859755960715313510,False
8188,1859747736737939866,True
8189,1859742799782084831,False
8190,1859731795903905847,True
8191,1859729656930566225,False
8192,1859700329199423951,True
8193,1859665246379704462,False
8194,1859656708932677731,False
8195,1859656440119763088,False
8196,1859653318760595723,False
8197,1859651217905144052,False
8198,1859641691344707918,True
8199,1859633773907714342,True
8200,1859615190775390210,True
8201,1859611094265770476,False
8202,1859599691559690394,False
8203,1859593997150241113,False
8204,1859583150193602832,False
8205,1859573447514272034,True
8206,1859561516279669219,False
8207,1859558569412071598,False
8208,1859553298820345921,True
8209,1859535207977607633,False
8210,1859481559717298525,False
8211,1859416909864702393,False
8212,1859391957044183333,True
8213,1859386991365791844,False
8215,1859373355205317010,False
8216,1859369425985548458,False
8217,1859362564892770447,False
8218,1859362063237398714,False
8219,1859356867664687484,False
8220,1859346529288585224,False
8221,1859345948431753696,True
8222,1859329053490127220,False
8223,1859404086195487033,False
8224,1859328323199041769,False
8225,1859321748543381700,True
8226,1859310086663045140,True
8227,1859297735696056755,True
8228,1859296650000466353,False
8229,1859293525625442444,True
8230,1859293458147705199,False
8231,1859287610272698712,False
8232,1859284477656301855,False
8233,1859282141512700216,False
8234,1859276086594404792,True
8235,1859275259217678372,True
8236,1859259831489626301,False
8237,1859256878825402616,False
8238,1859253795206705266,True
8239,1859251526646055088,True
8240,1859249840909148412,True
8241,1859246504340238506,True
8242,1859245386721907127,True
8243,1859240060626833585,True
8244,1859237876363383259,False
8245,1859227696879837465,False
8246,1859220919907996034,True
8247,1859203287590846843,True
8248,1859198886847402189,False
8249,1859179548866154546,True
8250,1859174330204057958,True
8251,1859095936602915023,False
8252,1859086048740950312,False
8253,1859081277514678476,False
8254,1859062297362125286,True
8255,1859027358386417763,False
8256,1859245842978197764,True
8257,1859046523230683622,False
8258,1859038070542319762,False
8259,1859021749343711454,False
8260,1859010987321696535,True
8261,1859007018377638021,False
8262,1859001270876729788,True
8263,1858999699363213364,True
8264,1858997225252417893,True
8265,1858982416360317123,True
8266,1858981043694686552,False
8267,1858969048316604610,False
8268,1858951184641368418,True
8269,1858942516310995062,True
8270,1858942486388883764,False
8271,1858938437572948002,True
8272,1858930150269685832,True
8273,1863658658468417688,True
8274,1863643287908663433,False
8275,1863601339781026121,False
8276,1863599092892320144,True
8277,1863574072048660565,True
8278,1863543983718219945,False
8279,1863523035497509327,True
8280,1863419716645040132,False
8281,1863378283871506893,False
8282,1863361245459460394,False
8283,1863317785952075988,False
8284,1863316511646949535,False
8285,1863299937225589045,False
8286,1863290861053739317,False
8287,1863279187445866769,True
8288,1863257498469142918,True
8289,1863230764550132073,True
8290,1863196525381218530,True
8291,1863040622371696761,False
8292,1863038539119669443,True
8293,1863016102877384759,True
8294,1862969069541966291,True
8295,1862949961748353151,True
8296,1862933996650348762,True
8297,1862922736722489709,True
8298,1862922460657537373,True
8299,1862870228897521886,False
8300,1862869695839269164,False
8301,1862849467092742173,False
8302,1862821370570080282,False
8303,1862818136086434280,True
8304,1862817840211902513,True
8305,1862713112891134442,False
8306,1862694474205257778,False
8307,1862685493831315728,False
8308,1862673394946265382,True
8309,1862670455137542532,True
8310,1862664226113786103,True
8311,1862649143727935957,True
8312,1862638963040645609,False
8313,1862632370249023972,False
8314,1862629805847445790,False
8315,1862601552688501155,True
8316,1862574769301811438,False
8317,1862571667672773050,False
8318,1862561866083356866,False
8319,1862555457644101670,True
8320,1862553839506711023,True
8321,1862546291189793063,False
8322,1862516400788582739,False
8323,1862513904410108318,True
8324,1862511595374489793,True
8325,1862508191797448871,False
8326,1862507403079524719,True
8327,1862503682689962473,True
8328,1862486946385215715,False
8329,1862485459131117943,True
8330,1862479043033018408,False
8331,1862465466880463064,True
8332,1862460490288386472,True
8333,1862364885620789451,False
8334,1862321564034686985,True
8335,1862309455959863393,False
8336,1862278847820894612,False
8337,1862241593337544808,False
8338,1862214595894476908,True
8339,1862214550612811968,False
8340,1862115653802393967,False
8341,1862206593409913220,False
8342,1862197619419672620,True
8343,1862194191985455200,False
8344,1862189556197474523,False
8345,1862183297108836407,False
8346,1862181629885661543,False
8347,1862160913593168088,False
8348,1862157619227467855,False
8349,1862154830216638720,False
8350,1862151048627908754,False
8351,1862141803467587634,True
8352,1862118067964194954,True
8353,1862112592371630433,False
8354,1862110670050750725,True
8355,1862110216919060481,False
8356,1862100457335726584,True
8357,1862099779825586231,False
8358,1862092354326335735,False
8359,1862139547036909580,False
8360,1862030171097715082,True
8361,1862003008243998855,False
8362,1861993477204058552,True
8363,1861983776319983667,False
8364,1861969756460306808,False
8365,1861953028527370377,False
8366,1861952578445046083,True
8367,1861951749499564264,True
8368,1861950068934205591,False
8369,1861948642992574693,False
8370,1861948485223710728,True
8371,1861946246539120677,False
8372,1861943800576311692,False
8373,1861943519910224039,True
8374,1861941203509367037,True
8375,1861938798403240303,False
8376,1861936089583243449,False
8377,1861931204909334838,False
8378,1861927083514925436,True
8379,1861926063376318822,False
8380,1861926014852436306,False
8381,1861922122873933829,True
8382,1861917958521364618,False
8383,1861903218394964470,False
8384,1861889020868907439,False
8385,1861886340129779851,False
8386,1861884905933684848,True
8387,1861605865284891039,True
8388,1861876460719329742,False
8389,1861876005742284802,True
8390,1861865276783915350,False
8391,1861861862133977497,False
8392,1861847766491648459,True
8393,1861845570244993392,False
8394,1861841696016789863,False
8395,1861831707936121309,False
8396,1861825513574076676,False
8397,1861815067781521630,False
8398,1861811200549364115,False
8399,1861809231650861255,False
8400,1861809200935891073,False
8401,1861803303320826035,False
8402,1861802640734113915,False
8403,1861802627798888948,True
8404,1861801246392307953,True
8405,1861791230180417903,False
8406,1861790953079447917,False
8407,1861786369473020240,False
8408,1861778553596973152,True
8409,1861776581191962991,True
8410,1861772902028259466,False
8411,1861770789344751796,False
8412,1861767241626218708,False
8413,1861767042547802569,True
8414,1861764802172821870,False
8415,1861764378606903299,True
8416,1830575997378232383,False
8417,1861762664977830142,False
8418,1861758278457335865,True
8419,1861754947559153953,False
8420,1861744796336845061,False
8421,1861742431709880679,True
8422,1861737845808865734,True
8423,1861737503964745776,True
8424,1861732901643039006,False
8425,1861693049778139297,True
8426,1861616346338844717,False
8427,1861614756211085670,False
8428,1861613385919386061,True
8429,1861611569982873757,True
8430,1861607524073357567,True
8431,1861600564351566250,False
8432,1861587647069647014,True
8433,1861585715571593662,True
8434,1861584292599476392,True
8435,1861579381627376109,True
8436,1861578331570774265,True
8437,1861576595120570702,False
8438,1861576097361453460,False
8439,1861580587435237581,False
8440,1861572019302592527,True
8441,1861569408881111089,True
8442,1861563675670139119,False
8443,1861560680400261388,False
8444,1861557587184889878,False
8445,1861546443674173737,False
8446,1861546121090183430,False
8447,1861537523337482352,False
8448,1861533089853309180,False
8449,1861530316264927312,False
8450,1861520746985537661,False
8451,1861511175780909201,False
8452,1861499213936283748,False
8453,1861471623305461782,False
8454,1861463538557960552,False
8455,1861453252362985550,False
8456,1861445926583222497,True
8457,1861449316595823019,True
8458,1861433638597841141,False
8459,1861433258375786943,False
8460,1861428714841481224,False
8461,1861428314998509978,False
8462,1861424595036684670,True
8463,1861423121393160493,True
8464,1861410004730818854,True
8465,1861404848945586482,True
8466,1861392608603279658,False
8467,1861373341552009222,True
8468,1861280258940391591,False
8469,1861273227328118973,True
8470,1861271799968727543,False
8471,1861176650991288588,False
8472,1861165542893137980,False
8473,1861146734652444762,True
8474,1861125375515869236,True
8475,1861101270632714298,True
8476,1861097278926156283,True
8477,1861083460388987046,False
8478,1864365792227164356,False
8479,1864365329826058293,False
8480,1864332370783899915,False
8481,1864316184029466846,True
8482,1864314965751927213,False
8483,1864274293091103103,True
8484,1864230222305849571,True
8485,1864169753675215293,True
8486,1864168064255684661,False
8487,1864132056231424193,False
8488,1864129222400172337,True
8489,1864123050578346084,False
8490,1864108202301747399,False
8491,1864095171085730063,True
8492,1864087827819970640,True
8493,1864083688545231301,False
8494,1864074571713790002,False
8495,1864056772614381940,False
8496,1864040806551630186,False
8497,1864023012829176314,False
8498,1864014440913326289,True
8499,1863989886950187076,False
8500,1863954920136740885,False
8501,1863874327772287464,False
8502,1863220770404520044,False
8503,1863871529844404692,True
8504,1863840200738140442,True
8505,1863820433679691944,False
8506,1863811822719041684,True
8507,1863792059053744623,False
8508,1863780978839232626,False
8509,1863779820515065944,False
8510,1863779619142357439,True
8511,1863774139556729070,False
8512,1863765043189252344,True
8513,1863758290569552103,True
8514,1863734458844610662,True
8515,1863728603231351234,False
8516,1863728044604621146,False
8517,1863695729748750340,False
8518,1863691226681102710,False
8519,1863689711321039234,False
8520,1863676667773755589,True
8521,1866200075149430929,True
8522,1866184426067009672,False
8523,1866174772670828810,True
8524,1866165251068084483,True
8525,1866154792386502788,False
8526,1866140207478698352,False
8527,1866134040119787571,False
8528,1866121638535741473,False
8529,1866115976762216573,True
8530,1866099313073328480,True
8531,1866083258246779017,False
8532,1866017170616119622,False
8533,1865970572229820651,False
8534,1865966993905516970,False
8535,1865965019902673157,True
8536,1865927930301305323,True
8537,1865888510311551459,False
8538,1865884286772986181,False
8539,1865825535148048472,True
8540,1865823395742392708,True
8541,1865804072504234250,True
8542,1865800501058519425,True
8543,1865795671887909110,False
8544,1865775375172751748,False
8545,1865761765700903341,True
8546,1865684807516344741,False
8547,1865658398433501468,True
8548,1865644949401678216,False
8549,1865607006364537243,False
8550,1865585608590061761,False
8551,1865578121019142397,False
8552,1865562306500825263,False
8553,1865544562690662831,False
8554,1865468097013977221,True
8555,1865450851529007197,False
8556,1865448454983442799,True
8557,1865408659922002115,False
8558,1865396544133865932,False
8559,1865383708125016105,False
8560,1865362176023601629,True
8561,1865352212597092670,True
8562,1865274325227434044,False
8563,1865247824259993986,False
8564,1865236312854335762,False
8565,1865198243627368711,True
8566,1865222643504316574,True
8567,1865217129265434894,True
8568,1865198151658819838,True
8569,1865169403530109363,True
8570,1865157077364093217,False
8571,1865143086273159264,True
8572,1865140335933817202,True
8573,1865128545229385775,False
8574,1865114824683688385,False
8575,1865114702516191521,True
8576,1865106088628015346,False
8577,1864493944077267260,True
8578,1865104587574706639,True
8579,1865099820181889398,False
8580,1865092121000063280,False
8581,1865080160631877949,False
8582,1865079912677199976,True
8583,1865065337990926521,False
8584,1865063131786936698,False
8585,1865048002995409406,False
8586,1865042500466950628,False
8587,1865042139710734374,False
8588,1865026461918183638,False
8589,1865024913276330242,True
8590,1865023879338467603,False
8591,1865020679445188850,True
8592,1865020200527011891,False
8593,1865019043154935891,False
8594,1865018678619545990,True
8595,1865017917634449918,True
8596,1865014451549749650,False
8597,1865012278887596246,True
8598,1865010023501320394,False
8599,1864995348982178056,False
8600,1864993591002529828,True
8601,1864983829598896316,True
8602,1864955228228899154,False
8603,1864918337156751786,False
8604,1864891513357950977,False
8605,1864862072938414589,True
8606,1864861117106839803,False
8607,1864858122315055465,True
8608,1864852993725640741,False
8609,1864846211959726096,False
8610,1864832803642237110,True
8611,1864815627174576145,False
8612,1864809976411127897,True
8613,1864803692051857566,False
8614,1864802343272780148,True
8615,1864781858971505021,True
8616,1864764951337787807,False
8617,1864748591434064251,False
8618,1864748165062090921,False
8619,1864745796043706612,False
8620,1864740211462148272,False
8621,1864735185356370254,True
8622,1864727437570941301,True
8623,1864722555501682828,True
8624,1864707745904984453,True
8625,1864705818156728808,False
8626,1864697823809147040,True
8627,1864678061574066300,False
8628,1864670936064004349,True
8629,1864606490616529146,False
8630,1864525041548804516,False
8631,1864508017732993535,False
8632,1864499155772612812,True
8633,1864491545275113799,True
8634,1864487989335716318,True
8635,1864486136803938549,False
8636,1864476389098807672,True
8637,1864475653250121743,True
8638,1864466733689442746,False
8639,1864465851946054066,True
8640,1864454754631344421,False
8641,1864433012039143448,False
8642,1864432609943584847,True
8643,1864396430997172268,False
8644,1864394233769041987,False
8645,1864387389939994725,False
8646,1864386614387990893,True
8648,1868711257291043124,False
8649,1868711250525626744,True
8650,1868708637478379729,True
8651,1868704691422740646,False
8652,1868703820848812036,False
8653,1868700387303465256,False
8654,1868700297041936883,True
8655,1868680654864712164,False
8656,1868646790381355132,False
8657,1868622500810379715,False
8658,1868618507212210261,False
8659,1868608757028319737,False
8660,1868566011269779525,False
8661,1868510405628133704,False
8662,1868478686984540196,True
8663,1868462302434886059,False
8664,1868449864209834206,True
8665,1868438119780938035,False
8666,1868421715069390980,True
8667,1868413372296999389,False
8668,1868412935061585926,True
8669,1868402665186898332,False
8670,1868400512980410618,False
8671,1868378672128053607,False
8672,1868371698615246977,False
8673,1868364645230412138,False
8674,1868351762975047830,True
8675,1868331716282319148,True
8676,1868324518738919710,True
8677,1868319957647286289,False
8678,1868314730420740293,False
8679,1868313811809083834,False
8680,1868304243586965665,False
8681,1868296123242217885,False
8682,1868293099186999334,True
8683,1868286329068630452,False
8684,1868279710700155294,True
8685,1868256583802822704,False
8686,1868146921577308193,False
8687,1868122085937356809,True
8688,1868111472980787225,False
8689,1868096101959827556,False
8690,1868094690266157137,False
8691,1868088050846203929,True
8692,1868087016572834266,True
8693,1868081328216027378,True
8694,1868081091640471862,False
8695,1868079744702632284,False
8696,1868069101748564078,True
8697,1868063327517368575,True
8698,1868060681028661753,False
8699,1868038665194405963,False
8700,1868010784888086809,False
8701,1868003991734657244,True
8702,1868001854124441603,False
8703,1867995019006918782,False
8704,1867992585886994852,True
8705,1867834821168513421,False
8706,1867805375271252224,False
8707,1867797941018407413,True
8708,1867775043058745517,True
8709,1867769911063589134,True
8710,1867766711740772652,False
8711,1867749868678394026,True
8712,1867748464861339845,True
8713,1867706928933036041,False
8714,1867704346768814434,False
8715,1867664415916499013,False
8716,1867657000555044903,False
8717,1867642833873797379,False
8718,1867640578948976986,True
8719,1867640352770814246,True
8720,1867637611105595782,True
8721,1867631840980598833,True
8722,1867625971982991806,True
8723,1867625708895220016,True
8724,1867624466131333363,True
8725,1867618811723006055,True
8726,1867614294122066182,False
8727,1867612336845942809,False
8728,1867602744124600387,True
8729,1867595173506515342,False
8730,1867589681681977525,True
8731,1867589486366142589,False
8732,1867582251220807835,True
8733,1867561796997198274,False
8734,1867555638878109721,False
8735,1867551579022254482,False
8736,1867539259626078470,False
8737,1867538849502515466,False
8738,1867534850452075035,True
8739,1867533300149186731,True
8740,1867511952454648289,False
8741,1867499029397221872,False
8742,1867416061366481136,False
8743,1867403773787701577,False
8744,1867401167787241977,False
8745,1867400708380594611,True
8746,1867353726467408317,True
8747,1867337846643900889,False
8748,1867329178871218342,True
8749,1867309881440809149,True
8750,1867278113337749530,False
8751,1867277615582916669,True
8752,1867270523635323053,False
8753,1867247744609386694,True
8754,1867222876535112002,False
8755,1867196912144634095,False
8756,1867191644170395820,True
8757,1867184831463072246,False
8758,1867142870760644863,False
8759,1867135763302760452,False
8760,1867133156949970952,False
8761,1867123749230944753,False
8762,1867094010034102731,True
8763,1867038347899834562,False
8764,1867006966649745802,False
8765,1867004071049122051,False
8766,1866967888302837879,True
8767,1866959559958389187,False
8768,1866958985972031553,True
8769,1866952971898036346,True
8770,1866923599434748358,False
8771,1866915772586430794,False
8772,1866914638602108947,False
8773,1866897311458078765,False
8774,1866892218360905956,False
8775,1866888727827714387,False
8776,1866844729050079408,True
8777,1866828106298007824,False
8778,1866826102150402218,False
8779,1866821290176520292,False
8780,1866820347645006335,True
8781,1866779904429212122,False
8782,1866696141871714390,False
8783,1866693792499167608,False
8784,1866620400219693066,True
8785,1866603318526541916,False
8786,1866575056358326755,False
8787,1866556692281901340,False
8788,1866528551970935209,False
8789,1866526103633899802,False
8790,1866517441569824838,True
8791,1866509458295124141,True
8792,1866499665119658439,False
8793,1866451494855147795,False
8794,1866385013870338063,False
8795,1866331431250661589,False
8796,1866321596618518701,True
8797,1866291575946363062,False
8798,1866257868413923478,False
8799,1866256785285292460,False
8800,1866246777600364824,True
8801,1866245490557194497,False
8802,1866238735425102182,False
8803,1866238614188728745,False
8804,1870045511706620107,True
8805,1870035244843254113,False
8806,1869986778297368931,False
8807,1869936828247105677,False
8808,1869926153374576759,False
8809,1869925746443202676,False
8810,1869914182046585208,False
8811,1869911405337399299,False
8812,1869901923572215827,False
8813,1869895269212402045,False
8814,1869895210177835242,False
8815,1869892367244820598,False
8816,1869839238679933228,False
8817,1869830987926122676,True
8818,1869820228399706463,True
8819,1869804401164202213,False
8820,1869748786136031740,False
8821,1869735181319586303,False
8822,1869734502312108400,True
8823,1869718352077500656,True
8824,1869711968069943676,False
8825,1869602972029882450,True
8826,1869601374851522843,False
8827,1869578976622194757,False
8828,1869564334281769346,False
8829,1869552771952984389,True
8830,1869551955309465885,False
8831,1869544070554714129,False
8832,1869539820600713223,True
8833,1869539396762132767,False
8834,1869539393645560298,True
8835,1869534827831267710,False
8836,1869534677469725089,True
8837,1869529775632699688,False
8838,1869518686954119413,False
8839,1869499747637375448,True
8840,1869499603911090418,False
8841,1869492587364794511,False
8842,1869485866084962639,True
8843,1869478263380447343,False
8844,1869447502996570284,False
8845,1869437734483612053,False
8846,1869435444951474669,False
8847,1869435040440193081,True
8848,1869432594670202989,True
8849,1869431697156255768,False
8850,1869409485745496459,False
8851,1869374649546756598,False
8852,1869371373409427598,False
8853,1869349858974593409,True
8854,1869348697433309359,False
8855,1868980208537067701,True
8856,1869339516504543473,False
8857,1869328461850108166,False
8858,1869287196387373234,False
8859,1868791182886866960,True
8860,1869228416660382154,False
8861,1869223097209065622,True
8862,1869212544604541374,False
8863,1869205199988170826,True
8864,1869200605270646973,True
8865,1869199735409795399,False
8866,1869192712207180050,True
8867,1869186607217308014,False
8868,1869185778850648554,False
8869,1869179430255665353,False
8870,1868552888739676172,False
8871,1869175731387047966,False
8872,1869168654858011108,True
8873,1869164719258710078,False
8874,1869160782627590296,False
8875,1869159098304106753,False
8876,1869157803597918621,True
8877,1869155532130660648,False
8878,1869151239235395934,False
8879,1869150740952055915,False
8880,1869148580260495550,True
8881,1869145943230308791,False
8882,1869139957497094458,False
8883,1869137575379914773,False
8884,1869136313116766634,False
8885,1869131546470515076,False
8886,1869129210415268056,True
8887,1869127853847298522,False
8888,1869122812755218520,True
8889,1869110825824452653,False
8890,1868451128972554648,False
8891,1869103581804257627,True
8892,1869102444502045025,False
8893,1869101660112613536,False
8894,1869098008673165455,False
8895,1869090640476401862,True
8896,1869088285664178509,False
8897,1869082640273617159,False
8898,1869081192819273823,True
8899,1869080714916053452,True
8900,1869070734313791820,False
8901,1869067353067286537,True
8902,1869063325176451485,False
8903,1869056027435597935,True
8904,1869053905046528129,False
8905,1869053653858038153,False
8906,1869050719124566352,False
8907,1869050229653430607,False
8908,1869043737441325389,False
8909,1869026388784959967,False
8910,1869025785644023913,False
8911,1869012850867634453,False
8912,1869006879206392113,False
8913,1868979712829407589,True
8914,1868979074343006678,True
8915,1868972704566849916,False
8916,1868942507935252859,True
8917,1868917645606871544,False
8918,1868888796378677618,False
8919,1868877925845742033,False
8920,1868873764207051034,False
8921,1868855774979801235,True
8922,1868853222599016642,False
8923,1868847158482616453,False
8924,1868841623641293209,False
8925,1868835795706290376,False
8926,1868810130529321204,False
8927,1868809765222334881,False
8928,1868806718173724808,False
8929,1868803590263034299,False
8930,1868803455470780825,True
8931,1868803004109066726,True
8932,1868799957924561285,True
8933,1868786557341278217,False
8934,1868783993761706066,True
8935,1868779029652029489,False
8936,1868767329288630592,False
8937,1868765327229960212,True
8938,1868761699991667200,False
8939,1868747084482200016,False
8940,1868741959432782335,False
