id_str,pysentimiento
1747300752475730129,NEG
1747297783743197385,NEG
1747292672232931781,NEG
1747046404873175457,NEG
1747291200812400862,NEU
1747290395032142059,NEG
1747290326476226858,NEG
1747287065300017356,POS
1747286327123423546,NEG
1747284157691035981,NEG
1747270229523370181,NEG
1747269528143454681,NEG
1747254626791903317,NEG
1747252762742780074,NEU
1747242402375463158,NEG
1747240691053232383,NEG
1747153247696015782,NEG
1747114851883716742,NEG
1747113274146001066,NEG
1747109221697540208,NEU
1747104883994423494,NEU
1747100121844641863,NEG
1747094621241458876,NEG
1746921934678331409,NEG
1747077459973927359,NEG
1747076543719805276,NEG
1747062638809419989,NEG
1747049101978456106,NEG
1747044699473314265,NEG
1747042202428076039,NEG
1747037481529229671,NEG
1747037338440499598,NEG
1747023336733876377,POS
1746855321421623411,NEG
1747020399773167652,NEG
1747011548927688829,NEG
1747007584253407529,NEG
1746972204049269056,POS
1746970836676886906,NEG
1746968984463819039,NEG
1746961147008303305,NEG
1746960317668561009,NEG
1746945769007919473,NEG
1746944918054973613,NEU
1746943177108459994,NEG
1746940942962045048,POS
1746931885463220731,NEG
1746929704886513986,NEG
1746925432790794574,NEG
1746894348367581588,POS
1746894345364447603,NEG
1746891854463770786,NEG
1746887596708438072,NEG
1746848950160707666,NEU
1746800892752306391,NEG
1746763855638761746,NEG
1746736922452451715,NEG
1746730759300284697,NEG
1746721224825176352,NEG
1746715238177689916,NEG
1746712909483282944,NEG
1746711825834479896,POS
1746711597827920369,NEG
1746698270766674195,NEG
1746696767133913466,NEG
1746689759269843203,NEG
1746686645208813962,NEG
1746683558456971451,NEG
1746676564274581995,NEG
1746674809394680079,NEG
1746669916139192329,NEG
1746667776591171948,NEG
1746663159409086506,NEG
1746661107551363299,NEG
1746660960947916826,NEG
1746657412818350302,NEG
1746650267590770819,NEG
1746649005306655083,NEU
1746638340634370454,NEG
1746635009903985149,NEU
1746623122994823559,NEU
1746611446471893463,NEG
1746605431038873880,NEG
1746603183764275632,NEG
1746599710540841214,NEG
1746584272608137663,NEG
1746560893205225785,NEG
1746532017456423038,NEG
1746526537027830176,NEG
1746499255265628595,NEG
1746447144272191492,NEG
1746445105148342539,NEG
1746433626634346647,NEG
1746433322685718863,NEG
1746412153446224254,NEG
1746386461446861127,NEG
1746384950725591328,NEG
1746373439810597010,NEG
1746369707727303066,NEG
1746366780501610616,NEG
1746363867431665670,NEG
1746344769532391741,NEG
1746344353285488867,NEG
1746340329463128486,NEG
1746323447402148304,NEG
1746306905507565992,NEG
1746302791612514464,NEG
1746300515401535963,NEU
1746294694353469712,NEG
1746279702103265442,NEG
1746273594470994418,NEG
1746271991290560942,NEU
1746270411875094911,NEG
1746259206980702321,NEG
1746258547464126669,NEG
1746257890212491430,NEG
1746256390476136867,NEG
1746255193912553648,NEG
1746231445339730394,NEG
1746223315138531540,NEG
1746222671950487855,NEG
1746221852052090949,NEG
1746166943025861080,NEG
1746220633711690056,NEG
1746208173478854704,NEG
1746197987670294623,NEG
1746195662331425272,POS
1746191972765687959,NEG
1746179090992816367,NEG
1746170064049475785,NEG
1746169497147388282,NEG
1746164523122172040,NEG
1746159895802515469,NEG
1746078808849981913,NEG
1746046973654806836,NEG
1746046657429475420,NEG
1746044633916776729,NEG
1746028026293268636,NEG
1746017441900012002,NEG
1746001616275181615,POS
1745989851848008038,NEG
1745976155407077736,NEU
1745975466958164108,NEU
1745968078775632367,NEG
1745956841648267539,NEU
1745941630224404573,NEG
1745940532667236749,NEG
1745939757564100902,NEG
1745935572646916264,NEG
1745921449670455803,NEG
1745904891585859786,NEG
1745903506991530099,NEG
1745903320420536743,NEG
1745896764530385242,NEU
1745890750292807942,NEG
1745885800724639918,NEG
1745878859910611042,NEG
1745871880421056954,NEG
1745869241503678697,NEG
1745863073368285577,NEG
1745857524501287323,NEG
1745845341759353228,NEG
1745842732277330035,NEG
1745835136397009201,NEG
1745830994962178274,NEG
1745820300590067878,NEG
1745815956675309756,NEG
1745814667325268238,NEG
1745814389238673807,NEU
1745813910169563236,POS
1745806312313680259,NEG
1745804812090781916,NEG
1745803269933244453,NEG
1745801642048458838,NEG
1745779562452079023,NEG
1745598152298881212,NEU
1745672396332294559,NEG
1745668884672270455,NEG
1745654537912758442,NEU
1745650767178949008,NEG
1745607835134611598,NEG
1745595609535385798,NEG
1745588045045248071,NEU
1745587369485742208,NEG
1745585277375074645,NEG
1745577312865644941,NEG
1745574783394185285,NEG
1745509551070171167,NEG
1745556502868283685,NEG
1745556328125219045,NEG
1745550946631852403,NEU
1745550040783855831,NEG
1745524062997058042,NEG
1745523540571419032,NEG
1745520638792474869,NEG
1745510318820688097,NEG
1745502390722158936,NEG
1745492006099354049,NEG
1745488755589259410,NEG
1745480809488826812,NEG
1745471881031934133,NEG
1745461093001282002,NEG
1745436954831749604,NEG
1745412016779448410,NEU
1745406511105343686,NEG
1745391044827419100,NEU
1745363695176143103,NEG
1745344974231638204,NEU
1745330116891181240,NEG
1745322918815338640,NEG
1745309733693607954,NEG
1745302942628893181,NEG
1745302531029323852,NEG
1745284040888881422,NEG
1745281262007230587,NEG
1745266381933723697,NEG
1745254399931290008,NEG
1745254027409981445,NEG
1745244330564997170,NEG
1745241298523558164,NEG
1745237506398765314,NEG
1745220753895600409,POS
1745210199693021584,NEG
1745097990400799123,NEG
1745200561169813641,NEG
1745195551841243425,NEG
1745194497380683937,NEG
1745192634279235615,NEG
1745191707421901215,NEG
1745175137203212591,NEG
1745169734935384237,NEG
1745163429994734018,NEG
1745161362114810215,NEG
1745161191263965563,NEG
1745160754137874533,NEG
1745152964946231571,NEG
1745143398074380513,NEG
1745141781979636221,NEG
1745131808700694720,NEG
1745119252015714791,NEG
1745114707499913620,NEG
1745114298785902705,NEG
1745110331288891855,NEG
1745105419431768480,NEG
1745104102638391423,NEG
1745097849728032868,NEG
1745082035100651805,NEG
1745075376919888243,NEG
1745071403835990297,NEG
1745066757948055878,NEG
1745064718606180548,POS
1745058996761829785,POS
1745045592580231291,NEG
1745038172482883822,NEG
1745037190818623666,NEU
1745035690545389624,NEG
1745002274026340370,NEG
1744971258603704787,NEG
1744916187492884617,NEG
1744908616979656852,NEG
1744900781495460326,NEU
1744878787253202947,NEG
1744850123266375868,NEG
1744841453128314935,NEG
1744838683629421004,NEU
1744838508009718214,NEG
1744831519917474012,NEG
1744829823782904119,NEG
1744812562716188766,POS
1744810797035864093,NEG
1744790296292913622,NEU
1744789793857224811,NEG
1744783108509950295,NEG
1744776064633581761,NEG
1744773450948841515,NEG
1744772591485661483,NEG
1744772048981782737,NEG
1744771830408261715,NEG
1744771589017571748,NEG
1744770248027365385,NEG
1744766584965541993,NEG
1744761794713809004,NEG
1744758892272193841,NEG
1744752878512648348,NEG
1744747678934639088,NEG
1744742012535111710,NEG
1744738546215526684,NEG
1744732514768584849,NEG
1744729585852535189,NEG
1744719145826984037,NEG
1744716524844462362,NEG
1744705424056549417,NEG
1744699236866797689,NEG
1744697505898447273,NEG
1744669730055565560,NEU
1744668196550938630,NEG
1744668119430201591,NEG
1744662915859227070,NEG
1744592866872057996,NEG
1744589502281085423,NEG
1744583725008949477,NEG
1744575534091092452,NEG
1744558343471997059,NEU
1744573388125798449,NEU
1744571255959773452,NEG
1744564579017826759,NEG
1744559298959528315,NEG
1744557992450687179,NEU
1744555498387447811,NEU
1744552666338865239,NEG
1744551752114811070,NEG
1744539575257649394,NEG
1744535849247678721,NEG
1744535731156971766,NEU
1744534422722883973,NEG
1744529274478969001,NEU
1744446244355785008,NEU
1744059736171962531,NEG
1744051558562648260,NEG
1743736730123948285,NEG
1743702912688181344,NEG
1743497125785133256,NEG
1743344630316274021,NEG
1743144049467326574,NEG
1743128355430420607,NEG
1742584849318212011,NEG
1749401780989960525,NEU
1749395057361277121,NEG
1749351400843149361,NEG
1749286466457362897,NEU
1749281954132877457,NEG
1749278940781224153,NEG
1749275550118482053,NEU
1749272791197593927,NEG
1749272063733354739,NEG
1749267492751450253,NEU
1749265066891894827,NEG
1749262557523681326,NEG
1749253801880465896,NEG
1749253490923212923,NEG
1749251803089174882,NEG
1749192940637872296,NEG
1749211300821954997,NEG
1749189513778172179,NEG
1749159794911453560,NEG
1749158928842154415,NEG
1749146431741374806,NEG
1749146291764871464,NEG
1749139968847471095,NEG
1749139235490111862,NEG
1749137855408996744,NEG
1749123615893688635,NEG
1749118302104719699,NEG
1749111718024708171,NEU
1749078402898747673,NEG
1749072146108658142,NEG
1749051173506535442,NEG
1748944649559965978,NEG
1748930271934644688,NEG
1748925431745568945,NEU
1748925372001857810,NEG
1748923218067390621,NEG
1748917737777205510,NEG
1748890457608753345,NEG
1748892592769569159,NEG
1748887821945823382,NEG
1748886865690726754,NEG
1748881344220856534,NEG
1748876421089440163,NEG
1748849776932638967,NEG
1748829168115097752,NEG
1748820524799492098,NEG
1748816935649677419,NEG
1748811504307052582,NEG
1748808043553309049,NEG
1748761093176991921,NEG
1748754057974431858,NEG
1748731862195822596,NEG
1748724294643765469,NEG
1748720627396014230,NEU
1748716783752655209,NEU
1748716011115725197,NEG
1748713845479071929,NEG
1748713641652769253,NEG
1748711125779136926,POS
1748708662699241574,POS
1748698988587667897,NEU
1748687809718714387,NEG
1748671800634933648,NEG
1748587758015119630,NEG
1748575055787733424,NEG
1748562741340627368,NEG
1748549130706682104,NEG
1748526444592984566,NEG
1748525110091210759,NEG
1748522725595881871,NEG
1748520174578188479,NEG
1748513376609710217,NEG
1748501888578765044,NEU
1748475479324033118,NEG
1748468041224958028,NEG
1748462471419973789,NEG
1748449934641123626,NEG
1748448041168724462,NEG
1748441371784995110,NEG
1748431634313937298,NEG
1748428917461901562,NEG
1748419024105398760,NEG
1748410671614566762,NEG
1748407988572783050,NEG
1748386576109826290,NEG
1748381586536436099,NEG
1748377043459301767,NEG
1748373562350596144,NEG
1748369098407399490,NEG
1748350280557588934,NEG
1748348643176824941,NEG
1748319133324791866,NEU
1748312141352886383,NEG
1748310071765868585,NEG
1748302192350494750,NEG
1748301779865866331,NEG
1748251243254870358,NEG
1748201557823242759,NEU
1748195221328797818,NEG
1748171956090732830,NEG
1748149526311899448,NEU
1748148852752888200,NEG
1748147089580716532,NEG
1748147064033132822,NEG
1748135357445505340,NEG
1748134872651067882,NEG
1748129285397676266,NEG
1748117887804457013,NEG
1748103936127435202,NEG
1748099204264718602,NEG
1748074603723755822,NEG
1748072105562779780,NEG
1748066766599991502,NEG
1748060281392058438,NEG
1748059861407928685,NEU
1748056168088387955,NEG
1748041798511948007,NEU
1748039185687048349,NEU
1748034560791654671,NEG
1748034553812304017,NEG
1748018534796382363,NEG
1747999097544417457,NEG
1747998855415620020,NEG
1747996000587796846,NEU
1747990388055408703,NEG
1747988394091610269,NEG
1747986217260449800,NEG
1747983390953857171,NEG
1747974008912380208,NEG
1747910471661842456,NEG
1747847936535318859,NEG
1747803613076836525,NEG
1747789034145886424,POS
1747787591229845801,NEU
1747781159876968893,NEG
1747775749036109908,NEG
1747764962284470454,POS
1747762791711224208,NEG
1747762402639090150,NEG
1747730065427661286,NEG
1747719559266684974,NEG
1747717901438828892,NEG
1747717577810268302,NEG
1747716663854694585,NEG
1747712393109479701,NEG
1747706744015339627,NEU
1747699737187254556,NEG
1747699143844176325,NEG
1747695759816888663,NEG
1747690976766816755,NEG
1747666530463060065,NEG
1747662884690133220,NEG
1747659523521663347,NEG
1747659153877647544,POS
1747650533656076507,NEG
1747644626628919458,NEG
1747613490062168551,NEG
1747594531933966574,NEG
1747479860421755251,NEG
1747453780675739871,NEG
1747451494931009716,NEG
1747448643290792051,NEG
1747428490968727598,NEG
1747426801687646236,NEG
1747418861123653722,NEU
1747418267902185522,NEU
1747415069003046917,NEU
1747409660129280090,NEG
1747402777934885100,NEG
1747401430305014253,NEG
1747399633863614950,NEG
1747398054167089334,NEG
1747390129100964317,NEG
1747354013765345346,NEU
1747352365483569181,NEG
1747350374556549526,NEG
1747340508987343094,NEU
1747339626228965579,NEG
1747332362013172085,NEG
1747323775488495795,NEG
1747315941497614606,NEG
1747309923988377899,NEG
1747307862592782623,NEG
1747306043305021810,NEG
1753006756874035202,NEG
1753003861336379707,NEG
1752969295825449107,NEG
1752950965840249081,NEG
1752939233877053669,NEG
1752926357879664977,NEG
1752915243716526087,NEG
1752682286611345568,NEU
1752913944589549717,NEG
1752912586079686837,NEG
1752907128300294409,NEG
1752899349976076479,NEG
1752889240881443153,NEG
1752881395628642751,POS
1752878941352702462,NEG
1752873039660761128,NEG
1752870288440643916,NEG
1752865055320793339,NEG
1752856132895355340,NEG
1752854573423772012,NEG
1752851594469679491,NEU
1752847946985459840,NEU
1752803698001006775,NEG
1752841237831320016,NEG
1752819848952815985,NEG
1752818316777832587,NEG
1752813521572614534,NEG
1752813110128189735,NEG
1752809990417494420,NEG
1752808216113586466,NEG
1752808028808642924,NEG
1752802914744008936,NEG
1752802804211614204,NEG
1752796762291458080,NEG
1752783859442225330,NEG
1752771499503628567,NEG
1752769269874532731,NEG
1752764007843303874,NEG
1752760453082579007,NEG
1752760265123197268,NEU
1752757163670274505,NEG
1752744727395410350,NEG
1752741290347761935,NEG
1752735644902637998,NEG
1752733025371054511,NEG
1752732013579174357,NEG
1752726922042241136,NEG
1752723925824315615,NEG
1752717893744165306,NEG
1752707699970855096,NEG
1752702470118388081,NEG
1752667190568825012,NEG
1752665779521163707,NEG
1752535327569285156,NEG
1752526226604933410,NEG
1752521623360418137,NEU
1752500039027437686,NEG
1752500036666106139,NEG
1752492892419985841,NEG
1752484653217227233,POS
1752471723759288818,NEG
1752446001648984254,NEG
1752441691275923587,NEG
1752436780660343011,NEG
1752434857701933464,NEG
1752430691382448463,NEG
1752424992774492564,NEG
1752390400722051366,NEU
1752388802650202529,NEU
1752339825489822038,NEG
1752320516474425621,NEG
1752316139839868953,NEG
1752307707439206561,NEG
1752243472948453578,NEU
1752222262751572183,NEG
1752189211724169594,NEU
1752150299769196979,NEU
1752144567120355528,NEG
1752125227700805999,NEG
1752098306073804907,NEG
1752083845774442562,NEG
1752081552651980870,NEG
1752080802723025067,NEG
1752066874005987761,NEG
1752050690036207913,NEG
1752036786287542558,NEU
1752032405178007941,NEU
1752029534822556016,NEG
1752024945448669603,NEG
1752017481663721594,NEU
1752010467336146979,NEG
1752008797285958108,NEG
1752005513192087889,NEU
1751998337685868734,NEG
1751987215868031212,NEG
1751981016783221230,NEG
1751979462344786307,NEG
1751970609838321956,NEG
1751953089530053028,NEG
1751947003095826717,NEG
1751939590103945636,NEG
1751908020752208348,NEG
1751903622906949929,NEG
1751823160234725835,NEU
1751793789528621257,NEG
1751780550862311717,NEG
1751767325584609540,NEG
1751764508018868704,NEG
1751752661160886410,NEG
1751749194379898999,NEU
1751730312097202339,NEG
1751703091630551102,NEG
1751700599714759038,NEG
1751700138530058494,NEU
1751685179637166122,NEG
1751681071698133229,NEG
1751674494811336951,NEG
1751673667749052460,NEG
1751673449922150526,NEG
1751670904155734524,NEG
1751639036924412104,NEG
1751638254598631546,NEG
1751635423275663757,NEG
1751635159332311105,NEG
1751633485322658062,POS
1751633281894752263,NEU
1751625536265208032,NEG
1751615227093807565,NEG
1751598597458575375,NEG
1751560020125167683,NEG
1751475435949420942,NEU
1751455703611351428,NEG
1751450427952869839,NEG
1751430448901714353,NEG
1751423335328608637,NEG
1751420472976085196,NEG
1751404867292196912,NEG
1751402238017171594,NEG
1751401680162156575,NEG
1751401296068776245,NEU
1751400437230580130,NEG
1751391328305369146,NEG
1751382298006618460,NEG
1751377743810277836,NEG
1751373816205373442,NEG
1751368942994469218,NEG
1751365197669728316,NEG
1751352770714628337,NEG
1751331501868748991,NEG
1751312640977096961,NEG
1751306446925381889,NEG
1751001744266371378,NEU
1751296030824439843,NEG
1751295981155451138,NEG
1751286384956948805,NEU
1751276107242827931,NEG
1751261404579930579,NEG
1751234960441122901,NEG
1751228820437241874,NEG
1751226595937796430,NEG
1751223202942976352,NEG
1751214524043030722,NEG
1751196910075998243,NEG
1751173610612355167,NEG
1751072123869687815,NEG
1751068768925622507,NEU
1751062334628364689,NEG
1751060439524417764,NEG
1751052051180617879,NEG
1751042984131321917,NEG
1751028738945438159,NEU
1751024087025987668,NEG
1751023068548300978,NEG
1751010023184953697,NEG
1751009769207288147,NEG
1750967980136010152,NEU
1750964504425333117,NEG
1750958012414480799,NEG
1750956248135057902,NEG
1750954079692427701,NEG
1750953450198777930,NEU
1750945906323583400,NEG
1750933072042705058,NEG
1750928167785594961,NEG
1750925670815879215,NEG
1750913698883936618,NEU
1750912944391471502,NEG
1750912042628763678,NEG
1750904607021142233,NEG
1750887419681845608,NEG
1750870396339892522,NEG
1750870269118349397,NEG
1750869655961338010,NEG
1750780986604884244,NEG
1750767108458246400,NEG
1750737677513597284,NEG
1750735160281030913,NEG
1750704959614583226,NEG
1750691751663145120,NEG
1750690273368137745,NEG
1750686741894135987,NEU
1750624885854912794,POS
1750622550961324230,NEG
1750613084689891654,POS
1750606317234819153,NEU
1750602458580308462,NEU
1750596937617936746,NEG
1750596114083123551,NEG
1750595243412697468,NEG
1750588234743320633,NEG
1750560756347679164,NEG
1750547572786163717,NEU
1750544364311298278,NEG
1750530065363017925,NEG
1750526478746583326,NEG
1750516500094406843,NEG
1750504995391209677,NEG
1750483181977960532,NEG
1750482316420370689,NEG
1750474431204294851,NEG
1750427576453955970,NEG
1750408995225919645,NEG
1750388748762644618,NEG
1750377360770077157,NEG
1750355212064215228,NEG
1750355117142839486,NEG
1750353616651616719,NEG
1750350490750079110,NEG
1750350474824327571,NEG
1750345076226637873,NEG
1750344683912376688,NEG
1750335589319049600,NEG
1750314101245346011,NEG
1750308337919422864,NEG
1750302610706362428,NEG
1750279565300170774,NEU
1750274736821506421,NEG
1750273916294025465,NEU
1750273504916754613,NEG
1750271179393269860,NEU
1750270693260787998,NEG
1750270156234731805,NEG
1750258287897969021,NEG
1750254880139227286,NEG
1750246288124166410,NEG
1750243644710289663,NEG
1750239880297291832,NEG
1750222572484993029,NEG
1750221942701920399,NEG
1750218151642718456,NEU
1750216560390668342,NEG
1750211376813887574,NEG
1750206505473757247,NEG
1750202177644044427,NEG
1750197617143816217,NEG
1750196595335774271,NEG
1750189776051847373,NEG
1750189657889837515,NEG
1750188270611239352,NEG
1750184689791311883,NEG
1750184304896782428,NEG
1750176676229628156,NEG
1750149489002693062,NEU
1750137142930554882,POS
1750043459837215018,NEG
1750012897051226591,NEG
1749989891637641563,NEU
1749964925428961604,NEG
1749934004944409077,NEG
1749912398994034983,NEG
1749905402345541637,NEG
1749902529305931873,NEG
1749896424983060926,NEG
1749893697301360705,NEG
1749892404042191061,NEG
1749886989195698388,NEU
1749878722163847628,NEG
1749870639865835886,NEG
1749840924132429874,NEG
1749839178169286837,NEG
1749839036754108780,NEG
1749835208898015598,NEU
1749619899108892916,NEG
1749594993428135977,NEG
1754485980990439652,NEG
1754482879873036442,NEG
1754471727793381837,NEG
1754461202678181960,NEG
1754403008241086664,NEU
1754391814692323561,NEG
1754196068344922117,NEG
1754390007475794355,NEG
1754384315637461123,NEG
1754372607132996078,NEG
1754360819662336398,NEG
1754357862082515029,NEG
1754355133658406944,NEG
1754345826141212705,NEG
1754344980817104920,NEG
1754344499734561196,NEG
1754342082871738649,NEG
1754340997159346453,NEG
1754340571269718350,POS
1754339054043246960,NEG
1754338044818125288,NEG
1754333710390903158,NEG
1754332618340843926,NEG
1754331636299165929,NEG
1754310441348510056,NEG
1754307548461617547,NEG
1754305536479134095,NEG
1754304827469840652,NEG
1754303068609315094,NEG
1754298815153115562,NEU
1754298381181005972,NEG
1754161225984864319,NEG
1754294340904505630,NEG
1754293329917861954,NEG
1754292410291478752,NEG
1754291089412886969,NEG
1754290064530591790,NEG
1754288380920188942,NEG
1754159042535039175,NEG
1754284359157244165,NEG
1754284206564217022,NEG
1754283283699978744,NEG
1754283193014861998,NEG
1754282762951893294,NEG
1754279675071717487,NEG
1754276826724155564,NEG
1754271838585131046,NEG
1754271226309079412,NEG
1754264684721512797,NEG
1754262782202057086,NEG
1754262729936826712,NEG
1754261451760398738,NEG
1754250305384960244,NEG
1754234654608011301,NEG
1754228713439347192,NEG
1754228607826751637,NEU
1754226261843403249,NEG
1754224890113126722,NEG
1754223103922561278,NEG
1754220566305718687,NEG
1754217466840965296,NEG
1754213694450352360,NEG
1754210663226843180,NEG
1754210052485898268,NEG
1754207411634610345,NEG
1754203255318429698,NEG
1754197040295297516,NEG
1754194066995024009,NEG
1754192842522550656,NEG
1754190049996861640,NEG
1754187238852706643,NEG
1754184681258365422,NEG
1754184650119942505,NEG
1754184260221538544,NEG
1754180026902159766,NEG
1754177202940211265,NEG
1754171644522746003,NEU
1754157318915137962,NEG
1754149361980694915,NEU
1754118149006336124,NEG
1754084909902074285,NEG
1754005015843229798,NEU
1753995866644316406,NEG
1753967945858814255,NEG
1753914644228366761,NEG
1753894577553965258,NEG
1753891419582828608,NEG
1753882164423221565,NEG
1753875022513348767,NEG
1753874140623483000,NEG
1753860004367483148,NEG
1753849657791496668,NEG
1753798490281373972,NEG
1753773712199819633,NEG
1753742673767174335,NEG
1753671731548508632,NEG
1753655459087524036,NEG
1753630565587165236,NEG
1753617672095277110,NEG
1753615792745197691,POS
1753607237526823378,NEG
1753587786509132265,NEU
1753585496163303605,NEG
1753575809753686476,NEG
1753566593076895847,NEG
1753553491849539726,NEG
1753545330056917150,NEG
1753538085235679323,NEG
1753523769987956950,NEG
1753511499207761971,NEG
1753502615143338121,POS
1753502560613175651,NEG
1753501338577613027,NEG
1753492046612930667,NEG
1753484248756228431,NEG
1753478570045767955,NEG
1753466478785958247,NEU
1753455677979164768,NEG
1753451996063949265,NEU
1753445268295455125,NEG
1753431618029494659,NEG
1753421566723928336,NEG
1753415370285724111,NEG
1753378752149537040,NEG
1753273412267471049,POS
1753261758293197158,NEG
1753249820645466378,NEG
1753248252684583025,NEG
1753238719513903493,NEG
1753237444504232178,NEG
1753236333982580997,NEG
1753234470834970825,NEG
1753220074511450184,NEG
1753215774498369547,NEG
1753210752041693424,NEG
1753201432000446542,NEG
1753196911048188177,NEU
1753196405055774893,NEU
1753187317345333317,NEG
1753182981303214398,NEG
1753182943139205297,NEG
1753171521600647319,NEG
1753170157562667514,NEG
1753163813870825616,NEG
1753140178686718251,NEG
1753128178908803197,NEG
1753126225676042662,NEG
1753125510237069454,NEG
1753118656802718192,NEG
1753108750679060873,NEG
1753103534281891868,NEG
1753103357613596942,NEG
1753099915151208624,NEG
1753099133215535201,NEG
1753097517514764371,NEG
1752901561091600672,NEU
1753095728715501915,NEU
1753090122097045817,NEG
1753086256970441007,NEG
1753081010106093921,NEG
1753075164357754967,NEG
1753073767105069299,NEG
1753068945572340092,NEG
1753067072450650561,NEU
1753064770071306713,NEG
1753052102899748912,NEG
1753032439226577346,NEG
1755971267746758761,NEG
1755968038485058007,NEG
1755907187249906096,NEG
1755902313527398451,NEG
1755887263622299675,NEG
1755875597228650625,NEG
1755872608522760198,NEU
1755867222742851945,NEG
1755859517613514977,NEG
1755843008635810091,NEG
1755838599713444294,NEG
1755826751286997068,NEG
1755802676179140911,NEG
1755789156171571346,NEG
1755785514240622697,NEG
1755776311891517715,NEG
1755771984363847951,NEG
1755766785490432152,NEU
1755752080629702696,POS
1755740149424718118,NEU
1755735072198598767,NEG
1755723894940409994,NEU
1755717428640678376,NEG
1755716783443443974,NEG
1755701674574753909,NEG
1755674275787251719,NEG
1755668139008770075,NEG
1755658044225069382,NEG
1755654794344104240,NEG
1755654312477274281,NEG
1755636633871815003,NEG
1755633913278439923,NEG
1755627283883159867,NEU
1755626335232241908,NEG
1755593545430216804,NEG
1755567404527067423,NEG
1755566063452823816,NEG
1755564523719721313,POS
1755450647023915414,NEG
1755438367905366346,POS
1755431285529452852,NEG
1755425723202908386,NEG
1755405936544325669,NEG
1755394514368319695,NEG
1755393339308822959,NEG
1755353960615952702,NEU
1755345284576448556,NEG
1755332194149474553,NEG
1755325274269405223,NEU
1755322666448220281,NEG
1755315156022599965,NEG
1755279223957147782,NEU
1755270085994836407,NEG
1755269642518433972,NEG
1755263404237890004,NEU
1755263274566705310,NEG
1755258447799415067,NEG
1755254372215243161,NEG
1755253147411619916,NEG
1755248186472427596,NEG
1755234880034574542,NEG
1755233672192573773,NEU
1755218917214048425,NEG
1755208419227611410,NEU
1755198966742876170,NEG
1755190667930685651,POS
1755171944469606613,NEG
1755112652357923175,NEG
1755073540099871011,NEG
1755072970379214934,NEG
1755063545102746089,POS
1755060843996225781,NEG
1755052839137640857,NEG
1755038705947996327,NEG
1755023012779225345,NEU
1755016341734498433,NEG
1755011908426510692,NEG
1755000456118403187,NEG
1754993419074646425,NEG
1754991968982094276,NEG
1754988741045690486,NEG
1754968807364284842,NEG
1754853615548670021,NEG
1754948827629355373,NEG
1754942078377742420,NEG
1754933579761516992,NEG
1754933577421050136,NEG
1754920342844256634,NEU
1754920173130166765,NEG
1754918780029776327,NEG
1754918325828689970,NEG
1754914383963054441,NEG
1754913360989094331,NEG
1754894633845363099,NEG
1754893931286766034,NEG
1754698992443629982,NEG
1754892825705984512,NEG
1754892782194332051,NEG
1754891534044889254,NEG
1754891487555289257,NEG
1754860864656527624,NEG
1754857898780274785,NEG
1754854177119883286,NEG
1754852716197679356,NEG
1754833352199119339,NEG
1754829203210375384,NEG
1754820127642488855,NEG
1754764159411974181,NEG
1754729076525260812,NEG
1754715656304345476,NEG
1754711176846442865,NEU
1754710418356883635,NEG
1754710296407486813,NEU
1754707000850612694,NEG
1754703044418142401,NEG
1754700918941945940,NEG
1754700565999710235,NEG
1754699426612846744,NEG
1754699423211229462,NEG
1754696096683540624,NEG
1754695487565770777,NEG
1754693956942659886,NEG
1754690638593851748,NEG
1754690386163871767,NEG
1754687425081717239,NEG
1754685326855934286,NEG
1754684962362552710,NEG
1754680029324186021,NEG
1754679151489937705,NEG
1754674926529720502,NEG
1754674270540636345,NEG
1754669124527992850,NEG
1754667686234079301,NEG
1754662473733390765,NEG
1754661016972013780,NEG
1754657889547891079,NEG
1754655770472325213,NEG
1754653103255687195,NEG
1754651812445999168,NEG
1754649980285952376,NEG
1754637550013096411,NEG
1754633266827510200,NEU
1754632834055016746,NEG
1754631523427344525,NEG
1754631435770569160,NEU
1754630026819997978,NEG
1754629769176465835,NEG
1754624556810031588,NEG
1754622568777101706,NEG
1754621322825548076,NEG
1754620616294986083,NEG
1754620535319691489,NEG
1754620080686563764,NEG
1754615535742902409,NEU
1754615255517352202,NEG
1754609675033628845,NEU
1754605812637393152,NEG
1754605684958642199,NEG
1754602968345645412,NEG
1754598382616686802,NEG
1754596017008218308,NEG
1754594655956574481,NEG
1754591312236400820,NEG
1754590175471005792,NEG
1754586836012290385,NEG
1754584908872217085,NEU
1754567318892376225,NEG
1754560412920504697,NEG
1754220962294235497,NEG
1754554119564501070,NEG
1754553818350538903,NEG
1754550997588832716,NEG
1754548736770834532,NEG
1754546643968377316,NEG
1754539690282172767,NEG
1754538906727350608,NEU
1754538567211061424,NEG
1754538473225060568,NEG
1754538084639625256,NEG
1754535960459522211,NEG
1754533824195645584,NEG
1754530024965742614,NEG
1754524741283553409,NEG
1754523348816511352,NEG
1754523122991034489,NEG
1754515108628230491,NEG
1754507451741704305,NEG
1754507033720566072,NEG
1754502790888517895,NEU
1754499475773464873,NEG
1754496368003932380,NEG
1758161837189738992,NEG
1758151030926135336,NEG
1758144055853076655,NEG
1758139949415587942,NEG
1758136362111492244,NEG
1758092662123503896,NEG
1758091725719973962,NEG
1758088637642580362,POS
1757989991383216134,NEG
1757967680097619998,NEG
1757964222359626196,NEG
1757963239118303418,NEG
1757934635357532573,NEG
1757926075626115296,NEG
1757925789620736441,NEG
1757920381929935239,NEG
1757917210352427375,NEG
1757903793067302937,NEG
1757884698250858799,NEG
1757881594730221846,NEG
1757872716915298387,NEG
1757867030781300948,NEG
1757857309961687351,NEU
1757844752110673940,NEG
1757838575570133458,NEG
1757814911294460268,NEG
1757798840680292829,NEG
1757798521065857191,NEG
1757753935379530113,NEG
1757667951027642843,NEG
1757660332351168740,NEG
1757589577835934200,NEG
1757570618805911652,NEU
1757530446424948863,NEG
1757528985204838458,NEG
1757510062837211506,NEG
1757507829982724289,NEG
1757506756484178413,NEU
1757741962151547221,POS
1757456415403237884,NEG
1757255407746113536,NEU
1757455886807625728,NEG
1757440547726242242,NEG
1757406829900857539,NEG
1757394211245080731,NEG
1757389085331648921,NEG
1757373624120414587,NEG
1757251684911202386,NEG
1757241348523004359,NEG
1757237781208711255,NEU
1757214235925377261,NEG
1757188575597150692,NEG
1757182587796172902,NEU
1757171342544150960,NEG
1757157961040867411,NEG
1757152106455171540,NEU
1757133302924771728,NEU
1757115678060945790,NEU
1757099226771718311,NEG
1757094207519416565,NEG
1757086307547861104,NEG
1757074160172331190,NEU
1757067844435509261,NEU
1757046962883346862,NEU
1756977086542045243,NEG
1756964981784863169,NEU
1756951061779063279,NEG
1756943922901786973,NEG
1756938328094417274,NEG
1756903152283009119,NEG
1756885994731655243,NEU
1756871066717245452,NEG
1756855414577082817,NEG
1756841400287608872,NEG
1756840467700871668,NEG
1756823465825374400,NEU
1756817186474152221,NEU
1756789793948574127,NEG
1756789016375050570,NEG
1756775385222557777,NEG
1756752874812379560,NEG
1756750483539001837,NEU
1756721771804254392,NEG
1756712228022092234,NEG
1756706547877458364,NEG
1756702669085782235,NEG
1756668984378765687,NEG
1756621295263842443,NEU
1756591086246477873,NEU
1756313481521807565,NEG
1756553388739694695,NEG
1756549785962631350,NEG
1756538108999266317,NEG
1756512938309898383,NEG
1756479558977458280,NEG
1756478909137264874,NEG
1756466326929908094,NEU
1756432272071274556,NEG
1756415572525396065,NEG
1756413753921298698,NEG
1756409694665552077,POS
1756400247721365799,POS
1756392987662180746,NEG
1756390165004648455,NEG
1756356997178335295,NEG
1756356895521079410,NEG
1756355894730715390,NEG
1756350995292975501,NEG
1756344188126335263,NEG
1756341369025520097,NEG
1756332993138811168,NEU
1756329619504935024,NEG
1756328697697615972,NEG
1756199574421569679,NEU
1756199353230790985,NEU
1756198688261652516,NEU
1756144787936149969,NEG
1756119585386823782,NEU
1756101910191382920,NEU
1756100345522995319,NEG
1756092652590633291,NEG
1756083021520798019,NEG
1756078775006097562,NEU
1756051366865195268,NEG
1756048060436578492,NEG
1756027049272127519,NEG
1756011730373620079,NEG
1756009441659347383,NEG
1756006974523630055,NEG
1756000205919400259,NEG
1755997721742147803,NEG
1755984971238375432,NEG
1755973138897088744,NEG
1762176337211543593,NEU
1762137378745917711,NEG
1762136713223107011,NEG
1762126908710441047,NEG
1762121145799586076,NEG
1762099486422090019,NEU
1762098279288889628,NEG
1762095060097572970,NEG
1761961898658971892,NEG
1761950735267156291,NEG
1761920973572280673,NEG
1761917634566635924,NEU
1761916400048750659,NEG
1761903766519857362,NEG
1761900850581057542,NEU
1761898144374165708,NEG
1761879620725493985,NEG
1761860723779465457,NEG
1761858896808063027,NEG
1761836803311751252,NEG
1761830220733026502,NEG
1761662861070201074,NEG
1761822013750919656,NEG
1761820902990241845,NEG
1761808921495326984,NEG
1761805254834680016,NEG
1761796418795192635,NEG
1761795017142632803,NEG
1761789542695059768,NEU
1761786897636921739,NEG
1761784154163658996,NEG
1761779830847103119,NEG
1761778005544718537,POS
1761767646192648547,NEG
1761740929600250268,NEU
1761582908211335173,NEG
1761562481216901435,NEG
1761553885234082057,NEG
1761547499758563741,POS
1761541393980239991,NEG
1761530562114736278,NEG
1761522495721496928,NEG
1761507333958406184,NEG
1761502919730323504,NEG
1761494623438975078,NEG
1761489860131733635,NEG
1761489791529505084,NEG
1761462898985988367,NEG
1761461620994150541,NEG
1761444704699191462,NEG
1761437634948104402,NEG
1761436865519895033,NEG
1761410802387411163,NEG
1761410593041342746,NEG
1761407996700053788,NEG
1761404770865057999,POS
1761397887336862184,NEG
1761386357115564350,NEG
1761384680580845783,NEG
1761379178148970558,NEG
1761359647582073330,NEG
1761284092375523337,NEG
1761277148675936708,NEU
1761254687922061487,NEG
1761231422851792901,NEG
1761223736030626115,POS
1761220971803885989,NEG
1761212367533117892,NEG
1761208860646215897,NEG
1761200576086647135,NEU
1761200575260041488,NEG
1761193199094104199,NEG
1761182736243442159,NEU
1761180187415175266,NEG
1761170342800756807,NEG
1761152202305945986,NEU
1761147283805016351,NEG
1761139840878354936,NEG
1761137647022428577,NEG
1761134867453018279,NEU
1761134066080899412,NEG
1761117525121585460,NEG
1761106380683972633,NEG
1761098135344951729,NEG
1761029994493493433,NEG
1761019659736719673,NEG
1761013270092112323,NEG
1761010935680962943,NEU
1760992977252401544,NEG
1760976382807707827,NEG
1760921592958259325,NEG
1760893426948526268,NEG
1760890902229266827,NEG
1760888399173464400,NEG
1760882096292167878,NEG
1760872004817756227,NEG
1760870188914737198,NEG
1760863873769378284,NEU
1760856653878948237,NEG
1760855346296291839,NEG
1760853420481626561,NEG
1760852030094995876,NEG
1760851539042648248,NEG
1760849677862256862,NEG
1760846656327565811,NEG
1760645425797665185,NEG
1760842575085269436,NEU
1760834338076196986,NEG
1760810112472523062,NEG
1760800850266427680,NEG
1760799351369007345,NEU
1760795338221256955,NEG
1760781913806028947,NEG
1760776564751384668,NEU
1760770719477317705,NEG
1760756374588322224,NEG
1760725792810803370,NEG
1760725304035954747,NEG
1760718150876758195,NEG
1760706469215830420,NEG
1760700976288133144,NEG
1760691407520489960,NEG
1760691132244095223,NEU
1760689549192396962,NEG
1760685443346235605,NEG
1760661919122219335,NEG
1760655350598934540,NEG
1760646966508130513,NEG
1760635055632740786,NEG
1760634215241015331,NEG
1760609256158478337,NEG
1760530082664231094,NEG
1760520770080432552,NEG
1760520635774562585,NEG
1760515604883325259,NEG
1760504674115838315,NEG
1760499206291099653,NEG
1760483174314905899,NEG
1760481266648883634,NEG
1760480829627629676,NEG
1760467989239824790,NEG
1760463313375309856,NEG
1760460163914359052,NEG
1760445016634204179,NEG
1760438797752291562,NEG
1760423082257170941,NEG
1760401307666358513,NEU
1760399632788533451,NEU
1760397202361299054,NEG
1760390935337185648,NEG
1760389538969489575,NEG
1760385582688346538,NEG
1760365955161448772,NEU
1760364638267490619,NEG
1760344820059340835,NEG
1760329825405800783,NEU
1760329684749852726,NEG
1760285154646401456,NEG
1760274525260845373,NEG
1760270286618869996,NEG
1760269193373483173,NEU
1760267573579407445,POS
1760201514054738170,NEG
1760184699605877016,NEG
1760145016897302998,NEG
1760129911337951729,NEG
1760124734698607055,NEU
1760120056250257915,NEG
1760085917987946694,NEG
1760084075665109127,NEG
1760076128666943766,NEU
1760179623634354351,NEU
1760063265067991044,NEG
1760043266626445580,NEG
1760027688205742123,NEG
1759997625087209754,NEG
1759980901885243598,NEG
1759962488148210106,NEG
1759953596110471296,NEG
1759937802777563567,NEG
1759934413322768653,NEU
1759921753575260571,NEG
1759915355869176249,NEG
1759909926535610429,NEG
1759891533916975466,NEG
1759891107524030804,NEG
1759881904336081066,NEG
1759834956606406910,NEG
1759816609680544010,NEU
1759792370722169172,NEG
1759771595382358050,NEG
1759766156959789396,NEG
1759756224315224183,NEG
1759755828389634458,NEG
1759738477816557768,NEG
1759718855843143948,NEG
1759714060889637353,NEG
1759711377772445812,NEG
1759704302614884659,NEG
1759701036401385966,NEG
1759697222394872145,NEU
1759685789363900858,NEG
1759684281285083374,NEG
1759655637170950237,NEG
1759653802641158563,NEG
1759649651374879090,NEG
1759641375799181824,NEG
1759618307408146501,NEG
1759612209972355439,NEG
1759604928320778241,NEU
1759604134896972008,NEG
1759600190091092227,NEG
1759588180460785933,NEG
1759567260329341034,NEG
1759566688075264246,NEG
1759444600677138875,NEG
1759390817502863766,NEU
1759390813287489582,NEU
1759357504801189931,NEG
1759353656745611772,NEG
1759337412952486232,POS
1759309864654750067,NEG
1759276739929215269,NEG
1759275735024308632,NEG
1759265465816207764,NEG
1759237120630174147,NEU
1759234189549863094,NEG
1759223961806660018,NEG
1759222741759144224,NEG
1759218680229954027,NEG
1759192796764745939,NEG
1759163337357627760,NEG
1759152662275076477,NEU
1759108683500253423,NEG
1759105088205803721,NEG
1759054706976903516,POS
1759046528272851421,NEG
1759042451182886967,NEG
1759038554477379995,NEG
1759033628472860965,NEG
1759031163757195439,NEU
1759031051844727008,NEG
1759027625433923963,POS
1759017680852426997,NEG
1759003241977614514,NEG
1759002607148995054,NEG
1758985331339100634,NEG
1758979213577580578,NEG
1758976678427087318,NEG
1758973832667275512,POS
1758973519960965311,NEG
1758967648618959010,NEG
1758967470033952962,NEG
1758964641487577304,NEG
1758963533880926402,NEG
1758953488585760806,NEG
1758945161411735793,NEU
1758895358803878395,NEG
1758886411061563584,POS
1758883213827531202,NEG
1758833244198297966,NEU
1758669257276334579,POS
1758609439098036232,NEG
1758291996232524029,NEG
1763269242873405550,NEG
1763263415600996492,NEG
1763258241658569150,NEG
1763250359533724113,NEU
1763232714042282351,NEG
1763232694320742461,NEG
1763223725061644431,NEG
1763223705033879999,NEG
1763206432663523820,NEG
1763200924032352371,NEG
1763166518324392446,NEG
1763162491540938890,NEG
1763000049947000939,NEU
1763160975945900107,NEG
1763151878219604316,NEG
1763150784751899103,NEG
1763147848122548224,NEG
1763130904585584862,NEG
1763070976760172820,NEG
1763065318451118517,NEG
1763063555249545290,NEG
1763045260865773639,NEG
1763033270453698820,NEG
1763030998311199133,NEG
1763022560579473689,NEU
1763019554844725412,NEG
1763005404282327411,NEG
1762996483652034699,NEU
1762993395021025587,NEG
1762985206732992761,NEG
1762969994235646439,NEG
1762969728518078970,NEG
1762965902452981980,POS
1762962515871346931,NEG
1762957830724731282,NEG
1762935968997183946,NEG
1762928054945395026,NEU
1762927252092653661,NEU
1762914623819260031,NEU
1762912874584752254,NEG
1762907566835749363,NEG
1762885009914876104,NEG
1762884758348927479,NEU
1762880994690924791,NEG
1762871301675352097,NEG
1762866152903266427,NEG
1762863710643552611,NEG
1762861341537091657,NEG
1762860009992421858,NEG
1762858855367594092,NEG
1762858004599173221,NEG
1762857376485376487,NEG
1762845630513263062,NEG
1762841786433564683,NEG
1762839335924121676,NEG
1762812944943841666,NEG
1762812329228447918,NEG
1762746922824024554,NEG
1762740006207029310,NEG
1762683913841815897,NEG
1762680534046589181,NEG
1762669349481886145,NEG
1762648057772962103,NEG
1762626398131253477,NEG
1762622506664333635,NEG
1762612789498065250,NEG
1762603702391591018,NEG
1762589768292962544,NEG
1762585129493442607,NEG
1762583938885620199,NEU
1762583561624838508,NEG
1762582816863182982,NEG
1762582700676755698,NEG
1762582597098451245,NEG
1762582037368611066,NEG
1762577474255294623,NEG
1762576042676404271,NEG
1762572993140584593,NEG
1762569904035643408,NEG
1762567260961436159,NEG
1762566840469839932,NEG
1762554757250486448,NEG
1762527861053825198,NEG
1762521874498535705,NEG
1762518706175836245,NEG
1762514614456082508,NEG
1762509090415091762,NEG
1762495828919484629,NEG
1762495805280391509,NEU
1762478519920037932,NEG
1762477268142592220,NEG
1762471079791013900,NEG
1762425048818688020,NEG
1762353390464512383,NEG
1762315949334544741,NEG
1762306878208352257,NEG
1762286023873011784,NEU
1762278979585630718,NEG
1762273193648161056,NEG
1762267629723480275,NEG
1762264494900727856,NEG
1762263985078841642,NEG
1762261967224336872,NEG
1762260539105833361,NEG
1762258607804944879,NEG
1762258120368132258,NEG
1762256793139323026,POS
1762220366217298329,NEG
1762182090873794923,NEG
1762182069214400946,NEG
1765010548331098437,NEG
1764994304093679984,NEG
1764991565548724673,NEG
1764990672812036399,NEG
1764989152322330878,NEG
1764989076485062930,NEG
1764976826563080278,NEG
1764975342949736687,NEG
1764969641401540997,NEU
1764949250020868181,NEG
1764794248396775909,NEU
1764948865843957765,NEG
1764852618755481644,NEG
1764845451818197466,NEG
1764839759753421129,NEG
1764835649981399185,NEU
1764830297894383974,NEG
1764827772872983034,NEG
1764827101910143271,NEG
1764808685732118943,NEG
1764808314498453936,NEG
1764806816460923368,NEG
1764801125251698705,NEG
1764798986261606858,NEU
1764787666871013420,NEU
1764786415395545466,NEU
1764786192699027640,NEU
1764774705095909450,NEG
1764774353227391063,NEG
1764772693881028863,NEG
1764772308432851324,NEG
1764772219794669746,NEG
1764761505847738600,NEU
1764758419452350574,NEG
1764756529083793885,NEG
1764750372483092938,NEG
1764746886051766379,NEU
1764739251273404675,NEU
1764730619915886964,NEG
1764730616673698018,NEU
1764730273025978675,NEG
1764729450921410925,NEG
1764721577650749504,NEG
1764708300703023511,NEG
1764705629229224314,NEG
1764702883784634805,NEG
1764695247857013001,NEG
1764688623746596902,NEG
1764685137269215401,NEU
1764682047849648134,NEU
1764681206124204401,NEG
1764680273008980279,NEG
1764676587364991416,NEG
1764674609071206782,NEU
1764673859867865181,NEU
1764670995363660257,NEG
1764670993031667793,NEG
1764670990213124473,NEU
1764669877023863108,NEG
1764669322788585489,NEU
1764666105912516753,NEU
1764661063394398538,NEU
1764660270700355971,NEG
1764660085928652886,NEG
1764659498822570122,NEG
1764657046241116488,NEG
1764656224912482451,NEU
1764652839299625082,NEU
1764652282933584267,NEU
1764641992896614868,NEU
1764639048851771552,NEU
1764638814570414290,NEG
1764637114405110096,NEG
1764637112861688088,NEG
1764631349653119111,NEG
1764629864517075038,NEU
1764629173354598564,NEU
1764629061999960501,NEG
1764628966604673453,NEG
1764624672862130670,NEU
1764622409271783541,NEU
1764622392486228410,NEG
1764620197892079756,NEG
1764615554290028971,NEU
1764609734441619839,POS
1764605818144423982,NEU
1764543342342184976,NEG
1764533700182655441,POS
1764522001610236384,NEG
1764507078238797841,NEG
1764487181244973185,NEU
1764486170644553992,NEG
1764468694392901973,NEU
1764441447661486552,NEG
1764465904367157668,NEG
1764456405220606377,NEU
1764451971992273045,NEG
1764444771806806443,NEU
1764439288064745941,NEG
1764425526792630542,NEG
1764423396874440719,NEG
1764404110743265710,NEG
1764394371326062919,NEG
1764393015588602053,NEG
1764390270563479990,NEG
1764386599566000234,NEU
1764371150103101906,NEG
1764370819763863807,POS
1764354846168158554,NEU
1764352876032209164,NEU
1764351675953828346,NEU
1764350075008893033,NEG
1764347300841652558,NEG
1764325316430884913,NEG
1764320769826341193,NEG
1764300160559988896,NEG
1764294737027076371,NEG
1764278248261701912,NEG
1764275626683339161,NEG
1764264831744344209,NEG
1764223656043929681,NEG
1764103127286923323,NEG
1764098189475365304,NEG
1764098115148145005,NEU
1764096686941745214,NEG
1764069520899973515,NEG
1764055943237533763,NEG
1764055721451171950,NEG
1764055720331182220,NEG
1764016971014689053,NEG
1764010581361570210,NEU
1763991005353656418,NEG
1763977243917685111,NEU
1763971439365927335,NEG
1763971184717086869,NEG
1763970767190896946,NEG
1763970587385323796,NEG
1763961418074722428,NEG
1763956015043649861,NEU
1763955631340310575,NEG
1763953331297292493,NEG
1763952015284023670,NEG
1763935073894563945,NEG
1763913729106649289,NEU
1763912137758662782,NEG
1763901200737464468,NEG
1763898075762811068,NEG
1763894959009046841,NEU
1763894136048906600,NEG
1763779522451718519,NEU
1763771306003018017,NEG
1763770519667482815,NEG
1763767871014846893,NEG
1763766674551972080,NEU
1763759726301434080,NEG
1763755163871801646,NEG
1763753623157141665,POS
1763752660224651363,NEG
1763747916043124844,NEG
1763745381890891905,NEG
1763731867335868681,NEG
1763725744520220875,NEU
1763720841433428107,NEG
1763719498266255852,NEU
1763719438262513952,NEG
1763718011297423518,NEU
1763717463827443891,NEU
1763712574162346323,NEG
1763710695013572766,NEG
1763704611129487654,NEU
1763693197727814125,NEG
1763691394739139010,NEG
1763686359917613375,NEG
1763684432014151945,POS
1763681684526862582,NEG
1763676225363472586,NEU
1763660968997822509,NEU
1763649549799674065,NEG
1763649026690351314,NEU
1763647444481442082,NEG
1763640353247068429,NEG
1763637606745550948,NEG
1763634382949011839,NEG
1763631381576356293,NEG
1763627618316804239,NEG
1763621531056271625,NEU
1763620427027415501,NEG
1763618127877726414,NEG
1763616662773784998,NEU
1763616530271441151,NEG
1763608141407674553,NEG
1763596044380565741,NEU
1763594007412605284,NEG
1763585634784956462,NEG
1763564232912617774,NEG
1763556655592010119,POS
1763547511124361636,NEU
1763544198249111846,NEG
1763538113945616458,NEG
1763534034997543225,NEG
1763523276448424344,NEG
1763519962801446978,NEU
1763468880192704693,POS
1763468002152861766,NEG
1763459651968897071,NEG
1763418649669369879,NEG
1763390817606001135,NEG
1763390523841151035,NEG
1763386276357545993,NEG
1763377431262511133,NEG
1763375249058365919,POS
1763368697840693421,NEG
1763367890458173695,NEU
1763364316818890816,NEG
1763348040453095579,NEG
1763344536468660627,NEG
1763343206198956173,NEG
1763318635941052552,NEU
1763315744127762765,NEG
1763314622365393229,NEG
1763312692918374752,NEG
1763304567532384658,NEG
1763292612239258034,NEG
1763283196584890841,NEU
1767145250256990448,NEU
1767052089996247426,NEG
1767019241159508233,NEG
1767016317284913416,NEU
1767007059382239575,NEG
1767004823595917406,NEU
1767001535962103994,NEG
1766999340294291514,NEG
1766992056310727109,NEG
1766985263891271866,NEG
1766973159754924136,NEG
1766956015486898630,NEG
1766950573528563940,NEG
1766927799552471195,NEU
1766924541241012705,NEG
1766922346672099461,NEG
1766915096213660046,NEG
1766914761004884406,NEG
1766914604184027357,NEG
1766908623228199364,NEG
1766904810698134013,NEG
1766889089783972185,NEG
1766880477627974055,NEG
1766847665365557506,NEG
1766830313118867758,NEG
1766823652916355218,NEG
1766821800971837584,NEG
1766813520144781714,NEG
1766787133849608615,NEG
1766756059694166025,NEG
1766725007193891307,NEU
1766724989443584238,NEG
1766720812633993289,NEG
1766656440649879614,NEG
1766652982198747412,NEG
1766635343913058644,NEU
1766632234637836643,NEG
1766629811257028858,NEG
1766615362525860157,NEG
1766606814676676811,NEG
1766606680928747767,NEG
1766596419710836863,NEU
1766585861053759604,NEG
1766584022384115998,NEU
1766579843288735804,NEU
1766555739663769856,NEG
1766550031572570124,NEG
1766549314686374214,NEG
1766532701362754047,NEG
1766521999101161561,NEG
1766521404327907672,NEG
1766511253810286765,NEG
1766507752837255355,NEG
1766499202408886281,NEG
1766495251689046454,NEG
1766482940777668655,NEG
1766448766641426669,NEG
1766446998834602379,NEG
1766321705234940085,NEG
1766298506954732005,NEG
1766287564783177838,NEG
1766282052578476164,NEG
1766272428571857348,NEU
1766269830489837834,NEG
1766269272714510574,NEG
1766246356983632119,POS
1766245525093773342,NEU
1766227004544720936,NEG
1766217741273330142,NEG
1766217431016518078,NEU
1766217374200471879,NEU
1766213258422153290,NEG
1766209834632761684,NEG
1766203916356579618,NEU
1766180529957695845,NEG
1766172777604636882,NEG
1766166201724498364,NEG
1766149606813954533,NEG
1766149151513813050,NEG
1766140652373356719,NEG
1766130980773863692,NEG
1766099625256059379,NEG
1766094843720212533,NEG
1766087585498009964,NEU
1766082441716932786,NEG
1766056826850680931,NEG
1766054545040257269,NEG
1766014659067289617,NEG
1765939133652861383,NEG
1765932152229626179,NEG
1765911924321997203,NEG
1765911637569962270,NEG
1765905925620052249,NEG
1765900414661083381,NEG
1765876637411774713,POS
1765863403774509127,NEG
1765852879338803274,NEU
1765846626600387004,NEG
1765842367548915716,NEG
1765835994073628811,NEU
1765823703018090712,NEU
1765814278374805761,NEG
1765770355233223075,NEG
1765750446470173045,NEU
1765736743678959779,NEG
1765734753381048344,NEG
1765727890740519115,NEG
1765725864686219605,NEG
1765716705286709320,NEG
1765691554369347961,NEG
1765683599271932004,NEG
1765566900853989685,NEG
1765562382569349354,NEG
1765536763060105428,NEG
1765520382583271587,NEG
1765513018207502651,NEG
1765499523986571282,NEG
1765493247902708001,NEG
1765484522752074210,NEU
1765410194148712722,NEG
1765470985241665856,NEG
1765463566914597128,NEG
1765463006152982616,NEU
1765438685707661800,NEG
1765438477489828262,NEG
1765428728140542184,NEG
1765426620179820889,NEU
1765426566039769096,NEU
1765416163066933444,POS
1765387364354973836,NEG
1765344351285039348,NEG
1765298904432513419,NEG
1765228756723990592,NEU
1765212474679144521,NEG
1765203622206255588,NEG
1765193046855954807,NEG
1765185681423253772,NEG
1765185258549338388,NEG
1765183883992064280,NEG
1765171061287444551,NEG
1765164738172842273,NEG
1765161977477791805,POS
1765157234604994812,NEU
1765148559853162853,NEG
1765146154080104823,NEU
1765141960266805681,NEG
1765141008910561689,NEG
1765139426978460160,NEG
1765138755210428763,NEU
1765137582210298351,NEG
1765120554485649660,NEG
1765119767084417065,NEU
1765118223194718290,NEG
1765089219670597777,NEG
1765062614777057371,NEG
1765057583310889139,NEG
1765056192387375145,NEG
1765053763403010376,NEG
1765045788005081287,NEG
1765042818106449969,NEG
1765032240549912743,NEG
1765030292861948404,NEU
1765029473819197692,NEG
1770130358060638220,NEG
1770122951385354446,NEG
1770111187209900487,NEG
1770104220953284713,NEG
1770085149486551352,POS
1770056180628369600,NEG
1770040729231859866,NEG
1769966648893583543,NEG
1769924620902072813,NEG
1769916497424478634,NEG
1769906357245706394,NEG
1769876260644143577,NEG
1769873184864493660,NEU
1769872718135017790,NEG
1769872655694299586,NEG
1769872260066574492,NEG
1769870748993139184,NEG
1769869377241838044,NEG
1769869203987652707,NEG
1769868430675517560,NEG
1769868137044873616,NEG
1769860419907195350,NEU
1769858588128792702,NEG
1769856318817349959,NEG
1769842759538495860,NEU
1769841835315188086,NEG
1769828080690848015,NEU
1769809814165573637,NEG
1769806684820578460,NEG
1769796026938847274,NEG
1769791176607977829,NEG
1769789982728753177,NEG
1769784121490813190,NEG
1769530286256033928,NEG
1769774041458516430,NEG
1769773493514621312,NEG
1769772096609996975,NEG
1769771614214742198,NEG
1769763034879123613,NEG
1769746249744547991,NEG
1769745735233290727,NEG
1769745429367751129,NEG
1769742123115356364,NEG
1769730762918531325,NEU
1769712279665226239,NEG
1769709888987435349,NEG
1769706618185293880,NEG
1769699377067487701,NEG
1769668347581419853,NEG
1769638348740608317,NEG
1769580662732832970,NEG
1769578060007854441,NEU
1769566847865676039,NEU
1769564523466219697,NEG
1769556718000701805,NEG
1769546885264535892,NEG
1769535698762166308,NEG
1769529277807005706,NEG
1769526620245709192,NEG
1769528950496038938,NEG
1769518369940648411,NEG
1769512908260569262,NEG
1769511981843706146,NEG
1769500306402914548,NEG
1769491095572939057,NEG
1769489645069377900,NEG
1769459085059989587,NEG
1769448006850343027,NEG
1769446902729216058,NEG
1769431261536276854,NEU
1769420924044857591,NEG
1769414942396981603,NEG
1769412609478914072,POS
1769087021589393544,NEG
1769406942529605954,NEG
1769400592466595908,NEU
1769357415160394079,NEG
1769320207070249209,NEG
1769227811464581412,NEG
1769186262441660703,NEG
1769184066954268745,NEU
1769173569123016893,NEU
1769170509944504564,NEG
1769158221078380602,NEU
1769155126332096873,NEG
1769153652139217014,NEU
1769112619342790862,NEG
1769111214225785111,NEG
1769106709350416615,NEG
1769075446149251347,POS
1769067743133741153,NEG
1769063416872734869,NEU
1769016701822095410,NEG
1769010734045024503,NEU
1769010445388521932,NEG
1769009264276684924,POS
1769008662192758832,NEU
1768994253709930672,NEG
1768986467722731886,NEG
1768940387232534876,NEG
1768933549522968840,NEG
1768866723409588719,NEG
1768859275999220222,NEG
1768650979732320651,NEG
1768850707824648215,NEG
1768835177529200806,POS
1768819192709480448,NEG
1768817149202583559,NEG
1768805031879274843,NEU
1768803655145152626,NEG
1768789278715187699,NEU
1768771454185640095,NEG
1768763734275629389,NEG
1768755797872324672,POS
1768751133600747719,NEU
1768746528204546251,NEG
1768744609239232750,NEG
1768743262867623940,NEU
1768742732208521500,NEG
1768739852479004938,NEG
1768736604191895649,NEG
1768736130600476717,NEG
1768736035012288910,NEG
1768735240451698717,NEG
1768722944480407618,NEG
1768700622310690889,NEG
1768697222386835605,NEG
1768695129559138513,NEG
1768683206021124475,NEG
1768676881220382802,NEU
1768671552411680849,NEU
1768637204010594519,NEG
1768634013923586559,NEG
1768591259717849134,NEG
1768582236146749859,NEG
1768469798227148906,NEU
1768468983898837356,NEG
1768464108108619894,NEG
1768463513175896458,NEG
1768456082374934615,NEG
1768436474196713639,POS
1768416348193870153,NEG
1768405681227330020,NEG
1768395049128042710,NEG
1768393744280178949,NEG
1768391180151050678,NEG
1768378607146037347,NEG
1768375072178217204,NEU
1768370412650385653,NEG
1768361150599602685,NEG
1768354087219744828,NEG
1768349972599083138,NEG
1768341243090653534,NEG
1768334487849435278,NEU
1768312827121447259,NEG
1768291548205125907,NEG
1768272369477451870,NEU
1768244852087517587,NEG
1768012840361726199,POS
1768146822881546399,NEU
1768141821576626394,NEG
1768124862080360959,NEG
1768117586930049507,NEU
1768113349597003905,NEG
1768109445752479945,NEG
1768106088241524897,NEU
1768084403190665302,NEG
1768074669167456561,NEU
1768050790793417022,NEG
1768042729454379203,NEG
1768029716450005493,NEG
1768025039000027382,NEU
1768021550635118859,NEG
1768014026410250644,NEU
1767990075130810606,NEG
1767983592137724073,NEG
1767978843610976504,NEG
1767977294633570711,NEG
1767967437427773810,NEU
1767963562566119835,NEG
1767955904085791200,NEG
1767948732488937848,NEG
1767941493275181453,NEG
1767902934266675652,NEG
1767896067016700285,NEG
1767894038739288348,NEG
1767891862797295767,NEG
1767883488693190934,NEG
1767880986090500511,NEG
1767786217641259074,NEG
1767766721157361698,NEG
1767765560782172422,NEU
1767758789237727689,NEG
1767753517630988632,NEG
1767749988107399393,NEG
1767745530677821635,NEG
1767745163105804718,NEG
1767743408469115388,NEG
1767730805147599215,NEG
1767719942156124624,NEG
1767701311917564302,NEG
1767697726836236455,NEG
1767690786622394531,NEU
1767687799489085790,NEG
1767683794197241947,POS
1767670375851188379,NEG
1767653174607773808,NEG
1767635790144647241,NEG
1767628994344562993,NEU
1767626468916441180,NEG
1767625255869190559,NEG
1767608505316376883,POS
1767591493290893688,NEG
1767586601452900847,NEG
1767586311299375535,POS
1767580341441823222,NEU
1767569423815135559,NEG
1767548320740708652,NEU
1767531829681074572,NEG
1767530719864103143,NEG
1767527568381517888,NEG
1767516549408010268,NEG
1767423753460363480,NEG
1767401407676596569,NEG
1767400216154538346,NEG
1767398477695222187,NEG
1767394155125187001,NEG
1767387091288138194,NEU
1767385314765529449,NEG
1767381696821764424,NEG
1767373664498950282,NEG
1767362530270146741,NEG
1767361586774102292,NEG
1767357298664480973,NEU
1767353981112610909,NEG
1767351375392907683,NEG
1767345672582258742,NEU
1767343745031160086,NEG
1767340617758114223,NEG
1767316979797381406,NEG
1767314997539991607,NEU
1767304578465243482,NEG
1767300630580781223,NEU
1767290842664812826,NEG
1767284120046948821,NEG
1767268759826252064,NEG
1767267454231752726,NEG
1767251118935908650,NEU
1767248521126654112,NEG
1767247200424247338,NEG
1767236698969108868,NEG
1767235869117702382,NEG
1767226750142959969,NEU
1767226504738435486,NEG
1767226136520487119,NEG
1767225722723037212,NEG
1767218852780245257,NEU
1767215947696255324,NEG
1767192819385430527,NEG
1767186832876257366,NEG
1767184136052023355,NEG
1767007983827906935,NEG
1767173714817265794,NEG
1767172339957948685,NEG
1767171524455264583,NEG
1767168682185077147,NEG
1772609951917088775,NEU
1772608916263706772,NEU
1772601470405300612,NEG
1772594563250540639,NEU
1772522992465006827,NEG
1772476467793838262,NEG
1772449222693916931,NEU
1772448286936351006,NEG
1772438286583144785,NEG
1772435223466090805,NEG
1772422022485717154,NEU
1772421568653644218,NEG
1772412738569978169,NEG
1772399144868475287,NEG
1772397792201220455,NEG
1772391598531268992,NEG
1772357859373617631,NEG
1772320728668418322,NEG
1772291115359584398,POS
1772261891403849803,NEU
1772246271186608513,NEG
1772206666307576303,NEG
1772198564514414817,NEG
1772138917078192138,NEG
1772128593574867188,NEG
1772098371181789629,NEG
1772090359440437549,NEG
1772068087476441091,NEG
1772065288516690115,NEG
1772054266489770322,NEG
1772052281673798061,NEG
1772051806916350341,NEG
1772035242116763838,NEG
1772011700209721830,NEG
1772009222290444433,NEG
1772001171961483348,NEG
1771968854744351190,NEG
1771966695940260164,NEG
1771965486231671061,NEG
1771928573206581632,NEG
1771927168165056629,NEG
1771908441532969213,NEG
1771897856808665521,NEG
1771895881601585406,NEG
1771870383479705768,NEG
1771836052723941639,NEG
1771808746240417990,NEG
1771796387442704530,NEG
1771763844223771047,NEG
1771719824617484546,NEG
1771690122309759303,NEG
1771667336677695995,NEG
1771661890789183779,NEU
1771637530087092576,NEG
1771634311805944159,NEG
1771633424542945732,NEG
1771614669360234894,NEU
1771597118500721084,NEG
1771576315897917465,NEG
1771572183287906768,NEU
1771532692883968486,NEG
1771530079765500411,NEG
1771526987787423860,NEG
1771441944691953953,NEG
1771361524168183862,NEG
1771283878835065203,NEG
1771262964005245083,NEG
1771249849674961143,NEG
1771234677254176928,NEG
1771232897783017923,NEG
1771228311009558988,NEG
1771226424050852190,NEG
1771216753982427497,NEU
1770960078302064774,NEG
1771204902615736371,NEG
1771197642887848305,NEG
1771196428158738433,NEG
1771195757934051706,NEG
1771187706610995250,NEG
1771184129293353196,NEG
1771176370061643873,NEG
1771169076775092430,NEG
1771021573584986501,NEG
1771012583526396281,NEG
1770967584386507117,NEG
1770961615690600847,NEG
1770958647582957994,NEU
1770934708114784538,POS
1770916484895666279,NEG
1770912936183140483,NEU
1770895706712117578,NEU
1770858415323009218,NEG
1770817045916983456,NEU
1770844180215943512,NEG
1770821915726295071,NEG
1770801290018201981,NEG
1770786845200109581,NEG
1770963794841186350,NEG
1770777542330380628,NEU
1770683610082771072,NEG
1770658943045628090,NEG
1770647747084923155,NEG
1770639823792955622,NEG
1770636194532954207,NEG
1770628840462663863,NEG
1770610934844662252,NEG
1770543275943821588,NEG
1770522910576222522,NEG
1770490557237797082,NEU
1770487374725648439,NEU
1770478125966582057,NEG
1770473851526218151,NEG
1770460250044285321,NEG
1770455833182171470,NEG
1770453087485931635,NEG
1770441881186369768,NEU
1770437893216989586,NEG
1770437507089314153,NEG
1770342456392818761,NEU
1770289148085047648,NEG
1770281664159121558,NEG
1770271630054322595,NEU
1770270542941114783,NEG
1770238120635617364,NEG
1770232808172130639,NEG
1770202951665008645,NEG
1770201037573337198,NEG
1770176175827988589,NEG
1770158579846123909,NEG
1770156336795222379,NEG
1770144862903410795,NEG
1770142418714734746,NEG
1775515223681630693,NEG
1775486496448946684,NEG
1775464179421368759,NEG
1775462719300206789,NEU
1775461158876537237,NEG
1775460962214043715,NEG
1775350456643977503,NEG
1775342349196894501,NEG
1775314008586776760,NEG
1775308402329100359,NEG
1775307656162361426,NEG
1775303670302740706,NEG
1775292494395195658,NEG
1775291657547624489,NEG
1775291054729691537,NEG
1775277870191137224,NEG
1775272310989332713,NEG
1775262435248849224,NEG
1775261979311235237,NEG
1775238723199738279,NEG
1775232105284358499,NEG
1775228054152859869,NEG
1775206279121662003,NEG
1775206021985681613,NEU
1775205607273853009,NEG
1775202340892520834,NEU
1775202096674976075,NEG
1775199233148117302,NEG
1775196358779056270,NEU
1775192243189506409,NEG
1775188868788085039,NEG
1775181355099287689,NEG
1775180167130009992,NEG
1775170846237090009,NEG
1775169256398684310,NEG
1775166324831883318,NEG
1775162205744320891,NEG
1775044420263354856,NEG
1775035461599150132,NEG
1775007534790623707,NEG
1775003717147693293,NEG
1775000573009346814,NEG
1774999213807374522,NEG
1774994823994315158,NEG
1774989996476321806,NEG
1774988850474909730,NEG
1775022077709254804,NEU
1774986807425314853,NEG
1774983344356221196,NEG
1774980662400847978,NEG
1774979882541273142,NEG
1774978409761751389,NEG
1774958873608065348,NEG
1774919880786972907,NEG
1774958646830551075,NEG
1774957393421521324,NEG
1774949983172559302,NEG
1774884077918728313,NEU
1774944064086921372,NEG
1774939487455568186,NEG
1774937807091327483,NEG
1774936727771078797,NEG
1774935815057035771,NEG
1774935292425785515,NEG
1774934633827766557,NEG
1774931581494268036,NEG
1774931004270018716,NEG
1774929481880191356,NEG
1774926736184025098,NEG
1774925282446651577,NEG
1774924961469067720,NEG
1774924701317398931,NEG
1774919555825168450,NEG
1774915450767393036,NEG
1774915338850754603,NEG
1774906742993813608,NEG
1774903026139922464,NEG
1774900855667404907,NEG
1774900195039281554,NEG
1774898419942776869,NEU
1774893293836345723,NEG
1774889789310881914,POS
1774887854864212190,NEG
1774880593827782947,NEG
1774868571933303231,NEU
1774863298036453862,POS
1774817294658494569,NEG
1774858842490257776,NEG
1774857766147911879,NEG
1774855381430272383,NEG
1774834964963479854,NEG
1774834407137829112,NEG
1774821346314223836,NEG
1774817327709622288,NEG
1774816658294497707,NEU
1774807541299433566,NEG
1774848900861440031,NEU
1774806362297418105,NEG
1774805371107807722,NEG
1774764433195036809,NEU
1774734846205493447,NEG
1774671715521438069,NEG
1774664677617770676,NEU
1774658713715937737,NEG
1774651513752732145,NEG
1774644975080247770,NEG
1774641018765246940,NEU
1774639818305135019,NEG
1774638290248847387,NEG
1774630442605437365,NEU
1774627663329497306,NEG
1774618702190624863,NEG
1774614782538047802,NEG
1774582975809593515,NEU
1774575413232103816,NEG
1774570054601805932,NEG
1774556178812403844,NEG
1774541112469848103,NEG
1774536382750290241,NEG
1774535771883495740,NEG
1774533392115151061,NEG
1774527879050658268,NEG
1774527397812998631,NEG
1774516509261419007,NEG
1774496654265065937,NEG
1774485178238291974,NEG
1774071300790599814,NEG
1774462361690059185,NEG
1774457584746938793,NEG
1774448724720148556,NEG
1774447237847732628,NEG
1774421795199668230,NEG
1774419180311204252,NEG
1774415501919227985,NEG
1774393576119488588,NEG
1774384914961404138,NEG
1774326271813750860,NEG
1774300639092154385,NEG
1774271708532232364,NEU
1774271276732895741,NEG
1774260291678740982,NEG
1774254448807727492,NEG
1774251899715289167,NEG
1774245129475248629,NEU
1774244989771403355,NEG
1774244174809764300,NEU
1774243268458402131,NEG
1774242825057579477,NEG
1774237784967897481,NEG
1774237548165882188,POS
1774232573541036462,NEU
1774231496259252688,NEG
1774227371173794031,NEU
1774226471155831069,NEU
1774225791678660987,NEG
1774222710429622647,NEU
1774213999959199963,NEG
1774209999180370323,NEG
1774209064597131327,NEG
1774192810414977049,NEU
1774186274506592682,NEG
1774178552302191077,NEG
1774175486802882968,NEG
1774174867853631796,NEU
1774171534728351791,NEG
1774171203306914151,NEG
1774171164241228100,POS
1774165512282317043,NEG
1774163894803550351,NEG
1774163865841885545,NEU
1774163312655147497,NEG
1774162355246489824,NEG
1774159319417672018,NEG
1774156320414781633,NEG
1774144683217748398,NEG
1774142369417335245,NEG
1774139850083447038,NEG
1774138844650074345,POS
1774138384937619888,NEG
1774135755910103361,NEG
1774132014880293061,NEG
1774124975634444537,NEG
1774124632339079269,NEG
1774120861483614265,NEG
1774120040100458720,NEU
1774118875023462711,NEG
1774117503758672028,NEG
1774117421403492446,NEG
1774116099971269077,NEG
1774110068729933861,NEG
1774109996290076700,NEG
1774104322000695395,NEG
1774096714909016071,NEG
1774096539838808259,NEU
1774092488514424968,NEG
1774090389928005751,NEG
1774079841341501534,NEG
1774058972636483966,NEG
1773932026510401551,NEG
1773890665379729731,NEG
1773885082094162403,NEG
1773883072380874766,NEG
1773882050799694214,NEG
1773869013283529056,POS
1773868648442024144,NEG
1773865648247984518,NEG
1773865357524062322,NEG
1773862790245085272,NEG
1773859346918560223,NEU
1773807451420115420,NEU
1773798809300074776,NEG
1773739698252288385,NEG
1773725720704958745,NEG
1773720238799913181,NEG
1773717952384118993,POS
1773707413490643252,NEG
1773686616436990019,POS
1773565117772308509,NEG
1773543200872960462,NEU
1773541373913767973,NEU
1773532500343525499,NEG
1773530571215347737,NEG
1773527024704925770,POS
1773523152900854028,POS
1773509309885772039,NEG
1773508742673281471,NEG
1773504406291468698,NEG
1773502259373994286,NEG
1773478527913894202,NEU
1773461431112872379,NEG
1773457433383342168,NEG
1773453416091492556,NEG
1773405486475350381,NEG
1773404686164332829,NEU
1773402209771831762,NEG
1773401440272150607,NEG
1773375206725201999,NEU
1773366803818852647,NEG
1773349943387853202,NEG
1773345912355500532,NEG
1773343788934578358,NEG
1773341662250492345,NEG
1773317874653814903,NEG
1773242446412980245,NEU
1773235274585096548,NEG
1773227292426207632,NEG
1773204573626282204,NEG
1773174792666898514,NEG
1773170275594486105,NEG
1773167704188326062,NEG
1773151785735114918,NEG
1773150219191898453,NEU
1773147605012213934,NEG
1773143723771113955,NEG
1773141818420416608,NEG
1773131209268199846,POS
1773125441924059364,NEG
1773115967481991225,POS
1773111060150489552,NEG
1773109124298870861,NEG
1773089057892933922,NEU
1773088392592433406,POS
1773086828792369508,NEU
1773076736734863421,NEG
1773030626209218845,NEG
1773024832591929588,NEG
1773022186082603264,NEG
1773019689897082991,NEG
1773017483135398328,NEG
1773017232542437825,NEU
1773015438290489837,NEG
1773009518198145454,NEG
1772995392939921421,NEG
1772993501426266233,NEG
1772992936759738797,NEG
1772979806486823020,NEG
1772974417900916959,NEG
1772969292130140575,NEG
1772953016867447141,NEG
1772940393077989790,NEU
1772858911164362976,NEG
1772856698639704299,NEG
1772844972888502406,NEG
1772840281450143805,NEG
1772839051290157430,NEG
1772836751414890551,NEG
1772833973728649425,NEG
1772822606057521639,NEG
1772821278602264949,NEG
1772821116630737071,NEG
1772818772102881686,NEG
1772816739958415441,NEG
1772813091891298445,NEG
1772810045979242666,NEG
1772809092962116055,NEG
1772805579989303492,NEG
1772804558000886067,NEG
1772781592441749593,NEG
1772750139028877498,NEG
1772737255636877375,NEG
1772794590434570501,NEG
1772667288598048909,NEU
1772663484611736033,NEG
1772663188988862543,NEG
1772660143227814362,NEG
1772652446331871277,NEG
1772650974743572732,NEG
1772645958527951143,NEG
1772645370801140129,NEG
1772640607883694482,NEG
1772622612914438271,NEG
1772645936793096455,NEG
1777344923206922350,NEG
1777341857317482942,NEG
1777321657104826593,NEG
1777308751164215323,NEG
1777183111157088586,POS
1777181897883316733,NEG
1777175803999952941,NEU
1777166473741435233,NEG
1777160311415435393,NEG
1777159310721614185,NEG
1777154762514788678,NEG
1777127354994729017,NEG
1777090397807824970,NEG
1777085233893962101,NEG
1777080141593583662,NEG
1777062353927843977,NEG
1777053913553732068,NEG
1777044527364096309,NEG
1777041959716082083,NEG
1777033772157763938,NEG
1777028955440042219,NEG
1777016320220914118,NEG
1777013069224333399,NEG
1777011421798080719,NEG
1776990023306338508,NEG
1776986703925764262,NEG
1776975110886355238,NEG
1776974033071878559,NEG
1776955402761933034,NEG
1776951261775954429,NEG
1776930406744400003,NEG
1776923305892614248,NEG
1776842241966813590,NEG
1776797480161517682,NEG
1776783247164244021,POS
1776771986951131281,NEG
1776769216290468255,NEG
1776767055179432119,NEG
1776756511353557466,NEU
1776753689039917502,NEG
1776752787411362119,NEG
1776743176293712050,NEG
1776733864687202740,NEG
1776729036661621098,NEG
1776727644085567857,NEG
1776721923268870233,NEG
1776706386665128362,NEG
1776706254494183782,POS
1776700605538418786,NEG
1776693891166601294,NEG
1776689160222392389,NEG
1776678951168963037,POS
1776646619464683921,NEG
1776643806030340522,NEG
1776637580089446541,NEG
1776631028083220728,POS
1776625624670495146,NEU
1776620138487255205,NEG
1776620002507943946,NEG
1776600523052830887,NEG
1776592612234830003,NEG
1776473985716265103,NEG
1776447298668478893,NEG
1776434250763395290,NEG
1776432826465874339,NEG
1776430177465110689,NEU
1776414861536158095,NEG
1776389708953665557,NEG
1776378435109077204,NEU
1776355018536624601,NEG
1776351429352980803,NEG
1776340370265108899,NEU
1776334159323017307,NEU
1776312249092591917,NEG
1776304066399809802,NEG
1776292536983695434,NEG
1776271867608781123,NEG
1776268558701310356,NEG
1776264196943991257,NEG
1776245760729706906,NEU
1776218304643760377,NEG
1776208352407703827,NEG
1776191778896396781,NEG
1776103004795466201,NEG
1776102643737198669,NEU
1776065560708567153,NEG
1776063746558791887,NEG
1776063523572867373,NEG
1776048478071721988,NEG
1776034647891235263,NEG
1776029821136420901,NEU
1776019415470870665,NEU
1775998901260030426,NEG
1775996798626091227,POS
1775995149992001846,NEG
1775987053982892305,NEG
1775984981031931961,NEU
1775984231941808436,NEU
1775954733947146313,NEG
1775953582715527596,NEG
1775950211623297483,NEG
1775949516023222544,NEG
1775945571544535146,NEG
1775940167041265967,NEG
1775935307495387605,NEG
1775913040434589801,NEG
1775912610069668338,NEG
1775909262692069720,NEG
1775917218632503787,NEU
1775903737287999925,NEG
1775851231178539207,NEG
1775830722298720465,NEG
1775818303539183769,NEU
1775731267184570605,NEG
1775729880312770686,NEG
1775729253830815851,NEU
1775728325572370847,NEG
1775710122339176557,NEG
1775709818101112988,NEG
1775706077624996127,POS
1775697586952790186,NEG
1775697277874565127,NEG
1775690581164855648,NEU
1775684737958355113,NEU
1775682267236753660,NEG
1775679997925073320,NEG
1775665614587146574,NEG
1775661343841865902,NEG
1775637883954598394,NEG
1775636540443578436,NEG
1775635756096061729,NEG
1775633375291707487,NEG
1775620768736346176,NEG
1775606696234070334,NEU
1775596338916229617,NEG
1775591418704142396,NEG
1775574893528072668,NEG
1775571544053367237,NEG
1775565779745824917,NEG
1775551845412245776,NEG
1775548538044227932,NEG
1775536131293249701,NEG
1779858165435138090,NEU
1779858131624886546,NEG
1779855416958071028,NEG
1779850569357668630,NEG
1779836598575566929,NEG
1779815099127013815,NEG
1779724181208285361,NEG
1779721317664649313,NEU
1779696270589743608,NEG
1779691620998291783,NEG
1779682470369112153,NEG
1779682077522149499,NEU
1779671299092082961,NEU
1779657998543032668,NEG
1779631089348178102,NEG
1779629522666566003,NEU
1779621314019365197,NEG
1779613442661404980,NEG
1779226123580105107,NEG
1779562391157735902,NEG
1779558055174173031,NEG
1779507996680245356,NEG
1779491980227060085,NEG
1779484458237743547,NEG
1779443680077549858,NEG
1779409749760508297,NEG
1779396659794817185,NEG
1779392459627278583,NEG
1779376654432805102,NEG
1779321854827680232,NEG
1779315646339178559,NEU
1779300561248264648,NEG
1779262837677809852,NEU
1779243593233822014,NEG
1779229528616755481,NEG
1779206813738549337,NEU
1779204357520797927,NEG
1779194094587433014,NEG
1779170950669304084,NEG
1779142981695529398,NEG
1779130600332439661,NEG
1779111964213383338,NEU
1779103508303683799,NEG
1779094712483282983,NEU
1779083407672099288,NEU
1779001366435823932,NEG
1778973990876283377,NEG
1778969801467011199,NEG
1778954735799644584,POS
1778926233725567418,POS
1778906994398593282,NEG
1778903208343019602,NEG
1778900971768172791,NEG
1778900215870673314,NEG
1778855385044017294,NEG
1778825885820309826,NEG
1778818844334739641,NEG
1778815584580587878,NEU
1778791775211225373,NEG
1778790116724556001,NEG
1778635260760109444,NEG
1778783757434331451,NEG
1778780362140729559,NEG
1778767765060432186,NEG
1778753259936563636,NEG
1778690806636745017,NEG
1778653113722818977,NEG
1778622062774407441,NEG
1778619293866885345,NEG
1778616003032650087,NEU
1778594963212693587,NEG
1778594239359680772,NEG
1778592273615241350,NEG
1778584029253501018,NEU
1778558970283655638,NEG
1778543516450533782,NEG
1778540152765452487,NEG
1778533496740528277,NEG
1778523369941639203,NEG
1778510795136971157,NEG
1778510613209059393,NEG
1778489024841130231,NEG
1778487741371596876,NEU
1778486016564719691,POS
1778485910771744981,NEG
1778477757485215912,NEG
1778476201415184781,NEU
1778462550755086746,NEG
1778451651608670550,NEG
1778444157746311517,NEG
1778412397876650173,NEG
1778396076229132781,NEG
1778393662839284087,NEG
1778261943758815681,POS
1778255091142701519,NEU
1778254448680128869,NEG
1778227361013432768,NEG
1778220067504669001,NEG
1778210519503008244,NEG
1778199121897365746,NEG
1778188364979830790,NEG
1778188132426612816,NEG
1778186005079859370,NEG
1778179087418183948,NEG
1778177531956375756,NEG
1778145541337100711,NEG
1778145490049118459,NEG
1778141197426380984,NEG
1778139623379624159,NEU
1778135666213179684,POS
1778114065786646563,NEG
1778095166336782450,NEG
1778094681915642207,NEG
1778083432486056139,NEU
1778080296262393892,NEG
1778073380911972859,NEG
1778070843085434981,NEU
1778069016524841417,NEG
1778060275645571497,NEG
1778050814239527117,NEU
1778047702774776041,NEG
1778043747160240508,NEU
1777994164954640818,NEG
1777904377807724648,NEG
1777893661088317820,NEG
1777872503450341608,NEG
1777862849638916240,NEG
1777853806451057122,NEU
1777852799008571532,NEG
1777837082628563178,NEU
1777835557768368353,NEG
1777823929731625223,NEU
1777823203110379673,NEG
1777812133813621043,NEG
1777470563889320205,NEG
1777769134421336382,NEG
1777768503061159997,NEG
1777759899574731064,NEG
1777749550918201570,NEG
1777738016645120050,NEG
1777735002865709489,NEU
1777726719362740385,NEG
1777725454641664348,NEG
1777695658826191189,NEU
1777683734168236070,NEU
1777680295937880559,NEG
1777678521764098264,NEU
1777654315366105468,NEG
1777639013739852169,NEG
1777590946684702770,NEG
1777547311188500672,NEG
1777538892863856956,NEG
1777533220893925477,NEU
1777530475864596991,NEU
1777529236275757149,NEG
1777528683080687721,NEG
1777528629162864878,NEG
1777528131525411096,NEG
1777527499309629689,NEG
1777523389931892771,NEG
1777520558873149854,NEG
1777519520103465019,NEG
1777513463016833083,NEG
1777506883865026721,NEG
1777490261574107361,NEG
1777489797998624935,NEG
1777480942996652447,NEG
1777471267697762353,NEG
1777463708941246549,NEG
1777461502481514754,NEG
1777457245648765310,NEU
1777444524161167620,NEG
1777430258389585995,NEU
1777429561313046962,NEG
1777427755610648608,NEU
1777421265273225409,NEG
1777390715519001035,NEG
1777383423843160561,NEG
1777368686354989468,NEG
1777365189375267253,NEG
1777356487234306075,NEU
1777352229323669791,NEG
1780555094921986337,NEG
1780543126706204887,NEU
1780488762373361758,NEG
1780477621651869933,NEG
1780462844451954841,NEU
1780451005580132485,NEG
1780428928965861426,NEU
1780424503144620510,NEG
1780398715364131294,NEG
1780395331684843565,NEG
1780381904304320602,NEG
1780377721190711798,NEG
1780362468323131470,NEG
1780358845438566768,NEG
1780347462835716443,NEG
1780346038437437538,NEG
1780344508397281296,NEG
1780338284540883217,NEG
1780335375942074650,NEG
1780334309448077689,NEG
1780316553516351646,NEG
1780311354198331603,NEG
1780306580967129264,NEG
1780291950177878314,NEG
1780284192007291246,NEU
1780262442959855722,NEG
1780242602178068963,NEU
1780230522435674542,NEG
1780228754297463038,NEG
1780226588304441610,NEU
1780220288971489502,NEG
1780215623005376986,NEU
1780204713125802377,NEG
1780193393278124370,NEG
1780178647116030292,NEU
1780035030271799405,NEU
1780173920307429423,NEG
1780170858230657240,NEU
1780159286808613165,NEG
1780087768363766246,NEG
1780067330510172268,NEG
1780027595687403898,NEG
1780025198705598976,NEG
1780021075406942573,NEG
1780019789328527610,NEG
1780014658902012129,NEG
1779920813690372150,NEG
1780009372350927155,NEG
1780008616122015888,NEG
1780007772903403948,POS
1780005007170900214,NEG
1779974105590051299,NEG
1779973873141768508,NEG
1779963497255731323,NEG
1779950111197438010,NEU
1779944246524645389,NEG
1779941987178963146,NEU
1779936608835269055,NEG
1779935495675421071,NEG
1779935437890503091,NEG
1779930946810101951,NEG
1779928488167784597,NEG
1779920590079414297,NEG
1779920468738187276,NEU
1779918700189000165,NEG
1779915738398044313,NEG
1779912599569612824,NEG
1779886901886865720,NEU
1779882418054312106,NEG
1779872543135916101,NEU
1781324773726798290,NEU
1781317937879482594,NEU
1781307230412738623,NEG
1781305432566288717,NEU
1781285435378971037,NEG
1781278412067287130,NEG
1781243899782050012,NEU
1781192051066904838,NEU
1781183991086727195,NEG
1781156044313370666,NEG
1781155548043329703,NEG
1781150626677702706,NEG
1781146706664407221,NEG
1781109469088301323,NEG
1781093551129948626,NEG
1781086303301275675,NEG
1781019871410614724,NEG
1781081446511206604,NEG
1781080015678927158,NEU
1781075922067603830,NEG
1781073114190782700,NEG
1781069211424498020,NEG
1781063472228258094,NEG
1781059358379384840,NEG
1781048989506293953,NEU
1781044976056439053,NEG
1781039018148335964,NEG
1781037443388494305,NEG
1781009228292878612,NEU
1780998003798454442,NEG
1780992995740815569,NEG
1780987540012503533,NEG
1780984847604895830,NEG
1780968737702604896,NEG
1780968686586597380,NEG
1780958205692317742,NEG
1780937682174054725,NEU
1780926751666737262,NEG
1780925928643670425,NEG
1780900979145126203,NEG
1780828857756422468,NEG
1780813893905916290,NEG
1780794004340089171,NEG
1780791137357205915,NEG
1780784454060912766,NEU
1780783250933223538,NEG
1780779581563125872,NEU
1780763079447359887,NEG
1780748941660680234,NEG
1780745741842989431,POS
1780741551179632839,NEG
1780734530602611044,NEG
1780730286499856873,NEU
1780726979827794111,POS
1780719588751089872,NEG
1780706237317095819,NEG
1780693605444956403,NEU
1780693399718289439,NEG
1780693080363909604,NEG
1780683395116282013,NEG
1780681533927436558,NEG
1780677402324058364,NEG
1780654534722793605,NEG
1780653807409549680,NEG
1780649132564037800,NEG
1780608056054673458,NEG
1780603179220263411,NEG
1780602239653994532,NEG
1780594223810830684,NEG
1780588925582483842,NEU
1783172745062175014,NEG
1783172528757686532,NEG
1783169272891486632,NEG
1783152492986937443,NEG
1782932872883536119,NEU
1783141836711764239,NEG
1783136731446829141,NEG
1783135120695656612,NEG
1783131180411286003,NEG
1783129206500515955,NEG
1783121249046061183,NEG
1783112652010467563,NEG
1783112168746922244,NEU
1783105945062498705,NEG
1783076414440304910,NEG
1782992359988318690,NEU
1782949064729845936,NEG
1782941039168282760,NEG
1782938517976322549,NEU
1782937002968580242,NEG
1782918768584237348,NEG
1782917531281334328,NEG
1782891207384875513,NEG
1782878999368061035,NEG
1782878520084971662,NEG
1782867451283193941,NEU
1782837525024776302,NEG
1782836274249736242,NEG
1782835679233220701,NEG
1782834297709170966,NEU
1782798974090440718,NEG
1782798935003713656,NEU
1782737341825622123,NEG
1782735712548192445,NEG
1782660697446350929,NEG
1782658625799868714,NEG
1782600298097188942,NEG
1782584483872383099,NEU
1782584347184263209,NEG
1782582797200396452,NEG
1782577027914010669,NEG
1782572203294216477,NEG
1782572089293025489,NEG
1782562017393385653,NEG
1782547753945440465,NEG
1782545103292084710,POS
1782523804494831665,NEG
1782496206360310247,NEG
1782479376174420090,NEG
1782477532194877862,NEG
1782474251229888516,NEU
1782473052267184408,NEG
1782464459497197702,NEG
1782459998485831983,NEG
1782447206319988944,NEG
1782440637884670227,NEG
1782433036346253508,NEG
1782426220405092810,NEU
1782425868695921112,NEG
1782417032346046852,NEG
1782409994035483088,NEG
1782405886507409884,NEG
1782403695575195674,NEG
1782388573582266562,NEG
1782380856130130185,NEG
1782369943402561769,NEU
1782321083481276537,NEG
1782295167682162739,NEG
1782274919742464475,NEG
1782252674685043139,NEG
1782252218193702941,NEG
1782246982087487866,NEG
1782234131990008045,NEG
1782204409276998089,NEG
1782175933912269165,NEG
1782165405148049630,NEG
1782162642989097237,NEG
1782162198644580699,NEU
1782161900026876313,NEG
1782146797567123490,NEG
1782143056138916031,NEG
1782134379877171652,NEG
1782120526766330175,NEG
1782119003848085603,NEG
1782079459882897677,NEG
1782015089366761938,NEU
1781870295768264734,NEG
1781862489858142539,NEG
1781857511278072203,NEG
1781855767231881237,NEG
1781836827457958361,NEG
1781821115578355718,NEG
1781812731290456475,NEG
1781788914191045111,NEU
1781782446045811113,NEG
1781781034326974849,NEG
1781773100482224474,NEG
1781767131740111047,NEG
1781747715115725049,NEG
1781728125711216801,NEU
1781695825036394879,NEG
1781695666009391257,NEU
1781693836537831587,POS
1781657227801092268,NEG
1781595688242913722,NEG
1781592090985525670,NEG
1781512947413418216,NEG
1781509994464125017,NEG
1781487363237073349,NEG
1781474237976379514,NEU
1781472848336371870,NEG
1781463275269411007,POS
1781461864540520648,NEU
1781454721917518032,NEU
1781437467205173329,NEG
1781435719606546676,NEU
1781431657968333305,POS
1781422843290362328,NEG
1781398881663598940,NEG
1781383896065626411,NEG
1781365256972853670,NEG
1781363327442067755,NEU
1781363169899807169,NEG
1781358016337518957,NEG
1781354085439996178,NEG
1781346324870320631,NEG
1781339028630999545,POS
1781337978440221129,NEG
1781333016977027224,NEU
1781331659620552752,NEG
1781327833152790932,NEG
1783186764154482939,NEG
1784913744264298982,NEG
1784897343642362347,NEG
1784891409331355898,NEG
1784868547367252239,NEG
1784831433866875014,NEG
1784826320796434437,NEG
1784798790861328817,NEG
1784783228529787362,NEG
1784773018092245381,NEG
1784757451251736688,NEU
1784756802791346662,NEG
1784751012558880961,NEG
1784741973217206640,NEG
1784733934187696506,NEG
1784723874841555275,NEG
1784710448010379442,NEG
1784698365877404061,NEG
1784680094574809385,NEG
1784612139723829255,NEG
1784608559587614991,NEG
1784603524329787773,NEG
1784575316163207456,NEG
1784484872288915892,NEG
1784448421870313683,NEG
1784442370659958792,NEG
1784401662993379409,NEG
1784397837490434340,NEG
1784396231709450540,NEG
1784389814969643320,NEU
1784384325460398340,NEU
1784381583652204740,NEG
1784369995436191955,NEU
1784368229009301782,NEG
1784366981640028213,NEU
1784355227367284743,NEG
1784347934831575539,NEG
1784340452851749326,NEU
1784335289248297356,NEG
1784326627381391619,NEG
1784291120706384186,NEG
1784290503296479684,NEG
1784279269834691054,NEG
1784275567636086806,NEU
1784241925433807211,NEG
1784241922766188788,NEG
1784239732970373505,NEG
1784229616544276960,NEG
1784226443410411563,NEG
1784225080152670522,NEG
1784221370768855431,NEU
1784208867166949674,NEG
1784193456333533407,NEG
1784149722027942154,NEG
1784066155524636812,NEG
1784056671913852955,NEG
1784050732166987789,NEG
1784048144570855487,NEG
1784039970602135719,NEG
1784034649917817151,NEG
1784029786433544449,POS
1784016479412797597,NEG
1784014458194444717,NEG
1784012891923816909,NEG
1784011398839681146,NEG
1784009583695921335,NEG
1784006740440490113,NEG
1784005771241410623,NEU
1784003957091668382,NEG
1784000482920276168,NEG
1783998584448266526,NEG
1783997458562838897,NEG
1783995534426136852,NEG
1783994394082758935,NEU
1783991121930031367,NEG
1783989418518294713,NEG
1783988311817605293,NEG
1783980369190002951,NEG
1783968964680331676,NEG
1783967669667934225,NEG
1783967434128392570,NEG
1783962319430602758,NEG
1783959886193119729,NEG
1783953790430851390,NEG
1783897592427851959,NEG
1783952420768276761,NEG
1783950507070939202,NEG
1783942836741652733,NEG
1783939618146025566,NEG
1783932386708726003,NEG
1783931446501028054,NEG
1783927975244701763,NEG
1783925214893551883,NEG
1783921762561839253,NEG
1783919796540538956,NEG
1783912888723230751,NEG
1783908491133960516,NEG
1783906070093549709,NEG
1783890221131604068,NEG
1783884294152163577,NEG
1783882863286374644,NEG
1783882608608178255,NEG
1783862584258478364,NEG
1783858779630534914,NEG
1783837155628048827,NEU
1783714627345379436,NEG
1783690275480584373,NEG
1783678680113320062,NEG
1783678541684507058,NEG
1783677746176029176,NEG
1783672551232692731,NEG
1783670243375595849,NEG
1783668629327737046,NEG
1783667272839573897,NEG
1783666781392863441,NEG
1783662180732178547,NEG
1783661852020420795,NEU
1783659684177535215,NEG
1783650273820385467,NEU
1783649512210223200,NEG
1783632617553707029,NEG
1783627135392825507,NEG
1783620676693151959,NEG
1783614759788785671,NEG
1783604691974160441,NEG
1783593912893882795,NEG
1783576915120451649,NEU
1783567565714756000,NEG
1783553382097080326,NEG
1783537443808882733,NEG
1783533177207771351,NEU
1783521286548783144,NEG
1783505046577013189,NEG
1783459992676278598,NEG
1783453266753265968,NEG
1783443914403258697,NEG
1783339198717513994,POS
1783337453618704461,NEG
1783322958401798410,NEG
1783321959113138471,NEG
1783314851609166059,NEG
1783306903302365687,NEG
1783305116159762491,NEG
1783295359059398798,NEG
1783293041823916454,NEG
1783277650481467548,NEG
1783263486102978749,NEG
1783261336719249444,NEG
1783250047045374407,NEU
1783246997987676579,NEG
1783243175290663392,NEG
1783234177946538112,NEG
1783229714930233515,NEG
1783202429518991857,NEG
1783202254314504490,NEU
1783197741947949251,NEG
1783190417380393408,NEG
1786062275415048643,NEG
1786028726557319173,NEG
1786025712425595046,NEG
1785851709320757292,NEU
1785892575871631475,NEU
1785868326247305693,NEG
1785854169041002662,NEG
1785832967379554544,NEG
1785816388487053678,NEU
1785794380810334338,NEG
1785773714589495767,NEG
1785766631345357241,NEG
1785765231534186772,NEG
1785764654901272697,NEG
1785758403467313631,NEU
1785755168899768650,NEG
1785744044426932332,NEG
1785733354911920190,NEG
1785732295917207638,NEG
1785720825938591880,NEG
1785714934229209532,NEU
1785673277551390919,NEU
1785662660563832944,NEG
1785620074667147585,NEU
1785611351051714731,NEG
1785563333212459397,NEG
1785560408197091691,NEG
1785539500266967133,NEG
1785526420392886631,NEG
1785517256505479517,NEG
1785487525051584734,NEG
1785476399110783384,NEG
1785476099780055181,NEG
1785427962457690161,NEG
1785424504790880305,NEG
1785405454165647745,NEG
1785395619877589081,NEU
1785391876004037062,NEG
1785385488209076344,NEG
1785362595446194496,NEG
1785351763932934414,NEG
1785348692997746926,NEG
1785342246172205113,NEG
1785334622055772257,NEG
1785320264852533306,NEU
1785317114946994271,NEG
1785315438051660214,NEG
1785300646226255879,NEG
1785296629676834900,NEG
1785287941817835846,NEG
1785287864034431011,NEG
1785260765525512308,NEG
1785173352006459483,NEG
1785138789255348490,NEG
1785136526780699125,NEG
1785135465458257956,NEG
1785131703993876920,NEG
1785130641039732920,NEG
1785126844481556879,NEG
1785110890800439784,NEG
1785091804037107887,NEG
1785086649740747086,NEG
1785082851458773174,NEG
1785080471728120071,NEG
1785079714719162647,NEG
1785076084159230399,NEG
1785074192687239568,NEG
1785066902886224326,NEG
1785056761751216219,NEG
1785044160820437309,POS
1785036007353499956,NEG
1785029835099922553,POS
1785026074784440515,POS
1785025870555652334,POS
1785015348531749262,NEG
1785013747893084441,NEU
1784995517144985741,NEG
1784993060499107998,NEG
1784986530341064956,NEG
1784981885212373390,NEG
1784977945326477350,NEG
1784963085356196149,NEG
1784961982212296705,NEG
1784960131744116933,NEG
1784959469358649754,NEG
1784950713157566892,NEG
1784950395334185268,NEG
1788270091341017101,NEG
1788269298781491568,NEG
1788262724801106026,NEG
1788261600635343234,NEG
1788002687654502522,NEG
1788259338496385402,NEG
1788257942212399570,NEG
1788257885325033614,NEG
1788257331521724656,NEG
1788225858961805519,NEU
1788257165326581965,NEG
1788256745120240054,NEG
1788254188494852174,NEU
1788253378461536302,NEG
1788247193943519304,NEU
1788246196475068846,NEG
1788244755610055077,NEG
1788240902516793855,NEG
1788237213311836367,NEG
1788226098024620431,NEU
1788225321461760445,NEG
1788221821415788851,NEU
1788220858483232964,NEG
1788219105209643416,NEG
1788217738961326323,NEG
1788217273813016914,NEG
1788216875131793514,POS
1788213335491588330,NEG
1788202723998908456,NEG
1788198437491474545,NEG
1788189475937395166,NEG
1788184171862499334,NEU
1788170346069213524,POS
1788158463660417028,NEG
1788139927361741071,NEU
1788128491810038170,NEG
1788081233869558028,NEG
1788070003675131993,NEG
1788045136816939424,NEG
1788034425466261769,NEG
1788033475473285281,NEG
1788031013450359050,NEG
1788024304677883997,NEG
1788018233829650879,NEG
1788017690491187373,NEG
1788012342761902390,NEG
1787964328248795595,NEG
1788011061095854348,NEU
1788006693688721530,NEG
1787995143448006704,NEG
1787992763151061249,NEG
1787991790127075572,NEG
1787988948842578118,NEG
1787981815849885834,NEG
1787974462106701883,NEG
1787963148563058903,NEG
1787952148308734425,POS
1787951204623896930,POS
1787912145637622149,NEU
1787951166015381835,NEG
1787937693172986040,NEG
1787931250046431360,NEG
1787918154900901980,NEG
1787911328708919673,NEG
1787909382795092479,NEU
1787904893249798178,NEU
1787899122235642325,NEG
1787898175803535726,NEG
1787897919271506164,NEG
1787895924645101931,NEG
1787890595358191622,NEG
1787881834191131056,NEU
1787877063719870972,NEG
1787869641777217841,NEG
1787859725964505450,NEU
1787859111461224901,NEG
1787858595217863068,NEG
1787857213748314428,NEG
1787850668537008153,NEU
1787588004837552219,POS
1787846022363779415,NEG
1787838339065721250,NEG
1787818968641613913,NEG
1787815343458578462,NEU
1787803603375100403,NEG
1787791991004086314,NEG
1787706641367908801,NEG
1787694815917809712,NEG
1787678627934466495,NEG
1787677676934779338,POS
1787673475915657591,NEU
1787650700974936231,NEU
1787645977475662124,NEG
1787641918907727928,NEG
1787641368820482217,POS
1787635391580791167,NEU
1787629825202463036,NEG
1787614738702065853,NEG
1787612568221053337,NEG
1787608114071490580,NEG
1787608081666363611,NEU
1787608013181710577,NEG
1787592889788158314,NEU
1787591087453773877,NEG
1787585319237210284,NEG
1787581676039606534,NEG
1787578110436602188,NEG
1787574711964037458,NEG
1787573794522923125,NEU
1786099747637346524,NEG
1787562017143857605,NEG
1787527502501396746,NEG
1787548869032587695,NEG
1787522786983879151,NEG
1787544190358102088,NEG
1787542672342761656,NEG
1787534202579177705,NEG
1787522473858154921,NEG
1787522331125981526,NEG
1787510867048673335,NEG
1787519349495943589,NEG
1787513453852119549,NEG
1787508977007247553,NEG
1787505591407063145,NEU
1787504083143737619,NEG
1787500565317947814,NEG
1787498038094627092,NEU
1787479614534627494,NEG
1787444457455206856,NEU
1787429780603728045,NEU
1787429648907051156,NEG
1787425340043723198,NEU
1787335837488693421,NEG
1787326574888415378,NEG
1787326026634174492,NEG
1787321502376861938,NEG
1787321412157325717,NEG
1787320226264064321,NEG
1787318150767235485,NEG
1787318145578946828,NEG
1787315673628037217,NEG
1787252641669505461,NEG
1787315527741735283,NEU
1787314674108699067,NEG
1787311440048583035,POS
1787297894422229423,NEU
1787297719658160610,NEG
1787294054465544262,NEG
1787290812771930209,NEG
1787289780880908579,NEG
1787265404642988259,NEG
1787261277955362950,NEG
1787246169850089644,NEG
1787238854748987447,NEG
1787234005638693192,NEG
1787224746414715388,NEG
1787220546591072326,NEU
1787216618520481945,NEU
1787215924220572017,NEG
1787213642791809181,NEG
1787206488164864481,NEU
1787197760032194683,NEU
1787195712662389004,NEG
1787195131822579892,NEU
1787193521742504389,NEG
1787191902825070997,NEG
1787190867410788431,NEG
1787185870082048293,NEG
1787184846160150867,NEG
1787179294550077786,NEU
1787169916656763170,NEG
1787168856382783873,NEG
1787164301444202735,NEG
1787153983011745959,NEG
1787152777807904960,NEG
1787150718404628810,NEG
1787149387895844918,NEG
1787147576778657917,NEG
1787139020083843168,NEU
1787136995581382882,NEG
1787134663506473381,NEU
1787134587887346124,NEG
1787132401384096242,NEU
1787128314575872126,NEG
1787124006455238817,NEG
1787112278770204678,NEU
1787104951396651340,NEU
1787104019485233501,NEG
1787100417798594994,NEG
1787098060914364470,POS
1787086014592229813,NEU
1787053469238517934,NEU
1787041828883071157,NEU
1787033037739368754,NEG
1786139388180668563,NEG
1786989456609640531,NEU
1786987972648395134,NEG
1786948686397714904,NEU
1786945556197027972,NEU
1786944133816287743,NEU
1786941340942471181,NEG
1786940029509464120,NEG
1786941037530783872,NEU
1786936375155044355,NEG
1786932257803886728,NEG
1786910759974244527,NEG
1786899521449926857,NEG
1786881294053372054,NEG
1786855113656558066,NEG
1786838096102723796,NEG
1786814018243396056,NEG
1786813198806487360,NEG
1786795682621194249,NEG
1786795357260669143,NEG
1786789086591656193,NEU
1786781425582109087,NEG
1786779671247323563,NEG
1786767849995792681,NEG
1786764291799953472,NEG
1786755550522335522,NEG
1786737763682763212,NEG
1786663311615906263,NEG
1786639435234218209,NEG
1786570011257004238,NEG
1786567471475863992,NEG
1786552665545015639,NEG
1786543573069910216,NEG
1786536685204811924,NEG
1786516873246286327,POS
1786505582884647019,NEG
1786497814245061055,POS
1786491539046179136,NEG
1786483331162399214,NEU
1786473682971340813,NEG
1786470148712346061,NEU
1786464261205635158,NEG
1786462329195868467,NEG
1786458966551134525,POS
1786439232757653593,NEG
1786425058178531782,NEU
1786412358425870358,NEG
1786412015608594436,NEG
1786409127637344570,NEG
1786407086420529516,NEG
1786405386985038329,NEG
1786395110848041180,NEG
1786394493077340421,NEG
1786387747298521093,NEU
1786369026903409049,NEU
1786367874182889897,NEG
1786363409438585064,NEG
1786362648033898948,NEG
1786333996948861369,NEG
1786321849548190195,NEG
1786283598338781238,NEG
1786270428664676521,NEG
1786260111528239525,NEG
1786226994545377427,NEG
1786222294991253517,NEU
1786215047615709326,NEG
1786214605024378952,NEG
1786211885487960412,NEG
1786209106883174665,NEG
1786201774317092954,NEG
1786200669893824949,NEG
1786198336850051100,NEG
1786192964319904221,POS
1786191727369286092,NEG
1786164895093834137,NEG
1786162428968853595,NEG
1786161815786762249,NEG
1786159951368372533,NEG
1786156927883288678,NEU
1786156707732767159,NEG
1786153466852728969,NEG
1786151753966108861,NEG
1786151733334249566,NEG
1786151057199882304,POS
1786150544224010401,NEU
1786149111718170986,NEU
1786148911192621289,NEU
1786146324229792013,NEG
1786129256520601794,NEG
1786128623952400759,NEU
1786127749771391372,NEG
1786117748168237545,NEG
1786112527937470637,NEG
1786110388238471296,NEG
1786086933690454067,NEG
1785615972709146827,NEG
1785407045048369153,NEU
1785070031115616658,NEG
1790025791251640718,NEG
1790009472590463249,NEG
1790009425576481249,POS
1790000480254407021,NEG
1789966456517497294,NEG
1789931477947339170,POS
1789854956649959552,NEG
1789852843404329365,NEU
1789848300964700622,NEG
1789821920235417907,NEG
1789814594736714216,NEG
1789812169808163151,NEG
1789807913713721506,NEG
1789801433551733057,NEG
1789797843164684437,NEU
1789791023171846406,NEG
1789790403144622264,NEG
1789790284542276030,NEG
1789789781628477623,NEG
1789789114830631032,NEG
1789787458483175539,NEG
1789786858051748240,NEG
1789786584633479412,NEG
1789786311143862571,NEG
1789778946638152159,NEG
1789778068975812836,NEG
1789772648827728143,NEG
1789767510478172223,NEU
1789759993379471545,NEU
1789751388349550711,NEG
1789740769881829603,NEG
1789737192383778841,NEG
1789717211415818412,NEG
1789713902651019528,NEG
1789692624581939444,NEG
1789691966487142651,NEG
1789688639846281306,NEG
1789686690921013329,NEG
1789684361702289502,NEU
1789683515719659580,NEU
1789681316407214571,NEG
1789664345258881364,NEG
1789662907640541466,NEG
1789633748918480978,NEG
1789502653996683339,NEG
1789495832015757767,NEG
1789480456167067886,NEG
1789478276085297246,NEG
1789471369660395875,NEG
1789464585801535984,NEG
1789427689100652583,NEG
1789371510190207202,NEG
1789370722537660533,NEU
1789356276968747102,NEG
1789351639754658035,NEU
1789338430574309500,NEG
1789335052137951688,NEG
1789332220705939890,NEG
1789318798547222970,NEU
1789317400220852590,NEG
1789316697645568016,NEG
1789312732019163627,NEG
1789308044829925540,NEG
1789303795341492591,NEG
1789278701143597140,NEG
1788340128999428290,NEG
1789256014354649478,NEG
1789110118379860367,NEG
1789106581654647240,NEG
1789093074989191388,NEG
1789086323246051695,NEG
1789080253668708644,NEG
1789074696094302661,NEG
1789038254257316052,NEG
1789034443321024683,NEG
1789021777860899076,NEG
1789017479143911744,NEG
1788993947097874626,NEU
1788988498562646448,NEG
1788986881327169789,NEG
1788982641254912436,NEU
1788973035124294136,POS
1788964204755451951,NEU
1788958569208897588,NEU
1788950714267439325,NEG
1788938612823707911,NEU
1788908599621620147,NEG
1788900808056054252,POS
1788898413867639146,NEG
1788894904740966428,NEG
1788723302266974223,NEG
1788882588666307038,NEG
1788881925488206245,NEG
1788880235422679520,NEG
1788871444371226805,NEG
1788870884121342032,NEG
1788788268437283118,NEG
1788782911925154072,NEG
1788779404585291780,NEG
1788762093857947733,NEG
1788759460199977318,NEG
1788736758181486651,NEG
1788736080750977148,NEG
1788735877335630256,NEG
1788735155726602654,NEG
1788731643127050488,NEG
1788729022446203236,NEG
1788719465749778579,NEU
1788699973296488605,NEG
1788699792798896452,NEG
1788695535806751093,NEG
1788692364191465812,NEG
1788689512652050593,NEG
1788683214158008622,NEG
1788677929511088357,NEG
1788676388100182221,NEG
1788673572539335144,NEG
1788667068826398906,NEG
1788667029680996367,NEU
1788659582069277144,NEG
1788657422896132348,NEG
1788650855748587544,NEG
1788650259188498496,NEG
1788644894124187774,NEG
1788644508407873660,NEG
1788400157979017527,NEU
1788642618571698420,NEU
1788635702856384941,NEG
1788627393931849904,NEU
1788627000065741030,NEU
1788622461983928564,NEG
1788617962917687358,NEG
1788611869952889041,NEG
1788607541615714402,NEG
1788601099433218488,NEG
1788594707481690220,NEG
1788564931580727704,NEG
1788587318531531115,NEG
1788586062429978758,NEG
1788580226617733537,NEG
1788573802747539859,NEG
1788572929145311589,NEU
1788559791503057084,NEG
1788557887746326659,NEG
1788556867574096027,NEG
1788555519856107540,NEU
1788551715483984375,NEG
1788550272337293544,NEG
1788489275723419873,NEU
1788477429599678707,NEG
1788450956369092661,NEG
1788431959217033642,NEG
1788425880135430407,NEG
1788421907395596796,NEG
1788418303095931354,NEG
1788402897597710809,NEG
1788395124847747293,NEG
1788394479201788248,NEG
1788385060657279150,NEG
1788377784567357826,NEG
1788377594708025545,NEU
1788375154747159024,NEG
1788373293524734302,NEG
1788372191945359850,NEG
1788368974146621581,NEG
1788365341686411724,NEG
1788359788721578306,NEG
1788352856736633318,NEG
1788352485343514858,NEG
1788344160434454635,NEG
1788325519898923403,NEG
1788313696852181465,NEG
1787623110050484645,NEU
1788289531843600603,NEG
1788273009876140155,NEU
1788279021119086666,NEG
1792504841668874528,NEG
1792499804943024300,NEG
1792490381654794721,NEG
1792489653016121843,NEG
1792446022431453349,NEU
1792441761496711252,NEG
1792410502317904115,NEG
1792410344532402357,NEU
1792404105354526804,NEU
1792402278881611914,NEG
1792400618587598974,NEG
1792390776250576932,NEG
1792387199243088220,NEG
1792362219633844377,NEG
1792352220241121392,NEU
1792347586613190772,NEG
1792343083360956522,NEG
1792336228886479140,POS
1792330332106371155,NEG
1792324559258980463,NEG
1792319999794639051,NEG
1792314680901304492,NEG
1792287355576979474,NEG
1792285613917409737,NEG
1792279054596358255,NEG
1792263081264906369,NEG
1792249325738725878,NEG
1792246013043904534,NEG
1792238678321824034,NEG
1792231182987387235,NEG
1792226096307437860,NEG
1792223482232598909,NEG
1792211570057216357,NEG
1792211269652713941,NEU
1792190735699071279,NEG
1792162770491740202,NEU
1792072256837062981,NEG
1792058003421614358,NEG
1792022368174436433,NEG
1791982519144923485,NEU
1791977836737114445,NEG
1791944680206213282,NEG
1791935404146409626,NEG
1791925405957365809,NEG
1791923830060957916,NEG
1791901234116411753,NEG
1791896759108558995,NEU
1791871934042390749,NEG
1791854878181994762,NEU
1791829966952202243,NEG
1791697520097407166,NEG
1791689549111783470,NEU
1791676133399826744,NEG
1791659320767090895,NEU
1791636176736039401,NEG
1791634764778078369,NEG
1791632368710598995,NEG
1791629045806842148,NEG
1791620058667520086,NEG
1791614317160214578,NEG
1791611216344862727,NEU
1791600876949270574,NEG
1791564433484841396,NEU
1791561790167425515,NEG
1791561465159160295,POS
1791561026644725789,NEG
1791553747836879333,NEG
1791517572204224672,NEU
1791486410731470981,NEU
1791466720604860878,NEG
1791447338558398867,NEU
1791436641950695509,NEG
1791412680558846241,NEG
1791410460534694123,NEG
1791322072481755554,NEU
1791320471071256953,NEG
1791307673016607106,NEG
1791305922364559862,NEG
1791303409720541444,NEG
1791300272238498052,NEU
1791335645371064549,NEU
1791287553217233114,NEG
1791276151266013565,NEG
1791265562674241616,NEG
1791256007605199066,NEG
1791247369243070545,NEG
1791234141331083526,NEU
1791224030583812445,NEG
1791222199228981619,NEU
1791210294921834564,NEG
1791199160508846261,NEG
1791187822130450928,NEU
1791185304176750766,NEG
1791183819548119069,NEU
1791179708618740160,NEG
1791169368363078072,NEG
1791153983223947617,NEU
1791101348777189664,NEU
1791101304057511987,NEG
1791094241063588002,NEG
1791084937761665195,NEG
1791081428475588967,NEU
1791081085662634182,NEU
1791078651020116470,NEG
1791061506265587799,NEG
1791059972672946273,NEG
1791050317523460590,NEG
1790971093542449546,NEG
1790930944112693541,NEG
1790929281729581198,NEG
1790926263676223987,NEG
1790922161038721138,NEG
1790921548666118546,NEG
1790914097162211377,NEG
1790911653556433298,NEG
1790897523072057660,NEG
1790879064133111921,NEG
1790845405258731552,NEG
1790841991401492768,NEG
1790839627479130160,NEG
1790828070112215062,NEG
1790819308278300962,NEG
1790805207816843345,NEG
1790789239296196897,NEU
1790776301973799141,NEG
1790753018201207227,NEU
1790734921734230365,NEG
1790733243068666110,NEU
1790725319592120642,NEG
1790708609359192495,NEG
1790615873603981727,NEG
1790597493039800466,NEG
1790595444524962017,NEG
1790578823903301836,NEG
1790575041110765748,NEG
1790562256528244960,NEG
1790559657842319653,NEG
1790557987158811100,NEG
1790554837488177316,NEG
1790554828961132786,NEG
1790538674532176377,NEG
1790538389181137348,NEG
1790518997466993084,NEG
1790510659022606404,NEG
1790510290217423083,NEG
1790507302803345568,NEG
1790505049396818407,NEU
1790504622429204629,NEG
1790499624366608486,NEG
1790483135697723682,NEU
1790461405067636894,NEU
1790450389931692298,NEG
1790445821428658569,NEU
1790439794100600994,NEU
1790434232503791657,NEG
1790433019733446877,NEG
1790421817582317814,NEU
1790407368741621918,NEG
1790396715603837105,NEG
1790384113536369058,NEG
1790383781737578505,NEG
1790376657636802602,NEU
1790366820098097448,NEG
1790364656487317834,NEU
1790358840938012759,NEG
1790353143999426839,NEU
1790255355940712744,NEG
1790210199992549740,NEG
1790209456816419083,NEG
1790200287518466295,NEG
1790198408000442550,NEG
1790168789536932243,NEG
1790168085954981951,NEG
1790159126766772659,NEU
1790156263122206962,NEG
1790152496389788116,NEG
1790149687216857224,NEG
1790135992898248920,NEG
1790116622872568261,NEG
1790109225554763783,NEG
1790099992180334787,NEG
1790091596467478689,NEG
1790086612409262560,NEG
1790082753708380347,NEU
1790064278839361730,NEU
1790047893480505383,NEG
1790042680870752626,NEU
1790040995251323177,NEG
1790031168793903264,NEG
1793690503109656576,NEG
1793675256374480964,NEU
1793656441800438123,NEG
1793651736475029795,NEU
1793648667838365831,NEG
1793633050712309907,NEU
1793625102900506883,NEG
1793620899213521112,NEG
1793615763636629679,NEU
1793476293553762487,NEG
1793470932734136662,NEU
1793464444343005365,NEG
1793439887321870776,POS
1793438738812371246,NEG
1793434383098999000,NEG
1793429479580176579,NEG
1793413563136221463,NEG
1793388666863137102,NEG
1793387683898662986,NEG
1793378728472621122,NEG
1793359012345393658,NEG
1793357154860085387,NEG
1793345366248542441,NEG
1793339320058736856,NEG
1793338076493664552,NEG
1793321904717041664,NEG
1793314293850558987,NEG
1793307842516079058,NEG
1793307586550223077,NEG
1793306091893174506,NEG
1793265528078729722,NEG
1793250290805674367,NEG
1793235695470784783,NEG
1793194634803298728,NEG
1793163592361033959,NEU
1793135663312785573,NEG
1793132192844972398,NEG
1793106750704693456,NEG
1793098277405221174,NEG
1793065504204050511,NEG
1793049384550092911,NEG
1793043050576416936,NEG
1793037076142641606,NEG
1793025257026007361,NEU
1793022038975582397,NEU
1793013969860342167,NEG
1792985530285564372,NEG
1792961372780998777,NEG
1792931625984045473,NEG
1792921252836884745,NEU
1792912680879034824,NEG
1792903073758654773,NEG
1792897632009904238,NEG
1792896985256649150,NEU
1792896460566008027,NEU
1792895955873702129,NEG
1792733706333138976,NEG
1792729283095642432,NEG
1792724933673705977,NEU
1792720050706907581,NEG
1792715277614108764,NEG
1792704760052912167,NEG
1792701327019217272,NEG
1792698281950417321,NEG
1792689994676793786,NEG
1792685559237783827,NEU
1792677390604443925,NEG
1792656497744454138,NEG
1792617224642916641,NEG
1792614165141446984,NEG
1792610161003213230,NEG
1792607232150090047,NEG
1792605858188193896,NEG
1792595505110773875,NEG
1792580659287908547,NEG
1792579545989575086,NEG
1792579476825522653,NEG
1792555145198293246,NEU
1792553552260313553,NEU
1795800953095954917,NEG
1795794893157081148,NEG
1795746227159798153,NEG
1795718515326112016,NEG
1795661658347729172,NEG
1795661430106243169,NEG
1795648894204014603,NEU
1795645520272392427,NEG
1795644113053974736,NEG
1795630311532794224,NEG
1795626527461089721,NEU
1795619753580703853,NEG
1795612251321418051,NEG
1795607808102355025,NEG
1795605561335267834,NEG
1795590268043051419,NEG
1795582624649671087,NEG
1795576841153245497,NEU
1795554542056009884,NEG
1795548995760030163,NEG
1795538596872737183,NEG
1795538147637629030,NEG
1795533944148103214,NEG
1795530262547407305,NEG
1795513437969354834,NEG
1795496463440507313,NEG
1795496174884905156,NEU
1795486632973316450,NEG
1795482005460734389,NEG
1795481434951655824,NEU
1795476278738379220,NEG
1795473287851466800,NEG
1795472844211569063,NEG
1795469886996513161,NEG
1795454448136819065,NEG
1795375533880230373,POS
1795372177333915777,NEG
1795356801275490317,NEU
1795344932586283470,NEG
1795333106993610756,NEG
1795330320071528489,NEG
1795295065457492424,NEG
1795290318545584604,NEG
1795269451472126277,NEG
1795266187187908623,NEG
1795254087329669509,NEG
1795244500446482619,NEU
1795239889895563396,NEG
1795236779542425604,NEU
1795222878398329179,NEU
1795209862382579871,NEG
1795202941743186147,NEU
1795149912276942920,NEG
1795131227357278655,NEG
1795128309941932363,NEG
1795127196706644451,NEG
1795116786355949637,NEG
1795105551480766587,POS
1795084151273480500,NEG
1795078914978488534,NEU
1795071772150112633,NEU
1795071617250341200,NEG
1795030964751433728,NEU
1794962360085487622,NEG
1794962199045194039,NEG
1794956218189926848,NEG
1794954940944683314,NEG
1794953503196233930,NEU
1794939577226104988,NEG
1794936382013702612,NEG
1794914022468563210,NEG
1794906571136520482,NEG
1794884750177718383,NEG
1794880598907240807,NEG
1794879266028679490,NEG
1794862037853684171,NEG
1794830860610670891,NEU
1794819366866796710,NEG
1794818171368579102,NEG
1794787217677979662,NEG
1794786399490916424,NEG
1794784796067156231,NEG
1794769310809821391,NEG
1794766172745027747,NEU
1794749471886049375,NEG
1794746777457009111,NEU
1794730221930950920,NEG
1794397537916313979,NEG
1794729214270468523,NEG
1794709924720894189,NEU
1794563522397192236,NEG
1794551060960334162,NEG
1794549431968448964,NEG
1794544680631496765,NEG
1794544271762317603,NEG
1794535058252124426,NEG
1794526787885494600,NEG
1794525372048105695,NEG
1794519373970829779,NEG
1794511146818420745,NEG
1794493769808503209,NEG
1794491130534302147,NEG
1794490177962102877,NEG
1794488895381643581,NEG
1794487308248559753,NEU
1794481903107498470,NEG
1794475869441823031,NEG
1794463114328510700,NEG
1794462769389171071,NEG
1794456924177461502,NEG
1794454439547261214,NEG
1794452906789191794,NEG
1794441439851552852,NEU
1794429675206291661,NEG
1794425167789387808,NEG
1794422427495350716,NEG
1794417404875059220,NEG
1794411201969168549,NEG
1794407449040130153,NEG
1794403281072205989,NEG
1794359529184112653,NEG
1794357752141316108,NEU
1794354724650795086,NEG
1794350702640422987,NEG
1794330899653533836,POS
1794318748121550918,NEG
1794230382935802251,NEG
1794226097506378186,NEG
1794219744603861453,NEG
1794197607289667629,NEG
1794192183303803267,NEG
1794182899941691833,NEU
1794138200249639249,NEG
1794163349984530631,NEG
1794151584865177834,NEG
1794150991186538657,NEG
1794144610437996783,NEG
1794121698603589825,NEG
1794114999914222055,NEG
1794095735828295966,NEG
1794090385406353882,NEG
1794069166925787601,NEU
1794045695701471738,NEG
1794015396560802138,NEU
1794005933846122973,NEU
1794005806548983936,NEG
1793998698604790002,NEG
1793997074050236757,NEG
1793992125236842668,NEG
1793985790256787630,NEG
1793929170562715836,NEG
1793872611170304305,NEU
1793868561510813858,NEG
1793848207577092186,NEG
1793841967060992302,NEG
1793832156235509865,NEU
1793831572849992036,NEU
1793831185996747166,NEG
1793826576855167046,NEG
1793819432101327314,NEG
1793817987515854980,NEG
1793812212089274853,NEG
1793804486311358745,NEG
1793803528944689339,NEG
1793790203196297307,NEG
1793771733146894433,NEG
1793771515441529262,NEG
1793760466722005489,NEG
1793733500950200486,NEG
1793721084359111086,NEG
1793720402721849801,POS
1793289276374843623,NEG
1793711095599054940,NEG
1793709030080455150,NEG
1793699341053673529,NEU
1793693810918404209,NEG
1796590007307907468,NEG
1796579596340728255,NEG
1796477806945423484,NEG
1796575583675261013,NEG
1796561872071929935,NEG
1796532679112102209,NEU
1796529773101174886,NEG
1796529496348098862,NEU
1796431944680690149,NEG
1796400973260476460,NEG
1796397634116358572,NEG
1796377097050755361,NEG
1796376880620175861,NEG
1796363840227274861,NEG
1796355239110709617,NEG
1796352362929406198,NEG
1796351823604863098,NEG
1796349032186659308,NEG
1796345720917958744,POS
1796344341927194979,NEG
1796328792182641031,NEG
1796313056479191099,NEG
1796294358259437844,NEG
1796292970867523685,NEU
1796284382581285020,NEG
1796253912548151537,NEU
1796240585864761411,NEG
1796195554017312898,NEG
1796187309655945713,NEU
1796186416222715954,NEU
1796173534164660343,NEG
1795996857358811583,NEG
1795989842284753306,NEG
1795987900930130093,NEG
1795986295929331884,NEG
1795941721743781931,NEG
1795923669199335841,NEG
1795914022132367616,POS
1795912246482079833,NEG
1795911205774561519,NEU
1795895274012889346,POS
1795894613850337487,NEG
1795893426564579528,NEG
1795886621159555114,NEG
1795882452969238863,NEG
1795881892035563628,NEU
1795867996813951119,NEG
1795863703776068020,NEG
1795856921527738699,NEG
1795841813032640618,NEG
1795813107287347592,NEG
1795803967584190808,NEG
1798728301546000623,NEU
1798715330258202967,NEU
1798711101330534478,NEG
1798708975023886616,NEG
1798697553506296261,NEG
1798692568857014416,NEG
1798592708564615629,NEG
1798578628198043805,NEG
1798565996405690703,NEG
1798559887263412249,NEG
1798547827188269531,NEG
1798536074496561295,NEG
1798517316956860876,POS
1798491350951960713,NEG
1798480089690275956,NEG
1798478771223405005,NEG
1798466797819277328,NEU
1798442471996969215,NEG
1798438962593137110,NEG
1798428496672567375,NEG
1798407427676647667,NEG
1798403093270495557,NEG
1798395997560750107,NEU
1798389086778175710,NEG
1798388056141295941,NEG
1798378687597097099,NEG
1798374959003357368,NEG
1798357840266252501,NEG
1798323026288926943,NEG
1798214117712617868,NEG
1798195813791015215,NEG
1798193741372805319,NEG
1798191012868977106,NEG
1798186529468157963,NEG
1798181406872350721,NEG
1798178810334192010,NEG
1798150189426819507,NEG
1798131762876256351,NEG
1798126044068864272,NEG
1798086182288654500,NEG
1798083133361012987,NEG
1798169895211016539,NEG
1798067376925319237,NEG
1798053778740170951,NEG
1798032479418478659,NEG
1798030232227913737,NEG
1798026111059886397,NEG
1798017869395247213,NEG
1798011433319580108,NEG
1797993945852723685,NEG
1797932458886971495,NEG
1797817540594520110,POS
1797800628594606497,NEG
1797799866355335323,NEG
1797798374231642296,NEU
1797750967137374509,NEU
1797738412964741604,NEG
1797726538626158949,NEG
1797718586510717209,NEG
1797718584673874024,NEG
1797702417515176219,NEG
1797702022919262558,NEG
1797689733361140074,NEG
1797680664541827157,NEG
1797671940460859747,NEG
1797645418332914001,NEU
1797641397027447128,NEG
1797627410156081299,NEG
1797625531963429080,NEU
1797599557519618129,NEG
1797596503852421333,NEG
1797592903750938885,NEG
1797584490413633750,NEU
1797486298716078579,NEG
1797479358371946618,NEG
1797472821406503367,NEG
1797454137342468177,NEG
1797430218296078455,NEG
1797411236281196839,NEG
1797395799455805686,NEG
1797390198885560532,NEU
1797367744720966088,NEG
1797364166027559109,NEG
1797362703897432228,NEG
1797356846421856745,NEG
1797356766281261207,NEG
1797344599188361544,NEG
1797339902260002863,NEG
1797339300301848904,NEG
1797333015195979915,NEG
1797320982950019521,NEG
1797311566892732665,NEG
1797295773408735657,NEG
1797279456949620932,NEG
1797270415385010613,NEG
1797155619637498083,NEG
1797145142882709929,NEG
1797139287537848576,NEG
1797136740076970353,NEG
1797135206589116607,NEG
1797099797880480207,NEG
1797079945371341094,NEG
1797079428117229646,NEG
1797068647766098266,NEU
1797057664708452713,NEG
1797044047686799550,NEG
1797017497008210150,NEG
1796974848519872952,NEU
1796909281494618578,NEG
1796873146873561414,NEG
1796863911909642498,POS
1796836572857307326,NEG
1796795738891923480,NEG
1796771778812928036,NEG
1796752768016757230,NEG
1796745219632677047,NEG
1796742376427553236,NEG
1796741370847080620,NEU
1796737955844837417,NEG
1796734007503180101,NEG
1796709858328141860,NEG
1796687244578926851,NEG
1796656484127748550,NEU
1796646350529941754,NEG
1796633050509455770,NEU
1796616029474258998,NEG
1796610501985583241,NEG
1800216282161467631,NEG
1800214638359171515,NEU
1801225559042621744,NEG
1801221333394559315,NEG
1801212866311184397,NEG
1801166268294127815,NEG
1801152064526975094,NEU
1801126210480525782,NEG
1801125636238409877,NEU
1801123284471193885,NEG
1801101119717806584,NEG
1801096280946475369,NEG
1801092242372808867,NEG
1801089870472835211,NEG
1801088044771991941,NEU
1801087355987615837,NEG
1801079506134016418,NEG
1801069187197997532,NEG
1801061845299532238,NEG
1801060582683975962,NEG
1801055882513465589,NEG
1801053226088710548,NEG
1801041878814441601,NEG
1801039999493669344,NEG
1801038022026174912,NEG
1801017943867748826,NEG
1801012923709460964,NEG
1801010581027041663,NEG
1801004891831202285,NEG
1801001435254895045,NEG
1800990098709676430,NEG
1800975909438226849,NEG
1800941636211331565,NEG
1800931269100159049,NEG
1800922442724205015,NEG
1800921548322484685,NEG
1800920421144891457,NEG
1800909674146836826,NEU
1800909510619578871,NEG
1800893085028856035,NEG
1800886090070720955,NEU
1800884382418567502,NEU
1800876295787868167,NEG
1800858980866269299,POS
1800858430514852023,NEG
1800799056241004952,NEG
1800729850950684889,NEG
1800709187502211567,NEU
1800694978248859894,NEG
1800690231949373793,NEG
1800671644777922712,NEG
1800667988724785520,NEG
1800666726000193845,NEG
1800631964191322207,NEG
1800630363313586683,NEG
1800614502788194347,NEG
1800610450087793025,NEU
1800608865530392975,NEG
1800604053279273274,NEU
1800596317393019227,NEG
1800586011384357252,NEG
1800565701658476590,NEG
1800558916100931702,NEG
1800542780705669392,NEU
1800533769386074344,NEG
1800533107457831420,NEG
1800529564516635126,NEG
1800523756034732372,NEG
1800518967578317066,NEG
1800493483066851734,POS
1800490934305796159,NEG
1800475429209604462,NEG
1800407889544376569,NEG
1800361896077652071,NEG
1800342533869900049,NEG
1800337448523935895,NEG
1800329483150385604,NEG
1800319975355568168,NEG
1800319425637384401,NEG
1800302830336807345,NEG
1800294619936432290,NEU
1800294076212027879,NEG
1800293700125249826,NEG
1800287999885787606,NEG
1799506687881003399,NEU
1800283415704658358,NEG
1800282234399969779,NEG
1800281595137651125,NEG
1800280278633459734,NEG
1800271515386257854,NEU
1800242968542040172,NEG
1803401602641940496,NEG
1803387025598361834,NEG
1803380690311844298,NEG
1803379105955516762,NEG
1803376188712276459,NEG
1803296853737246842,NEG
1803288639339700401,NEG
1803284140126581206,NEG
1803276044465500294,NEG
1803271047988269552,NEG
1803269030779732239,NEG
1803268850303078845,NEG
1803263521821536754,NEG
1803257151281918341,NEG
1803224692821553574,NEG
1803222041652260896,NEG
1803219793748644159,NEG
1803219451141312672,NEG
1803201938495779037,NEG
1803194027451281577,NEG
1803193125978120621,NEG
1803167947839455695,NEG
1803159508912578781,NEG
1803158397623431642,NEG
1803136889886769170,NEG
1803132411728859460,NEU
1803127054642081894,NEG
1803112249575575869,NEU
1803109931614355734,NEG
1803088246227816926,NEG
1803087233735422304,NEU
1803086616824558004,NEG
1803080559171625447,NEG
1803053751999099227,NEG
1802927882995425655,NEG
1802913435266469901,NEG
1802903922018771318,NEG
1802887530062426323,NEG
1802881947376435701,NEG
1802859324370456747,NEG
1802841747052978381,NEU
1802813206840160365,NEG
1802789354122973486,NEG
1802789012110774352,NEG
1802776239331234180,NEG
1802739348925829556,NEG
1802733343768715771,NEG
1802700577131921747,NEG
1802524050792525988,NEU
1802503707944235102,NEG
1802486307991515382,NEG
1802480869933781287,POS
1802473451699241338,NEG
1802462472172953906,NEG
1802456142947262618,NEG
1802447569915887983,NEG
1802438522659381606,NEG
1802409672995181006,NEG
1802384189423063073,POS
1802382209220841856,NEG
1802380933883969801,NEU
1802380334262063114,NEG
1802377338262319328,NEG
1802286336532963648,NEG
1802219746013634912,NEG
1802172194320970079,NEG
1802168073027297306,NEG
1802164616845291763,NEG
1802158621179994255,NEG
1802152094884897048,NEG
1802142048553775504,NEG
1802113400102592615,NEG
1801673610324590708,NEG
1802111016479895893,NEG
1802104444080792050,POS
1802054114504831006,NEU
1802043819224920081,NEG
1802040591733154026,NEG
1802030723550810535,NEG
1802026500247417069,NEG
1802015958782849486,NEG
1802010027168800966,NEG
1801992584241328411,NEG
1801987852915376601,NEG
1801953519953432995,NEG
1801947033277694105,NEG
1801913526107123872,NEG
1801862132322938986,NEG
1801855458774319358,NEG
1801802197644058779,NEU
1801798663011709012,NEG
1801792980925263895,NEG
1801789990004810235,NEG
1801779435386876209,NEG
1801770012786442285,NEG
1801768763026448761,NEG
1801755608405700778,NEG
1801750913733771446,NEU
1801748631990477085,NEG
1801718457421205592,NEG
1801711018395001054,NEG
1801701762262237338,NEG
1801695377864708521,NEU
1801681776399556959,NEG
1801678058023203077,NEG
1801674706396893297,NEG
1801669156405670051,NEG
1801652843297787906,NEG
1801649727379018140,NEU
1801642833285169492,POS
1801617583050743867,NEG
1801603458182656023,NEU
1801600036930723988,NEG
1801584630975349035,NEG
1801575346380140931,NEU
1801552228261511595,NEU
1801508248098386079,NEG
1801499545563529541,NEG
1801468126443249870,NEG
1801464024548155873,NEG
1801448185451135280,NEG
1801443988676759611,NEU
1801439893035343887,NEG
1801424984323330443,POS
1801423445592363312,NEG
1801416411526398071,NEG
1801416113273639182,NEG
1801407319747522704,NEG
1801401552558563448,NEG
1801379536057126970,NEU
1801362413482053986,NEG
1801362315998081360,NEG
1801359894043574501,NEG
1801356999034019897,NEU
1801344063897223265,NEG
1801342606812791089,NEG
1801338836485890256,NEG
1801331310876889330,NEG
1801323495571304465,NEG
1801322795135336648,NEG
1801294069316128954,NEG
1801292321356440030,NEG
1801286515533758494,NEG
1801249407121109434,NEG
1801234564599148777,NEU
1805284675784483232,NEG
1805277710505107533,NEG
1805268637382557876,NEG
1805263690931061098,NEG
1805259901477732454,NEG
1805232435627450864,NEG
1805203692594823399,NEG
1805162682426761375,NEG
1805143952481308981,NEG
1805054867292987765,NEG
1805049761747083751,NEG
1805032697816895724,NEG
1805032558427582946,NEG
1805021038922891511,NEG
1805006303749607702,NEU
1804986693419753607,NEG
1804986318859948422,NEG
1804985067518783504,NEG
1804970412935205172,NEG
1804961773902028983,NEG
1804960774542205341,POS
1804956926335156540,NEG
1804929606966718728,NEG
1804926497745973500,NEG
1804920566715191706,NEG
1804918187806372248,NEU
1804881536270975120,NEG
1804877571986739570,NEG
1804857121420316748,NEG
1804847943582634392,NEU
1804843570001572130,NEG
1804796595826810993,NEG
1804731946401947885,NEG
1804728370455830982,NEU
1804695715152535644,NEU
1804678782613332405,NEG
1804642405993394186,NEU
1804641268644884543,NEG
1804634251788493147,NEG
1804626602342396318,NEG
1804626248481620003,NEG
1804563387369578567,NEG
1804548853309259888,NEU
1804531742436401286,NEG
1804524780126650449,NEG
1804493256580858242,NEU
1804517475591094305,NEG
1804504782360793297,NEG
1804503950114099629,NEG
1804503127351083057,NEG
1804494244758823112,NEG
1804245048801857589,NEU
1778449784736448635,NEG
1804374432095289697,NEG
1804332799547121910,POS
1804329171868381279,NEG
1804326441502285836,NEG
1804326074815271237,NEG
1804324875206525132,NEG
1804316166099190184,NEG
1804309425940762830,NEG
1804301598887129426,NEG
1804300058830974981,NEG
1804293668930568281,POS
1804273113686823389,NEG
1804263139355300052,NEU
1804262728548102416,NEG
1804246722375569438,NEG
1804224508598927793,NEG
1804215580041580582,NEG
1804199186906140760,POS
1804190946554200262,NEG
1804189723000263127,NEG
1804186463971442704,NEU
1804182853250322740,NEG
1804181734335869181,NEU
1804161393442144384,NEG
1804096924829499420,NEG
1804024718757937501,NEG
1804022444572709181,NEG
1803975297529704833,NEG
1803490637703987267,NEG
1803970467537068066,NEG
1803970052401586355,NEG
1803969949158809657,NEG
1803960428231315722,NEG
1803958360611397834,NEG
1803925094286127178,NEG
1803899302554521682,NEG
1803884863759511779,NEG
1803883412740051305,NEG
1803882669715116174,NEG
1803840862691938721,NEG
1803813636630003747,NEG
1803764239200399785,NEU
1803693666411622538,NEG
1803637830826004736,NEG
1803625140611125405,NEG
1803615222189494662,NEG
1803601053763473591,NEG
1803596872516317575,NEG
1803593065946349686,POS
1803545295625638378,NEG
1803525308471189945,NEG
1803500024246206715,NEG
1803479389478277156,NEU
1803472018358018231,NEU
1803467725274026043,NEU
1803461639510847815,NEU
1803440974083006555,NEG
1803433926569963651,NEG
1803426069623484874,NEG
1803418480743452847,POS
1806381944437145841,NEG
1806379461694136437,NEG
1806366302950338787,NEG
1806365240436650319,POS
1806364143198364134,NEG
1806361812176162846,NEU
1806361319844598127,NEG
1806331813482172507,NEG
1806303156361421086,NEG
1806296586172989742,NEG
1806220129266487435,NEG
1806193114488475650,NEG
1806177733791170749,NEG
1806169341802451088,NEG
1806165635539317198,NEG
1806154998616653859,NEG
1806153200606601524,NEG
1806152992099307736,NEG
1806117729864204790,NEG
1806097962033959000,NEG
1806095542859989088,NEG
1806086927495393674,NEG
1806082300519563475,NEG
1806081504755458438,NEG
1806080716813267443,NEG
1806066631870677130,NEG
1806058317753553096,NEG
1806046711602716845,NEG
1806044894219112545,NEG
1806035511175512206,NEG
1806029109639999549,NEG
1806014592868336022,NEU
1806009532893565335,NEG
1806003750093389994,NEG
1806002456863649839,POS
1806001485861507169,NEU
1806000297396875290,NEG
1805994866519703819,NEU
1805986622816620600,NEU
1805970602148184403,NEU
1805963762395931093,NEG
1805947456900788339,NEG
1805917593179447407,NEG
1805910644555735213,NEG
1805823802611216594,NEG
1805799599585583458,NEG
1805786270989467861,NEG
1805783635607310628,NEG
1805781366342053957,NEG
1805763579821334930,POS
1805759456300380160,NEG
1805755257625985251,NEG
1805754336531591530,NEG
1805742107300446598,NEG
1805719333101879543,NEG
1805741399016460666,NEG
1805739489001980040,NEU
1805733789597155552,NEG
1805730953962123363,NEG
1805729164357779847,NEG
1805727087166144805,NEG
1805723991971447172,NEG
1805721425900163191,NEG
1805682364817063959,NEG
1805669974712701049,NEG
1805608968191947047,NEG
1805474906114547910,NEG
1805441481840173506,NEG
1805440534275666009,NEG
1805438693353681062,NEG
1805438448397865269,POS
1805425421074235867,NEG
1805414338909307301,NEG
1805403342543212774,NEG
1805367710332657878,NEG
1805367159750578454,NEG
1805366113892483358,NEG
1805365107205029896,NEG
1805329684215087225,NEU
1805319139872870678,NEG
1805319081911779740,NEG
1805316903142858954,NEG
1805315564362985503,NEU
1805302571252256963,NEG
1807721699510505573,NEG
1807618274512851074,NEG
1807600414465909017,NEG
1807594150964957495,NEG
1807591535048798281,NEG
1807561332385775885,NEG
1807556309782593660,NEG
1807549085831795166,NEG
1807525176449626472,NEG
1807523695340179709,NEG
1807520361975849395,NEU
1807513112494366731,NEG
1807488081005621671,NEG
1807474148895051876,NEG
1807469634800500841,NEG
1807468883269300261,NEG
1807468664829903150,NEU
1807468319152255405,NEG
1807467826120188078,NEG
1807448166758760658,NEG
1807436035766329794,NEG
1807414532974780550,NEG
1807406169524248853,NEG
1807401179732656367,NEG
1807263517097000994,NEG
1807235387913609691,NEG
1807230180596801583,NEG
1807219819298623946,NEG
1807218819141689379,NEG
1807157063065174393,NEG
1807126997090423071,NEG
1807115336065372564,NEG
1807064080982606132,NEG
1807060164392194557,NEG
1807022318675214542,NEG
1806975234982969692,NEG
1806941656404365349,NEG
1806901836714230247,NEU
1806871475992818038,NEG
1806854554857754864,NEG
1806845736744857814,NEG
1806835041609158919,NEG
1806832349906129174,NEG
1806825050542317755,NEU
1806787248312259067,NEG
1806761631604498863,NEG
1806758238710329468,NEU
1806754375051710741,NEG
1806752433667809516,NEG
1806748842655613274,NEG
1806740229207781383,NEG
1806738334510887420,NEG
1806733334824841296,NEU
1806723333599146505,NEG
1806720386387661076,NEG
1806710595720282510,NEG
1806706161489469476,NEG
1806703956392890732,NEG
1806701805000151135,NEG
1806686079774261335,NEG
1806667554963726631,NEG
1806625380813459775,NEG
1806561305228153036,NEG
1806554632174403908,NEG
1806550985981985141,NEG
1806535419670024622,NEU
1806514561626898432,NEU
1806514166812799034,NEG
1806512601032970556,NEG
1806507136786018502,NEU
1806481223411274006,NEU
1806587568349131180,NEG
1806478078459224383,NEG
1806465409450713358,NEG
1806443688471519435,NEG
1806435835383832933,NEG
1806434817778520298,POS
1806430022523355578,POS
1806409635710021813,NEG
1806409328393326865,NEG
1806404250185953616,NEG
1806403547799441820,POS
1806402588742480036,NEG
1806401558940450837,NEG
1806397739611177148,NEG
1806393270064271419,NEG
1806391473161843113,NEG
1806390961800638748,NEG
1806385923812458744,NEG
1806385677203828892,NEG
1807843334016086462,NEG
1807843171407167757,NEG
1807842174132015296,NEG
1807834960654655792,NEG
1807812595748950497,NEU
1807811275625320554,POS
1807800681065005432,NEG
1807788455172161828,NEG
1810362550841753602,NEG
1810325969414295642,NEG
1810266773578485898,NEG
1810194875398197474,NEG
1810154299491525044,NEG
1810148017468592504,NEG
1810133073234718721,NEG
1810116650676502573,NEG
1810106618589163618,NEG
1810104533667676418,NEG
1810096791859118484,NEG
1810082499868897307,NEG
1810080657084756395,NEU
1810054135498326357,NEG
1810053486064587151,NEG
1810052928155324787,NEG
1810052338146521380,NEU
1810049371083546625,NEG
1810038920081748044,NEG
1810014498306048203,NEG
1810010720035062217,NEG
1810002979606737258,NEU
1809979093644984424,NEG
1809970122552991908,NEU
1809944444487278648,NEG
1809942230876209163,NEG
1809840658443608290,NEG
1809928784750977158,NEG
1809887456172380493,NEG
1809871882528620857,NEG
1809775719364309332,NEG
1809767207724888539,NEG
1809729266948374726,NEU
1809709259833172476,NEG
1809694498210865176,NEG
1809690497503408600,NEG
1809681921242173565,NEG
1809667713809137696,NEG
1809667370090172573,NEG
1809659666437402822,NEG
1809659138319712642,NEG
1809637266345664603,NEG
1809593642023010690,NEG
1809585412521758940,NEG
1809583102336868652,NEG
1809567527543955854,NEG
1809537522264928599,NEG
1809470846538314237,NEG
1809467459210211602,NEU
1809455969589489715,NEG
1809453528793895385,NEG
1809416991041601928,NEG
1809403809556303968,NEG
1809397043288281507,POS
1809378959970238565,NEG
1809324217701138781,NEG
1809319988848914666,NEG
1809302343810445732,POS
1809017495803580468,NEG
1809297857570017563,NEG
1809285314068054094,NEG
1809246635139961065,NEG
1809235358116118821,NEG
1809100056240234507,NEG
1809069206043865112,NEG
1809065196272365859,NEU
1809063153210368461,NEG
1809054261235286414,NEG
1809052621681971283,NEG
1809051656727711764,NEG
1809043293272973753,NEG
1809043158799691984,NEG
1809031876360778173,NEU
1809021684785070537,NEG
1809008428590801329,NEG
1808997948228882551,NEG
1808994825980518684,NEG
1808982727560929287,NEU
1808982671244341634,POS
1808971533936644139,NEG
1808965364140945438,NEG
1808952494111822126,NEG
1808937808217977325,NEU
1808924021355938072,NEG
1808918386774323373,NEG
1808907645178556827,NEG
1808907111625101482,NEG
1808905881280475301,NEG
1808902588466651535,NEG
1808901193491739063,NEU
1808899596694814945,NEU
1808899461365616908,NEG
1808895115169010130,NEG
1808893301195522301,NEG
1808889497007874185,NEG
1808887709622047161,NEU
1808884441239986316,NEU
1808875020560597054,NEG
1808870783906640068,NEG
1808870261329981716,NEG
1808845038274638197,NEG
1808799133597069516,NEG
1808718884909777074,NEG
1808708899643523479,NEG
1808699564775403575,NEG
1808694738490372183,NEG
1808683938493124830,NEU
1808672120148197795,NEG
1808667877366469081,NEG
1808662753164272079,NEU
1808634322716430397,NEG
1808607935548834177,NEG
1808598866083676493,NEU
1808566829293453393,NEG
1808550319690756461,NEU
1808540810805207332,NEU
1808539825890603026,NEU
1808536107845398762,NEG
1808535367236112428,NEG
1808534778238358004,NEG
1808531384299851897,NEG
1808510507726598554,NEU
1808492136813199599,NEU
1808467336011063508,NEG
1808366515290329557,NEG
1808354566984921421,NEG
1808337897902178305,NEG
1808336946021745050,NEG
1808316715870134358,NEG
1808307135731679603,NEG
1808300882414407932,NEG
1808291059501277383,NEG
1808289703453495516,NEG
1808289385558733024,NEU
1808284586842952062,NEG
1808281868615197161,NEG
1808266447476457576,NEU
1808265851700715798,NEU
1807918104237990373,NEG
1808257124331569378,NEG
1808249484042031444,NEG
1808246955782689276,NEG
1808246488507768965,NEG
1808244195276345542,NEU
1808241523953111402,NEU
1808225603839004895,NEU
1808215544300028181,NEG
1808210400737128584,NEG
1808209484764057668,NEG
1808204012111409363,NEG
1808199475887735241,NEG
1808196181723410501,NEG
1808180080486547690,NEU
1808179139863892316,NEG
1808153702324174907,NEG
1808139650797564293,NEG
1808135359336722551,NEG
1808129925255213248,NEG
1808111391229780021,NEG
1808110344222441904,NEG
1808110035756634148,NEG
1808092047301034317,NEG
1807968004694495669,NEG
1807966725855404240,NEU
1807961722319249537,NEU
1807957909508108556,NEG
1807956252791919074,NEG
1808143740428525897,NEU
1807936030483353985,NEG
1807934315918958849,NEU
1807916359273402517,POS
1807880853847970096,NEG
1807875988594086233,POS
1807863279630668284,NEG
1807861817516904522,NEG
1812820739914956950,NEU
1812753856675172432,NEG
1812750157340913746,NEG
1812712807411884431,NEG
1812697932849717275,NEG
1812677883032166529,NEG
1812674027854385348,NEG
1812667825175007276,NEG
1812656955183296973,NEG
1812653635022528598,NEG
1812532069169242249,NEG
1812635473224905180,NEG
1812634477287309697,NEG
1812634303920034121,NEG
1812630667169006048,NEG
1812595949937770785,NEG
1812590055116206178,NEU
1812517854270414909,NEU
1812499178796282028,POS
1812486394113057045,NEU
1812324202147463412,NEU
1812314976884834685,NEG
1812310853363855759,POS
1812294974299328730,NEG
1812283355540377746,NEG
1812280072528924702,NEG
1812266624189419603,NEG
1812261308839899509,NEU
1812257304827593008,POS
1812229405730595240,NEG
1812189000406347891,NEG
1812185735409152105,NEG
1812167754545336398,NEG
1812127879724982561,NEG
1812111423050264799,NEG
1812105810412965966,NEG
1812095433369321699,NEG
1812035023219900761,NEG
1811930648518525174,NEG
1811915355947700381,NEG
1811873724062150922,NEG
1811860277324837077,NEG
1811857562364436851,NEG
1811854528108507521,NEG
1811837213090439343,NEG
1811837046052565126,NEG
1811835112826319293,NEG
1811828419174289444,NEG
1811824301307224531,NEG
1811818173206814793,NEG
1811814263511519578,NEU
1811814260680343782,NEG
1811814257949835405,NEG
1811814255554965814,NEG
1811786264900768012,NEU
1811775241141764522,NEG
1811731820888707538,NEU
1811715060072382617,NEG
1811690248696393941,NEG
1811670549182939373,NEU
1811585818240147849,NEG
1811584311386149261,NEG
1811546018401374430,NEG
1811534860844171549,NEG
1811532812937543777,NEG
1811531436282802288,NEG
1811514486513369486,NEG
1811501222261616917,NEG
1811499281439764671,NEG
1811485550626459923,NEG
1811464704570556860,NEG
1811457281143218465,NEG
1811456195884118273,NEG
1811453204833435895,NEU
1811419940509130979,NEG
1811403874923634790,NEU
1811399314624676203,NEU
1811343737143841089,NEG
1811336804550799537,NEG
1811279349959586156,NEG
1811259864854745105,NEG
1811238183675343161,NEG
1811235611820302374,NEG
1811230874379133294,NEG
1811227384177127463,NEG
1811226683300569425,NEU
1811195551481843837,NEG
1811186966999793975,NEG
1811157504572670028,NEG
1811157100623515770,NEG
1811127326673096994,POS
1811096509150052790,NEG
1811085000676163644,NEG
1811066382252961936,NEG
1811016099267232122,NEG
1810900778422280627,NEG
1810888153667973448,NEG
1810872118436937941,NEG
1810850741323497922,NEG
1810793417083109699,NEG
1810790970377539949,NEG
1810771193458479296,NEG
1810720247218909418,NEG
1810718976864878668,NEU
1810701305331232838,NEG
1810697872129572867,NEG
1810696542698791296,NEG
1810696049746497892,NEU
1810689963547115598,NEG
1810686944973602921,NEG
1810686813406650520,NEG
1810676264488915052,NEG
1810671929122062469,NEG
1810659729670037960,NEU
1810587729836548178,NEG
1810587071318253986,NEG
1810584722415796645,NEG
1810506315875209356,NEU
1810480075889844360,NEG
1810468309327818762,NEU
1810458742334411226,NEU
1810456983121559932,NEG
1810439558053368033,NEG
1810438158976516125,NEG
1810425132306853937,NEG
1810417555225321546,NEG
1810407325527929147,NEU
1810393472937111730,NEU
1813990692512829688,NEG
1813986339471114583,NEG
1813984722844062198,NEU
1813976036864057535,NEG
1813974568400486561,NEG
1813940453693337940,NEU
1813906148707451141,NEG
1813893010515800365,NEG
1813771311996645726,POS
1813770126468272292,NEG
1813769728491454889,POS
1813765941383340396,NEG
1813759297177719046,NEG
1813759275745132691,NEU
1813758535588798718,NEG
1813756324422803634,NEU
1813753851343978722,NEG
1813738475080019981,POS
1813725940381536531,POS
1813723285311611240,POS
1813719482063573376,NEG
1813701016254296547,NEG
1813698453744283866,NEU
1813687682176053427,POS
1813678544599597489,NEG
1813678043291885902,POS
1813675422900772995,NEG
1813665983095341167,NEU
1813662702734397691,NEG
1813657644248547432,NEU
1813654908199137423,NEG
1813652042084487656,NEG
1813651351286731248,NEU
1813638334134304866,NEG
1813636220540551669,POS
1813602303255130545,POS
1813628296531251557,NEG
1813613612440989724,NEG
1813591406553997513,NEG
1813585477816975858,NEG
1813574762578542841,NEG
1813540848132579832,NEG
1813517159609635211,NEG
1813466433889644736,NEG
1813447021748945286,NEG
1813433539632730140,NEG
1813417251300626782,POS
1813401269312106679,NEG
1813399839733907801,NEG
1813398313871249904,NEG
1813397794775830828,NEG
1813393521170358605,NEG
1813392359058448858,NEG
1813392109157613890,NEG
1813387872923242607,NEG
1813387670497947657,NEG
1813386519547134106,NEG
1813382182880030816,NEG
1813380469561647232,NEG
1813379533967356290,NEG
1813378736642760850,NEG
1813374545413243003,NEG
1813370238408266133,NEG
1813346161329410318,NEG
1813342554705801635,NEG
1813338092687982643,NEG
1813328596120842350,NEG
1813327175350890946,NEU
1813323165986103319,NEG
1813286734588756308,NEG
1813284122682356037,NEG
1813276468027531613,NEG
1813263563655454854,NEG
1813271567310463212,POS
1813271561983447172,NEU
1813257419289473287,NEG
1813256832716316882,NEG
1813250313211814281,NEG
1813245704246002044,NEG
1813208815304573112,NEG
1813245571236323520,NEG
1813228981576999352,NEG
1813213262118281713,NEG
1813180598854259131,NEG
1813042011378733524,NEG
1813031167664533992,NEG
1813017618112258184,NEG
1813011771000561913,NEG
1813011642365390961,NEG
1813000599106933045,NEU
1812993373118341408,NEG
1812987607019889136,NEG
1812967210857689356,NEG
1812926814786101459,NEG
1812918188419825788,NEG
1812909386102415710,NEU
1812908738853867632,NEG
1812889462168338694,NEU
1812863155388747998,POS
1815409059606016505,NEG
1815335809983131878,NEG
1815324748563284475,NEU
1815207367287431625,NEG
1815205018263245305,NEG
1815202386761441467,NEG
1815193425387381161,NEG
1815184235101028369,NEG
1815178760045400564,NEG
1815151823113580620,NEG
1815124583634100363,NEG
1815108094583558610,NEU
1815095732577443952,NEG
1815031573118394546,NEG
1815030571711553631,NEG
1815024906855174614,NEU
1814902527248232457,NEG
1814889373516681353,NEG
1814856907363856612,POS
1814855542226993318,NEU
1814844441640726630,NEG
1814843292896444438,NEG
1814839722755211673,NEG
1814817672552431874,POS
1814813721136447894,POS
1814781461083660797,NEG
1814778791702544591,NEG
1814777697328861188,NEG
1814777513354404298,NEG
1814749717009735747,NEG
1814710148574687310,NEG
1814693861005955493,NEG
1814687990335050124,NEG
1814728489209069619,NEG
1814669751878136216,NEG
1814636700783517988,NEG
1814535729663385812,NEG
1814524695376507291,NEU
1814495953228911039,NEU
1814492674881204352,NEG
1814480860319535181,NEG
1814469994677141816,NEG
1814445096907223328,NEG
1814432802848334292,NEG
1814423530777293119,NEG
1814423442143219951,NEG
1814412133955744158,NEG
1814407652304105687,NEG
1814407095581634758,NEU
1814405401242198297,POS
1814400325438328931,NEG
1814381333055189291,NEG
1814360873567191521,NEU
1814359114081878204,NEU
1814355243049820347,NEG
1814316146692174233,NEU
1814293307322753195,NEG
1814268881449443538,POS
1814248481470533855,NEG
1814173537160114356,NEG
1814147986294730963,NEG
1814129423936888906,NEU
1814128825627812302,NEG
1814113646919729203,NEG
1814107693860401638,NEG
1814089402483605705,NEG
1814085729036751221,NEU
1814059335648981283,POS
1814029960212029612,NEG
1814027689436623258,NEG
1814020399786533291,NEG
1814019802253385905,NEU
1814005087678943510,NEG
1814004842123452546,NEG
1816089169820557569,NEU
1816008661824586124,NEG
1815959244396453972,NEG
1815946305912312205,NEG
1815945308574011665,NEG
1815936676000137389,NEG
1815936297237709291,NEG
1815928135289848069,NEG
1815926704516276561,NEG
1815923220274434235,NEU
1815891648276041742,NEG
1815890024740614594,NEG
1815887042649477443,NEG
1815886617112109413,NEG
1815876529387082059,NEG
1815857958498312322,NEG
1815802226259935642,NEG
1815785386934964236,NEG
1815779998239768603,NEG
1815776872208429434,POS
1815612298578600102,NEG
1815608521007792549,NEU
1815599164568301874,NEG
1815593441910276101,POS
1815576493054984648,NEG
1815568180393410936,NEG
1815568176283095444,NEG
1815568173275422939,NEG
1815559473513009227,NEG
1815534682437550292,NEU
1815557413287723386,NEG
1815548121037848875,NEG
1815546187342041534,NEG
1815535123552407906,NEG
1815533332454596874,NEG
1815496073231876498,NEG
1815485744972243352,NEG
1815468766102503576,NEU
1815453388479623457,NEG
1815445750748192779,NEU
1815434396448477617,NEG
1815415424588083273,POS
1817896132812431412,NEU
1817895643823706453,NEG
1817893914046566451,NEG
1817883548356939809,POS
1817820151397413114,NEG
1817801244301259248,NEG
1817780691913896209,NEG
1817771216700100758,NEG
1817768950123425843,NEG
1817766816355058067,NEG
1817760608340550127,NEG
1817757889991168184,NEG
1817752324426588406,NEG
1817752240817312207,NEG
1817747111976313267,POS
1817745833481113941,NEG
1817743619618418903,NEG
1817738808407838777,NEG
1817688883741474953,NEG
1817738144973779235,NEG
1817737663455043669,NEU
1817737650893132062,NEG
1817728137012068694,NEG
1817720111769276789,NEG
1817718756379910163,NEG
1817716831446077451,NEG
1817711337419710726,NEU
1817697716761158086,NEG
1817685004551594385,NEG
1817682099224055876,NEG
1817672949966500075,NEU
1817665619531059271,NEU
1817655271382286580,NEG
1817648223122551293,NEG
1817641528795238541,NEG
1817635859312640250,NEG
1817631306462666852,NEG
1817628993253933466,NEG
1817628915822907451,NEG
1817620919231119633,NEG
1817620026805100557,NEG
1817605026736402687,NEG
1817600299403460715,NEG
1817596749827207500,NEG
1817595767399309468,NEG
1817586770743333272,NEG
1817585945602043972,NEG
1817575559356154055,NEU
1817570037445861613,NEG
1817569329334063124,NEG
1817565781271437693,NEG
1817565674988011858,NEU
1817556147261374555,NEG
1817552261012140125,POS
1817543499329265918,NEG
1817517273063600305,NEU
1817511304094982561,NEG
1817484533333139527,NEG
1817500969334403235,NEG
1817476735438315677,NEG
1817415461094436870,NEU
1817406862121189750,NEU
1817405807966769152,NEG
1817405548658135485,NEU
1817396732319207504,NEG
1817388159010754886,NEG
1817385613823254835,NEG
1817362919408934947,NEG
1817361203947098346,NEG
1817333355030921342,NEG
1817331527916925291,NEG
1817330496768024835,NEG
1817321683654500634,NEG
1817316503412441187,NEU
1817307209715376158,NEG
1817306057812701229,NEG
1817279972509167700,NEG
1817278449989398896,NEG
1817273439029231823,NEG
1817257962710147392,NEU
1817253767009694071,NEG
1817244063449407736,NEG
1817377612462707016,NEG
1817242925925048686,NEG
1817236939507896522,NEG
1817236719571275786,NEG
1817228268963045606,NEG
1817220416974266481,NEG
1817216024707576121,NEG
1817208193384325211,NEU
1817205203948421273,NEG
1817190520340271585,NEG
1817180256588927047,NEG
1817157375796670514,NEG
1817065243308143043,NEG
1817058600965050555,NEG
1816955930673639521,NEG
1817040665567506505,NEG
1817035654955515954,NEG
1817034276220575935,NEG
1817001643092639934,NEG
1816993403080528307,NEG
1816991372391452876,NEG
1816991316061921359,NEG
1816987223759421652,NEG
1816977715913732128,NEG
1816971782668063030,NEG
1816971236376776933,NEG
1816968864535863595,NEG
1816967442616234183,NEG
1816960429249212573,NEG
1816944264250634530,NEG
1816943044257538094,NEG
1816942863995011572,NEG
1816941505501888823,POS
1816928971352662316,NEG
1816904380370637120,NEU
1816901540566741007,NEG
1816891677438586960,NEU
1816890832449917385,NEG
1816889303185662434,NEG
1816881975988490682,NEG
1816881566594855415,NEG
1816865740420772095,NEG
1816832309158416492,NEG
1816831287337853023,NEG
1816830131874242875,NEU
1816820133014163510,POS
1816816422103785580,NEU
1816797872555188652,NEG
1816704464486547627,NEG
1816699025657155631,NEG
1816694809823739955,NEG
1816687122817941816,NEG
1816661469385097590,NEG
1816599791511744787,NEG
1816585507415163130,NEG
1816571821812072601,NEG
1816567982258290848,NEG
1816566000512274526,NEG
1816546219348623506,NEG
1816532549784715662,NEU
1816514964301218181,NEG
1816510614719598900,NEU
1816500605151568329,NEG
1816489899828384018,NEG
1816488431280869847,NEG
1816488058121842899,NEG
1816478800533676121,NEU
1816477319017402480,NEG
1816473875015741860,NEG
1816457540957351940,NEG
1816446715794178090,NEG
1816443937050984746,NEU
1816329335424389384,NEG
1816321669331337591,NEG
1816308737595838737,NEG
1816292712301072635,NEG
1816291880717443426,NEG
1816289278378353087,NEG
1816282580334870631,NEU
1816279711116349945,NEG
1816262977193955575,NEU
1816258546872262986,NEU
1816251979209007258,NEG
1816244066390036926,NEG
1816239012958580940,NEG
1816212890619179309,NEG
1816208772588507622,NEG
1816190928077603032,NEG
1816189023699992688,NEG
1816168571262681117,NEU
1816158394354393479,NEG
1816157050759418314,NEG
1816149071553351761,NEG
1816140333798842674,NEG
1816133547586941312,NEU
1816112087061438772,NEG
1816109162972987568,NEG
1819221116700811751,NEG
1819197613452689714,NEG
1819175203030565006,NEG
1819171336750592045,NEG
1819169048338342275,NEG
1819155854102614282,NEG
1819135396699131979,NEG
1819131942358638839,NEG
1819131083658875148,NEG
1819124052889686163,NEG
1819097968475361382,POS
1819067187237355644,NEG
1819066763969286584,NEG
1818753880056062145,NEG
1819065303357063196,NEU
1819061734037918064,NEG
1819060364765810705,NEG
1819056036462186582,NEU
1819053971547308422,NEU
1819050561095803075,NEG
1819040787520250158,NEG
1819039667183837314,NEG
1819027172620718272,POS
1819017656697028761,NEG
1819014813403566166,NEG
1818988768356905202,NEG
1818979888021274806,NEG
1818846424458580025,NEG
1818827174259929462,NEG
1818824051592253673,NEG
1818807650622071037,NEG
1818802763960402014,NEU
1818802745777750291,NEG
1818801924973432993,NEG
1818353508045013259,NEG
1818789967734186409,NEG
1818788386250825825,NEG
1818787074801021185,NEG
1818777659436052572,NEU
1818777307307557371,NEG
1818775922897736031,NEG
1818771649636057117,NEG
1818768350488748358,NEG
1818761295446802555,NEG
1818753500139892839,NEG
1818751526040748440,NEG
1818749683554304285,NEG
1818746092458328140,NEG
1818737408793280790,NEG
1818736274192450032,NEG
1818725745235312820,NEG
1818725151103762551,NEG
1818720175933493395,NEG
1818716864542801975,NEG
1818714877571023218,NEG
1818712295620411450,NEG
1818710972019970357,NEG
1818710285751816520,NEG
1818705893178925255,NEG
1818705366735372571,NEG
1818705049486311832,NEG
1818703237618237518,NEG
1818702513421291802,NEG
1818699219076526510,NEG
1818699107718119763,NEG
1818693965517930558,NEG
1818692170150220263,NEG
1818689102830768550,NEG
1818684117820543396,NEG
1818683871971754446,NEG
1818678185262772332,NEG
1818355978540396687,NEG
1818675375326519701,NEG
1818668154035359984,NEG
1818666445108031630,NEG
1818665866067669266,NEU
1818662710201962796,NEG
1818659744724164688,NEG
1818659618005881304,NEG
1818655045719626082,NEG
1818653290688581639,NEG
1818469542462460024,NEG
1818644808065335619,NEG
1818623817473740959,NEG
1818616384261107981,NEG
1818615757078450204,NEU
1818614867818873243,NEG
1818613568947814897,NEG
1818601998603726851,NEU
1818598022529368575,NEG
1818549217104744929,NEG
1818527116725473685,NEG
1818496015088902270,NEG
1818484633375224232,NEG
1818479125679477223,NEG
1818475138532131046,NEG
1818451283470077997,NEG
1818449217653764202,NEG
1818447392951132591,NEG
1818441386091581674,NEG
1818445668681171329,NEG
1818445296516366353,NEG
1818441839969460242,NEG
1818436298832544203,NEG
1818435445975552144,NEU
1818422589351440882,NEG
1818420635682381966,NEG
1818420616690598252,NEG
1818409594332364952,POS
1818401291556835700,NEG
1818401146555306004,NEG
1818391412460667258,NEG
1818390587097465035,NEG
1818390319630536784,NEG
1818389983322857948,NEG
1818389196337275233,NEG
1818388765984858508,NEG
1818384384048730139,NEG
1818384173838864424,NEG
1818384169447329856,NEG
1818383416074637507,NEG
1818380085470412828,NEG
1818377284392300677,NEG
1818373855070523651,NEG
1818371562065871079,NEG
1818370469890081029,NEG
1818366497947025884,NEG
1818365609031213205,NEG
1818365264721051729,NEU
1818359313913856442,NEG
1818332470405632328,NEG
1818311662232801297,NEG
1818309274189062396,NEG
1818302217557848453,NEG
1818241560800051648,NEG
1818223641739297203,NEG
1818213615310180831,NEU
1818147974884561406,NEG
1818105701639553155,NEG
1818105391143620758,NEU
1818104863722500417,NEU
1818094891097862619,NEG
1818087889009336423,NEG
1818084925188317592,NEU
1818067110842745117,NEG
1818058687866352017,NEG
1818051650130780351,NEG
1818035348854984793,NEU
1818030904406851804,NEG
1818025737208942643,NEG
1818018150929363132,NEG
1818008970851738075,NEG
1817994934974083517,NEG
1817991078194130958,NEG
1817976063479205910,NEU
1817972500653031433,NEG
1817964624257613967,NEG
1817964151219925337,NEG
1817961566853013865,NEG
1817958407162499563,NEG
1817956647714935252,NEG
1817951627648655534,POS
1817947810655862851,NEG
1817946894737265036,NEG
1817945082789589168,NEG
1817942374338732202,NEG
1817934048129425898,NEG
1817925261805203946,NEG
1817920388086550840,NEG
1817918911385342098,NEG
1817914448645861382,NEG
1817911872433111423,NEG
1817903263758324034,NEG
1817901682270917100,NEG
1817900382384697539,NEG
1817898981973729738,NEG
1820819706774708423,NEG
1820786447906934973,NEG
1820783486313046051,POS
1820662666689384928,NEG
1820638148835016721,NEG
1820616741338108244,NEG
1820603090023682471,NEG
1820588344713130186,NEG
1820582419835359676,NEG
1820575945755140603,NEG
1820558311910977567,NEU
1820548378201137208,POS
1820543507159015740,NEG
1820539484381003892,NEG
1820538220289102234,NEG
1820529979161190752,NEG
1820529548209057819,NEG
1819784851064521016,NEG
1820521987367993645,NEG
1820517253349273953,NEG
1820498070469238990,NEG
1820493133404406147,NEG
1820487031375753392,NEG
1820472298589356332,NEG
1820459408746275049,NEG
1820434168238530813,NEG
1820375672784650675,NEG
1820322918120735073,NEG
1820317214630711430,NEG
1820311880885244016,NEG
1820287438977122339,NEG
1820287165328200052,NEU
1820273938426925366,NEG
1820272740051394767,NEG
1820251626461966448,NEG
1820231561255751866,NEG
1820221873856053306,NEG
1820204626974490945,NEU
1820185408803647561,NEG
1820151159396483093,NEG
1820130001964220419,NEG
1820121971780362578,NEG
1820119618117075438,NEG
1820113678747804108,NEG
1820113331555807639,NEG
1820101928912630076,NEG
1820097109108081117,NEG
1820095823184556316,NEU
1820092463610282078,NEG
1820091142223913236,NEG
1820084727790911520,NEG
1820084661948665985,NEU
1820010447065501773,NEU
1820004792120254541,NEG
1819959914627752081,NEG
1819950394664952180,NEG
1819913530432184665,NEG
1819903197676265604,NEU
1819889245806608392,NEG
1819882820409479251,NEU
1819882795550003520,NEG
1819855922635723108,NEG
1819826703448838297,NEG
1819822612580532427,NEG
1819820719666057298,NEG
1819820184552554813,NEG
1819814649350836642,NEG
1819795142297165923,NEG
1819787117049872616,NEG
1819786596419252401,NEG
1819785114513187306,NEG
1819780034367766552,NEG
1819773096628265384,NEG
1819771249284763990,NEG
1819738498217251251,NEG
1819766076261183520,NEG
1819761310046794033,NEG
1819752240434880716,NEG
1819739254374682720,NEU
1819727418317279737,NEG
1819712389303959910,NEU
1819711073638850710,NEU
1819663547359502419,NEU
1819611250122248422,NEG
1819568309840302491,NEG
1819548963382468884,NEG
1819540388790538396,NEG
1819498851235229748,NEG
1819491096302338320,NEG
1819481624884445557,NEG
1819472069643718776,NEG
1819468147109646724,NEU
1819463593752252730,NEG
1819450629414441119,NEU
1819441490793308588,NEG
1819431641309135266,NEG
1819407891859697767,POS
1819402603693736220,NEG
1819398275839283629,NEG
1819397301124903090,NEU
1819391963663073352,NEU
1819391925922701811,NEG
1819368160518136221,NEG
1821898539703923027,NEG
1821866773777396018,POS
1821760104116428938,NEG
1821754980702855315,NEG
1821754528531702063,NEG
1821731124957139260,NEG
1821730874007736559,NEG
1821725369545761105,NEG
1821620525233565739,NEG
1821724804212261112,NEU
1821715265182220422,NEG
1821711869184286923,NEG
1821704938168197215,NEG
1821695203083714924,NEG
1821692316416889062,NEG
1821688758078419370,NEG
1821675754800701745,NEG
1821658161230835858,NEG
1821654741358674003,NEG
1821651073993732448,NEG
1821636170088116402,NEU
1821352003768869180,POS
1821609597016404011,NEG
1821605804325400689,NEG
1821602379533299929,POS
1821583795394662459,NEG
1821569871622332759,NEG
1821569154995896797,NEG
1821552844400468103,NEG
1821531676679311508,NEG
1821525320693862758,NEU
1821400756953428461,NEG
1821391389839577528,NEG
1821380004497764802,NEG
1821360955332174023,NEU
1821350287157928100,NEG
1821349880528281939,NEG
1821325598083387506,NEU
1821322307144470909,NEU
1821304229421621437,NEG
1821290039801946352,NEG
1821288672756417019,NEG
1821288286436127099,NEG
1821265614008389702,NEG
1821264463271698613,NEU
1821256337478574117,POS
1821238856479392068,NEU
1821238442765750500,NEG
1821233767689920722,NEG
1821228340734521637,NEG
1821220193885897094,NEG
1821218235376882142,NEG
1821205425867333943,NEG
1821203932409954548,NEG
1821199196457665011,NEG
1821189803427172395,NEG
1821171261608730921,NEG
1821129580842750186,NEU
1821062311970267155,NEG
1821004754501120200,NEG
1820984345630310593,NEG
1820983043064049973,NEG
1820976048286150701,NEG
1820975794480431279,NEG
1820947556329034097,NEU
1820939287463858312,NEG
1820917043513655308,NEG
1820909463290679675,NEG
1820909236928573789,NEG
1820870896527016349,NEG
1820860550592741583,NEG
1820858431806505280,NEG
1820851410864652377,NEU
1824050217206890704,NEG
1824018467281949048,NEG
1823917009135919259,NEG
1823906271696769323,NEG
1823891445033431142,NEG
1823890064117531102,NEG
1823878954719060167,NEG
1823864184515518727,NEG
1823853443527926152,NEG
1823837167418048531,NEG
1823832445940359232,NEG
1823825818956742997,NEG
1823811585162535224,NEG
1823807155520331815,NEG
1823800688171958633,NEG
1823797411367805195,NEG
1823773278051426751,NEG
1823767681352302721,NEG
1823763394928996678,NEG
1823762450304413830,NEG
1823760181819273422,NEG
1823758465640358053,NEG
1823753639196025088,NEG
1823749209306157200,NEG
1823743472525857201,NEG
1823742460494839928,NEG
1823742128050131136,NEG
1823731725366910997,NEG
1823729114010017899,NEG
1823718423500841144,NEG
1823717043696492905,NEG
1823696124013695014,NEG
1823574886842880329,NEG
1823552979993288814,NEG
1823551653984829588,NEG
1823542674156052877,NEG
1823526931293163930,NEG
1823524764373409854,NEG
1823520559797346760,NEG
1823507141371568624,NEG
1823497437446574476,NEG
1823488699125969178,NEG
1823477458903138593,NEG
1823476870324924823,NEG
1823462577126449656,NEU
1823460234959933467,NEU
1823446190949630039,NEU
1823442393573810580,NEG
1823437972546490518,NEG
1823435350053732645,NEG
1823389156476645403,NEG
1823424524924412005,NEG
1823418301151895981,NEU
1823413048562082101,NEG
1823411697761264008,NEU
1823411340645474344,NEU
1823390482463899700,NEG
1823386815837204876,NEG
1823385149574201622,NEG
1823384942484631660,NEG
1823384752000287176,NEG
1823378551728390233,NEG
1823372518570205509,NEG
1823369088124522943,NEG
1823366599140585934,NEG
1823358746522943842,NEG
1823353032463040631,NEG
1823352695844954432,NEG
1823347607252406677,NEG
1823344785454682118,NEG
1823237070728405168,NEG
1823229213974941995,NEG
1823218788218667342,NEG
1823183234080862523,NEG
1823181189663900126,NEG
1823152009974812801,NEU
1823148467394351494,NEG
1823126967324991865,NEG
1823113444154892438,NEG
1823112533474947336,NEG
1823101231016956317,NEG
1823101173420916924,NEG
1823088584251129954,NEG
1823078460090138839,NEG
1823066209853817090,POS
1823059669629235572,NEG
1823052895580729773,NEG
1823049651643138406,NEU
1823041088103371151,NEG
1823023251880030345,NEG
1823018616645636554,NEG
1823014369308856701,NEG
1823012772176703547,NEG
1823002852119187568,NEG
1822956274100707817,NEG
1822816534223327526,NEG
1822779429245845625,NEG
1822775854025335007,NEG
1822759938709455086,NEG
1822726969622135014,POS
1822706982811586812,NEG
1822705960072159397,NEU
1822693596320895357,NEG
1822669878630715729,NEG
1822666432104063049,NEG
1822631946574287319,NEG
1822624534706401743,NEG
1822506365551591911,NEG
1822463197519159709,NEG
1822430185460727951,NEG
1822428523627266244,NEG
1822413083735933055,NEU
1822412487956070871,NEG
1822407374780678499,NEG
1822402134823886943,NEG
1822374208816513531,NEG
1822371591985967401,NEG
1822339403785670973,NEG
1822337725363548175,NEG
1822324959336644993,NEG
1822301975049900238,NEG
1822296645591072854,NEG
1822292806812971498,NEG
1822288263932952890,NEG
1822145773800128763,NEG
1822134290483646779,NEG
1822122443537854707,NEG
1822106491274359184,NEG
1822085443124342950,NEG
1822084571573145674,NEG
1822068296339886119,POS
1822027579601428520,NEU
1822024064028094904,NEG
1822020994623795585,NEG
1822016694442676476,NEG
1821992173430305197,NEG
1821976904817381772,NEG
1821973958264312295,NEG
1821973839804563727,NEG
1821969462935052398,NEG
1821963636296003831,NEG
1821951269784695034,NEG
1821930974696845375,NEG
1821927458351820887,NEG
1821926126945468627,NEG
1821924605495280033,NEG
1825560332699623799,NEG
1825545776115888134,NEG
1825507417670438961,POS
1825503402190659706,NEU
1825412630883737727,NEG
1825356668315541784,NEU
1825354540750700844,NEG
1825353412126351585,NEG
1825349266170147193,NEU
1825345716018934186,NEG
1825334554535624862,NEG
1825326063989436745,NEU
1825323100830908588,NEG
1825311313150513284,NEG
1825294634626478526,NEG
1825278335913431440,NEG
1825235704030400641,NEG
1825228205269135464,NEG
1825221505539846507,NEG
1825190968582430818,NEG
1825187055221043504,NEG
1825169697760833945,NEG
1825169601321119996,NEG
1825050027783319598,NEG
1825045037316554813,NEG
1825002380544373038,NEG
1824992938306241011,NEG
1824979127931187248,NEG
1824964649919353204,NEG
1824940190915555543,POS
1824905474375889036,NEG
1824899632935145829,NEG
1824895079439331467,NEG
1824879109106766058,NEG
1824869063383773440,NEG
1824853008766603664,NEG
1824845917272297767,NEG
1824840627072188652,NEG
1824840088301248673,NEU
1824833158321168804,NEG
1824827020682940694,NEG
1824820390973075730,NEG
1824802051936657637,NEG
1824682097048486045,NEG
1824647206491525465,NEG
1824641220330578288,NEG
1824635168314847695,NEG
1824621618582188433,NEG
1824621361324581037,NEG
1824620726042742874,NEU
1824615967038607715,NEG
1824613323897262234,NEG
1824594924559368633,NEU
1824584346595995669,NEG
1824575272764707146,NEG
1824525273863266638,NEG
1824499239193366946,NEG
1824490062425256175,NEG
1824488737218129938,NEU
1824483782314873108,NEU
1824476776203968558,NEU
1824457603008573562,NEG
1824430330226356546,NEU
1824415944455651524,NEG
1824401945458544856,POS
1824328020858970161,NEG
1824326641717313989,NEG
1824262721426088355,NEG
1824227395001258069,NEG
1824209025346539856,NEG
1824204644073021943,NEG
1824199889963663643,NEG
1824188421343965248,NEG
1824184083402068250,NEG
1824159791016550469,NEG
1824143081458823526,NEG
1824143011405566214,NEG
1824139088770859265,NEU
1824118005644566934,NEG
1824116398789927312,NEG
1824090421569466438,NEG
1824084823356416355,POS
1824084742100353368,NEG
1824075229972279763,NEG
1824071191155425341,NEG
1824065118231007611,NEU
1824057064143864216,NEU
1824056863891107888,POS
1826986593678205079,NEG
1826966472595226724,NEU
1826960487784780010,POS
1826957504321871934,NEG
1826948892669210643,NEG
1826913741369160110,NEG
1826911495407444081,NEG
1826900644441059764,NEG
1826830050731102616,NEG
1826812378744258697,NEG
1826804795681935431,NEG
1826804694104035499,NEG
1826802320014999819,NEU
1826801118082728112,NEG
1826789470646976942,NEG
1826788621845987334,NEG
1826784478112731616,NEG
1826781180127055896,NEU
1826773489602494489,NEG
1826759827579961543,NEG
1826754525149233657,NEG
1826750879879627201,NEG
1826750142772576744,NEU
1826748712707916185,NEG
1826747097057820823,NEG
1826746049886912534,NEG
1826743948997456085,NEU
1826726912095650065,NEU
1826713354813276673,NEG
1826704005248286801,NEU
1826698463884837277,NEG
1826695480874860993,NEG
1826687712931316076,NEU
1826687678815109418,NEG
1826684009155613075,NEG
1826670099954368553,NEG
1826668918892585064,NEG
1826664696851685423,NEG
1826661600956481647,NEG
1826660602347225598,NEG
1826636461569179685,NEG
1826633726245412965,NEG
1826621508825088242,NEU
1826620017397694540,NEG
1826705612706902122,NEG
1826616954939150785,NEG
1826603607384584363,NEU
1826481210849140862,NEG
1826461482017849792,NEG
1826419697413177609,NEG
1826417334103543903,NEG
1826373467698065412,NEU
1826325644537471261,NEG
1826325514665287694,NEG
1826311265469563093,NEU
1826305099591024673,NEG
1826276109555843140,NEG
1826268672815481102,NEU
1826260979698823488,NEG
1826257099778933151,NEG
1826255470203715786,NEG
1826252527060255109,NEU
1826249749491765681,NEG
1826248326997807358,NEU
1826245835677688096,NEG
1826235811597353121,NEG
1826231135984361674,NEG
1826133228295524430,NEG
1826077384636084402,NEG
1826070635501728222,NEU
1826064383094444393,NEG
1825971959412257194,NEG
1826058841747759388,NEG
1826052642772234256,NEG
1826051591440597328,NEG
1826001960300065134,NEG
1825995450773614881,NEG
1825985990051160506,NEG
1825984872940257746,NEG
1825981851938476415,NEU
1825975295444165040,NEU
1825968284757336455,NEU
1825949933771395120,NEG
1825949759401767375,NEG
1825946088647569519,NEU
1825921247303065705,NEG
1825921197281882252,NEG
1825911161247728011,NEU
1825882427656388721,NEG
1825868778069983257,NEU
1825866457470673001,NEG
1825857087789740506,NEG
1825780520384365053,NEG
1825745386033586178,NEG
1825739221111365744,NEG
1825736243088388600,NEG
1825723936828510700,NEG
1825712094827680172,NEG
1825709775612485750,NEG
1825693709230338529,NEG
1825689907492196705,NEG
1825693097394843923,NEG
1825689149749293271,NEG
1825685065122328771,NEU
1825684572534677745,NEG
1825678367691022762,NEU
1825653732618694853,NEG
1825648563172372940,POS
1825643993725805027,NEG
1825638756160057594,NEG
1825634436395970608,NEG
1825629886910005392,NEG
1825603358679511219,NEG
1825596514498167162,NEG
1830576043830263985,NEG
1830576025874387109,NEG
1830576020040073389,NEU
1830576014272954736,NEU
1830576002776416482,NEG
1830571637944603077,NEG
1830561909562564860,NEG
1830471986083999770,NEG
1830454591936180250,NEG
1830452212562034750,NEU
1830431733176520734,NEG
1830429114366329138,NEG
1830421982459900309,NEG
1830389980042006821,NEG
1830370007693312367,NEG
1830344702677139886,NEG
1830340585967820850,NEG
1830337326477643834,NEG
1830327324673294601,NEG
1830311005626200216,NEG
1830303673379110975,NEG
1830301017323524273,NEG
1830298735982629125,NEU
1830296769185694145,NEG
1830292468564439162,NEG
1830278067513688198,NEG
1830274676083314790,NEG
1830264867858927848,NEU
1830261103886319822,NEU
1830240281196904614,NEG
1830237776467693952,NEG
1830149553787396530,NEG
1830074461380325555,NEG
1830040852837622027,NEG
1830037106992755184,NEU
1830029116738830583,NEU
1830027539504402790,NEU
1830021412788031928,NEU
1830009426641608894,NEU
1829999194163089804,NEG
1829986632600068156,NEG
1829979603328442831,NEG
1829972940475285557,NEU
1829953555727319443,POS
1829950979757711518,NEG
1829942861330108614,NEG
1829926422497857574,NEG
1829920458382475464,POS
1829902946919989253,NEG
1829895101860233405,NEU
1829886874535805443,NEU
1829863774993465544,NEG
1829860442740834594,NEG
1829859780867080641,POS
1829842818644222211,NEU
1829827441486917949,NEG
1829799901120622602,NEG
1829748657496678591,NEG
1829695393329766599,POS
1829672905581740256,NEG
1829656183680221389,NEG
1829635666080067605,NEG
1829626105491570996,NEG
1829617272971018250,NEG
1829608550404178060,NEG
1829603127168991496,NEU
1829602194943025444,NEG
1829594046572143021,NEG
1829592641928872068,NEU
1829590686074905060,NEG
1829581263604203911,NEG
1829565701289316512,NEG
1829495357480288451,NEU
1829447252521185522,NEG
1829403440075686182,NEG
1829387717525828066,NEG
1829358341224620142,NEG
1829345566196674880,NEG
1829316792822505955,NEU
1829266179829186717,NEG
1829265304683483253,NEU
1829265055789314544,NEG
1829230203664519661,NEG
1829225965077033419,NEG
1829225962254569729,NEG
1829225954347995360,NEU
1829218636659335216,NEG
1829188178160562366,NEG
1829182508107477192,NEG
1829177484257948062,NEG
1829153826194239594,NEU
1829114358581932263,POS
1829105333421097210,NEU
1829065124440633792,NEG
1829006151482032561,NEG
1829002093178331415,NEG
1828991681800048837,NEG
1828967446172098640,NEG
1828963971891675591,NEG
1828955493772992929,NEG
1828932598254444977,NEG
1828915614473150956,NEG
1828900607094075787,NEG
1828900456774447419,NEG
1828896445472354327,NEG
1828888601251156366,NEG
1828875144590426418,NEG
1828870917931356594,NEU
1828858927447994849,NEG
1828844676641894802,NEG
1828838792364732845,NEG
1828829614074163430,NEG
1828819458561101871,NEG
1828816105462432069,NEG
1828797461391200419,NEG
1828783820558229676,NEG
1828781633723633772,NEG
1828769409168793773,NEG
1828769177391513669,NEG
1828761213376844277,NEU
1828756871521689710,NEG
1828600309192458591,NEG
1828587854953664750,NEG
1828550912576532760,NEG
1828544407253000566,NEU
1828528143654887776,NEG
1828515434259194087,NEG
1828506761038377243,NEG
1828503920811090120,NEU
1828503162724196613,NEG
1828465062631350302,NEU
1828460881149104569,NEG
1828446184932810859,NEG
1828440723776995660,NEG
1828370849008652650,NEG
1828264093339308220,NEG
1828237018427506806,NEU
1828236511491297633,NEG
1828211084362178769,NEG
1828207721734152704,NEG
1828197769443488218,NEG
1828186325360562629,NEG
1828183296351838308,NEG
1828181019700117889,NEG
1828166681039921324,NEG
1828163556807737560,NEG
1828162941453262916,NEG
1828161648311579044,NEG
1828151595248361829,POS
1828151270680756642,POS
1828144602634952838,NEG
1828129056988000383,NEG
1828128088636457015,NEG
1828113142104125671,NEU
1828113137091899569,NEU
1828098557435396464,NEG
1828089457373065515,NEG
1828088977511141611,NEG
1828073856256332103,NEG
1828066398804849025,NEG
1828058837951111518,NEG
1828040365732946168,NEG
1827983043593748489,NEU
1827941783164035398,NEG
1827929297304035455,NEU
1827896640180535641,NEG
1827792788458787206,NEG
1827896634887311603,NEG
1827890912476688531,NEU
1827874893238538504,NEU
1827864614794596497,NEG
1827854119219966015,NEG
1827853792739463200,NEG
1827814026329657714,NEG
1827765989943181581,NEG
1827762586319798569,NEG
1827757711863300426,NEG
1827741746958066044,NEG
1827727205557743853,NEG
1827718046804529154,NEU
1827710069988888814,NEG
1827683653586927888,NEG
1827596896631660993,NEG
1827523205902258266,NEG
1827518932435058730,NEG
1827470021850968554,NEG
1827458374470135957,NEU
1827435533838250374,NEG
1827408502978925004,NEG
1827381101863510254,NEG
1827378663249097067,NEG
1827365076220743849,NEG
1827359385636474974,NEG
1827208042502410335,NEG
1827176112453030249,NEG
1827158063977021672,NEG
1827149518636237186,NEG
1827142905489695004,NEG
1827142131498000709,NEG
1827131780446441878,NEG
1827121908695146578,NEG
1827119589026885844,NEG
1827118684147740998,NEU
1827090865233277378,NEG
1827105134460940480,NEG
1831679702513135931,NEG
1831574797240738068,NEG
1831565182494994526,NEG
1831506970404139163,NEG
1831497666213376480,NEG
1831480788212445189,NEG
1831476439046332716,NEG
1831462560065106145,NEG
1831429564456935577,NEG
1831426756009722225,NEG
1831425365606269414,NEG
1831410735815307558,NEG
1831388175367065889,NEG
1831379858305273929,POS
1831379467652026772,NEG
1831375115764035801,NEG
1831372787740725441,NEG
1831362863333880052,NEG
1831354004921577672,NEG
1831353101099372865,NEG
1831341624661856545,NEG
1831305467164783103,NEG
1831302459282567295,POS
1831260856178413985,NEG
1831184445027565759,NEG
1831175781550051381,NEG
1831153508667494613,NEG
1831143944144482714,NEG
1831139023823176189,NEG
1831110916739412121,NEU
1831108473800863897,NEG
1831101652465590408,NEG
1831094883395989714,NEG
1831086754298003621,NEG
1831083626852999367,NEG
1831067015236436277,NEG
1831065632617669042,NEG
1831049006602137668,NEG
1831044998227538241,NEU
1831031243733106708,NEG
1831030888630821120,NEG
1831019990868430924,NEG
1831015394569548154,NEG
1831009078052589695,NEG
1831000881149382990,NEG
1830966843210899503,NEG
1830966045647220927,NEG
1833079424977187130,NEG
1833070637709136106,NEU
1832978368192487687,NEG
1832976962047906148,NEU
1832970532393726178,NEG
1832516889219629352,NEG
1832958322690929014,NEG
1832957329991434442,NEG
1832951816536957097,NEG
1832947356079153334,NEG
1832947171873714528,POS
1832946153362436602,NEG
1832945618785857899,NEG
1832942767531503847,NEU
1832920598550360433,NEG
1832906995071938694,NEG
1832878337225642365,NEG
1832869173544067219,NEU
1832864011886473680,NEG
1832852583800623361,NEG
1832844781489139776,NEG
1832843228405551590,NEG
1832843138299556199,NEG
1832426447975182661,NEG
1832834435177140608,POS
1832829494333149572,NEG
1832821837408895103,NEU
1832820823964414317,NEG
1832816634504851961,POS
1832814087568253030,NEU
1832497751726407708,NEG
1832810031886021006,NEG
1832802661248143693,NEG
1832793479115616553,NEG
1832792623930581362,NEG
1832790822435082708,NEG
1832744477540094068,NEG
1832741829772513638,NEG
1832722848206512233,NEG
1832665964011225209,NEG
1832632776568242347,NEG
1832615210256826377,NEG
1832609787474759949,POS
1832604937206845526,NEG
1832601385168244817,NEG
1832586078651347173,NEG
1832585229778743785,NEG
1832577390335422802,NEG
1832551108822052905,NEU
1832547504602411445,NEG
1832539765360750756,NEG
1832525960014430665,NEG
1832506947829993751,NEG
1832502364718219342,NEG
1832485017865323003,NEG
1832484452678680743,NEG
1832475662457688301,NEU
1832475195610693655,NEG
1832449782427599097,NEG
1832416822358110546,NEU
1832416139512795430,NEU
1832379932925661508,NEG
1832360529429516732,NEG
1832313704718762007,NEG
1832292887351996617,NEG
1832251590893265198,NEG
1832250658189197469,NEG
1832248231948120458,NEG
1832241960381280409,NEG
1832238557152379066,NEG
1832235335964651647,NEG
1832217202604294465,NEG
1832212745887928472,NEG
1832210325921243392,NEG
1832208473779531860,NEG
1832187858599473198,NEG
1832186522918887465,POS
1832175287976571015,NEU
1832160245952524425,NEG
1832148182496596390,NEG
1832141594474008853,NEG
1832141477528347079,NEG
1832130795080970758,NEG
1832111582589104132,NEG
1832091700438897081,NEU
1832157954319290800,NEG
1832064126316929515,NEG
1832038776517890371,NEG
1831837238969430308,NEG
1832033169320624558,NEG
1832024124543099050,NEG
1831991635468554344,NEU
1831988566416629840,NEG
1831957667356799104,NEG
1831952770536239578,NEG
1831908256262054375,NEG
1831892926261293366,NEG
1831891827852767602,NEG
1831877610860933182,NEG
1831867618019753987,NEU
1831867311151837334,NEG
1831866837614916085,NEG
1831862272572190810,NEG
1831861683368939543,NEG
1831861043443986577,NEG
1831852552255656164,POS
1831842947580752032,NEG
1831814011270394225,NEG
1831795078819688784,NEG
1831763027252932785,NEU
1831756429855785462,NEG
1831750401751970016,NEG
1831748068448129181,NEG
1831742038770950327,NEG
1831698393879416889,NEG
1831697348784767400,NEG
1836011424738316497,NEG
1836010331690164525,NEG
1836008864111526088,NEG
1836005005448434049,NEG
1835987415170719937,NEG
1835912439671529507,NEG
1835881378161860942,NEU
1835872355681185957,NEG
1835856891781464267,NEU
1835856000487698566,NEG
1835661873032687854,NEG
1835855927561302231,NEG
1835854967787172023,NEG
1835852126846668943,NEG
1835851230700069058,NEU
1835841318959906945,NEG
1835841152508944847,NEU
1835831696039546962,NEG
1835828695308587263,NEG
1835820392189219198,NEG
1835820073832907243,NEG
1835810820799791385,NEG
1835805848599413087,NEG
1835800895079989504,NEG
1835796804132040915,NEU
1835787330579226918,NEG
1835786807750926571,NEG
1835786505324998794,NEU
1835783402131251248,NEG
1835771593584455908,NEG
1835769238914736422,NEG
1835766189760389167,NEG
1835765179927134647,NEG
1835739752194269452,POS
1835736963921404212,NEG
1835735007903523243,NEG
1835729073231769750,NEG
1835718035677786625,NEG
1835707915396645184,NEG
1835686909613416516,NEG
1835627108657226183,NEG
1835483635920564638,NEG
1835621868075725292,NEU
1835565286172295650,NEG
1835531935310811472,NEG
1835504439970427111,NEG
1835488550147555832,NEG
1835467676090528236,NEG
1835464052656529823,NEG
1835448473149227019,NEG
1835444433329775045,NEG
1835422571145134336,NEG
1835397714634256796,NEG
1835362842460987478,NEG
1835349254782558361,NEG
1835339739563467179,NEG
1835333518798238023,NEG
1835329344102674647,NEG
1835327114893033927,NEG
1835316579887628549,NEG
1835301879326077295,NEG
1835298304688832785,NEG
1835265198652829765,NEG
1835225892051685754,NEG
1835190638523900157,NEG
1835135359002227054,NEG
1835134462448865710,NEU
1835127039206076436,NEG
1835126740936515683,NEU
1835124771664560343,NEG
1835117452348326218,NEU
1835116098204627351,NEG
1835106573930168805,POS
1835097949426377146,NEG
1835085529357910074,NEG
1835085511159075247,NEG
1835082094684319938,NEU
1835077772491866422,NEG
1835076196259807726,NEG
1835072629574623723,NEU
1835072209745801634,NEG
1835046266570748048,NEG
1835057130207899895,NEG
1835045460865617939,NEG
1835044762820526439,NEG
1835034091315490938,NEG
1835026331542667738,NEG
1835020562239737921,NEG
1835020531055092200,NEG
1835013610504175839,NEG
1835010863293776372,NEG
1835008416793645282,NEG
1834962253650485626,NEG
1834961830726287450,NEG
1834960577778663765,NEG
1834956720751173790,NEG
1834903443703521663,NEU
1834890771343835621,NEG
1834889819173888477,NEG
1834882750085464204,NEG
1834849698487607317,NEG
1834849076044501167,NEG
1834829703749804111,NEG
1834798034032394568,NEG
1834796229068300354,NEG
1834780763130114124,NEG
1834779914366570955,NEG
1834763268394565706,NEG
1834687795941544119,NEG
1834762352157192363,NEU
1834759289379881388,NEG
1834758610301128779,NEG
1834757970996977807,NEG
1834740144563536298,NEG
1834737949042196580,NEG
1834736090332180484,NEG
1834731664657842513,NEG
1834717945366245537,NEU
1834714842097238295,POS
1834705673285726576,NEG
1834703328430686493,NEU
1834702349971210752,NEG
1834700603903074604,NEG
1834689385746342392,NEG
1834670908419485766,NEU
1834665673315991681,NEG
1834660103511064715,NEU
1834652425828831455,NEG
1834622237774663793,NEG
1834620759114703197,NEG
1834434016063127594,NEG
1834613829793198403,NEG
1834607636286763393,NEG
1834599261062726086,NEU
1834597079886245965,NEG
1834577362203115714,NEU
1834571304604754164,NEG
1834558688272506948,NEU
1834548289191944346,NEU
1834459228494250237,NEU
1834445396841488449,NEG
1834443880147698036,NEU
1834396738456600893,NEG
1834373189310337350,NEG
1834355235159970082,NEG
1834336044298408158,NEU
1834335312878993572,NEG
1834320951263011295,NEG
1834289009389891861,NEG
1834276280348385609,NEG
1834274476248174794,NEG
1834272022307946927,NEG
1834257731609305315,NEU
1834252191214793005,NEG
1834245433352237297,NEG
1834223865553109157,NEG
1834136002190823581,NEG
1834096474675724672,NEG
1834076231135875278,NEG
1834071629397098516,NEG
1834034933020422373,NEU
1834009051308409214,NEG
1834001602275147895,NEG
1833999164394402186,NEG
1833997474882617621,NEG
1833994256353993179,NEG
1833983901619884526,NEG
1833983443950010725,NEG
1833963973227561084,POS
1833953659509698901,NEG
1833951921461178430,NEG
1833942733935051200,NEG
1833940082434113908,NEG
1833925676648603718,NEG
1833921516150350148,NEU
1833918799122497701,NEG
1833916514531246377,NEG
1833901184144609317,NEG
1833887499891954029,NEU
1833885712036331797,NEG
1833883715191050456,POS
1833869501298876804,NEG
1833863779760623997,NEG
1833862222574964909,NEG
1833858324237885877,NEG
1833852148875972981,NEG
1833846160026452281,NEU
1833842780466000357,NEG
1833840144849281077,NEG
1833834967484215785,NEG
1833830029936967689,NEG
1833829464502898794,NEG
1833755358185062902,NEG
1833732556837003587,NEG
1833730200082739576,NEU
1833726819490566575,NEG
1833721874083123711,NEU
1833223465693847578,NEG
1833716472595591508,NEG
1833704182508892638,NEG
1833694219082551613,NEG
1833686257181839419,NEG
1833674857088770146,NEG
1833671371353727420,NEG
1833667506046665057,NEG
1833663217270182340,NEG
1833656610784260173,NEG
1833645217033121990,NEG
1833634296596250951,NEG
1833614668432056470,NEU
1833609113013465124,NEG
1833606001888526453,NEG
1833605584005878041,NEG
1833599762777731414,NEG
1833589009916002422,NEG
1833588596617658396,NEG
1833565277025345616,NEU
1833557496046174483,NEG
1833556144754655291,POS
1833553174973538645,NEG
1833549009085977041,NEG
1833542699032682947,NEG
1833533859931296081,NEG
1833528597837189393,NEG
1833527102131605593,NEG
1833478847108448620,NEG
1833462819758469341,NEG
1833397726899277903,NEU
1833359345796452827,NEG
1833326646704705957,NEG
1833313933886702013,NEG
1833293720323809342,NEG
1833291625361015164,NEG
1833288834294952007,NEG
1833279692243407049,NEU
1833266958336135307,NEG
1833258745922507053,NEG
1833255663453061137,NEG
1833245040019481070,NEG
1833238343938936837,NEG
1833234557543612762,NEG
1833224625448210743,NEG
1833222243372999047,NEG
1833191218102112613,NEG
1833178747505090857,NEG
1833175583833960472,NEG
1833135662976864484,NEG
1838909589401510150,NEU
1838907109703888918,NEG
1838859734973051191,NEU
1838778073107271827,NEG
1838762672969441641,NEG
1838759336660578619,NEG
1838740323607924890,NEG
1838739551038152719,NEG
1838738347927191868,NEU
1838719894017204574,NEG
1838710636265513356,NEG
1838658066650132481,NEG
1838657130750153100,NEG
1838655842062663880,NEG
1838634299945341260,NEG
1838626928086897020,NEG
1838624122881863722,NEG
1838605384044495284,POS
1838602208536875174,NEG
1838591359046865355,NEG
1838574106356138162,NEG
1838559487700967616,NEG
1838549318745079944,NEG
1838510050798719193,NEU
1838504406372782454,NEU
1838422639120896015,POS
1838414830383882295,NEG
1838404063823646833,NEG
1838393598053638534,NEG
1838390639542640929,NEG
1838387092012826812,NEG
1838372988002963718,NEG
1838369495544443028,NEG
1838369404926533988,NEU
1838359024175034410,POS
1838341624465625419,NEG
1838329313147404657,NEG
1838293851968061613,NEG
1838293016534028354,NEG
1838291235892613456,NEG
1838289911092326406,NEU
1838283629556043807,NEG
1838281861996466331,NEG
1838263001041809489,NEU
1838246162773553651,NEG
1838230077730963725,NEG
1838211137025810469,NEU
1838207711000867200,NEG
1838200921114710114,NEG
1838198264228638902,NEG
1838192125042639158,NEG
1838155790961570291,NEG
1838061406387581334,NEG
1838060847932793042,NEG
1838040980081004767,NEG
1838018913726087193,NEG
1837991128609538411,NEG
1837976272237994432,NEG
1837965399612076346,NEG
1837929498290876627,NEG
1837917553491890656,NEG
1837899968226513085,NEG
1837874358775099608,NEG
1837899751968174342,NEG
1837881396917883087,NEG
1837817653030703271,NEG
1837698918114558169,NEG
1837681880600129702,NEG
1837674940889235872,NEG
1837658100725149740,NEG
1837650060110168173,NEG
1837631971226165485,NEG
1837620341746675748,NEG
1837613285073359267,NEG
1837602167407951883,NEG
1837592395762094136,NEG
1837571618937491630,NEG
1837555481381945692,NEG
1837554762373648738,NEG
1837504670668898774,NEG
1837157319165325641,NEU
1837478588582383739,NEU
1837180436318925284,NEU
1837449238210330920,NEG
1837447905088618724,NEU
1837397626506850356,NEG
1837371230137020504,NEG
1837314260969345267,NEG
1837298222303252601,POS
1837274303059972111,NEG
1837246255266943375,NEG
1837209096702902498,NEG
1837204129829028191,NEG
1837171258053537945,NEG
1837167335653675452,NEG
1837141676579524803,NEG
1837118663612043277,POS
1837095316459250162,NEU
1836957828348588191,NEG
1836933391360348566,NEG
1836933290260836689,POS
1836921860878942402,NEG
1836896683097214989,NEG
1836875159908798805,NEU
1836875016744345663,NEG
1836872802793669037,NEG
1836860168241308060,NEG
1836858897186894276,NEU
1836839906452082983,NEG
1836829762398081332,NEG
1836822886587171189,NEU
1836821007664836941,NEG
1836818251864584397,NEG
1836809169032073250,NEG
1836757185721667891,NEG
1836755372561907878,POS
1836748470109020250,NEG
1836722336629686326,NEG
1836647146600157678,NEU
1836593315858260235,NEG
1836567629235913214,NEG
1836565700372021318,NEG
1836552290695545189,NEG
1836500272866107532,NEU
1836476848408002810,NEG
1836474592195432777,NEG
1836457427211792722,NEU
1836423857974002029,NEG
1836418771658887170,NEU
1836397552389775614,NEG
1836395969002254555,NEG
1836375982820770131,NEG
1836372173579076000,NEU
1836370258124288254,NEG
1836243394802090099,NEG
1836241090472522074,NEG
1836232194089508981,NEG
1836232012941693099,NEG
1836228973262463460,NEG
1836225157020406022,NEG
1836219612658053516,NEG
1836212453018947872,NEU
1836192343218630945,NEG
1836181716119007268,NEG
1836175650522103993,POS
1836155352385216846,NEG
1836146179782119621,NEG
1836143000763928687,NEG
1836141969153691748,NEG
1836138111991967955,NEG
1836126237787591051,NEG
1836114774544822482,NEG
1836107969634640352,NEG
1836092916227260817,NEG
1835824365021073424,NEG
1836086820427247985,NEG
1836080580246540470,NEG
1836067228443181441,NEG
1836052256132633072,NEG
1836046916427104608,NEG
1836023237890765032,NEG
1836019704097300548,NEG
1839264137475493995,NEG
1839227826358100358,NEG
1839134565266288983,NEU
1839130163377733925,NEG
1839120100432957476,NEG
1839119836196041008,NEG
1839119662774132886,NEG
1839115478314230227,NEG
1839113381447418295,NEG
1839111708129800599,NEG
1839111137939361960,NEG
1839108736394166636,NEG
1839108262697881697,NEU
1839103989285106149,NEG
1839103296314700094,NEG
1839101976442814817,NEG
1839100843162829043,NEG
1839099844197007799,NEG
1839095212297138354,NEU
1839089711110820012,NEU
1839073647283069225,NEG
1839064232769573077,NEU
1839056908038066237,NEG
1839039478033166827,NEG
1839038999941312968,NEG
1839036661788770564,NEG
1839036352853324155,NEU
1839024228403749235,NEG
1839018111653056781,NEG
1839016411793949074,NEU
1838996959585095870,NEG
1838974631119642981,NEG
1838973202778718526,NEU
1838955861856690354,NEG
1838955166881726601,NEG
1838954593184629234,POS
1838953353147027657,NEG
1838950816029331529,NEG
1838924986951581934,NEG
1840734914393571397,NEG
1840734484544582094,NEG
1840724718938194273,NEG
1840703191698071931,NEG
1840700629737488638,NEG
1840693778127995345,NEG
1840691128087031912,NEG
1840633283945603411,NEG
1840600361725276397,NEG
1840584723342479506,NEG
1840582044977344849,NEG
1840579310094094410,NEG
1840568331893403802,POS
1840568070076555608,NEG
1840562622292222095,POS
1840557746761895959,NEG
1840551505436250331,NEG
1840550382218432752,NEU
1840548297276366919,NEG
1840531128811462874,NEG
1840525815953478104,NEG
1840519448194613260,NEU
1840500382256017702,NEG
1840498605238689874,NEG
1840479160042668370,NEG
1840455674330841537,NEG
1840443119017267327,NEG
1840433015878549894,NEG
1840427204427067673,NEU
1840425399035052403,NEG
1840424717754241485,NEG
1840421668692361626,NEU
1840408907040133176,NEG
1840407488434237682,NEG
1840403947435012431,NEG
1840401780707864765,NEG
1840401396299870407,POS
1840400506759282920,NEG
1840397929170829802,NEG
1840395587985854781,NEU
1840392403607278009,NEG
1840390344963133515,NEG
1840369324986445824,NEG
1840315583901978891,NEU
1840253984793055399,NEU
1840232226572624229,NEG
1840219560844148981,NEG
1840207272548470914,NEG
1840198259073007995,NEG
1840173759287656627,NEG
1840170526855114764,NEG
1840162783284842763,NEU
1840149637908292076,NEG
1840142309578682659,NEG
1840140443335471144,NEG
1840134297661124757,NEG
1840119169058062546,NEG
1840102441691557920,NEG
1840090817031016463,NEG
1840048356040601965,NEG
1840042659345322361,NEG
1840039482298343501,NEU
1840026863059493270,NEG
1840019253493211176,NEG
1840014573044179131,NEG
1840001793134125541,NEU
1840001435720651164,NEG
1839905958559965488,NEU
1839884558218436888,NEU
1839878190853931328,NEU
1839845406911398236,NEU
1839842304586100815,NEU
1839815904030228636,NEG
1839813371375263783,NEG
1839798514710392961,NEG
1839793167400407334,NEG
1839765183063044237,NEG
1839762527636381899,NEG
1839757386103345527,NEG
1839743804926251084,NEG
1839700886701879759,NEG
1839674249943859271,NEU
1839651695241920968,NEG
1839544628007096336,NEG
1839534249742877091,NEG
1839522333498749102,NEG
1839509216978972885,POS
1839497227565178961,NEG
1839485440132350231,NEG
1839453113595695579,NEG
1839442310616232307,NEG
1839433790331961537,NEG
1839417700054925454,NEG
1839394264780071049,POS
1839379045974446524,NEG
1839367783823692175,NEG
1839365178242310649,NEG
1839350214353952896,NEG
1839329699727839366,NEG
1839327291589144579,NEG
1839323898833502290,NEG
1839323659225415908,NEG
1839319102055395840,NEG
1839311608394428447,NEG
1853429514627379663,NEG
1853424778192761214,NEG
1853381839714492776,NEG
1853316713938403408,NEG
1853299226656084246,NEG
1853287684996804883,NEU
1853269533986849204,NEG
1853259825322373282,NEG
1853244958066540603,NEG
1853240312035963054,NEG
1853236817618776513,NEG
1853233756624298402,NEG
1853233079277502599,NEG
1853219005785616765,NEG
1853217955833639200,NEG
1853189595531223098,NEG
1853155493293723666,NEU
1853151989217313189,NEU
1853127972967895469,NEG
1853117062735950271,NEG
1853110942453633528,NEG
1853106052440772894,NEG
1853085936998903888,NEG
1853070116868468996,NEG
1853057544559747418,NEG
1853043992838988185,NEG
1853018683456516240,NEU
1852938029997924601,NEG
1852914513760100669,NEG
1852893051900846417,NEG
1852881450648957051,NEU
1852880848581726444,NEG
1852870520410357918,NEU
1852880276130607273,NEG
1852852887447105949,NEG
1852852318913409327,NEG
1852848788823810291,NEG
1852848363210772785,NEG
1852824261443944509,NEG
1852817312216461366,NEG
1852797574228406725,NEU
1852795370285285810,NEG
1852766636509372596,NEG
1852756917652701425,NEG
1852742182656184401,NEU
1852709414282625180,POS
1852698366716612948,NEG
1852697423988060523,NEU
1852660641103822864,NEG
1852635876121100445,NEG
1852530604941726032,NEG
1852483041240961488,NEG
1852478728971899206,NEG
1852440159553241550,NEG
1852437002932625866,NEG
1852432808108527685,NEG
1852391873484099868,NEG
1852387888928796731,NEG
1852373968348455040,NEG
1852372279553818982,NEG
1852369639344365615,NEU
1852356707780891016,NEG
1852354392982233163,NEG
1852349784901710219,POS
1851997040735056149,NEG
1852339543694889348,NEG
1856015039473271054,NEG
1856012755410555267,NEG
1856012214437880029,NEG
1856002721079271580,NEG
1855981992195600581,NEG
1855981765015302437,NEG
1855972551253533187,NEG
1855964894027292896,NEU
1855963143534419996,NEG
1855959274452553768,NEU
1855724135017812368,NEU
1855912478862954806,NEG
1855826209403236605,NEG
1855817039815807413,NEU
1855816060844314881,NEG
1855802584738435248,NEG
1855798941519917339,NEG
1855797848291377597,NEG
1855769304194580679,NEU
1855766540638974364,NEG
1855739339189236129,NEG
1855713802236391589,NEG
1855667656793153663,NEG
1855657449954443525,NEG
1855649993517846528,NEG
1855572346192421155,NEG
1855483426444324962,NEG
1855446642121445586,NEG
1855445124131471871,NEG
1855383273091854580,NEG
1855374619823542356,NEG
1855333528294089175,POS
1855333002374771012,NEG
1855328736000012509,NEG
1855320203699126653,NEG
1855281885032685906,NEU
1855280461565603976,NEG
1855230403109364159,NEG
1855207924383076607,NEG
1855133460999913505,NEG
1855087227820257590,POS
1855080063030464969,NEG
1855070251693883640,NEG
1855024482999538080,NEG
1855014306347118749,NEG
1855002232938258919,NEG
1855000520861110674,NEG
1854977937570922720,NEG
1854977106100244922,NEG
1854967223565087046,NEU
1854956515280457780,NEG
1854954723704815852,NEU
1854938542855578074,NEG
1854927233871163506,NEG
1854908333058072629,NEU
1854908233019777059,NEG
1854888022799483391,NEG
1854886969500660020,NEG
1854876651932311732,NEG
1854869414165827937,NEG
1854853531053809845,NEG
1854846753238917629,NEG
1854843267742937446,NEG
1854832727012339771,POS
1854818500881043899,NEG
1854717465890087223,NEG
1854707155552600276,NEG
1854703999095623863,NEG
1854686676171321593,NEU
1854699620859015270,NEG
1854696579996729522,NEG
1854691323716288926,NEG
1854686488841130322,NEG
1854684726113579243,NEG
1854666709090660394,NEG
1854655569946116268,NEG
1854635733148926182,NEU
1854633919779315837,NEG
1854632933002461614,NEU
1854625685098443199,NEG
1854622851405402147,NEG
1854622646165475479,POS
1854621962036711580,NEG
1854617445115609479,NEG
1854590406937448552,NEG
1854589065988911518,NEG
1854573239483212017,NEU
1854570232406331553,NEG
1854567585104224276,NEG
1854563639782502453,NEU
1854548850997928227,NEG
1854532343588925533,NEG
1854531071968174495,NEG
1854514215186305347,NEU
1854506367379226836,NEG
1854505543978598889,NEG
1854485561160978489,NEG
1854475088038387875,NEG
1854459834491425041,NEG
1854451846821081557,NEG
1854451155683713133,NEG
1854448548823142572,NEG
1854427750733410328,NEG
1854427481630998537,NEG
1854421099766829070,NEG
1854360559946219636,NEG
1854339451956125954,NEU
1854321780128698499,NEG
1854155715859943897,NEG
1854313625327944112,NEU
1854313083591651752,NEG
1854308149290836363,NEU
1854303266542170321,NEG
1854291317972738458,NEG
1854290813796188344,NEG
1854287532919505378,NEG
1854282766734758374,NEG
1854282250659012821,NEG
1854281914267615680,NEG
1854280888231551028,POS
1854280734015390028,NEG
1854279164712366426,NEU
1854279076489445660,NEG
1854278381535449302,NEG
1854268684413624413,NEG
1854266968678822091,NEG
1854266198369911188,NEG
1854265952667406847,NEG
1854262877273591972,NEG
1854262282152300894,NEG
1854245112655630531,NEG
1854237903146119178,NEG
1854216164450169009,NEG
1854189793577492675,NEG
1854183738969620942,NEU
1854177828566167728,NEU
1854175087785640392,NEG
1854164240187224507,NEU
1854148287713914910,NEG
1854145422001873022,NEG
1854173713278591264,NEG
1854143707554914755,NEG
1854143027075235918,POS
1854123481018909117,NEG
1854106353771360430,NEG
1854007635680661998,NEG
1854004496642257121,NEG
1853978689467548141,NEG
1853957644479857011,NEG
1853948027687387358,NEG
1853942261098140022,NEG
1853935243121885549,NEG
1853923688007012436,NEU
1853922814627139599,NEU
1853917050072072265,NEG
1853910772356981140,NEG
1853901410271981802,NEG
1853866339137438162,NEG
1853863285960912985,NEU
1853855977306488918,NEG
1853841425659470268,POS
1853834680371429452,NEG
1853829623034925406,NEU
1853817305731387607,POS
1853779156305121588,NEG
1853749987097628931,NEG
1853727339777048688,NEG
1853627982662807765,NEG
1853610822347698305,NEG
1853606709924630594,NEG
1853605536488628603,NEG
1853603547851485338,NEG
1853600724883484833,NEG
1853581949581115432,NEG
1853574223903457379,NEU
1853574219566653792,NEG
1853553790386848142,NEG
1853553148599693586,NEG
1853540354361811025,POS
1853540204482822637,NEG
1853538466346549250,NEG
1853524398650818746,NEG
1853521991115973046,NEG
1853521911260869090,NEG
1853519560718131333,NEG
1853514877068796214,NEG
1853480638621294805,NEG
1853477099476001153,NEG
1853466485135487026,NEG
1853465692957224970,NEG
1853458649319940388,NEG
1853457526995529844,NEG
1853445291573117432,NEG
1853441788033269904,NEG
1857084371045433448,NEG
1857078017001939199,NEG
1857075529129545984,NEU
1857066894743757164,NEG
1857062204236767484,NEG
1857046143705755660,NEU
1857028912770904391,NEU
1856915749870211381,NEG
1856890649313788385,NEG
1856880632032346218,NEG
1856860654197514356,NEG
1856857777035206733,NEG
1856847502038725065,POS
1856846881546002755,NEG
1856830983409918016,NEG
1856818498460164461,NEU
1856816995528020395,NEG
1856772877191672166,NEG
1856766174547095809,NEG
1856757921767395632,NEG
1856751958956048420,NEG
1856748610135720332,NEG
1856742491980271981,NEU
1856738726296039519,NEG
1856724381021434280,NEG
1856719160866111507,NEG
1856685405501804723,NEG
1856658102008877193,NEU
1856635794338840897,NEG
1856542812134670391,NEG
1856537524509794543,NEG
1856533003578524013,NEG
1856530992883732520,NEG
1856498330278211872,NEG
1856489723990069514,NEG
1856481831308382224,NEG
1856473302635540572,NEG
1856456967759217083,NEG
1856438591322570785,NEG
1856424557567246409,NEU
1856423243780899154,NEU
1856416769948237888,NEU
1856407652810772710,NEG
1856407446236909686,NEG
1856405124605706313,NEU
1856379348288192517,NEG
1856379119920914769,NEG
1856367606749438196,NEG
1856358337668919579,NEU
1856353725813526548,NEG
1856344832051912903,NEG
1856343220432605534,NEU
1856326870905610270,NEG
1856324764760948986,NEG
1856324196034281960,NEU
1856321301645771258,NEU
1856314770674094277,NEG
1856305952191811618,POS
1856299210129248600,NEG
1856284375744184383,NEU
1856172921909059706,NEG
1856168427565531165,NEG
1856166658387173477,NEG
1856154618964668836,NEG
1856139924917104964,NEG
1856137838540026192,NEG
1856133470600224954,NEG
1856120052308742200,NEU
1856291115650978156,NEU
1856115997725356383,NEG
1856113595961970738,NEU
1856111610609250549,NEU
1856091887486042512,NEG
1856076445765751093,NEG
1856061653965541742,NEG
1856058841374306354,NEG
1856044767521444258,NEG
1856036184750764512,NEG
1856035611410411923,NEG
1856020966205173762,NEG
1858888562420154399,NEG
1858888109871570946,NEG
1858882485859279005,NEG
1858873129361088960,NEG
1858872865019621716,NEU
1858816021143965854,NEU
1858801197211156968,NEG
1858755583739834744,NEG
1858725122170847297,NEG
1858562840535134539,NEG
1858721551790534882,NEG
1858706481069031848,NEG
1858693599443013745,NEG
1858692376069287990,NEG
1858672008722346490,NEG
1858671891017355728,NEG
1858664824500003108,NEG
1858608219632869564,NEG
1858658485027667971,NEU
1858652671588081832,NEG
1858651671619854656,NEG
1858646229762089215,POS
1858642996624801908,NEU
1858631269061644701,NEG
1858629173234860523,NEG
1858620712967119347,NEG
1858615085650133110,NEG
1858612096025719218,NEG
1858605548704248317,NEG
1858598039176319166,NEG
1858593993996857747,NEG
1858593398070124891,NEG
1858593009333358765,NEG
1858579370132000918,NEG
1858578998659608935,NEG
1858576206884467179,NEU
1858569303731417117,NEU
1858563012711346654,NEU
1858334126324973871,NEG
1858556908157718978,NEG
1858556566431019115,NEG
1858546533043445879,NEG
1858545023022703008,NEG
1858544309017911716,NEG
1858535929553522690,NEG
1858530183004754049,NEG
1858529261679698215,NEG
1858269070262759735,POS
1858527185230827959,NEG
1858525057691091127,NEU
1858515996832616614,NEG
1858511352693682456,NEG
1858510346652115143,NEG
1858487353372704853,NEU
1858483942652772716,NEG
1858478756534395013,NEG
1858460789562048980,NEG
1858433621679325627,NEG
1858431457997345130,NEG
1858369185731973341,NEU
1858368556938727917,NEG
1858158697513390450,NEG
1858357735181471996,NEU
1858349971889639636,NEG
1858327547513065513,NEG
1858320060537823646,NEG
1858315729331724639,POS
1858305028844642683,NEU
1858299030008205523,NEU
1858298127985614865,NEG
1858289660050456896,POS
1858288432373444649,POS
1858281857562882246,NEG
1858275837516165242,NEG
1858275651574260126,NEG
1858345182422352327,NEG
1858270626974515705,POS
1858269167667048607,POS
1858258103634211190,NEG
1858255087199506807,NEU
1858249592849981638,NEG
1858247431546089718,NEG
1858242805925335219,NEG
1858242466622882281,NEG
1858242074723672383,NEG
1858241855319679139,NEG
1858021466236735645,NEG
1858240928902680579,NEG
1858240126872351172,NEG
1858239817441513696,NEG
1858239564655009917,NEG
1858234661954040016,NEG
1858229756384391544,NEU
1858190176054284607,NEG
1857474041310744660,NEG
1858183625948197214,NEG
1858173581693264213,NEG
1858173093664927973,NEG
1858168520745333036,NEG
1858150281608839434,NEG
1858144840774537690,NEG
1858134739640602951,NEU
1858128887219204542,NEG
1858128642385010972,NEG
1858095637272650217,NEG
1858064006843339061,NEG
1858063233006837869,NEU
1858040585241653714,POS
1858039360391610696,NEG
1858026941158158794,NEG
1857979269357473911,NEG
1857946322365448264,NEG
1857941589588316288,NEG
1857816975004610738,NEG
1857927254807887951,NEG
1857915954627309808,NEG
1857903753489510650,NEG
1857894349654343736,NEG
1857871497076846876,NEG
1857858726352265305,NEU
1857831118407434244,NEG
1857828635182260501,POS
1857821427375767902,NEG
1857818036889059496,NEU
1857810682042867896,NEG
1857800077185790334,NEG
1857770082845212779,NEG
1857731849658789999,NEG
1857680347640610888,NEG
1857631788757057682,NEG
1857616572094792105,NEG
1857603298028638511,NEG
1857602212471648769,NEG
1857595855299068143,NEG
1857588934643007792,NEG
1857578638016749939,NEG
1857517928628805710,NEG
1857494786489594326,NEG
1857458421093597255,NEG
1857434492316663816,POS
1857431522032210151,NEG
1857374662000304459,NEG
1857272412099756288,NEG
1857263432338190631,NEG
1857238254661013899,NEG
1857192075378217001,NEG
1857186517740884008,NEU
1857135910426693741,NEG
1857125720297705803,NEU
1857122437953094095,NEG
1857109849680515270,NEG
1857093192694333706,NEG
1861067607526260854,NEG
1861067353728905230,NEG
1861063858766455050,NEU
1861061984701075948,NEG
1861060282358878485,NEU
1861028634523247048,NEU
1860954752965542186,NEG
1860873707813556386,NEG
1860867171242414095,NEG
1860856879066354028,NEG
1860843945980215386,NEG
1860839894593015872,NEG
1860831503560614036,NEG
1860822212636250256,NEG
1860787588694524371,NEG
1860776640114004268,NEU
1860773965024632868,NEG
1860750888962347216,NEG
1860744331226730548,NEG
1860742599352451132,NEU
1860694264486707315,NEU
1860692316136112604,NEG
1860670575208784343,NEG
1860650568240210204,NEG
1860648231647990103,NEG
1860643979684933666,NEG
1860638867822436530,NEG
1860611266164752631,NEG
1860536326870667686,NEG
1860531285946405150,NEG
1792019415904424337,POS
1860528659662004516,NEG
1860513656053657940,NEU
1860507645255299181,NEG
1860505433376477318,NEG
1860497243863699596,NEG
1860496651632140335,NEG
1860490416837083595,NEG
1860474654751678962,NEG
1860469055670321482,NEG
1860458788311937511,NEG
1860448705066705238,NEU
1860431626456440881,NEG
1860408779117879313,NEU
1860379818073698520,NEG
1860358052064436279,NEU
1860352576987762885,NEG
1860347879480602925,NEG
1860342566366978497,NEG
1860337759606439989,NEG
1860335702065447416,NEG
1860329532386873572,NEG
1860320686348075361,NEG
1860320038030323945,NEG
1860319215145619704,NEG
1859994673999437838,NEG
1860303191016870196,NEG
1860302395797815437,NEG
1860301944671080908,NEU
1860251907240902911,NEG
1860251901914222823,NEU
1860211673820463481,NEG
1860190136316961066,NEG
1860167990521803217,NEG
1860166880587034724,NEG
1860143481509019901,NEG
1860132682476454298,NEG
1860131001412067541,NEG
1860126477825774055,NEG
1860121102250635676,NEG
1860115572119470092,NEG
1860112801592934880,NEG
1860111155609653639,NEG
1860103920921776542,NEG
1860101921505443921,NEG
1860101821559373965,NEG
1860100702124802257,NEG
1860097101541384227,NEG
1860083562315424250,NEG
1860080392000487444,NEU
1860076654380613994,NEU
1860071507881525369,NEU
1860065492880490844,NEG
1860041697180504139,NEG
1860014573316899232,NEG
1860006487411818689,NEG
1860003244900319539,NEU
1860000198468206892,NEU
1859988698504528117,NEG
1859966966464999598,NEG
1859962020369719406,NEG
1859939261925204407,NEU
1859938877383016898,NEG
1859927490795598323,NEG
1859914566953787568,NEG
1859832896821002347,NEG
1859804749656359218,NEG
1859792830056804463,NEG
1859786259847315509,POS
1859783003435827614,POS
1859782995852525960,NEG
1859781117668151562,NEG
1859778563056205960,NEG
1859767059082772561,NEG
1859755960715313510,NEG
1859747736737939866,NEG
1859742799782084831,NEG
1859731795903905847,NEG
1859729656930566225,NEU
1859700329199423951,NEU
1859665246379704462,NEU
1859656708932677731,NEG
1859656440119763088,NEG
1859653318760595723,NEG
1859651217905144052,NEG
1859641691344707918,NEG
1859633773907714342,NEG
1859615190775390210,NEU
1859611094265770476,NEG
1859599691559690394,NEG
1859593997150241113,NEU
1859583150193602832,NEU
1859573447514272034,NEG
1859561516279669219,NEU
1859558569412071598,NEU
1859553298820345921,NEU
1859535207977607633,NEG
1859481559717298525,NEG
1859416909864702393,NEG
1859391957044183333,NEU
1859386991365791844,NEU
1859373355205317010,NEG
1859369425985548458,NEU
1859362564892770447,NEU
1859362063237398714,NEG
1859356867664687484,NEG
1859346529288585224,NEU
1859345948431753696,NEG
1859329053490127220,NEU
1859404086195487033,NEU
1859328323199041769,NEG
1859321748543381700,NEG
1859310086663045140,NEG
1859297735696056755,NEG
1859296650000466353,NEU
1859293525625442444,NEG
1859293458147705199,NEG
1859287610272698712,NEG
1859284477656301855,NEG
1859282141512700216,NEG
1859276086594404792,NEG
1859275259217678372,POS
1859259831489626301,POS
1859256878825402616,NEG
1859253795206705266,NEU
1859251526646055088,NEG
1859249840909148412,NEU
1859246504340238506,NEG
1859245386721907127,NEU
1859240060626833585,NEU
1859237876363383259,NEG
1859227696879837465,NEU
1859220919907996034,NEG
1859203287590846843,NEG
1859198886847402189,POS
1859179548866154546,NEU
1859174330204057958,NEG
1859095936602915023,NEG
1859086048740950312,POS
1859081277514678476,NEG
1859062297362125286,NEG
1859027358386417763,POS
1859245842978197764,NEG
1859046523230683622,NEG
1859038070542319762,NEG
1859021749343711454,NEG
1859010987321696535,NEG
1859007018377638021,NEG
1859001270876729788,NEG
1858999699363213364,NEG
1858997225252417893,NEG
1858982416360317123,NEG
1858981043694686552,NEG
1858969048316604610,NEG
1858951184641368418,NEG
1858942516310995062,NEG
1858942486388883764,NEU
1858938437572948002,NEG
1858930150269685832,NEG
1863658658468417688,NEG
1863643287908663433,POS
1863601339781026121,NEG
1863599092892320144,NEU
1863574072048660565,NEG
1863543983718219945,NEG
1863523035497509327,POS
1863419716645040132,NEU
1863378283871506893,NEG
1863361245459460394,NEG
1863317785952075988,NEG
1863316511646949535,NEG
1863299937225589045,NEG
1863290861053739317,NEG
1863279187445866769,NEG
1863257498469142918,NEG
1863230764550132073,NEU
1863196525381218530,NEG
1863040622371696761,NEU
1863038539119669443,NEG
1863016102877384759,NEG
1862969069541966291,NEG
1862949961748353151,NEG
1862933996650348762,NEG
1862922736722489709,NEG
1862922460657537373,NEG
1862870228897521886,NEG
1862869695839269164,NEG
1862849467092742173,NEG
1862821370570080282,NEG
1862818136086434280,NEG
1862817840211902513,NEG
1862713112891134442,NEG
1862694474205257778,NEG
1862685493831315728,NEU
1862673394946265382,NEU
1862670455137542532,NEG
1862664226113786103,NEG
1862649143727935957,NEG
1862638963040645609,NEG
1862632370249023972,NEU
1862629805847445790,NEU
1862601552688501155,NEG
1862574769301811438,NEG
1862571667672773050,NEU
1862561866083356866,NEG
1862555457644101670,NEG
1862553839506711023,NEG
1862546291189793063,NEU
1862516400788582739,NEG
1862513904410108318,NEU
1862511595374489793,NEG
1862508191797448871,POS
1862507403079524719,NEG
1862503682689962473,NEG
1862486946385215715,NEU
1862485459131117943,NEG
1862479043033018408,NEG
1862465466880463064,NEG
1862460490288386472,NEU
1862364885620789451,NEG
1862321564034686985,NEG
1862309455959863393,NEG
1862278847820894612,NEG
1862241593337544808,NEG
1862214595894476908,NEG
1862214550612811968,NEG
1862115653802393967,NEG
1862206593409913220,NEG
1862197619419672620,NEG
1862194191985455200,NEG
1862189556197474523,NEG
1862183297108836407,POS
1862181629885661543,NEG
1862160913593168088,NEG
1862157619227467855,NEG
1862154830216638720,NEU
1862151048627908754,NEG
1862141803467587634,NEG
1862118067964194954,NEG
1862112592371630433,NEG
1862110670050750725,NEG
1862110216919060481,NEG
1862100457335726584,NEU
1862099779825586231,NEG
1862092354326335735,NEG
1862139547036909580,NEG
1862030171097715082,NEU
1862003008243998855,NEU
1861993477204058552,NEG
1861983776319983667,NEU
1861969756460306808,NEG
1861953028527370377,NEG
1861952578445046083,NEG
1861951749499564264,NEG
1861950068934205591,NEG
1861948642992574693,POS
1861948485223710728,NEG
1861946246539120677,NEU
1861943800576311692,NEG
1861943519910224039,NEG
1861941203509367037,NEG
1861938798403240303,NEG
1861936089583243449,NEG
1861931204909334838,NEU
1861927083514925436,NEG
1861926063376318822,NEG
1861926014852436306,NEG
1861922122873933829,NEG
1861917958521364618,NEG
1861903218394964470,POS
1861889020868907439,NEU
1861886340129779851,NEG
1861884905933684848,NEG
1861605865284891039,NEG
1861876460719329742,NEG
1861876005742284802,POS
1861865276783915350,NEG
1861861862133977497,NEU
1861847766491648459,NEU
1861845570244993392,NEG
1861841696016789863,NEG
1861831707936121309,NEG
1861825513574076676,NEG
1861815067781521630,NEG
1861811200549364115,NEG
1861809231650861255,NEG
1861809200935891073,NEU
1861803303320826035,NEU
1861802640734113915,NEG
1861802627798888948,NEG
1861801246392307953,NEG
1861791230180417903,NEU
1861790953079447917,NEU
1861786369473020240,NEU
1861778553596973152,NEU
1861776581191962991,NEG
1861772902028259466,NEG
1861770789344751796,NEG
1861767241626218708,NEG
1861767042547802569,NEG
1861764802172821870,NEG
1861764378606903299,NEG
1830575997378232383,NEU
1861762664977830142,NEG
1861758278457335865,NEG
1861754947559153953,NEG
1861744796336845061,NEG
1861742431709880679,NEU
1861737845808865734,NEG
1861737503964745776,NEU
1861732901643039006,NEG
1861693049778139297,NEG
1861616346338844717,NEG
1861614756211085670,NEG
1861613385919386061,NEG
1861611569982873757,NEG
1861607524073357567,NEU
1861600564351566250,NEG
1861587647069647014,NEG
1861585715571593662,NEG
1861584292599476392,NEG
1861579381627376109,NEG
1861578331570774265,NEG
1861576595120570702,NEG
1861576097361453460,NEG
1861580587435237581,NEU
1861572019302592527,NEG
1861569408881111089,NEG
1861563675670139119,NEG
1861560680400261388,NEG
1861557587184889878,NEG
1861546443674173737,NEG
1861546121090183430,NEG
1861537523337482352,NEG
1861533089853309180,NEG
1861530316264927312,NEG
1861520746985537661,NEG
1861511175780909201,NEG
1861499213936283748,POS
1861471623305461782,NEG
1861463538557960552,NEG
1861453252362985550,NEG
1861445926583222497,NEU
1861449316595823019,NEG
1861433638597841141,NEG
1861433258375786943,NEG
1861428714841481224,NEU
1861428314998509978,NEG
1861424595036684670,NEU
1861423121393160493,NEG
1861410004730818854,NEG
1861404848945586482,NEG
1861392608603279658,NEG
1861373341552009222,NEU
1861280258940391591,POS
1861273227328118973,NEG
1861271799968727543,NEG
1861176650991288588,NEG
1861165542893137980,NEG
1861146734652444762,NEG
1861125375515869236,NEG
1861101270632714298,NEG
1861097278926156283,NEG
1861083460388987046,NEG
1864365792227164356,NEU
1864365329826058293,NEG
1864332370783899915,NEG
1864316184029466846,NEG
1864314965751927213,NEG
1864274293091103103,NEG
1864230222305849571,NEU
1864169753675215293,NEG
1864168064255684661,NEG
1864132056231424193,NEG
1864129222400172337,NEG
1864123050578346084,NEG
1864108202301747399,NEG
1864095171085730063,NEG
1864087827819970640,NEG
1864083688545231301,NEG
1864074571713790002,NEG
1864056772614381940,NEU
1864040806551630186,NEG
1864023012829176314,NEG
1864014440913326289,NEG
1863989886950187076,NEG
1863954920136740885,POS
1863874327772287464,NEU
1863220770404520044,NEG
1863871529844404692,NEU
1863840200738140442,NEG
1863820433679691944,NEG
1863811822719041684,NEG
1863792059053744623,NEG
1863780978839232626,NEG
1863779820515065944,NEU
1863779619142357439,NEG
1863774139556729070,NEG
1863765043189252344,NEU
1863758290569552103,NEG
1863734458844610662,NEG
1863728603231351234,NEG
1863728044604621146,NEG
1863695729748750340,NEG
1863691226681102710,NEG
1863689711321039234,NEG
1863676667773755589,NEG
1866200075149430929,NEG
1866184426067009672,NEU
1866174772670828810,NEG
1866165251068084483,NEG
1866154792386502788,NEG
1866140207478698352,NEG
1866134040119787571,NEG
1866121638535741473,NEG
1866115976762216573,POS
1866099313073328480,NEG
1866083258246779017,NEG
1866017170616119622,NEG
1865970572229820651,NEG
1865966993905516970,NEG
1865965019902673157,NEG
1865927930301305323,NEG
1865888510311551459,NEG
1865884286772986181,NEG
1865825535148048472,NEG
1865823395742392708,NEU
1865804072504234250,NEG
1865800501058519425,NEG
1865795671887909110,NEG
1865775375172751748,NEG
1865761765700903341,NEG
1865684807516344741,NEG
1865658398433501468,NEU
1865644949401678216,NEG
1865607006364537243,NEG
1865585608590061761,NEG
1865578121019142397,NEG
1865562306500825263,NEG
1865544562690662831,NEG
1865468097013977221,NEG
1865450851529007197,NEG
1865448454983442799,NEG
1865408659922002115,NEG
1865396544133865932,NEU
1865383708125016105,NEG
1865362176023601629,NEG
1865352212597092670,NEU
1865274325227434044,NEU
1865247824259993986,NEG
1865236312854335762,NEG
1865198243627368711,NEG
1865222643504316574,NEG
1865217129265434894,NEU
1865198151658819838,NEG
1865169403530109363,NEG
1865157077364093217,NEG
1865143086273159264,NEG
1865140335933817202,NEU
1865128545229385775,NEU
1865114824683688385,NEG
1865114702516191521,NEG
1865106088628015346,POS
1864493944077267260,NEG
1865104587574706639,NEU
1865099820181889398,NEG
1865092121000063280,NEG
1865080160631877949,NEG
1865079912677199976,NEG
1865065337990926521,NEG
1865063131786936698,NEG
1865048002995409406,NEG
1865042500466950628,POS
1865042139710734374,NEG
1865026461918183638,NEG
1865024913276330242,NEG
1865023879338467603,NEG
1865020679445188850,NEG
1865020200527011891,NEG
1865019043154935891,NEG
1865018678619545990,NEG
1865017917634449918,NEG
1865014451549749650,NEG
1865012278887596246,NEG
1865010023501320394,NEG
1864995348982178056,NEG
1864993591002529828,NEG
1864983829598896316,NEG
1864955228228899154,NEG
1864918337156751786,NEG
1864891513357950977,NEG
1864862072938414589,NEU
1864861117106839803,NEU
1864858122315055465,NEG
1864852993725640741,NEG
1864846211959726096,NEG
1864832803642237110,NEG
1864815627174576145,NEG
1864809976411127897,NEG
1864803692051857566,NEG
1864802343272780148,NEG
1864781858971505021,NEG
1864764951337787807,NEG
1864748591434064251,NEG
1864748165062090921,NEU
1864745796043706612,NEU
1864740211462148272,NEG
1864735185356370254,NEG
1864727437570941301,NEG
1864722555501682828,NEG
1864707745904984453,NEG
1864705818156728808,NEU
1864697823809147040,NEU
1864678061574066300,NEG
1864670936064004349,NEG
1864606490616529146,NEG
1864525041548804516,NEG
1864508017732993535,NEG
1864499155772612812,NEG
1864491545275113799,NEG
1864487989335716318,NEG
1864486136803938549,NEG
1864476389098807672,NEG
1864475653250121743,NEG
1864466733689442746,NEG
1864465851946054066,NEG
1864454754631344421,NEG
1864433012039143448,NEG
1864432609943584847,POS
1864396430997172268,POS
1864394233769041987,NEG
1864387389939994725,NEU
1864386614387990893,NEG
1868711257291043124,POS
1868711250525626744,NEU
1868708637478379729,NEG
1868704691422740646,NEG
1868703820848812036,NEG
1868700387303465256,NEU
1868700297041936883,NEU
1868680654864712164,NEG
1868646790381355132,NEG
1868622500810379715,NEU
1868618507212210261,NEG
1868608757028319737,NEG
1868566011269779525,NEG
1868510405628133704,NEG
1868478686984540196,NEG
1868462302434886059,NEU
1868449864209834206,NEG
1868438119780938035,NEG
1868421715069390980,NEG
1868413372296999389,NEU
1868412935061585926,NEG
1868402665186898332,NEG
1868400512980410618,NEU
1868378672128053607,NEG
1868371698615246977,NEG
1868364645230412138,NEU
1868351762975047830,NEG
1868331716282319148,NEG
1868324518738919710,NEG
1868319957647286289,NEG
1868314730420740293,POS
1868313811809083834,NEG
1868304243586965665,NEG
1868296123242217885,NEG
1868293099186999334,NEU
1868286329068630452,NEU
1868279710700155294,NEG
1868256583802822704,NEU
1868146921577308193,NEG
1868122085937356809,NEG
1868111472980787225,NEG
1868096101959827556,NEG
1868094690266157137,NEG
1868088050846203929,NEG
1868087016572834266,NEG
1868081328216027378,NEG
1868081091640471862,NEG
1868079744702632284,NEG
1868069101748564078,NEG
1868063327517368575,NEG
1868060681028661753,POS
1868038665194405963,NEG
1868010784888086809,NEG
1868003991734657244,NEG
1868001854124441603,NEU
1867995019006918782,NEG
1867992585886994852,NEG
1867834821168513421,NEG
1867805375271252224,NEU
1867797941018407413,NEG
1867775043058745517,NEG
1867769911063589134,NEG
1867766711740772652,NEG
1867749868678394026,NEG
1867748464861339845,NEG
1867706928933036041,NEG
1867704346768814434,NEG
1867664415916499013,NEG
1867657000555044903,NEU
1867642833873797379,NEU
1867640578948976986,NEG
1867640352770814246,NEG
1867637611105595782,NEG
1867631840980598833,NEG
1867625971982991806,POS
1867625708895220016,NEG
1867624466131333363,NEG
1867618811723006055,NEU
1867614294122066182,NEG
1867612336845942809,NEG
1867602744124600387,NEG
1867595173506515342,NEG
1867589681681977525,NEG
1867589486366142589,NEG
1867582251220807835,NEG
1867561796997198274,NEU
1867555638878109721,NEG
1867551579022254482,NEG
1867539259626078470,NEG
1867538849502515466,NEG
1867534850452075035,NEG
1867533300149186731,NEG
1867511952454648289,NEG
1867499029397221872,NEG
1867416061366481136,NEG
1867403773787701577,NEU
1867401167787241977,NEG
1867400708380594611,NEG
1867353726467408317,NEG
1867337846643900889,NEG
1867329178871218342,NEG
1867309881440809149,NEG
1867278113337749530,POS
1867277615582916669,POS
1867270523635323053,NEG
1867247744609386694,NEG
1867222876535112002,NEG
1867196912144634095,NEG
1867191644170395820,NEG
1867184831463072246,NEG
1867142870760644863,NEU
1867135763302760452,NEG
1867133156949970952,NEG
1867123749230944753,NEG
1867094010034102731,NEG
1867038347899834562,NEG
1867006966649745802,NEG
1867004071049122051,POS
1866967888302837879,NEG
1866959559958389187,NEG
1866958985972031553,NEG
1866952971898036346,NEG
1866923599434748358,NEU
1866915772586430794,NEG
1866914638602108947,NEG
1866897311458078765,NEU
1866892218360905956,NEU
1866888727827714387,NEU
1866844729050079408,NEG
1866828106298007824,NEG
1866826102150402218,NEG
1866821290176520292,NEG
1866820347645006335,NEG
1866779904429212122,NEG
1866696141871714390,POS
1866693792499167608,NEG
1866620400219693066,NEG
1866603318526541916,NEG
1866575056358326755,NEG
1866556692281901340,NEG
1866528551970935209,NEG
1866526103633899802,NEG
1866517441569824838,NEG
1866509458295124141,NEG
1866499665119658439,NEG
1866451494855147795,NEG
1866385013870338063,NEG
1866331431250661589,POS
1866321596618518701,NEG
1866291575946363062,NEG
1866257868413923478,NEU
1866256785285292460,NEG
1866246777600364824,NEG
1866245490557194497,NEG
1866238735425102182,NEG
1866238614188728745,NEU
1870045511706620107,NEG
1870035244843254113,NEU
1869986778297368931,NEU
1869936828247105677,NEG
1869926153374576759,NEG
1869925746443202676,POS
1869914182046585208,NEU
1869911405337399299,NEG
1869901923572215827,NEU
1869895269212402045,NEG
1869895210177835242,NEG
1869892367244820598,NEG
1869839238679933228,NEG
1869830987926122676,NEG
1869820228399706463,NEG
1869804401164202213,NEG
1869748786136031740,NEG
1869735181319586303,NEG
1869734502312108400,POS
1869718352077500656,NEG
1869711968069943676,NEG
1869602972029882450,NEG
1869601374851522843,NEG
1869578976622194757,NEU
1869564334281769346,NEG
1869552771952984389,NEG
1869551955309465885,NEG
1869544070554714129,NEU
1869539820600713223,NEG
1869539396762132767,NEU
1869539393645560298,NEG
1869534827831267710,NEG
1869534677469725089,NEU
1869529775632699688,NEG
1869518686954119413,NEU
1869499747637375448,NEG
1869499603911090418,NEG
1869492587364794511,NEG
1869485866084962639,NEG
1869478263380447343,NEG
1869447502996570284,NEG
1869437734483612053,NEG
1869435444951474669,NEU
1869435040440193081,NEG
1869432594670202989,NEU
1869431697156255768,NEG
1869409485745496459,NEG
1869374649546756598,NEG
1869371373409427598,NEG
1869349858974593409,NEU
1869348697433309359,NEG
1868980208537067701,NEG
1869339516504543473,NEG
1869328461850108166,NEG
1869287196387373234,NEG
1868791182886866960,NEG
1869228416660382154,NEG
1869223097209065622,NEG
1869212544604541374,NEU
1869205199988170826,NEG
1869200605270646973,NEG
1869199735409795399,NEG
1869192712207180050,NEG
1869186607217308014,NEG
1869185778850648554,NEG
1869179430255665353,NEG
1868552888739676172,NEG
1869175731387047966,NEU
1869168654858011108,NEG
1869164719258710078,NEG
1869160782627590296,NEG
1869159098304106753,NEG
1869157803597918621,NEG
1869155532130660648,NEG
1869151239235395934,NEG
1869150740952055915,NEG
1869148580260495550,NEG
1869145943230308791,NEG
1869139957497094458,NEU
1869137575379914773,NEU
1869136313116766634,NEG
1869131546470515076,NEG
1869129210415268056,NEG
1869127853847298522,NEG
1869122812755218520,NEG
1869110825824452653,NEG
1868451128972554648,NEG
1869103581804257627,NEG
1869102444502045025,NEU
1869101660112613536,NEG
1869098008673165455,NEG
1869090640476401862,NEG
1869088285664178509,NEU
1869082640273617159,NEG
1869081192819273823,NEG
1869080714916053452,NEG
1869070734313791820,NEG
1869067353067286537,NEG
1869063325176451485,NEU
1869056027435597935,NEG
1869053905046528129,NEG
1869053653858038153,NEG
1869050719124566352,NEG
1869050229653430607,NEG
1869043737441325389,NEG
1869026388784959967,NEU
1869025785644023913,NEG
1869012850867634453,NEG
1869006879206392113,NEG
1868979712829407589,NEG
1868979074343006678,NEG
1868972704566849916,NEU
1868942507935252859,NEG
1868917645606871544,POS
1868888796378677618,NEG
1868877925845742033,NEG
1868873764207051034,NEU
1868855774979801235,NEG
1868853222599016642,NEG
1868847158482616453,NEG
1868841623641293209,NEG
1868835795706290376,NEU
1868810130529321204,NEG
1868809765222334881,NEU
1868806718173724808,NEG
1868803590263034299,NEG
1868803455470780825,NEG
1868803004109066726,NEG
1868799957924561285,NEG
1868786557341278217,NEG
1868783993761706066,NEG
1868779029652029489,NEG
1868767329288630592,NEG
1868765327229960212,NEG
1868761699991667200,NEU
1868747084482200016,POS
1868741959432782335,NEU
