id_str,sustantivos_robertuito
1747300752475730129,"['kg', 'orto', 'sobrepeso', 'peso', 'altura', 'peso']"
1747297783743197385,"['años', 'tendencias', 'sobrepeso', 'boca']"
1747292672232931781,"['tabla', 'pediatra', 'años']"
1747046404873175457,"['huevo', 'kg', 'lista', 'hadid']"
1747291200812400862,"['curiosidad', 'gente', 'kilos', 'veces', 'placer', 'comida', 'tiempo', 'plato', 'dedos']"
1747290395032142059,"['lista', 'sobrepeso']"
1747290326476226858,['cuadro']
1747287065300017356,"['dioss,,,es', 'azucar', 'fibra', 'minerales', 'OBESIDAD', 'BANANA']"
1747286327123423546,"['razón', 'médico', 'kg']"
1747284157691035981,"['obesidad', 'persona', 'deciciones', 'hora', 'deciciones', 'resto', 'argentinos', 'bolsa', 'trigliceridos', 'sueldo']"
1747270229523370181,"['plata', 'hombre', 'mina', 'hijos', 'hijos', 'problema', 'mujer']"
1747269528143454681,"['mina', 'videos', 'imagen']"
1747254626791903317,"['necesidad', 'nena']"
1747252762742780074,"['gordura', 'pete']"
1747242402375463158,"['morfi', 'peso']"
1747240691053232383,[]
1747153247696015782,[]
1747114851883716742,"[' ', 'emoji', 'manos', 'oración', ' ', 'manos', 'oración', ' ', 'emoji', 'manos', 'oración']"
1747113274146001066,"['panadería', 'heladería', 'rato', 'helados', 'cosas', 'panadería', 'tortas', 'biscochos', 'grasa', 'palitos', 'obeso', ' ']"
1747109221697540208,['serio']
1747104883994423494,"['vecina', 'chapa']"
1747100121844641863,"['GOL', 'STREAMER', 'SOBREPESO']"
1747094621241458876,"['mayoría', 'país', 'razón', 'obesidad']"
1746921934678331409,"['hija', 'puta']"
1747077459973927359,"['mamertos', 'altura', 'gente', 'película', 'realidad']"
1747076543719805276,"['años', 'peso']"
1747062638809419989,['pedazo']
1747049101978456106,"['obesidad', 'enfermedad', 'persona', 'agua', 'gaseosa', 'coca', 'cola', 'gente', 'lado', 'abusos', 'gente']"
1747044699473314265,"['crítica', 'gente', 'lugar', 'niño', 'diabético', 'familia', 'tiempo', 'angustia', 'reloj', 'información', 'salud', 'cálidad', 'vida', 'metabolismo']"
1747042202428076039,"['gente', 'gaseosas', 'azucar', 'alfajores', 'arroz', 'calorías', 'montón', 'calorías', 'obesidad', 'consumidór']"
1747037481529229671,"['tema', 'peso', 'pluma', 'lástima', 'peso', 'pluma']"
1747037338440499598,[]
1747023336733876377,"['obesidad', 'control', 'glucémico', 'exceso', 'azúcares']"
1746855321421623411,"['obesidad', 'ley', 'octógonos']"
1747020399773167652,"['sobrepeso', 'gastritis', 'mayoría', 'frutas', 'verduras', 'médico', 'cosas', 'teoría', 'estómago', 'veneno']"
1747011548927688829,"['mujer', 'hija', 'obesidad', ' ', 'emoji', 'cara', 'emoji', ' ', 'emoji', 'símbolos', 'boca', 'emoji']"
1747007584253407529,"['casos', 'custodia', 'negligencia', 'multa', 'tenencia', 'adulto', 'nene', 'culpa', 'nena']"
1746972204049269056,"['arquero', 'borde', 'retiro', 'sobrepeso', 'ganas', 'contras']"
1746970836676886906,"['mayoria', 'diputados', 'senadores', 'mundo', 'salud', 'educación', 'hambre', 'medialunas', 'mitad', 'sobrepeso', 'vuelos', 'alojamiento']"
1746968984463819039,"['años', 'tendencia', 'sobrepeso', 'calidad', 'vínculo', 'presidente', 'club']"
1746961147008303305,['obesidad']
1746960317668561009,"['vida', 'culpa', 'gordura', 'plato', 'ravioles', 'domingo', 'BOBO']"
1746945769007919473,"['favor', 'realidad', 'obeso']"
1746944918054973613,['futbolista']
1746943177108459994,"['amiga', 'vecinos', 'culpa', 'frío', 'verano', 'inmundicia']"
1746940942962045048,"['kg', 'kg', 'kg', 'volumen', 'kg', 'musculo', 'crema', 'mani', 'volumen']"
1746931885463220731,"['colesterol', 'obesidad']"
1746929704886513986,"['libertario', 'sobrepeso', 'barba']"
1746925432790794574,['cara']
1746894348367581588,"['2023', 'clase', 'fármacos', 'peso', 'resultados', 'diabetes', 'años', 'GLP-1', 'obesidad', 'interés', 'comunidad', 'científica']"
1746894345364447603,"['emoji', 'índice', 'derecha', 'emoji', 'medicamento', 'causas', 'obesidad', 'genéticas', 'riesgos', 'peligro', 'vida', 'cardiopatías', 'diabetes', 'artritis', 'enfermedades', 'tabaquismo', 'tipos', 'cáncer']"
1746891854463770786,"['trabajo', 'sobrepeso', 'tráfico']"
1746887596708438072,"['rotura', 'ligamentos', 'ejemplo', 'exjugadores', 'momento', 'sobrepeso', 'bolsillos', 'hambre', 'gloria', 'favor', 'foquitas']"
1746848950160707666,"['técnica', 'volumen', 'intensidad', 'ejercicios', 'problemas']"
1746800892752306391,"['lástima', 'larvas', 'cucarachas', 'dignidad', 'chavestia', 'hambre', 'caterva', 'narcos', 'cara', 'cosa', 'sociedad', 'todo']"
1746763855638761746,"['Bolívar', ' ', 'emoji', 'manos', 'piel', 'emoji', ' ', 'emoji', 'manos', 'piel', 'emoji', ' ', 'emoji', 'manos', 'piel', 'emoji']"
1746736922452451715,"['sanciones', 'gordura', 'grasa', 'amigo']"
1746730759300284697,"['trolos', 'chetas', 'obesos', 'tribuna', 'orto', 'gente']"
1746721224825176352,[]
1746715238177689916,"['circulación', 'gordura']"
1746712909483282944,"['gente', 'rombos', 'etiquetado', 'alimentos', 'fumadores', 'foto', 'marquilla']"
1746711825834479896,"['vacaciones', 'rey', 'rey', 'rey', 'monarca']"
1746711597827920369,"['barrio', 'trío', 'mina', 'sobrepeso', 'palos', 'santelmo']"
1746698270766674195,"['cuerpos', 'persona']"
1746696767133913466,"['obesidad', 'microbioma', 'gatos']"
1746689759269843203,"['abuela', 'meses', 'señora']"
1746686645208813962,"['secta', 'pacientes', 'mano', 'señal', 'victoria', 'tono', 'piel']"
1746683558456971451,"['sobrepeso', 'hijo', 's']"
1746676564274581995,"['años', 'culpa', 'obesidad', 'plato', 'ravioles', 'domigo', 'guanacos']"
1746674809394680079,"['punto', 'veces', 'mano', 'discriminación', 'niño', 'sobrepeso', 'hábitos', 'cosa']"
1746669916139192329,"['niñez', 'alimentación', 'sellos', 'antofagasta', 'índices', 'sobrepeso', 'obesidad', 'enfermedades', 'vez', 'aumento', 'tasa', 'niñ', 'condición', 'sedentarismo']"
1746667776591171948,"['gordura', 'coso']"
1746663159409086506,"['rey', 'brazos', 'novia']"
1746661107551363299,"['piel', 'bronceado', 'pelo', 'playa']"
1746660960947916826,"['gordura', 'hinchazón', 'fafafa']"
1746657412818350302,"['pediatra', 'niños', 'adolescentes', 'obesidad', 'grupo', 'edision', 'programa', 'agresion']"
1746650267590770819,"['cara', 'día', 'liposuccion', 'años', 'persona', 'sobrepeso', 'meses', 'gimnasio', 'cirugía']"
1746649005306655083,"['gordura', 'tema', 'comida', 'amigo']"
1746638340634370454,"['señora', 'gas', 'contenedor', 'cuadras']"
1746635009903985149,"['obesas', 'cara', 'lágrimas']"
1746623122994823559,"['ojo', 'directiva', 'hombre', 'años', 'sobrepeso', 'opción', 'años', 'atleta', 'valor', 'reventa', 'paraguayo', 'facultad', 'medicina']"
1746611446471893463,"['chico', 'años', 'nieto', 'quasimodo', 'hijas', 'ser']"
1746605431038873880,"['orto', 'cuenta']"
1746603183764275632,"['rolingas', 'feministas', 'progres']"
1746599710540841214,"['combos', 'mc', 'chica', 'mitad', 'chocotorta', ' ', 'emoji', 'cara', 'emoji', 'k', 'patada', 'gordura']"
1746584272608137663,"['problema', 'moral', 'problema', 'congreso', 'primaria', 'ideología', 'gobierno', 'gobierno']"
1746560893205225785,"['gente', 'cuadratura', 'círculo', 'esqueleto', 'meretriz', 'helado', 'cosas', 'cuadratura', 'círculo', 'chorizo', 'hilo', 'años']"
1746532017456423038,"['flequillo', 'verruga', 'sobrepeso', 'mirada']"
1746526537027830176,"['gente', 'cuadratura', 'círculo', 'esqueleto', 'meretriz', 'helado', 'cosas', 'pelotudeces']"
1746499255265628595,['ministros']
1746447144272191492,"['cuidado', 'abuela', 'retoños']"
1746445105148342539,"['cuello', 'escena', 'crímen']"
1746433626634346647,"['gatas', 'gato', 'cama']"
1746433322685718863,"['cama', 'gatos']"
1746412153446224254,"['sabrina', 'obesidad']"
1746386461446861127,"['moda', 'PATOLOGÍAS', 'obesidad', 'trastornos', 'neurodivergencia', 'actualidad']"
1746384950725591328,"['señor', 'cuadras', 'presidente', 'sicarios', 'papel']"
1746373439810597010,"['cachetada', 'rival', '105', ""'"", 'final']"
1746369707727303066,"['ejemplar', 'época', 'película', 'lado', 'cosas', 'hostigamientos', 'falta']"
1746366780501610616,"['$', 'obesidad', 'enfermedad', 'métodos', 'tratamientos', 'negocio', 'farabute', 'hija', 'detalles', 'vida', 'dialéctica', 'comentarios']"
1746363867431665670,"['programa', 'personas', 'obesidad', 'vivo', 'sorete']"
1746344769532391741,"['alegría', 'ingreso', 'innombrable']"
1746344353285488867,"['dia', 'cara', 'foca']"
1746340329463128486,"['partido', 'cuerpo']"
1746323447402148304,[]
1746306905507565992,[]
1746302791612514464,[]
1746300515401535963,['obesidad']
1746294694353469712,['perra']
1746279702103265442,['sobrepeso']
1746273594470994418,"['políticas', 'obesidad', 'escuelas', 'MDP', 'kioscos', 'colegios', 'chatarra', 'políticas', 'alcoholismo', 'drogadicción']"
1746271991290560942,"['casos', 'cáncer', 'jóvenes', 'nivel', 'razones', 'epidemias', 'obesidad', 'alcohol', 'adicciones', 'hipertensión', 'diabetes', 'incidencia', 'desarrollo', 'tumores']"
1746270411875094911,"['desastre', 'gente', 'piernas', 'pibas', '20', 'años', 'varices', 'arañitas', 'edemas', 'gente', 'salud', 'obesidad', 'edades', 'extractos', 'sociales']"
1746259206980702321,"['piquetes', 'menores', '85%']"
1746258547464126669,"['hermano', 'culpa', 'obesidad', 'años', 'plato', 'ravioles', 'domingo']"
1746257890212491430,"['rato', 'médicos', 'nutricionistas', 'tv', 'OMS', 'obesidad', 'pandemia']"
1746256390476136867,"['moda', 'obesidad', 'años', 'mediocridad']"
1746255193912553648,"['hermano', 'unicos', 'pesos', 'cata', '9009', '\n', 'hashtag', 'granhermano']"
1746231445339730394,['obesidad']
1746223315138531540,"['mitad', 'dia', 'juego', 'salud', 'sobrepeso', 'dia']"
1746222671950487855,"['gordura', 'cerebro']"
1746221852052090949,"['acuerdo', 'falta', 'pautas', 'playas', 'atención', 'cuerpo', 'obesidad', 'corazones', 'emoji']"
1746166943025861080,"['epidemia', 'obesidad', 'lugar', 'minutos']"
1746220633711690056,['ropa']
1746208173478854704,"['allegados', 'neurosis', 'intenciones', 'muerte', 'señora', 'sobrepeso', 'vez', 'problemas', 'muerte', 'bebé', 'casa']"
1746197987670294623,"['obesidad', '\n\n', '\n', '\n', ' ', 'pobreza', 'educación', 'cultura']"
1746195662331425272,"['moralejas', 'paso', 'riesgos', 'vida', 'sobrepeso', 'peli', 'ejemplo', 'descuido']"
1746191972765687959,"['razón', 'amigas', 'compañeras', 'curso', 'paso', 'años', 'tipo', 'sobrepeso']"
1746179090992816367,"['gordura', 'mano', 'descerebrados', 'gordofobia', 'forma', 'altísmo', 'consumo', 'harinas', 'carne']"
1746170064049475785,"['patadas', 'trasero']"
1746169497147388282,"['perros', 'sobrepeso', 'peso']"
1746164523122172040,['orangután']
1746159895802515469,[]
1746078808849981913,[]
1746046973654806836,"['mujer', 'chistes', 'pene', 'hombres', 'amiga', 'cara', 'risa', 'emoji', 'cara', 'revolviéndose', 'risa', 'emoji', 'hombre', 'chistes', 'gordura', 'mujer', 'estrías', 'eso', 'tocas', 'mujer', 'emoji', 'cara', 'cabreada']"
1746046657429475420,"['mujer', 'chistes', 'pene', 'hombres', 'amiga', 'cara', 'risa', 'emoji', 'emoji', 'cara', 'risa', 'emoji', 'hombre', 'chistes', 'gordura', 'mujer', 'estrías', 'eso', 'tocas', 'mujer']"
1746044633916776729,"['hora', 'ganas', 'hamburguesa', 'universo', 'medio', 'campo']"
1746028026293268636,"['sociedad', 'sobrepeso']"
1746017441900012002,[]
1746001616275181615,"['hombres', 'coreanos', 'punto', 'corea', 'remojo', 'estándares', 'kg']"
1745989851848008038,"['hdps', 'panzada', 'estás', 'emoji', 'risa']"
1745976155407077736,"['sobrepeso', 'buzo', 'rookie', 'rockstar']"
1745975466958164108,['sobrepeso']
1745968078775632367,"['kirchnerista', 'discurso', 'suerte', 'mujer', 'sobrepeso', 'riesgo', 'fiscal']"
1745956841648267539,['gordura']
1745941630224404573,"['subespecies', 'obesidad', 'idea', 'cuenta', 'subespecies', 'especie', 'madre']"
1745940532667236749,"['emoji', 'risa', 'emoji', 'emoji', 'risa', 'emoji', 'emoji']"
1745939757564100902,"['años', 'culpa', 'gordura', 'plato', 'ravioles', 'domingo', 'burraaa']"
1745935572646916264,"['animal', 'dueño', 'ministerio', 'deporte', 'secretarias', 'ministerios', 'secretarias', 'DOG']"
1745921449670455803,"['monstruos', 'muerte', 'pibe', 'lado']"
1745904891585859786,"['remeras', 'emoji', 'risa', 'risa', 'emoji']"
1745903506991530099,"['sobrepeso', 'militante']"
1745903320420536743,['sobrepeso']
1745896764530385242,"['orgullo', 'hermana', 'mariposa', 'gordura']"
1745890750292807942,"['calor', 'sobrepeso']"
1745885800724639918,"['cuenta', 'mujer', 'política', 'estado', 'casos', 'ministerio', 'interior', 'burro']"
1745878859910611042,"['gordura', 'cuerpo']"
1745871880421056954,"['diputada', 'mamarracho', 'aseveración', 'ignorancia', 'vez', 'caso', 'mujer', 'militancia', 'privilegios', 'gente', 'harinas']"
1745869241503678697,['copy']
1745863073368285577,"['patitas', 'chancho', 'tiempo', 'discurso', 'realidad', 'obesidad']"
1745857524501287323,"['programa', 'persona', 'obesidad', 'final', 'persona', 'sobrina', 'años', 'hermana', 'mamá', 'hora', 'nena', 'globo']"
1745845341759353228,"['ktm', 'sobrepeso']"
1745842732277330035,"['hambre', 'colesterol', 'nubes']"
1745835136397009201,['sobrepeso']
1745830994962178274,"['gordura', 'mujeres', 'chicas', 'mog4s', 'trigo', 'gh2024', 'cata', 'poggi', 'hermano']"
1745820300590067878,"['obesa', ' ', 'emoji', 'cara', 'bostezo']"
1745815956675309756,"['años', 'sobrepeso', 'dieta']"
1745814667325268238,"['razón', 'obesidad', 'estado', 'kilos', 'resistencia', 'rato', 'día', 'bolas']"
1745814389238673807,"['gordura', 'fuerza', 'pruebas', 'producción', 'pruebas', 'inteligencia', ' ', '1']"
1745813910169563236,"['destreza', 'entrenamiento', 'profe', 'natación', 'crol', 'patadas', 'miles', 'entrenadores']"
1745806312313680259,['combo']
1745804812090781916,"['culo', 'chanta']"
1745803269933244453,"['odio', 'SODIO', 'gordura', 'cama', 'flan', 'pala', 'pico', 'SUR']"
1745801642048458838,[]
1745779562452079023,"['comida', 'fantasía', 'clase', 'persona']"
1745598152298881212,"['emoji', 'ojo', 'emoji', 'comidas', 'día', 'sobrepeso', 'vez', 'semana', 'capacidad', 'análisis']"
1745672396332294559,"['amiga', 'comentario', 'gordura', 'principio']"
1745668884672270455,"['FURIA', 'PRUEBA', 'prueba', 'personas', 'casa', 'gente', 'tema', 'obesidad', 'gente', 'pingo', 'pruebas', 'manera', 'hashtag', 'hermano']"
1745654537912758442,"['estefi', 'diferencia']"
1745650767178949008,[]
1745607835134611598,['MIERDA']
1745595609535385798,"['Dios', 'gordofobia']"
1745588045045248071,"['problemas', 'gordura']"
1745587369485742208,"['tasas', 'asesinatos', 'corrupcion', 'narcotrafico', 'obesidad', 'país', 'proyecto', 'niños', 'grillos']"
1745585277375074645,[]
1745577312865644941,"['progres', 'cultura', 'pendeja', 'referente', 'discriminación']"
1745574783394185285,"['secundario', 'apellido', 'traidores', 'bichos']"
1745509551070171167,"['ojo', 'PELEA', 'bocadillo', 'diálogo', 'emoji', 'zorra', 'problema', 'gordura', 'carmelita', 'hermano']"
1745556502868283685,['gato']
1745556328125219045,['sobrepeso']
1745550946631852403,"['criterio', 'dedos', 'peso', 'poco']"
1745550040783855831,"['gordura', 'flor', 'CATALINA', '9009']"
1745524062997058042,"['comparación', 'forma', 'humano', 'gente', 'peso', 'sobrepeso', 'verdad', 'contra', 'fin', 'mundo']"
1745523540571419032,"['animales', 'sobrepeso', 'naturaleza', 'supervivencia', 'animales', 'ambiente', 'físico', 'peso+']"
1745520638792474869,"['años', 'fecha', 'mano', 'señal', 'victoria']"
1745510318820688097,"['vivora', 'victima', 'cucaracha', 'tema', 'gordura', 'cosas']"
1745502390722158936,[]
1745492006099354049,"['sobrepeso', 'chances', 'fuerza', 'músculos', 'onda', 'mundo', 'cuerpo', 'equilibrio', 'rueda', 'verdad', 'forrada']"
1745488755589259410,"['obesidad', 'embarazo']"
1745480809488826812,"['producción', 'forros', 'tipo', 'pruebas', 'persona', 'obesidad', 'hermano']"
1745471881031934133,['grado']
1745461093001282002,"['profesor', 'ejercicio', 'sobrepeso']"
1745436954831749604,['papo']
1745412016779448410,"['persona', 'sobrepeso', 'provincia']"
1745406511105343686,"['malnutrición', 'gente', 'farinaceos', 'arroz']"
1745391044827419100,[]
1745363695176143103,"['psiquiatra', 'nutricionista', 'delincuente']"
1745344974231638204,"['70%', 'población', 'fuentes', 'videos', 'tops', 'datos']"
1745330116891181240,"['caca', 'ojos', 'mina', 'lugar', 'legislador', 'vida', 'gente', 'nación', 's', 'tiempo', 'laburo']"
1745322918815338640,"['manzana', 'foto', 'chica', 'stream', 'fotos', 'GENTE', 'personas', 'hashtag', 'hermano', 'manzana']"
1745309733693607954,['barcelona']
1745302942628893181,['delincuente']
1745302531029323852,"['seguidores', 'insta', 'mina', 'gordura', 'ojos', 'emoji', ' ', 'emoji', 'ojos', 'emoji', 'emoji', 'ojos', 'emoji', ' ', 'emoji', 'dedos', 'emoji', 'emoji', 'dedos', 'emoji', 'dedos', 'cara', 'ojos', 'emoji', 'cara', 'ojos']"
1745284040888881422,"['chiflados', 'sobrepeso']"
1745281262007230587,"['vergüenza', 'gente', 'hambre', 'sobrepeso']"
1745266381933723697,"['topo', 'topos', 'obesidad']"
1745254399931290008,"['requiem', 'dream', 'cisne', 'ballena', 'pelis', 'director', 'poronga', 'historias', 'ballena', 'profesor', 'padre', 'borde', 'muerte']"
1745254027409981445,"['patria', 'balde', ' ', 'emoji', 'caca', 'ojos']"
1745244330564997170,[]
1745241298523558164,"['bolsa', 'excremento', 'sociedad', 'pelotudeces', 'DIAR', 'DNU', 'hijademilputa', 'pedazo', 'escoria', 'cajeta']"
1745237506398765314,"['patologías', 'señora', 'obesidad', 'mental', 'guita']"
1745220753895600409,['gato']
1745210199693021584,"['mierda', 's', 'sanguche']"
1745097990400799123,"['mamarracho', 'sueldo', 'zaparrastrosa', 'políticas', 'país', 'torta', 'hdp']"
1745200561169813641,"['obesidad', 'patología', 'producto', 'alimentación', 'gestión']"
1745195551841243425,"['tipo', 'cuerpo', 'obesidad', 'hermano', 'gh2024', 'gh2023']"
1745194497380683937,"['playa', 'novia']"
1745192634279235615,"['rutina', 'alimentación', 'mes', 'hábito', 'emoji', 'risa']"
1745191707421901215,"['español', 'nazi', 'nazis']"
1745175137203212591,"['realidad', 'verdad', 'duende', 'sobrepeso', 'hongos', 'caspa', 'sorete', 'pais']"
1745169734935384237,"['grasa', 'tipo']"
1745163429994734018,[]
1745161362114810215,"['emoji', 'emoji', 'hashtag', 'bahía', 'shopping', 'ejemplo', 'amigas', 'silla', 'persona']"
1745161191263965563,"['emoji', ' ', 'OBESIDAD', 'kilos', 'operación', 'obesidad', 'vergüenza', 'padecimiento']"
1745160754137874533,"['sobrada', 'cuello']"
1745152964946231571,"['comentario', 'miedo', 'chabon', 'obesidad']"
1745143398074380513,"['señor', 'ironía']"
1745141781979636221,"['10', 'cinta', 'capitán', 'obesidad', 'vida', 'pelota', 'manera', 'hermano']"
1745131808700694720,['sobrepeso']
1745119252015714791,"['ciudad', 'forma', 'costumbre', 'polis']"
1745114707499913620,"['dolarizacion', 'gobierno', 'turno', 'narcos', 'gordura', 'hinchazón', 'economista', 'opinologo']"
1745114298785902705,"['profugo', 'arterias', 'grasa', 'tupe', 'personas', 'mierda', 'hdp']"
1745110331288891855,"['tema', 'sobrepeso', 'obsesidad', 'problemas', 'salud', 'diabetes', 'cálculos', 'riñones', 'vesícula', 'riesgo', 'paros', 'hecho']"
1745105419431768480,"['hermano', 'obesidad']"
1745104102638391423,"['hadid', 'orto']"
1745097849728032868,"['mujer', 'juego', 'casa', 'cuerpos', 'bronca', 'violencia']"
1745082035100651805,"['apropiación', 'gordura', 'parte', 'hermanas', 'cuentacalorias', 'poronga', 'cuerpos', 'modelo', 'norma', 'kilos']"
1745075376919888243,"['problema', 'obesidad']"
1745071403835990297,"['eses', 'vida', 'emoji', 'risa', 'emoji', ' ', 'emoji', 'risa', 'emoji', ' ', 'emoji', 'cara', 'risa', 'emoji']"
1745066757948055878,"['peso', 'obesidad', 'médico', 'evaluación', 'medio', 'pantalla', 'tema', 'gente', 'enfermedad']"
1745064718606180548,"['emoji', 'teclas', '2', 'emoji', 'equipo', 'bioquímicos', 'nutricionistas', 'cronobiólogos', ' ', 'obesidad', 'infanto-juvenil', 'hábitos', 'emoji', 'botón', 'marca', 'verificación', 'emoji']"
1745058996761829785,"['partido', 'fútbol', 'hora', 'media', 'casa', 'bici', 'transpiración', 'gimnasio', 'hora', 'media', 'obesidad', '2020', 'peso', '2024', 'vida', 'deporte', 'logros']"
1745045592580231291,"['gordura', 'humo', 'mes', 'gobierno', 'años', 'mierd', '#', 'perdon', 'GORDAAA']"
1745038172482883822,"['furia', 'gesto', 'referencia', 'gordura', 'seña', 'acuerdo', 'conversación', 'líder', 'violencia']"
1745037190818623666,"['gesto', 'referencia', 'gordura', 'acuerdo', 'conversación']"
1745035690545389624,"['recepción', 'estrés', 'cosas', 'pulsaciones', 'oxígeno', 'sangre', 'hábitos', 'obesidad', 'ansiedad', 'culpa', 'cuerpo']"
1745002274026340370,"['video', 'parte', 'sobrepeso']"
1744971258603704787,['obesidad']
1744916187492884617,"['vergüenza', 'foto', 'coty', 'sobrepeso']"
1744908616979656852,"['idiotez', 'gordura', 'personajes', 'emoji', 'cara', 'ojos', 'emoji', ' ', 'emoji', 'cara', 'ojos', ' ', 'cara', 'ojos']"
1744900781495460326,['dientes']
1744878787253202947,"['vejez', 'gordura']"
1744850123266375868,"['mierdas', 'obesidad', 'lastima', 'hermano']"
1744841453128314935,"['vez', 'vida', 'chino']"
1744838683629421004,"['obesidad', 'shopping', 'ejemplo', 'amigas', 'silla', 'persona']"
1744838508009718214,[]
1744831519917474012,"['insulto', 'cuerpo']"
1744829823782904119,"['mexicanos', 'comida', 'grasa', 'especias', 'razón', 'país', 'obesidad']"
1744812562716188766,"['mujer', 'sobrepeso', 'agrado', 'semana', 'gym', 'días', 'cositas', 'fotopoto']"
1744810797035864093,['invierno']
1744790296292913622,"['coty', 'filtro', 'obesidad']"
1744789793857224811,[]
1744783108509950295,"['artículo', 'revista', 'principios', '90', 'adolescente']"
1744776064633581761,"['cosa', 'chistes', 'sobrepeso', 'televisión']"
1744773450948841515,"['pediatra', 'niños', 'adolescentes', 'obesidad', 'grupo', 'hermano', 'verdad']"
1744772591485661483,"['pediatra', 'niños', 'adolescentes', 'obesidad', 'grupo', 'edision']"
1744772048981782737,"['pediatra', 'niños', 'adolescentes', 'obesidad', 'grupo', 'programa', 'temporada', 'agresion']"
1744771830408261715,"['pediatra', 'niños', 'adolescentes', 'obesidad', 'grupo', 'programa']"
1744771589017571748,"['pediatra', 'niños', 'adolescentes', 'obesidad', 'grupo']"
1744770248027365385,"['ejemplo', 'pediatra', 'niños', 'obesidad']"
1744766584965541993,"['décadas', 'pene', 'obesidad']"
1744761794713809004,['cajeta']
1744758892272193841,"['secuelas', 'alimentación', 'barrios', 'villas', 'miseria', 'personas', 'vez', 'tiempo']"
1744752878512648348,"['autoestima', 'mujer']"
1744747678934639088,"['balanza', 'personas', 'cosas']"
1744742012535111710,"['nata', 'problema', 'gordura', 'clientas', 'muebles', 'peso', 'kg']"
1744738546215526684,"['chiqui', 'sobrepeso']"
1744732514768584849,['peso']
1744729585852535189,"['gordura', 'generacion']"
1744719145826984037,"['barbijo', 'metal', 'hocico']"
1744716524844462362,"['postura', 'victima', 'casa', 'sobrepeso', 'gente', 'papel', 'casa']"
1744705424056549417,"['kg', 'ex', 'aborto', 'GORDA']"
1744699236866797689,"['persona', 'vez', 'obra', 'sillas', 'guardia', 'montón', 'injusticias', 'bahía']"
1744697505898447273,"['pajeros', 'twit', 'devoxero']"
1744669730055565560,"['RIESGO', 'COVID-19', 'EXPOSICIÓN', '\n', 'lt;de', 'años', 'comorb', 'inmunocomp', 'enf', 'crónicas', 'salud', 'refuerzo', 'm', 'dosis', 'm']"
1744668196550938630,"['dios', 'hijos', 'país', 'mundo', 'videos', 'imbeciles', 'AGUA']"
1744668119430201591,"['gordura', 'señora', 'producto', 'hambre', 'país', 'polenta', 'fideos', 'proteínas', 'salud', 'ser', 'humano']"
1744662915859227070,"['pimienta', 'papas', 'crema', 'día', 'medio', 'cabernet', 'comida', 'obesidad', 'patología', 'dietas', 'harina']"
1744592866872057996,"['comodidad', 'gordura', 'impericia']"
1744589502281085423,['china']
1744583725008949477,[]
1744575534091092452,"['veces', 'hermano', 'gemelo', 'gordura']"
1744558343471997059,"['vez', 'caso', 'niña', 'años', 'anorexia', 'hermana', 'gemela', 'paso', 'edad', 'situaciones']"
1744573388125798449,[]
1744571255959773452,[]
1744564579017826759,"['envidia', 'mujeres', 'año', 'envidia']"
1744559298959528315,"['mierda', 'derecho', 'cata', 'cuestión', 'peso']"
1744557992450687179,"['año', 'obesidad', 'besos']"
1744555498387447811,[]
1744552666338865239,['sobrepeso']
1744551752114811070,['chanchufal']
1744539575257649394,"['medico', 'mierda', 'problema', 'sobrepeso', 'culo', 'simios', 'vida']"
1744535849247678721,['cuestión']
1744535731156971766,[]
1744534422722883973,"['persona', 'cosa', 'país', 'hipopótamos']"
1744529274478969001,['obesidad']
1744446244355785008,"['aire', 'radiación', 'misil', 'fondo', 'mar', 'ovnis', 'hombre', 'humo']"
1744059736171962531,['sobrepeso']
1744051558562648260,"['persona', 'sobrepeso', 'TCA', 'enfermedad', 'metabolismo', 'comentarios', 'mierda', 'pelota']"
1743736730123948285,"['cosa', 'punto']"
1743702912688181344,"['15', 'realidad', 'cosas', 'sobrepeso']"
1743497125785133256,"['delfi', 'mujer', 'hombre', 'obesidad', 'respetos', 'miedo']"
1743344630316274021,"['sobrepeso', 'síntomas', 'nutrición']"
1743144049467326574,"['lucha', 'obesa', 'mano', 'índice', 'indigencia', 'pibes', 'trabajadores', 'luchadores', ' ', 'cara', 'ojos', 'emoji']"
1743128355430420607,"['ig', 'troloa', 'primo', 'trolos', 'problema', 'trolo', 'sobrepeso', 'verdades', 'GENERACION', 'CRISTAL', 'época']"
1742584849318212011,"['venda', 'ojos', 'problema', 'sobrepeso', 'muchachos']"
1749401780989960525,"['Taller', 'alimentación', 'taller', 'tratamiento', 'prevención', 'obesidad', 'hipertensión', 'diabetes', 'colesterolemias', 'días', 'viernes', '15', 'días', '\n\n', 'información', '11', '5511-7372']"
1749395057361277121,"['mohas', 'trola', 'blackpilleros', 'datos', 'estudios', 'porcentaje', 'racemixxean', 'mohas', 'tías', 'sobrepeso']"
1749351400843149361,"['chocolate', 'grasa', 'portugués', 'GORDURA']"
1749286466457362897,"['soledad', 'sobrepeso', 'hijo', 'familia', 'finales', '80', 'dietas', 'terapias', 'conversión', 'dramas', 'nivel', 'silencio', 'rey', 'na']"
1749281954132877457,[]
1749278940781224153,"['gordura', 'hate', 'hermano']"
1749275550118482053,['gordura']
1749272791197593927,"['excusas', 'realidad', 'gordura']"
1749272063733354739,"['gordura', 'agravante', 'defectos', 'facilidad', 'florencia']"
1749267492751450253,"['semanas', 'bullying', 'sobrepeso', 'casa']"
1749265066891894827,"['caso', 'florencia', 'hashtag', 'hermano', 'bullying', 'persona', 'sobrepeso', 'obesidad', 'parámetros']"
1749262557523681326,['banfield']
1749253801880465896,"['muchacho', 'pala', 'puta', 'vida']"
1749253490923212923,"['muchacho', 'pala', 'puta', 'vida']"
1749251803089174882,"['pala', 'vida', 'cosa', 'mouse', 'teclado']"
1749192940637872296,['liga']
1749211300821954997,"['vez', 'consumo', 'polenta', 'fanatismo', 'neuronas', 'inexistencia', 'límites', ' ', ' ', 'sobrepeso', 'restaurantes', 'emoji', 'cara', 'remax']"
1749189513778172179,"['mano', 'negocio']"
1749159794911453560,"['novia', 'grasa', 'pitito']"
1749158928842154415,"['hashtag', 'gh']"
1749146431741374806,"['mensajes', 'twitter', 'gordura', 'mamá', 'apariencia', 'chabon']"
1749146291764871464,"['cara', 'sartén', 'obésa', 'goma', 'zorrita', 'puerta', 'carrefourt', 'hombre', 'patys', 'choripanes', 'peso', 'hamburguesas', 'camino', 'frentona', 'mierda']"
1749139968847471095,"['falta', 'respeto', 'hipocresía', 'camiones', 'sobrepeso', 'turismo', 'chantas']"
1749139235490111862,"['patadas', 'orto', 'parasitos', 'golpistas', 'chorros']"
1749137855408996744,"['sobrepeso', 'costillas']"
1749123615893688635,"['diabetes', 'sobrepeso', 'bodegón']"
1749118302104719699,"['yanquis', 'quillmbos', 'temas', 'diabetes', 'obesidad', 'mierda']"
1749111718024708171,[]
1749078402898747673,"['guita', 'trabajadores', 'vida', 'bienes']"
1749072146108658142,"['gordo', 'concha', 'madre', 'cono', 'forro', 'hijo', 'puta', 'oportunidades', 'forro', 'hijo', 'puta']"
1749051173506535442,"['gordura', 'físico']"
1748944649559965978,"['foca', 'apodo', 'autoria']"
1748930271934644688,"['cuerpo', 'cabeza']"
1748925431745568945,"['remera', 'apellido', 'movimientos', 'cuerpo', 'sobrepeso', 'vez', 'estirón']"
1748925372001857810,[]
1748923218067390621,"['gordura', 'enfermedad']"
1748917737777205510,"['señoras', 'sobrepeso', 'tarea']"
1748890457608753345,"['mierda', 'físico', 'puta']"
1748892592769569159,['corchazos']
1748887821945823382,"['error', 'cosas', 'finales']"
1748886865690726754,"['cuerpo', 'alma']"
1748881344220856534,['kilos']
1748876421089440163,"['sarachi', 'foca', 'uruguayo', 'colomb*a', 'club']"
1748849776932638967,"['dedo', 'obesidad']"
1748829168115097752,['sobrepeso']
1748820524799492098,"['alimentación', 'diabetes', 'sobrepeso', 'necesidad']"
1748816935649677419,"['mc', 'vez']"
1748811504307052582,"['mierda', 'comida', 'sabor', 'comida', 'ganas', 'aceite', 'manga']"
1748808043553309049,"['quasimodo', 'espanto', 'hombre', 'guita', 'minas', 'mitad', 'guita']"
1748761093176991921,"['comidas', 'chatarras', 'generaciones', 'obesidad']"
1748754057974431858,"['pedazo', 'volumen', 'invierno']"
1748731862195822596,"['hijas', 'sobrepeso', 'cuerpos', 'pena']"
1748724294643765469,"['PIBE', 'CASTA', 'copas', 'dólares', 'jornada', 'gomas', 'gringos', 'cabeza', 'termo', 'libro', 'historia', 'modelo', 'desarrollo']"
1748720627396014230,"['años', 'problemas', 'pandemia', 'sobrepeso', 'sedentarismo', 'dosis', 'kakunas', 'milagro']"
1748716783752655209,"['sobrepeso', 'veces', 'payasa']"
1748716011115725197,"['pinchila', 'yanki', 'sobrepeso', 'cipayismo']"
1748713845479071929,"['sobrepeso', 'foto', 'cuerpo']"
1748713641652769253,"['video', 'muchos', 'gente', 'sobrepeso', 'x', 'simios', 'celo', ' ', 'emoji', 'cara', 'risa', 'emoji', 'emoji', 'cara', 'de', 'risa', 'emoji', ' ', 'emoji', 'cara', 'risa', 'emoji']"
1748711125779136926,"['gordura', 'medicación', 'contención', 'año', 'infierno', 'cosas', 'aguante']"
1748708662699241574,"['salud', 'frente', 'barrio', 'año', 'actividad', 'pos', 'importancia', 'salud', 'testimonios']"
1748698988587667897,"['sobrepeso', 'apariencia', 'banda', 'características', 'señoritas']"
1748687809718714387,"['porongas', 'sobrepeso']"
1748671800634933648,[]
1748587758015119630,['gata']
1748575055787733424,"['pais', 'obesidad']"
1748562741340627368,"['personas', 'animal', 'atracción']"
1748549130706682104,"['mina', 'sobrepeso', 'mierda', 'problema', 'goals']"
1748526444592984566,"['dios', 'mujeres', 'cuerpo', 'años', 'gordura', 'cuerpo', 'mujer', 'razon', 'trol0s', 'cents']"
1748525110091210759,"['cadenas', 'comida', 'contenido', 'grasa', 'comida', 'sedentarismo', 'causas', '40%', 'población', 'edad', 'problemas', 'obesidad']"
1748522725595881871,"['16', 'cuerpo', 'lástima', 'cerdo']"
1748520174578188479,"['pensé', 'piel']"
1748513376609710217,"['sobrepeso', 'hermano']"
1748501888578765044,"['hashtag', 'sevilla', 'jugador', 'hashtag', 'sobrepeso', 'hashtag', 'tas']"
1748475479324033118,"['imbecil', 'colegio', 'basura', 'día', 'obesidad', 'respeto', 'resentimiento', 'odio', 'mundo']"
1748468041224958028,"['efecto', 'salud', 'gordura', 'estómago', 'ejercicio', 'gordofobia', 'realidad']"
1748462471419973789,"['burra', 'nombrr', 'michi', 'harley', 'quin', 'obesidad']"
1748449934641123626,"['años', 'pobreza', 'curros']"
1748448041168724462,"['emoji', 'balón', 'fútbol', 'emoji', 'fortuna', 'jugador', 'sobrepeso', 'razón']"
1748441371784995110,"['hashtag', 'milei', 'pito', 'chico', 'complejos', 'apariencia', 'altura', 'pelo', 'sobrepeso', 'papada', 'partes', 'idiotez', 'superioridad', '\n\n', 'misoginia', 'donceles', 'emoji', 'cara', 'ojos']"
1748431634313937298,"['juicio', 'obesidad']"
1748428917461901562,"['verguenza', 'miedo', 'personas', '\n', ' ', 'comida', 'emoji', ' ', 'emoji', 'cara', 'emoji', ' ', 'emoji', 'cara', 'emoji', ' ', 'cara', 'emoji', ' ', 'comida']"
1748419024105398760,"['chicos', 'sobrepeso']"
1748410671614566762,"['manga', 'gente', 'accidente', 'andes', 'sociedad', 'nieve', 'onda', 'burbuja']"
1748407988572783050,"['jugador', 'decisión', 'futbolista', 'club', 'detalles', 'caso', 'equipo', 'fc', 'fútbol', 'tas']"
1748386576109826290,"['fortuna', 'pase', 'sobrepeso', 'justicia', 'razón']"
1748381586536436099,"['obesidad', 'silla', 'click', 'porno']"
1748377043459301767,"['diabéticas', 'trans', 'sindicalistas', 'veces', 'body-shaming', 'body-shaming', 'KLDSADJLSALJK', '\n\n', 'TERAPIA']"
1748373562350596144,"['persona', 'mano', 'frente', 'emoji', ' ', 'emoji', 'cara', 'ojos', 'emoji', ' ', 'emoji', 'mueca', 'emoji', '\n', ' ', 'emoji', 'cara', 'mano', 'boca', 'emoji', ' ', 'emoji', 'cara', 'emoji', 'hombre', 'emoji', 'emoji', 'emoji', 'ojos', 'emoji', ' ', 'risa', 'emoji', 'emoji', 'de', 'risa', 'emoji', 'risa', 'emoji']"
1748369098407399490,[]
1748350280557588934,"['comentario', 'años', 'opinion']"
1748348643176824941,"['chicas', 'gordura', 'ejercicio', 'shapewear', ' ', 'emoji', 'cara', 'emoji', ' ', 'emoji', 'emoji', ' ', 'emoji', 'emoji']"
1748319133324791866,"['esa', 'hermosa', 'valija', 'reales', 'multa', 'sobrepeso', 'emoji', 'ojos', 'corazón', 'emoji', ' ', 'emoji', 'ojos', 'corazón', 'emoji', 'emoji', 'ojos', 'corazón', 'emoji']"
1748312141352886383,"['foto', 'ropa', 'deporte']"
1748310071765868585,"['edad', 'menores', 'obesidad', 'droga', 'equipo', 'zombies', 'zona', 'descenso']"
1748302192350494750,"['tema', 'ideales', 'belleza', 'mujeres', 'bulimia', 'anorexia', 'problema', 'mujeres', 'conocimiento', 'feministas']"
1748301779865866331,"['contra', 'obesidad', 'cuestión', 'salud', 'rodillas', 'causas', 'problema']"
1748251243254870358,"['obesidad', 'enfermedad', 'cancer', 'sida', 'obesidad']"
1748201557823242759,"['día', 'jueguitos', 'series']"
1748195221328797818,"['cantidad', 'gente', 'obesidad', 'tabaquismo', 'escándalo']"
1748171956090732830,[]
1748149526311899448,"['masa', 'peso', 'kg)/', 'estatura', 'm)]2', '-', 'clase']"
1748148852752888200,"['florencia', 'huevos']"
1748147089580716532,"['los', 'caballos', 'estás', 'patas', 'caballos', 'emoji', ' ', 'emoji', ' ', 'cara']"
1748147064033132822,"['casa', 'perras', 'par']"
1748135357445505340,"['trastornadas', 'forma', 'peso', 'gordura', 'emoji', 'cara', 'ojos', 'lengua', 'emoji']"
1748134872651067882,"['dioss', 'lentes', 'nena', 'idols', 'corea', 'dios', 'nena']"
1748129285397676266,"['chorros', 'korruptos', 'cámpora', 'medios', 'gordura', 'hinchazón']"
1748117887804457013,['obesa']
1748103936127435202,"['pan', 'sobrepeso']"
1748099204264718602,"['mes', 'cabeza', 'familia', 'razón']"
1748074603723755822,"['hermano', 'manzana']"
1748072105562779780,"['hinchazón', 'sinónimo', 'obesidad', 'emisión', 'sinónimo', 'impresión', 'termos', 'emoji', 'mano', 'señal', 'victoria', 'emoji']"
1748066766599991502,"['nabo', 'obesidad']"
1748060281392058438,"['peligro', 'sobrepeso', 'teton']"
1748059861407928685,"['autoestima', 'gordura', 'obesidad', 'enfermedad', 'dieta', 'ejercicios', 'peso', 'mensaje']"
1748056168088387955,"['base', 'equipo', 'lisiado', 'futbol', 'gente', 'cancha', 'morfar']"
1748041798511948007,"['hashtag', 'mar', 'plata', 'hashtag', 'higa', 'hashtag', 'cirugia', 'hashtag', 'obesidad', '\n', 'equipo', 'cirugías', 'bariátricas', 'hospital', 'mujeres']"
1748039185687048349,"['hashtag', 'operacion', 'hashtag', 'hashtag', 'mardel', 'plata', 'mujeres', 'equipo', 'cirugías', 'bariátricas']"
1748034560791654671,"['resultado', 'acciones', 'cuadras']"
1748034553812304017,"['mujeres', 'muslos', 'grasa', 'piernas', 'musculo', 'veces', 'semana', 'mujeres']"
1748018534796382363,['palabra']
1747999097544417457,"['mes', 'kg', 'día', 'situación', 'fiscal', 'camino', 'impuestos']"
1747998855415620020,"['golosinas', 'pibes', 'años', 'obesidad', 'problemas']"
1747996000587796846,"['taller', 'alimentación', '10hs', 'taller', 'tratamiento', 'prevención', 'obesidad', 'hipertensión', 'diabetes', 'colesterolemias', 'días', 'viernes', 'días', 'chincheta', 'emoji', 'centro']"
1747990388055408703,['ravioles']
1747988394091610269,"['gordura', 'ayuda', 'tema', 'mente']"
1747986217260449800,"['última', 'gente', 'sobrepeso']"
1747983390953857171,"['animal', 'sobrepeso', 'revés']"
1747974008912380208,"['obesidad', 'animales', 'patas', 'sufrimiento', 'corazón']"
1747910471661842456,['caballo']
1747847936535318859,"['mujeres', 'obesidad', 'amor', 'mujer']"
1747803613076836525,['prepagas']
1747789034145886424,"['invento', 'país', 'mimos', 'política', 'ideas', 'gustos']"
1747787591229845801,"['oriundo', 'provincia']"
1747781159876968893,"['día', 'gym', 'semanas', 'días', ' ', 'emoji', 'cara', 'emoji']"
1747775749036109908,"['alcahuetes', 'chancho', 'gordura', 'egoismo', 'parka']"
1747764962284470454,"['presumir', 'remera', 'pesar', 'tetas', 'gordura', ' ', 'emoji', 'chispas', 'emoji', ' ', 'emoji', 'chispas', 'emoji']"
1747762791711224208,"['año', 'partidos', 'mierda', 'almuerzo', 'prácticas', 'hijo', 'pita']"
1747762402639090150,"['novia', 'tema', 'gordura', 'mujeres']"
1747730065427661286,"['verdad', 'sobrepeso', 'lentejez']"
1747719559266684974,"['bomba', 'gordura']"
1747717901438828892,"['muchacho', 'gordura', 'hinchazón', 'foto', 'monito', 'titi']"
1747717577810268302,"['vida', 'gordura', 'plato', 'ravioles', 'domingo', 'dibujito', ' ', 'persona', 'hombros', 'emoji', 'emoji', 'persona', 'hombros', 'emoji', ' ', 'emoji', 'persona', 'hombros', 'emoji']"
1747716663854694585,"['tereres', 'chambuchitos', 'papitas', 'chambuchitos', 'mortadela', 'cara', 'risa', 'emoji', 'emoji', 'corazones', 'emoji']"
1747712393109479701,['colectivo']
1747706744015339627,[]
1747699737187254556,['fotos']
1747699143844176325,"['caras', 'sociedad', 'golpista', 'amigos', 'gente', 'vergüenza', 'gente', 'amigos']"
1747695759816888663,"['boca', 'vaca']"
1747690976766816755,"['señor', 'sobrepeso', 'pelotudos']"
1747666530463060065,"['verdad', 'gente', 'pensamiento', 'cara', 'flequillo', 'peso', 'actitud', 'ignorancia', 'sobrepeso', 'cosas']"
1747662884690133220,"['años', 'edad']"
1747659523521663347,['grasa']
1747659153877647544,['sobrepeso']
1747650533656076507,"['obesidad', 'país', 'gente']"
1747644626628919458,"['bala', 'lenguado']"
1747613490062168551,"['obesos', 'cómplices']"
1747594531933966574,"['sobrepeso', 'problema', 'amigos', 'comida', 'forma', 'canasta', 'pan', 'mesa', 'emoji', 'revés']"
1747479860421755251,['mierda']
1747453780675739871,[]
1747451494931009716,"['cama', 'CIATICO', 'dolor']"
1747448643290792051,[]
1747428490968727598,['gym']
1747426801687646236,"['meses', 'pantalla', 'programa', 'copia', 'director', 'emoji', 'ojos', 'emoji']"
1747418861123653722,['sobrepeso']
1747418267902185522,"['años', 'sistemas', 'calvo', 'pelo', 'ídolos', 'sobrepeso', 'empleado', 'comercio']"
1747415069003046917,['olor']
1747409660129280090,"['problemas', 'sobrepeso']"
1747402777934885100,"['gordofobia', 'infarto', 'sobrepeso']"
1747401430305014253,"['día', 'abuela', 'masitas', 'emoji', 'cara', 'lengua', 'ojo']"
1747399633863614950,['sobrepeso']
1747398054167089334,"['peso', 'kilos', 'médico', 'nutricionista', 'parecer', 'emoji', 'cara', 'lágrimas']"
1747390129100964317,['bondad']
1747354013765345346,"['tabla', 'kilos', 'casos', 'vida', 'sobrepeso', 'nutricionistas', 'par', 'cosas', 'tabla', 'verga', 'tik', 'tok', 'cuerpo']"
1747352365483569181,"['flagelo', 'inflación', 'gordura']"
1747350374556549526,"['cuerpo', 'IMC', 'mierda', 'olor', 'ojete']"
1747340508987343094,"['onda', '1.53', 'sobrepeso', 'estándares']"
1747339626228965579,"['tratamiento', 'orto', 'mina', 'obesidad', 'tipo', 'condición', 'pelotas', 'delfi']"
1747332362013172085,"['tema', 'analogía', 'analogía', 'drama', 'gordura']"
1747323775488495795,"['mostro', 'cara', 'señora', 'años', 'burlarse', 'cuerpo', 'aspecto', 'persona']"
1747315941497614606,"['sobrepeso', 'kg']"
1747309923988377899,"['planteamiento', 'dieta', 'mes', 'doctor', 'ejercicio', 'dieta', 'proceso', 'rimolo']"
1747307862592782623,"['foto', 'bikini']"
1747306043305021810,"['enfermedad', 'obesidad', 'ganas']"
1753006756874035202,"['respuesta', 'asco', 'mayoría', 'veces', 'sobrepeso', 'causa', 'enfermedad', 'comer', 'mujer', 'objeto', 'comentarios', 'cara', 'desaprobación']"
1753003861336379707,['días']
1752969295825449107,['bolsillos']
1752950965840249081,"['obesidad', 'discapacidad']"
1752939233877053669,"['ejercicio', 'culllo']"
1752926357879664977,"['exposición', 'agua']"
1752915243716526087,"['abuela', 'pija', 'cosas', 'obesidad', 'obesidad']"
1752682286611345568,"['abuelo', 'años', 'problema', 'obesidad', 'años', 'cama', 'baño', 'baño', 'cama', 'año', 'nietos', 'video', 'platos', 'cara', 'lágrima']"
1752913944589549717,"['tema', 'sobrepeso', 'defensores', 'kg']"
1752912586079686837,"['bronca', 'subdesarrollo', 'obesidad']"
1752907128300294409,"['asco', 'MIERDA']"
1752899349976076479,"['MANOS', 'OBESIDAD', 'MORBIDA', 'FURIA']"
1752889240881443153,[]
1752881395628642751,"['escaleras', 'salud', 'sobrepeso', 'pena', 'esfuerzo']"
1752878941352702462,[]
1752873039660761128,"['cerebro', 'grasa', 'hija', 'puta']"
1752870288440643916,"['hambre', 'kg', 'sobrepeso', 'hdrmp', 'plan', 'hija']"
1752865055320793339,"['cordura', 'gordura']"
1752856132895355340,['obesos']
1752854573423772012,['mono']
1752851594469679491,['sobrepeso']
1752847946985459840,"['sobrepeso', 'piquetera', 'circunferencia']"
1752803698001006775,"['emoji', 'bandera', 'emoji', ' ', 'piquetera', 'sobrepeso', 'hija', 'escudo', 'manifestación', 'hambre']"
1752841237831320016,"['años', 'autismo', 'sobrepeso', 'profe', '15', 'emoji', 'emoji', ' ', 'emoji', 'mastantuono', 'micho', 'nacho', 'pilas', 'cojo']"
1752819848952815985,"['estado', 'relato', 'estado', 'lugar', 'estado', 'reparto', 'cárceles']"
1752818316777832587,[]
1752813521572614534,"['calor', 'adultos', 'mayores', 'emoji', 'superioridad', 'emoji']"
1752813110128189735,"['hambre', 'obesidad', 'carga', 'pobreza', 'personas', 'delgadez', 'comida', 'calidad', 'gente', 'personas', 'recursos', 'alimentos', 'contenido', 'almidones', 'calorías', 'comparación', 'opciones']"
1752809990417494420,[]
1752808216113586466,"['obesa', 'escaleras', ' ', 'emoji', 'cara', 'risa', 'emoji', ' ', 'emoji', 'risa', 'emoji', ' ', 'emoji', 'cara', 'risa', 'emoji']"
1752808028808642924,"['alma', 'obeso', 'dios', 'hambreee', 'emoji']"
1752802914744008936,['ganas']
1752802804211614204,['orto']
1752796762291458080,"['víctimas', 'mundo', 'gordura', 'ejercicio', 'vida', 'chicas']"
1752783859442225330,['obesos']
1752771499503628567,"['cardiólogos', 'general', 'casos', 'obesidad', 'escaleras', 'vez', 'ascensor']"
1752769269874532731,"['ascensor', 'sobrepeso', 'frente']"
1752764007843303874,[]
1752760453082579007,['sobrepeso']
1752760265123197268,"['tener', 'cuidado', 'grupos', 'bebés', 'niños', 'personas', 'lactancia', 'enfermedades', 'sobrepeso', 'situación', 'calle', 'hashtag', 'alerta', 'hashtag', 'defensa', '\n', 'hashtag', 'argentinas', 'hashtag', 'calor', 'hashtag', 'lugar', 'familia']"
1752757163670274505,"['sobrepeso', 'cuello', 'engrosamiento', 'ojos', 'hipotiroidismo', 'fotos', 'años', 'problema']"
1752744727395410350,"['obesidad', 'enfermedad', 'hábitos', 'alimentación', 'actividad', 'cuenta', 'cambio', 'misoginia', 'gordofobia', 'vez', 'psiquiatra', 'dudas', 'esfuerzo']"
1752741290347761935,"['políticos', 'fotos', 'man', 'lógica', 'violines']"
1752735644902637998,"['sinceridad', 'pelota']"
1752733025371054511,"['gente', 'dudas']"
1752732013579174357,"['sobrepeso', 'resto', 'pais']"
1752726922042241136,[]
1752723925824315615,"['vez', 'boca', 'discapacidad', 'pata', 'rodillas', 'obesidad']"
1752717893744165306,"['mierda', 'sistema', 'concepto', 'infraestructura', '90', 'autos']"
1752707699970855096,"['gente', 'necesidad', 'casos', 'personas', 'cantidad', 'termos', 'gordura']"
1752702470118388081,"['filomena', ' ', 'emoji', 'risa', 'emoji', 'emoji', 'risa', 'emoji', ' ', 'emoji', 'risa']"
1752667190568825012,"['comida', 'choripán', 'días']"
1752665779521163707,"['perros', 'niños', 'casa']"
1752535327569285156,"['problema', 'COVID', 'dengue']"
1752526226604933410,"['relación', 'perro', 'agustín', 'día', 'michi', 'vidas', 'papás', 'astetik', 'sobrepeso', 'puerta', 'palo', 'pelo']"
1752521623360418137,"['investigador', 'análogos', 'cambio', 'paradigma', 'tratamiento', 'diabetes', 'obesidad']"
1752500039027437686,[]
1752500036666106139,[]
1752492892419985841,[]
1752484653217227233,[]
1752471723759288818,"['poronga', 'cancha', 'pozos', 'culo', 'abuela']"
1752446001648984254,"['especialistas', 'gobiernos', 'políticas', 'aumento', 'actividad', 'consumo', 'alcohol', 'obesidad', 'sobrepeso']"
1752441691275923587,['tipo']
1752436780660343011,"['zurdos', 'hambre']"
1752434857701933464,"['gente', 'gordura', 'opulencia', 'gente', 'autocrítica', 'vez']"
1752430691382448463,"['personas', 'personas', 'peso', 'cuenta', 'videos', 'chicas', 'comentarios', 'tipo:""Que', 'asco"",""No', 'fobia', 'cuerpo+']"
1752424992774492564,"['cocas', 'oreos']"
1752390400722051366,"['rellenita', 'persona', 'sobrepeso', 'sobrepeso', 'peso']"
1752388802650202529,"['capítulo', 'grado', 'punto', 'partida', 'información', 'episodio', 'alimentacion', 'país', 'sobrepeso', 'obesidad', 'nutrición', 'lógica', 'mercado']"
1752339825489822038,"['platos', 'pasta']"
1752320516474425621,"['sumisión', 'grado', 'gordura', 'sobres']"
1752316139839868953,"['puerta', 'candio', 'pujato']"
1752307707439206561,"['cardiólogo', 'estudio', 'estudio', 'fisonomía', 'manera']"
1752243472948453578,"['verso', 'poeta', 'poema', 'duelo', 'pena', 'carne/', 'obesidad', 'dolor', 'versos']"
1752222262751572183,['hambre']
1752189211724169594,"['persona', 'sobrepeso', 'favor', 'medico']"
1752150299769196979,"['placa', 'sobrepeso']"
1752144567120355528,"['chavista', 'criminales', 'camionetas', 'rodilla', 'hombre']"
1752125227700805999,"['swifties', 'peso']"
1752098306073804907,"['gabinete', 'chantas']"
1752083845774442562,"['estrategia', 'lástima', 'alfa']"
1752081552651980870,"['viaje', 'onlyfans', 'fotos', 'culo']"
1752080802723025067,['GORDURA']
1752066874005987761,"['descanseras', 'cara', 'chino', 'sobrepeso', 'peter', 'anguila', 'emoji', 'cara', 'risa', 'emoji', 'cara', 'risa', 'emoji']"
1752050690036207913,['sobrepeso']
1752036786287542558,"['suerte', 'hermanas', 'sistema', 'vacunas', 'tiempo', 'marido', 'COVID', 'lado', 'sobrepeso', 'secuelas']"
1752032405178007941,['cajeta']
1752029534822556016,"['subte', 'subte', 'personas', 'base', 'sistema', 'base', 'auto', 'obesidad', 'consecuencia', 'falta', 'desarrollo']"
1752024945448669603,"['modelos', 'semejanza', 'gringo', 'tasas', 'obesidad', 'idea', 'causalidad']"
1752017481663721594,"['fin', 'FOCAAA']"
1752010467336146979,"['time', 'obesos']"
1752008797285958108,"['burro', 'elizalde', 'buffarini', 'chance', 'centrales', 'ascenso', 'experiencia']"
1752005513192087889,"['brasileros', 'gordura', 'calidad']"
1751998337685868734,"['gracia', 'zanahoria', 'verduleria', 'pibes', 'porquerías', 'pendej', 'pie']"
1751987215868031212,"['rata', 'sobrepeso', 'finde', 'ojos']"
1751981016783221230,"['obesos', 'armas', 'ARN', 'seguridad', 'radiación']"
1751979462344786307,"['obeso', 'grúa']"
1751970609838321956,"['fase', 'futbolista', 'gordura', '30']"
1751953089530053028,"['perrita', 'personalidad', 'rebord', 'peso', 'hombres']"
1751947003095826717,"['paro', 'salarios']"
1751939590103945636,['SILLA']
1751908020752208348,"['enero', 'counter', 'chequeo', 'tarjeta', 'embarque', 'nombre', 'k', 'sobrepeso', 'maleta', 'maleta', 'cargo', 'perdida']"
1751903622906949929,"['nenas', '10', 'años', 'k', 'colesterol', 'obesidad', 'madres', 'base', 'pizza', 'facturas']"
1751823160234725835,"['cabeza', 'termo', 'ñoqui']"
1751793789528621257,"['HAMBRE', 'AFRICA', 'FOTOS', 'GENTE']"
1751780550862311717,"['brasileños', 'grasas', 'gordura']"
1751767325584609540,"['gente', 'persona', 'obesidad', 'riesgo', 'niña', 'obesidad', 'padres']"
1751764508018868704,"['hambre', 'victimas', 'desigualdat', 'diputadas']"
1751752661160886410,"['borde', 'obesidad', 'contextura']"
1751749194379898999,"['obesos', 'lugares', 'incomodidades', 'derecho']"
1751730312097202339,"['kilos', 'sobrepeso']"
1751703091630551102,"['mal', 'plástico', 'queso', 'desastre', 'kilos', 'colesterol', 'comida', 'obesidad']"
1751700599714759038,"['mina', 'bondi', 'crias', 'asiento', 'lado', 'piernas', 'PIERNAS', 'HIJOS', 'ASIENTO', 'PIERNAS', 'BONDI', 'PUTARRACA']"
1751700138530058494,"['panza', 'patas', 'gordura', 'obesidad', 'bolsa', 'gatos', 'decis', 'gatos', 'kilos', 'gordura', 'modo', 'protección']"
1751685179637166122,"['debate', 'asientos', 'vuelo', 'señora', 'heidi', 'asientos', 'piernas', 'asientos']"
1751681071698133229,[]
1751674494811336951,"['bicho', 'caso', 'médico', 'obesidad', 'comorbilidades', 'covid', 'lotería']"
1751673667749052460,"['salud', 'obesidad', 'enfermedad', 'riesgos', 'cambio', 'cuerpos', 'estetica', 'valoracion']"
1751673449922150526,"['personas', 'sobrepeso', 'asientos', 'locura']"
1751670904155734524,['vacaciones']
1751639036924412104,"['hora', 'olor', 'pata']"
1751638254598631546,"['cosa', 'cuenta', '\n\n', 'aerolíneas', 'asientos', 'tamaño', 'gente', 'asientos', 'servicio', 'persona', 'tickets']"
1751635423275663757,"['asiento', 'lado', 'chica', 'pendejo']"
1751635159332311105,"['cargo', 'asiento', 'niño', 'responsabilidad', 'padres', 'mierda']"
1751633485322658062,"['movilizador', 'problemas', 'sobrepeso']"
1751633281894752263,"['vez', 'años', 'receta', 'sobrepeso']"
1751625536265208032,"['tuit', 'yankee', 'bandera', 'verdad', 'mejichangos', 'muros', 'fentanilo', 'muertes', 'segundo', 'gente', 'feminazis']"
1751615227093807565,"['familia', 'm', 'comer', 'año', 'sobrepeso', 'casa', 'emoji', 'risa', 'emoji', ' ', 'emoji', 'risa', 'emoji', ' ', 'emoji', 'manos', 'corazón', 'tono', 'piel', 'medio', 'emoji']"
1751598597458575375,"['tema', 'obesidad', 'bebé', 'año']"
1751560020125167683,"['cabezas', 'pestañas', 'sobrepeso', 'pobreza', 'merca', 'estudios', 'viajes', 'educación', 'respeto', 'democracia']"
1751475435949420942,"['enfermedad', 'pancarta', 'infancias', 'vida', 'futuro']"
1751455703611351428,"['obesos', 'sillon', 'arco', 'pelota', 'tele']"
1751450427952869839,"['mentalidad', 'sobrepeso']"
1751430448901714353,"['amiguito', 'sobrepeso', 'ritmo']"
1751423335328608637,"['argentinas', 'rasgos', 'pija', 'días']"
1751420472976085196,['lechona']
1751404867292196912,['cuenta']
1751402238017171594,"['sacerdote', 'mujeres', 'cielo', 'resto', 'video']"
1751401680162156575,"['sobrepeso', 'desajustes']"
1751401296068776245,"['persona', 'sobrepeso', 'obesidad', 'factores', 'riesgo', 'obesidad', 'peso', 'persona', 'rango', 'kg', 'rango']"
1751400437230580130,"['cosa', 'sobrepeso', 'obesidad', 'mensaje', 'obesidad', 'factores', 'riesgo', 'ej']"
1751391328305369146,"['problemas', 'sobrepeso', 'lateral', 'mundo']"
1751382298006618460,"['masa', 'kilos', 'sobrepeso', 'dieta', 'peso', 'abdominales']"
1751377743810277836,"['morsa', 'fecha', 'rebote', 'bullaude', 'ente', 'delanteros']"
1751373816205373442,"['fabra', 'baby', 'shower', 'crio', 'foca']"
1751368942994469218,"['espalda', 'hijo', 'puta']"
1751365197669728316,"['plata', 'proyecto', 'dictador', 'hijo', 'puta']"
1751352770714628337,['mierda']
1751331501868748991,['copas']
1751312640977096961,"['criminales', '10', 'diciembre', 'tuit', 'caso', 'años', 'leche', 'diabetes', 'culpas', 'médico', 'receta']"
1751306446925381889,"['chicas', 'sobrepeso', 'kilos', 'emoji']"
1751001744266371378,[]
1751296030824439843,['gordura']
1751295981155451138,['lava']
1751286384956948805,[]
1751276107242827931,['foto']
1751261404579930579,"['sobrepeso', 'dieta', 'idea', 'MIERDA', 'pollera']"
1751234960441122901,"['mente', 'sarta', 'pavadas', 'megafono', 'level', 'vergüenza', 'ajena']"
1751228820437241874,"['yankee', 'tiroteo', 'obesidad', 'casa', 'olor', 'oreos', 'cheddar']"
1751226595937796430,"['obeso', 'moneda']"
1751223202942976352,"['gatero', 'análisis', 'disputa', 'terreno', 'político', 'billetin']"
1751214524043030722,"['realidad', 'duda', 'argentinos']"
1751196910075998243,"['drogadiccion', ' ', 'alcoholismo', 'ludopatia', 'eje', 'salud', 'sistema', 'lugares', 'conjunto', 'sociedad', '\n\n', '10', 'libertad', 'eje']"
1751173610612355167,"['consumo', 'jugos', 'frutas', 'niños', 'calorías', 'sobrepeso', 'obesidad', 'sociedades', 'mundo', 'ej.', 'für', 'consume', 'agua']"
1751072123869687815,"['jugadores', 'sobrepeso']"
1751068768925622507,['gimnasio']
1751062334628364689,"['azucar', 'cucharadas', 'cafe', 'leche', 'dia', 'diabetes']"
1751060439524417764,"[' ', 'emoji', 'risa', 'emoji', 'emoji', 'cara', 'risa', 'emoji', ' ', 'emoji', 'cara', 'risa', 'emoji', ' ', 'emoji', 'dedos', ' ', 'emoji', 'dedos', ' ', 'emoji', 'dedos', 'emoji', 'paro', '24']"
1751052051180617879,['obesidad']
1751042984131321917,[]
1751028738945438159,"['refuerzos', '2', '9', 'juego']"
1751024087025987668,[]
1751023068548300978,[]
1751010023184953697,"['gordura', 'dios']"
1751009769207288147,"['mentira', 'archivos', 'sobrepeso', 'porquerias', 'trabajo', 'pena']"
1750967980136010152,"['amigo', 'expresión', 'obesidad', 'arrebato']"
1750964504425333117,"['canci9n', 'duki']"
1750958012414480799,"[' ', 'enemigo', 'realidad', 'vez', 'obesidad', 'estetica', 'TV']"
1750956248135057902,"['politica', 'prepaga', 'política', 'ley', 'obesidad', 'fertilización']"
1750954079692427701,"['obesidad', 'enfermedad', 'sangre', 'desprecio', 'seres', 'humanos']"
1750953450198777930,"['etiquetas', 'cosas', 'puto/', 'judio', 'progre-zurdo', 'sobrepeso', 'aborto', 'ghettos']"
1750945906323583400,"['señor', 'gordura', 'bola']"
1750933072042705058,"['flagelo', 'sobrepeso', 'caso', 'señora']"
1750928167785594961,"['tipo', 'sobrepeso', 'torneo', 'cárcel']"
1750925670815879215,"['gente', 'obesos', 'asientos', 'asientos', 'niño']"
1750913698883936618,"['momento', '15', '20', 'años', 'obesidad', '30', 'peso', 'cuello', 'kilos', 'edad']"
1750912944391471502,"['foca', 'mierda', 'boca', 'chiflido', 'repudio', 'humanidad']"
1750912042628763678,"['equipo', 'jugador', 'sobrepeso']"
1750904607021142233,"['enzo', 'seres', 'luz', 'sol', 'twitter', 'gente', 'politica', 'opinion', 'mina', 'musica', 'pueltoriqueño']"
1750887419681845608,"['cuadras', 'libro', 'encargo', 'cantidad', 'librerías', 'negocios', 'golosinas', 'cantidad', 'sobrepeso', 'comida', 'gente', 'combustible', 'cerebro']"
1750870396339892522,['volquete']
1750870269118349397,"['orto', 'ballena', 'compañía', 'hija', 'puta']"
1750869655961338010,"['situación', 'obesidad', 'asientos', 'comodidad', 'prójimo', 'derecho']"
1750780986604884244,"['política', 'mujer', 'sobrepeso', 'trabajadores']"
1750767108458246400,"['sentido', 'vida', 'autos', 'matones', 'trabajadores', 'cajas$$$.', 'hospital', 'flia', 'días', 'sentido']"
1750737677513597284,"['amiguilla', 'villera', 'problema', 'chico', 'hilo', 'trompadas', 'cuidado', 'amiga', 'apache', 'cintura']"
1750735160281030913,"['morbida', 'cromosomas']"
1750704959614583226,"['profesores', 'educación', 'física', 'sobrepeso']"
1750691751663145120,[]
1750690273368137745,"['mes', 'meme', 'estopa', 'varilla']"
1750686741894135987,['sobrepeso']
1750624885854912794,"['medicamento', 'valores', 'obesidad', 'botón', 'costo', 'beneficio']"
1750622550961324230,"['señor', 'camiones', 'caudales']"
1750613084689891654,"['obesito', 'año', 'vida']"
1750606317234819153,"['hambre', 'consejo', 'régimen']"
1750602458580308462,"['resistencia', '\xa0 ', 'perfil', 'riesgo', 'adultos', 'sobrepeso', 'obesidad', '\n\n ']"
1750596937617936746,"['mierda', 'cabeza', 'carajo', 'mierda', 'estanderes', 'gordura', 'cabeza', 'serio']"
1750596114083123551,"['veces', 'foto', 'vaca', 'cerebro', 'conch', 'madreee']"
1750595243412697468,[]
1750588234743320633,"['foca', 'garcia']"
1750560756347679164,"['enfermedades', 'obesidad', 'diabetes', 'cifras', 'colesterol', 'hipertensión', 'hdp']"
1750547572786163717,"['paro', 'foto', 'movilización', 'gordura', 'inchazon']"
1750544364311298278,"['niveles', 'sangre', 'sobrepeso', 'frase']"
1750530065363017925,"['acuerdo', 'obesidad', 'causa', 'muerte', 'consecuencias', 'obesidad', 'forma', 'sociedad']"
1750526478746583326,"['asco', 'gente', 'sindicatos', 'perdición', 'país']"
1750516500094406843,"['control', 'chico', 'sobrepeso', 'hijas']"
1750504995391209677,"['gordo', 'tema']"
1750483181977960532,"['orto', '19', 'noviembre', 'terapia', 'medialunas', 'sapo6']"
1750482316420370689,"['obesidad', 'problemas', 'anorexia', 'gente']"
1750474431204294851,['obesos']
1750427576453955970,"['obesidad', 'justicia']"
1750408995225919645,"['vampiros', 'energía', 'nación', 'voluntad', 'sobrepeso', 'angurria', 'plata', 'poder']"
1750388748762644618,"['portero', 'nenazo', 'veneco', 'precio', 'pueblo']"
1750377360770077157,"['gordura', 'eleccion', 'religion']"
1750355212064215228,"['tendencia', 'obesidad', 'rama', 'camioneros']"
1750355117142839486,"['emoji', 'mano', 'índice', 'derecha']"
1750353616651616719,"['motivo', 'bot', 'red', 'social', 'orto', 'pedazo', 'imbécil']"
1750350490750079110,[]
1750350474824327571,"['pueblo', 'rejunte', 'sindicalistas', 'auto', 'guardaespaldas', 'río', 'persona', 'pueblo', 'pueblo', 'días']"
1750345076226637873,"['bola', 'sech', 'tema', 'historia']"
1750344683912376688,"['emoji', 'cara', 'emoji', ' ', 'emoji', 'cara', 'revolviéndose', 'la', 'risa', 'emoji', ' ', 'emoji', 'cara', 'llorando', 'risa', 'emoji', ' ', 'emoji', 'emoji', ' ', 'emoji', 'caca', 'ojos', 'emoji', ' ', 'emoji', 'caca', 'ojos', 'emoji', ' ', 'emoji', 'caca', 'ojos', 'futuro', 'garca', 'lo', 'postulan', 'presidente', 'peronismo', 'dentro', 'años', 'sangre', 'gordura', 'fresca', ' ', 'emoji', 'cara', 'llorando', 'risa', 'emoji', '  ', 'emoji', 'cara', 'llorando']"
1750335589319049600,"['persona', 'hijas', 'sobrepeso', 'tipo', 'mierda']"
1750314101245346011,[]
1750308337919422864,"['crisis', 'vacaciones', 'cabeza', 'acrobacias', 'obesidad', 'parrilla', 'tano']"
1750302610706362428,['obesidad']
1750279565300170774,"['obesidad', 'cuerpo']"
1750274736821506421,"['factores', 'infarto', 'ACV', 'mecánicos', 'hashtag', 'obesidad', 'hipertensión', 'químicos', 'colesterol', 'diabetes', 'comportamiento', 'sedentarismo', 'alimentación', 'descanso']"
1750273916294025465,"['vez', 'vida', 'down']"
1750273504916754613,"['delincuente', 'tobillera']"
1750271179393269860,"['quien', 'gordi', 'obesidad', 'vez', 'marchas', 'rayo', 'sol', 'dieta', 'actividad', 'triglicéridos']"
1750270693260787998,"['dia', 'puerta', 'pentágono']"
1750270156234731805,"['país', 'cuero', 'gaseosa', '\n', 'hashtag']"
1750258287897969021,"['sobrepeso', 'gente', 'hambre', 'pueblo']"
1750254880139227286,"['obesidad', 'peronistas', 'fortuna']"
1750246288124166410,"['cuerpo', 'cuerpos', 'gordura']"
1750243644710289663,"['falta', '\n', 'triglicéridos', '\n']"
1750239880297291832,"['plaza', 'vida', 'trabajadores', 'política', 'olla', 'política', 'gente', 'olla', 'pelotudo']"
1750222572484993029,"['marcha', 'iphones', 'sobrepeso', 'baranda', 'culo']"
1750221942701920399,"['mami', 'short', 'mamita', 'obesidad', 'culo', 'problema', 'calza']"
1750218151642718456,['sobrepeso']
1750216560390668342,"['chicas', 'manifestación', 'señor', 'idea', 'chusma', ' ', 'emoji', 'emoji', 'bocadillo', 'enfado', 'derecha', 'emoji', 'emoji', 'fuego', ' ', 'emoji', 'cara', 'ojos', 'lengua', 'emoji']"
1750211376813887574,"['ideología', 'dogma', 'destrucción', 'peronistas', 'rescatistas', 'omnipresencia', 'ente', 'general']"
1750206505473757247,"['cuerda', 'obesidad', 'sinónimo', 'pensamiento', 'siglo']"
1750202177644044427,"['todos', 'los', 'manifestantes', 'que', 'hambre', ' ', 'emoji', 'cara', 'revolviéndose', 'risa', 'emoji', ' ', 'emoji', 'risa', 'emoji', ' ', 'emoji', 'caca', 'ojos', 'emoji', ' ', 'emoji', 'mano', 'señal', 'victoria', 'emoji', ' ', 'emoji', 'caca', 'ojos', 'emoji', ' ', 'emoji', 'mano', 'señal', 'victoria', 'emoji', ' ', 'emoji', 'caca', 'ojos', 'emoji', 'mano', 'señal', 'victoria', 'emoji']"
1750197617143816217,['escuela']
1750196595335774271,"['hijo', 'puta', 'morsa', 'camiseta', 'boca']"
1750189776051847373,"['sobrepeso', 'marcha']"
1750189657889837515,['tetas']
1750188270611239352,"['kilitos', 'sobrepeso']"
1750184689791311883,"['GORDURA', 'HAMBRE', 'KARADURAS']"
1750184304896782428,"['sobrepeso', 'color']"
1750176676229628156,"['pitufos', 'sobrepeso']"
1750149489002693062,"['capital', 'rentabilidad', 'gordura', 'hinchazón', 'veces']"
1750137142930554882,"['terapia', 'resultados', 'obesidad', 'comorbilidades', 'través']"
1750043459837215018,['boliche']
1750012897051226591,"['diabéticos', 'años']"
1749989891637641563,"['evidencia', 'obesidad', 'factores', 'elección', 'método', 'reperfusión', 'tiempos', 'evidencia']"
1749964925428961604,"['concha', 'madre', 'club', 'mercenario']"
1749934004944409077,[]
1749912398994034983,[]
1749905402345541637,"['picada', 'día', 'comida']"
1749902529305931873,['gato']
1749896424983060926,"['amiga', 'puta', 'aureola', 'emoji']"
1749893697301360705,['sierra']
1749892404042191061,"['capital', 'zonas']"
1749886989195698388,"['obesidad', 'ausnto', 'parte', 'solucion']"
1749878722163847628,['sobrepeso']
1749870639865835886,['obesidad']
1749840924132429874,"['culpable', 'gordura']"
1749839178169286837,"['años', 'excesos', 'paciente', 'dieta', 'abdominales']"
1749839036754108780,"['pizza', 'coca', 'obesidad']"
1749835208898015598,"['mujer', 'gordura', 'insensibilidad', 'simpleza', 'marido', 'asilo', 'pm', 'cine']"
1749619899108892916,"['gordura', 'aspecto', 'ropa', 'estilo', 'ideología', 'mierda', 'gente', 'asesinos', 'niños', 'conmiseración', 'mierda']"
1749594993428135977,"['diputada', 'estao', 'deilincuantes']"
1754485980990439652,['obesidad']
1754482879873036442,"['pelo', 'gordura']"
1754471727793381837,"['personas', 'obesidad', 'enfermedad', 'campañas', 'mensajes', 'gente', 'salud', 'tiempo', 'gente', 'peso']"
1754461202678181960,"['obesidad', 'enfermedad', 'monton', 'aspectos', 'salud', 'muerte', 'psiquiátrico', 'pibes']"
1754403008241086664,"['razón', 'gimnasio', 'casa', 'adolescencia', 'casa', 'peso']"
1754391814692323561,"['carajo', 'sobrepeso', 'personas', 'trabajo', 'riesgo']"
1754196068344922117,"['FURIA', 'MANZANA', 'gordura', 'ingresos', 'cadena', 'manzana', 'hermano']"
1754390007475794355,"['manzana', 'conurbano', 'tanga', 'minutos', 'tucumano', 'hermano']"
1754384315637461123,"['hija', 'problemas', 'sobrepeso', 'enfermedad', 'mensaje', 'lugar', 'instructora']"
1754372607132996078,"['CHICOS', 'KAKDKAKAKAKAKAKA', 'hermano']"
1754360819662336398,"['chica', 'casa', 'falta', 'respeto', 'obesidad', 'enfermedad']"
1754357862082515029,"['hambre', 'frijol', 'tortilla', 'mierda', 'oxxo', 'sobrepeso', 'cara', 'lengua', 'emoji', 'emoji', 'cara', 'lengua']"
1754355133658406944,['mano']
1754345826141212705,"['plata', 'gordura', 'risa']"
1754344980817104920,"['mano', 'trola', 'obeso']"
1754344499734561196,"['pelo', 'vainilla', 'color', 'pelo', 'paja', 'hashtag', 'granhermano']"
1754342082871738649,"['PLACA', 'RIDICULA', 'FURIA', 'RODICULO', 'MIERDA', 'hashtag', 'furia', 'hermano']"
1754340997159346453,"['mierda', 'papudo', 'hijo', 'puta', 'próxima', 'lucas']"
1754340571269718350,['cumpleaños']
1754339054043246960,"['mamá', 'kilos', 'peso', ' ', 'emoji', 'revés', 'emoji', 'trastornos', 'culpa']"
1754338044818125288,"['planta', 'furia', 'segundos']"
1754333710390903158,"['mina', 'hamburguesa', 'puta', 'gordura', 'manzana', 'gritos', 'pelada']"
1754332618340843926,"['che', 'facu', 'fotos', 'coti', 'chancho', 'puerco', 'autista', 'marcos', 'villera', 'tora', 'moralista', 'esclavo', 'palabras', '\n\n', 'hashtag', 'hermano']"
1754331636299165929,"['aguante', 'manzana', 'placa', 'panza', 'hermano']"
1754310441348510056,"['imagen', 'ganador', 'realidad', 'pelota', 'salud', 'sobrepeso', 'mensaje', 'cagada', 'hecho']"
1754307548461617547,"['palabras', 'modelo', 'delicuencia', 'cosa', 'gobierno', 'chorros']"
1754305536479134095,"['furia', 'mayoría', 'gente', 'sobrepeso', 'papel', 'ñoño', 'favor']"
1754304827469840652,"['gordura', 'enfermedad', 'condición', 'vida']"
1754303068609315094,"['concja', 'puta', 'madre', 'jugadores', 'sobrepeso', 'pibes', 'años', 'paciencia', 'puta']"
1754298815153115562,"['\n\n', 'sedentaria', 'hashtag', 'pantalla', 'obesidad', 'dibujo', 'hijo', 'través', 'imaginación', 'estilo', 'vida', 'emoji', 'emoji', 'emoji', 'chispas', 'emoji', 'futurodigital', 'vida2050', 'dibujodemihijo']"
1754298381181005972,"['psiquiátrica', 'obesidad', 'enfermedad', 'hija', 'put', ' ', 'símbolo', 'silla', 'ruedas', ' ', 'símbolo', 'silla', 'ruedas', 'emoji', ' ', 'emoji', 'símbolo', 'silla', 'ruedas', 'emoji', 'hashtag', 'hermano']"
1754161225984864319,"['psiquiátrica', 'obesidad', 'enfermedad', 'hija', 'hermano']"
1754294340904505630,"['gente', 'negocio', 'aspecto', 'caso', 'gordura', 'posibilidad', 'recursos', 'negocio']"
1754293329917861954,"['persona', 'obesidad', 'miles', 'cosas', 'peso', 'kilos']"
1754292410291478752,"['contexto', 'obesidad', 'enfermedad', 'manera', 'television', 'televisión']"
1754291089412886969,"['fantasmas', 'hashtag', 'hermano']"
1754290064530591790,['hermano']
1754288380920188942,"['protegida', 'manera', 'personas', 'obesidad.triste']"
1754159042535039175,"['madrugada', 'producción', 'cámara', 'gordofobia', 'poros', 'forma', 'hermano']"
1754284359157244165,"['gente', 'sobrepeso']"
1754284206564217022,"['cuerpo', 'nutricionista', 'PERSONAS', 'PANZA', 'sobrepeso', 'objetivo', 'panza']"
1754283283699978744,"['planteamientos', 'cosas', 'obesidad', 'gente', 'obesidad']"
1754283193014861998,"['persona', 'obesidad', 'tratamiento', 'ansiedad', 'contrario', 'nutricionista', 'dieta', 'problema', 'salud']"
1754282762951893294,"['panza', 'MUJERES', 'obesidad', 'GENTE']"
1754279675071717487,"['conveniencia', 'día', 'enfermedad', 'comentarios']"
1754276826724155564,"['video', 'problemas', 'sobrepeso']"
1754271838585131046,"['extremo', 'problema']"
1754271226309079412,"['personas', 'vesícula', 'hígado', 'tiroides', 'sobrepeso', 'insulto', 'problema']"
1754264684721512797,"['idolo', 'gustavo', 'costas', 'jugador', 'club', 'descanso', 'tetas', 'hijo']"
1754262782202057086,"['gordura', 'obesidad', 'pelo', 'peso', 'salud', 'cuenta']"
1754262729936826712,"['plata', 'fierro']"
1754261451760398738,"['huevo', 'colesterol']"
1754250305384960244,[]
1754234654608011301,"['emoji', 'cara', 'frío', 'frase', 'obesidad', 'redes', 'discriminación']"
1754228713439347192,"['reflexiones', 'razon', 'cadena', 'derecho', 'pesar', 'gordura', 'problema', 'pasto']"
1754228607826751637,"['verano', '110351', 'especialista', 'nutrición', 'orientación', 'obesidad']"
1754226261843403249,"['persona', 'cuerpo', 'persona', 'sobrepeso']"
1754224890113126722,"['problemas', 'salud', 'cosa', 'kilos', 'sobrepeso']"
1754223103922561278,"['gordura', 'manga', 'trolos']"
1754220566305718687,"['obesidad', 'personaje', 'ganado', 'hermano']"
1754217466840965296,"['gordofobia', 'obesidad', 'Dios', 'falta', 'compresión', 'fanatismo', 'hermano', '9009']"
1754213694450352360,"['verdad', 'manzana', 'roja', 'obesidad', 'enfermedad', 'gimnasio', 'tipo', 'apología', 'obesidad']"
1754210663226843180,"['gordura', 'intención', 'verdades']"
1754210052485898268,"['mafia', 'chetos', 'fierro', 'hermano']"
1754207411634610345,"['razón', 'gordura', 'enfermedad', 'culpa', 'cargo']"
1754203255318429698,"['papel', 'papel', 'persona', 'oración', 'minutos', 'interpretación']"
1754197040295297516,[]
1754194066995024009,"['salario', 'trabajador', 'hijos', 'persona', 'hombros', 'emoji']"
1754192842522550656,[]
1754190049996861640,"['persona', 'obesidad', 'jueguito', 'pelea', 'orto', 'dibujito']"
1754187238852706643,['sobrepeso']
1754184681258365422,['obesidad']
1754184650119942505,"['casualidad', 'yanki', 'oreo']"
1754184260221538544,"['laburo', 'venezolano', 'fan', 'gordo', 'facturas', 'permiso']"
1754180026902159766,"['vez', 'zabo', 'exceso', 'gordura', 'pito', 'manicero', 'chica', 'conurbano', 'bonaerense', 'CÁRCEL', 'BALA', 'pajeros', 'derecho', 'red']"
1754177202940211265,"['amiga', 'razón', 'mundo', 'sobrepeso', 'negocio', 'imagen', 'emoji', 'persona', 'de', 'hombros', 'tono', 'piel', 'posta', 'señal', 'mano', 'piel']"
1754171644522746003,['obesidad']
1754157318915137962,"['leche', 'miocardía', 'razas', 'general', 'ragdoll', 'problema', 'salud', 'obesidad', 'bolas', 'pelo', 'gato']"
1754149361980694915,"['razón', 'caso', 'nota', 'sobrepeso', 'cuarentena', 'peso']"
1754118149006336124,"['hashtag', 'dia', 'cancer', 'alimentación', 'calidad', 'actividad', 'personas', 'obesidad', 'sedentarismo', 'factores', 'riesgo', 'medidas', 'decisiones']"
1754084909902074285,"['sobrepeso', 'cuerpo']"
1754005015843229798,['ayuda']
1753995866644316406,"['obeso', 'problema', 'cara', 'paki', 'emoji', 'emoji', 'emoji', 'desanimada', 'emoji']"
1753967945858814255,"['obesidad', 'personas', 'persona', 'peso', 'peso']"
1753914644228366761,"['anorexia', 'trastorno', 'obesidad']"
1753894577553965258,"['foto', 'gato', 'luz', 'ansiedad', 'vida']"
1753891419582828608,"['sobrepeso', 'fisura']"
1753882164423221565,"['tia', 'dolor', 'ciática', ' ', 'emoji', 'cara', 'emoji']"
1753875022513348767,"['edad', 'problemas', 'salud', 'sobrepeso', 'kg', 'rehen']"
1753874140623483000,"['cuerpo', 'grasa', 'vez', 'cerebro!Esta', 'clase', 'personas', 'odio', 'resentimiento', 'desprecio', 'seres', 'humanos', 'personas', 'derecho', 'compañera']"
1753860004367483148,['gordo']
1753849657791496668,[]
1753798490281373972,"['noche', 'gorda']"
1753773712199819633,['orto']
1753742673767174335,"['paso', 'fenotipo', 'alimaña', 'obesidad', 'gente']"
1753671731548508632,"['sobrepeso', 'equipaje', 'miami']"
1753655459087524036,[]
1753630565587165236,"['muñeca', 'sobrepeso']"
1753617672095277110,"['kilos', ' ', 'emoji', 'emoji', ' ', 'emoji', 'emoji', ' ', 'emoji', 'emoji', ' ', 'amiga', 'deporte']"
1753615792745197691,"['gordura', 'gorda']"
1753607237526823378,"['envidia', 'betty', 'sobrepeso', 'envidia', 'autoestima', 'altura', 'dios']"
1753587786509132265,"['médico', 'obesidad', 'plan', 'alimentario', 'medicación', 'obesidad', 'actividad']"
1753585496163303605,"['llantas', 'remera', 'cuerpo', 'jean', 'medio', 'orto']"
1753575809753686476,"['nombre', 'favor', 'cosa', 'referencia', 'perro']"
1753566593076895847,"['fútbol', 'obeso', 'kily', 'verga']"
1753553491849539726,"['día', 'madrid', 'sinónimo', 'retraso', 'problemas', 'obesidad']"
1753545330056917150,['hermana']
1753538085235679323,"['panzón', 'sobrepeso']"
1753523769987956950,"['bico', 'canasto', 'pelotudeces', 'diputados']"
1753511499207761971,"['gas', 'peronista', 'cara', 'culpa', 'policia', 'gendarmes', 'cara', 'gas', 'gordura']"
1753502615143338121,"['duda', 'gustos', 'cara']"
1753502560613175651,[]
1753501338577613027,"['OVNIO', 'HAMBRE', 'CUENTA', 'FRUTILLAS', 'LIMONES', 'MORRONES', 'CAMPO', 'PAIS']"
1753492046612930667,"['alumna', 'días', 'pasado', 'diputada', 'piquetera', 'emoji', 'emoji', 'emoji', 'emoji', ' ', 'emoji', 'emoji']"
1753484248756228431,"['app', 'hegemónicos', 'país', 'mundo', 'supremacía', 'obesidad', 'tapa', 'revistas', 'boludeces']"
1753478570045767955,"['lógica', 'mamita', 'compresión', 'lógica', 'comentario', 'sobrepeso', 'metida']"
1753466478785958247,"['drama', 'gordura']"
1753455677979164768,"['mayoria', 'diputados', 'hambre', 'denominador']"
1753451996063949265,"['tarde', 'doc', 'contacto', 'amigo', 'terapeuta', 'obesidad', 'tratamiento', 'terapia']"
1753445268295455125,['tierras']
1753431618029494659,"['comedores', ""ONG's"", 'filántropos', 'vecinos', 'punteros', 'comida']"
1753421566723928336,"['momento', 'celular', 'marca', 'hija', 'estado', '90%', 'sobrepeso']"
1753415370285724111,"['campera', 'cuero', 'día', 'calle', 'complejos', 'gordura', 'dormir', 'auto', 'choferes', 'seguridad', 'tipo']"
1753378752149537040,"['obesidad', 'felicidad', 'cuenta']"
1753273412267471049,"['abuela', 'gordura', 'hinchazón', 'ánimo', 'vida']"
1753261758293197158,['autista']
1753249820645466378,[]
1753248252684583025,['gordo']
1753238719513903493,"['hecho', 'inseguridad', 'video', 'policías', 'gordura', 'agilidad', 'persona', 'razón', 'joda']"
1753237444504232178,"['virgen', 'obesidad']"
1753236333982580997,"['pena', 'club', 'minuto']"
1753234470834970825,['tapes']
1753220074511450184,[]
1753215774498369547,"['amiga', 'obesas']"
1753210752041693424,"['GENDARMERÍA', 'ARTERIAS', 'OBESIDAD']"
1753201432000446542,"['cañon', 'guerra']"
1753196911048188177,"['emoji', 'profesional', 'hombre', 'piel', 'emoji', 'médico', 'emoji', 'información', 'emoji', ' ', 'personas', 'riesgo', 'años', 'problemas', 'obesidad', 'diabetes', 'trasplantes', 'enfermedades']"
1753196405055774893,"['obesidad', 'médico', 'medicamento', 'ascensor']"
1753187317345333317,"['mierda', 'obeso']"
1753182981303214398,['domingos']
1753182943139205297,['foca']
1753171521600647319,"['problemas', 'personas', 'extremo', 'gente', 'sobrepeso', 'problemas']"
1753170157562667514,"['amigo', 'comida', 'adicto', 'falopa', 'inodoro']"
1753163813870825616,"['sobrepeso', 'años', 'pizza', 'días', 'meses', 'dieta']"
1753140178686718251,"['massa', 'hambre', 'obesas']"
1753128178908803197,"['chabon', 'peso', 'dios', 'hijos', 'dia']"
1753126225676042662,"['tetas', 'hueso', 'físico', 'culpa', 'pausas', 'cosas', 'piel']"
1753125510237069454,"['sobrepeso', 'arreglo', 'persona', 'ganas']"
1753118656802718192,"['bronca', 'atención', 'verdad', 'kilos', 'gordura']"
1753108750679060873,"['policia', 'actividad', 'grado', 'obesidad']"
1753103534281891868,"['obesidad', 'mamadas']"
1753103357613596942,"['celu', 'piso', 'sobrepeso', 'carne']"
1753099915151208624,"['gordura', 'problema', 'apellido', 'merito', 'reina']"
1753099133215535201,"['versión', 'sobrepeso', 'pelo']"
1753097517514764371,"['churrete', 'gordura', 'ascensores', 'palcos', 'vez']"
1752901561091600672,[]
1753095728715501915,"['novia', 'novio']"
1753090122097045817,"['sobrepeso', 'infancia', 'problema', 'salud', 'gordura', 'enfermedad']"
1753086256970441007,"['gente', 'hambre', 'mamarrachos', 'hambre', 'bolsillos']"
1753081010106093921,"[' ', 'risa', ' ', 'risa', 'risa']"
1753075164357754967,"['orkos', 'sobrepeso.tienen', 'hambre']"
1753073767105069299,"['tw', 'furia', 'viejos', 'autista', 'dedo', 'muerte', 'domingo', 'sidra']"
1753068945572340092,"['obesa', 'ascensor', 'risa', 'emoji', 'cara', 'risa', 'emoji']"
1753067072450650561,"['enfermedades', 'obesidad', 'diabetes', 'epoc', 'personal', 'salud', 'personal', 'refuerzo', 'meses', 'dosis', 'periodicidad']"
1753064770071306713,"['cuenta', 'mediocridad', 'participación', 'salario', 'favor', 'ciudadanos', 'obesidad', 'problema']"
1753052102899748912,"['sobrepeso', 'discapacidad', 'escaleras', 'hombre', 'señora', 'traje', 'bigote']"
1753032439226577346,"['pensamientos', 'acciones', 'pacientes', 'tipo', 'medicamentos', 'diabetes', 'tipo', 'obesidad', 'agonistas', 'receptor', 'péptido-1', 'glucagón', 'hashtag', 'seg', 'pac', 'vía']"
1755971267746758761,"['gordura', 'flor', 'panza']"
1755968038485058007,['hombres']
1755907187249906096,"['imagen', 'casos', 'obesidad', 'tema']"
1755902313527398451,"['extremos', 'problema', 'delgadez', 'obesidad', 'problemas', 'riesgos', 'salud', 'niveles', 'espectro']"
1755887263622299675,[]
1755875597228650625,"['gente', 'tetas', 'pelos', 'sobaco', 'orto']"
1755872608522760198,"['\xa0', 'mati', ' ', 'manos', 'corazón', 'piel', 'emoji', 'mati', ' ', 'manos', 'corazón', 'tono', 'piel', 'clemensita', 'enemigos']"
1755867222742851945,"['olla', 'chatarra', 'montón', 'años', 'forma', 'meses', 'gym']"
1755859517613514977,['tetas']
1755843008635810091,['gordita']
1755838599713444294,['mierda']
1755826751286997068,"['comedor', 'mind']"
1755802676179140911,"['persona', 'cirrosis', 'obesidad', 'morbida', 'tabaquismo', 'meses', 'meses', 'años', 'daño', 'ministro', 'economía', 'tik', 'tok']"
1755789156171571346,"['kg', '1,60', 'perdon']"
1755785514240622697,"['forma', 'pavada', 'obsesión', 'riesgo', 'enfermedades', 'grasa', 'EXCESO', 'pancita']"
1755776311891517715,"['rollitos', 'enfermedad', 'cuerpo', 'salud', 'razones']"
1755771984363847951,"['cola', 'valen']"
1755766785490432152,"['tipos', 'SELECCIONADO', 'bandera', 'emoji', 'sobrepeso', 'años', 'pies']"
1755752080629702696,"['debilidad', 'animales', 'amo', 'perros', 'gatitos', 'raza', 'amiga', 'mimos', 'lengua', 'ojo', 'mimos', 'risa']"
1755740149424718118,"['pachonidad', 'pachonidad', 'amor', 'pachonidad', 'vida', 'obesidad', 'obesidad', 'salud', 'médico', 'exceso']"
1755735072198598767,"['kg', 'sobrepeso', 'consecuencias', 'salud', 'peso', 'amor', 'emoji', 'chispas']"
1755723894940409994,"['niveles', 'obesidad', 'puberes', 'adolescentes', 'adultos', 'disciplina', 'alimentación', 'morfología', 'mina', 'paso', 'tiempo', 'tana']"
1755717428640678376,"['sobrepeso', 'vez', 'galletitas', 'laburo']"
1755716783443443974,"['miedo', 'piña', 'mendoza', 'marcha', 'gas', 'pimienta', 'calor', 'grasa', 'mierda', 'fantasmin', 'meme']"
1755701674574753909,"['hincha', 'equipo', 'genio', 'boludo', 'sentimiento', 'razón', 'corazón', 'obesidad', 'enfermedad', 'fobia', 'problema', 'rectification', 'boludo']"
1755674275787251719,['veces']
1755668139008770075,"['peso', 'gordura', 'sobrepeso', 'barrios', 'alimentos', 'calidad', 'excesos', 'harinas', 'grasas', 'dieta', 'precios', 'odio']"
1755658044225069382,"['vida', 'habitos', 'obesidad', 'peso', 'meses', 'trainer', 'problemas', 'meses']"
1755654794344104240,"['derrota', 'país', 'panchos', 'torta', 'fritas', 'día', 'mierda']"
1755654312477274281,"['señoras', 'kg', 'sobrepeso', 'gaseosa']"
1755636633871815003,"['cantidad', 'mujeres', 'hilo', 'cosas', 'horror', 'cuerpo', 'ser', 'humano', 'foto', 'obesidad', 'panza']"
1755633913278439923,"['montón', 'ropa']"
1755627283883159867,"['ingredientes', 'brownie', 'receta', 'brownie', 'brownies', 'manera', 'años', 'calorías', 'éxito', 'obesidad', 'emoji', 'mueca']"
1755626335232241908,"['café', 'café', 'agua', 'azúcar', 'grasa', 'cafeteros', 'café', 'leche', 'euros', 'cafetería', 'italiana', 'chota', 'clientela']"
1755593545430216804,"['gente', 'grado', 'obesidad', 'mountain']"
1755567404527067423,"['individuos', 'fila', 'hambre', 'cara', 'cara', 'risa', 'emoji', 'chiste', 'TV']"
1755566063452823816,"['mujeres', 'enfermedad', 'mujeres', 'hombres']"
1755564523719721313,"['ku', 'talento', 'talento']"
1755450647023915414,"['sobrepeso', 'ciudad']"
1755438367905366346,"['doctor', 'sinceridad', 'cap', 'certificado', 'defunción']"
1755431285529452852,"['fatshionista', 'cosas', 'nivel', 'obesidad', 'factura']"
1755425723202908386,"['orto', 'gorda']"
1755405936544325669,"['gordura', 'hinchazon', 'sopa']"
1755394514368319695,[]
1755393339308822959,"['cabeza', 'mierda', 'luquitas']"
1755353960615952702,"['outfitt', 'gorras']"
1755345284576448556,"['caso', 'xD']"
1755332194149474553,"['señora', 'dieta']"
1755325274269405223,"['efectivo', 'horas', 'apellido', 'Dios', 'chincheta']"
1755322666448220281,"['bautista', 'principio', 'monosílabo', 'hermano']"
1755315156022599965,"['cargos', 'fama', 'ropa', 'obesas']"
1755279223957147782,"['gordura', 'razón', 'cara', 'gestos']"
1755270085994836407,"['hambre', 'ganas', 'foto', 'escaleras']"
1755269642518433972,"['onda', 'comedores', 'comida', 'chicos', 'hambre', 'ves', 'celulares', 'cara', 'zapatillas', 'marca', 'ollas', 'km', 'fortuna', 'hambre', 'calavera', 'emoji']"
1755263404237890004,"[' ', 'risa', 'emoji', 'risa', 'emoji', 'risa', 'emoji']"
1755263274566705310,[]
1755258447799415067,"['vestido', 'prenda']"
1755254372215243161,['de']
1755253147411619916,"['cambio', 'obesidad', 'campeonato', 'culturismo']"
1755248186472427596,"['gordura', 'hinchazón', 'escuela', 'diplomacia', 'carrera']"
1755234880034574542,"['cara', 'vida', 'enano', 'sobrepeso']"
1755233672192573773,"['variedad', 'gordura', 'sangre']"
1755218917214048425,"['papada', 'señora']"
1755208419227611410,"['gato', 'sobrepeso', 'semana', 'ola', 'calor']"
1755198966742876170,"['emoji', 'risa', 'emoji', ' ', 'emoji', 'cara', 'risa', 'emoji', ' ', 'emoji', 'risa', 'emoji', 'hacer', 'periodismo', 'rato', 'cola', 'hambre']"
1755190667930685651,"['día', 'dolor', 'sobrepeso', 'placer', 'meses', 'ritmo', 'emoji', 'paleta', 'pintor', 'emoji', ' ', 'emoji', 'bandera', 'cuadros', 'emoji', 'emoji', 'cámara', 'flash']"
1755171944469606613,['obesidad']
1755112652357923175,['puto']
1755073540099871011,"['malnutrición', 'exceso', 'déficit', 'pobreza', 'desnutrición', 'obesidad', 'alimentos', 'calidad', 'densidad']"
1755072970379214934,"['nenaaa', 'problema', 'sobrepeso', 'peso']"
1755063545102746089,"['verdad', 'cambios', 'hábitos', 'lucha', 'obesidad', 'alcoholismo', 'chicos']"
1755060843996225781,"['sobrepeso', 'sinónimo', 'alimentación']"
1755052839137640857,[]
1755038705947996327,"['kero', 'gato', 'paja', 'mundo']"
1755023012779225345,"['flecha', 'derecha', ' ', '\n', 'emoji', 'flecha', 'derecha', 'emoji', ' ', 'flecha', 'derecha', '  ', 'bomba', 'resultado', ' ', 'punto', 'fey', 'plazo', 'patologías', 'tta', ' ']"
1755016341734498433,"['sectores', 'trabajadores', 'implante']"
1755011908426510692,"['VALANZAS', 'PESO', 'RUTAS', 'SOBREPESO']"
1755000456118403187,"['vagos', 'delincuentes', 'invasores', 'extranjeros']"
1754993419074646425,"['acuerdo', 'tapia', 'barrios', 'sobrepeso', 'nivel', 'dupla', 'mediocampo', 'minutos', 'cosas', 'ídolo', 'dt']"
1754991968982094276,"['barrios', 'sobrepeso', 'Dios', 'tipo', 'año', 'amistosos', 'paso', 'cosa', 'amistoso']"
1754988741045690486,['obesas']
1754968807364284842,"['diputado', 'sobrepeso', 'hambre', 'derecha']"
1754853615548670021,"['colas', 'hambre', 'gerentes', 'pobreza', 'sobrepeso']"
1754948827629355373,"['obesidad', 'norma']"
1754942078377742420,"['fauna', 'k', 'kirchnerismo']"
1754933579761516992,"['veganismo', 'vegetarianismo', 'fin', 'enfermedad', 'negocio', 'anti-dieta', 'sobrepeso', 'consecuencia', 'exceso', 'carbohidratos', 'exceso', 'grasa']"
1754933577421050136,"['tiempo', 'sobrepeso', 'causante', 'enfermedades', 'enfermedades', 'negocio', 'mundo', 'sistema', 'gordura', 'forma', 'empoderamiento']"
1754920342844256634,['SWAT']
1754920173130166765,"['carga', 'desnutrición', 'obesidad']"
1754918780029776327,"['PERSONA', 'OBESIDAD', 'SIMBOLO', 'HAMBRE', 'CABEZA', 'VEZ']"
1754918325828689970,"['obesidad', 'dieta', 'base', 'harinas', 'fideos', 'alimentos']"
1754914383963054441,"['médico', 'personas', 'factores', 'alimentación', 'problemas', 'cura']"
1754913360989094331,"['país', 'personas', 'sobrepeso']"
1754894633845363099,"['personas', 'sobrepeso', 'carbohidratos', 'niños', 'jóvenes', 'base', 'papas', 'galletitas', 'celulares']"
1754893931286766034,"['años', 'familia', 'madre', 'familia', 'obesidad', 'papas', 'huevos', 'meses', 'trabajos', 'casa']"
1754698992443629982,"['gordura', 'gente', 'acceso', 'comida', 'harinas', 'comida', '70%', 'termos', 'stanley', 'pais', 'economia', 'nutricion']"
1754892825705984512,"['gordura', 'sinónimo', 'abundancia', 'fideos', 'arroz', 'polenta']"
1754892782194332051,"['pobreza', 'condición', 'cabeza', 'cerdo', 'obesidad', 'sinónimo', 'abundancia']"
1754891534044889254,"['dieta', 'necesidades', 'nutrición', 'hambre', 'vez', 'obesidad']"
1754891487555289257,"['peso', 'eli', 'mounjaro', 'oferta', 'medicamentos', 'mundo', 'obesidad', '\n', 'demanda', '\n', 'finanzas', 'hashtag', 'cedears']"
1754860864656527624,['resentimiento']
1754857898780274785,"['gente', 'hambre', 'cosas', 'nutrientes', 'ejemplo', 'pan', 'harinas', 'cosas', 'grasa', 'nivel', 'odio', 'hermano']"
1754854177119883286,"['sobrepeso', 'cola', 'hambre']"
1754852716197679356,"['sobrepeso', 'lomo', 'sushi', 'pato', 'naranja', 'alimentación', 'harinas', 'hambre']"
1754833352199119339,"['personas', 'sobrepeso', 'asiento', 'colectivo', 'gt;:&lt']"
1754829203210375384,"['comida', 'base', 'harinas', 'harinas', 'carbohidratos', 'carbohidratos', 'sobrepeso', 'palabra', 'correlatividad', 'razonamiento', 'conglomerado']"
1754820127642488855,"['titulo', 'peli', 'gancho']"
1754764159411974181,"['gordura', 'punto', 'punto']"
1754729076525260812,"['ojos', 'hospital', 'señora', 'médico', 'gordura']"
1754715656304345476,[]
1754711176846442865,"['día', 'onda', 'hambre', 'IMC', 'obesidad']"
1754710418356883635,"['respeto', 'alumnos', 'pelona', 'personaje', 'obesidad', 'enfermedad']"
1754710296407486813,"['sobrepeso', 'grado', 'risa']"
1754707000850612694,"['alimentación', 'consecuencia', 'sobrepeso']"
1754703044418142401,"['concepto', 'nutrición', 'dieta', 'alimentos', 'familia', 'arroz', 'papa', 'fideos', 'pan', 'azúcar', 'desnutrición', 'libro', 'google']"
1754700918941945940,"['sobrepeso', 'señal', 'alimentación', 'termos', 'estanlei', 'crack']"
1754700565999710235,"['fideos', 'arroz', 'polenta', 'base', 'alimentación', 'dieta', 'veces', 'ignorancia', 'personas']"
1754699426612846744,"['libro', 'actitud', 'personas', 'obesidad', 'nombre']"
1754699423211229462,[]
1754696096683540624,"['obesidad', 'enfermedad', 'alimentación', 'nutricionista', 'grado']"
1754695487565770777,"['gordura', 'plata', 'pelotudo']"
1754693956942659886,"['tomasito', 'suller', 'obesidad']"
1754690638593851748,"['sobrepeso', 'obesidad', 'hambre', 'nutrición', 'opas']"
1754690386163871767,"['pelotudo', 'obesidad', 'gente', 'hidratos', 'carbonos', 'proteínas', 'fibra']"
1754687425081717239,['vuelta']
1754685326855934286,"['sobrepeso', 'obesidad', 'alimentación', 'contenido', 'carbohidratos', 'vida', 'Alimentación', 'harinas', 'fideos', 'arroz', 'diabetes']"
1754684962362552710,"['pony', 'mariquita', ' ', 'mariquita', 'emoji', 'bicho', 'palo', 'oruga']"
1754680029324186021,"['nivel', 'ignorancia', 'obesidad']"
1754679151489937705,"['hambre', 'parte', 'celulares', 'termos', 'razón']"
1754674926529720502,"['chica', 'brunch']"
1754674270540636345,"['obesidad', 'factores', 'movimiento', 'persona', 'desgracia']"
1754669124527992850,"['OMS', 'número', 'casos', 'cáncer', 'mundo', '2050', 'OMS-', 'incremento', 'factores', 'sobrepeso', 'consumo', 'tabaco', '\n ', 'jeringuilla', 'emoji', ' ', 'emoji', 'jeringuilla', 'emoji', ' ', 'jeringuilla', 'conspiranoicos']"
1754667686234079301,"['hambre', 'carbos', 'hambre', 'hambre']"
1754662473733390765,"['GAY', 'OBESO', 'TELE']"
1754661016972013780,"['obesos', 'filas']"
1754657889547891079,"['dinosaurio', 'enfoque', 'desnutrición', 'problema', 'niños', 'talla', 'tendencia', 'obesidad', 'inseguridad', '70-80s']"
1754655770472325213,"['analfabetos', 'gente', 'situacion', 'harinas', 'razon', 'sobrepeso']"
1754653103255687195,['personas']
1754651812445999168,['obesidad']
1754649980285952376,"['nene', 'tdah', 'cud', 'sobrepeso']"
1754637550013096411,"['tetas', 'furia', 'seguidores', 'personas', 'obesidad', 'cara', 'gay', 'gente']"
1754633266827510200,"['GORDURA', 'HINCHAZÓN', 'formas', 'HOMBRE']"
1754632834055016746,"['adjetivo', 'fila']"
1754631523427344525,"['amigo', 'obesidad']"
1754631435770569160,"['belu', 'gordofobia', 'aviso', 'obesidad']"
1754630026819997978,"['sindicalista', 'sobrepeso']"
1754629769176465835,"['kilos', 'ignorancia', '2024', 'gordura', 'sinónimo', 'salud', 'comer']"
1754624556810031588,[]
1754622568777101706,"['piernas', 'metas', 'mujeres']"
1754621322825548076,"['emoji', 'risa']"
1754620616294986083,"['sobrepeso', 'indicador', 'persona', 'galletitas', 'grasa', 'harinas']"
1754620535319691489,"['imbéciles', 'país', 'obesidad', 'alimentación', 'hijo', 'puta', 'cosa', 'hijos']"
1754620080686563764,"['hambre', 'obesidad', 'pelotudo', 'burrada']"
1754615535742902409,"['hermano', 'tiempo', 'mensaje', 'mensaje', 'gordura', 'vida']"
1754615255517352202,"['época', 'obesidad', 'salud', 'peso', 'cuarenton', 'peso', 'influencer']"
1754609675033628845,"['explicación', 'relación', 'desnutrición', 'obesidad']"
1754605812637393152,"['fin', 'comentario', 'liberpiji', 'alimentación', 'obesidad', 'liberpiji', 'vergaa']"
1754605684958642199,"['venezolano', 'sobrepeso', 'pibe', 'pubertad']"
1754602968345645412,"['che', 'sobrepeso', 'producto', 'parte', 'alimentación', 'pobreza']"
1754598382616686802,"['trabajadores', 'parásitos', 'rollos', 'gordura', 'celulares', 'generación']"
1754596017008218308,"['alimentación', 'bases', 'harinas', 'termos', 'peronista']"
1754594655956574481,"['hambre', 'sobrepeso']"
1754591312236400820,"['aliados', 'obesidad', 'sedentarismo', 'alimentación', 'alimentación', 'pobreza', 'mano', 'índice']"
1754590175471005792,"['rutina', 'obesidad', 'problema', 'salud', 'trans']"
1754586836012290385,"['gente', 'sobrepeso', 'kg', 'cola', 'trabajo']"
1754584908872217085,['sobrepeso']
1754567318892376225,"['obesidad', 'zaracho']"
1754560412920504697,"['hija', 'persona', 'vida', 'obesidad', 'estereotipos', 'situación', 'tape', 'gordofobia']"
1754220962294235497,"['vida', 'manera', 'cosa', 'estereotipos', 'hashtag', 'hermano', 'furia']"
1754554119564501070,"['filas', 'gente', 'sobrepeso', 'niño', 'manifestaciones', 'reemplazo', 'gente', 'lados', 'PARASITO', 'ESTATALES']"
1754553818350538903,"['idea', 'obesidad', 'enfermedad', ' ', 'emoji', 'caca', 'ojos', 'emoji', 'emoji', 'cara', 'símbolos', 'boca', 'emoji']"
1754550997588832716,['uñas']
1754548736770834532,[]
1754546643968377316,['obesidad']
1754539690282172767,"['fila', 'cuadras', 'ministerio', 'sobrepeso', 'hambre', 'carteles', 'comunismo']"
1754538906727350608,['obesidad']
1754538567211061424,['sobrepeso']
1754538473225060568,"['hashtag', 'plata', 'jubilada', 'pierna', 'ascensor', 'montacargas', 'falla', 'piso', 'obesidad']"
1754538084639625256,"['fila', 'pecheras', 'polo', 'obrero', 'sobrepeso']"
1754535960459522211,"['IQ', 'alimentación', 'piel', 'sobrepeso', 'prioridades', 'iphone', 'lugar', 'dentista', 'ejemplo']"
1754533824195645584,"['forro', 'orto', 'nenazo', 'idea', 'desnutrición', 'NUTRICION', 'pobreza', 'sobrepeso', 'enfermedades', 'hijo', 'puta', 'bots']"
1754530024965742614,"['capo', 'miles', 'estudios', 'harinas', 'sobrepeso', 'tipos', 'trastornos', 'salud', 'gente', 'cosa', 'fideos', 'cosas', 'bolsones', 'comida', 'comedores']"
1754524741283553409,"['gordura', 'sinónimo', 'alimentación', 'años', 'kircknerismo']"
1754523348816511352,"['obesidad', 'alimentación']"
1754523122991034489,"['argumentos', 'fumadores', 'celular', 'hambre']"
1754515108628230491,"['sobrepeso', 'fila', 'laburo']"
1754507451741704305,"['enfermedad', 'enfermedades', 'producción', 'canal']"
1754507033720566072,"['obesidad', 'comida', 'harinas']"
1754502790888517895,"['top', '10', 'obesos']"
1754499475773464873,"['caso', 'gordura', 'parte', 'marca', 'inseguridades', 'gordura', 'parte', 'marca']"
1754496368003932380,"['gente', 'hambre', 'sobrepeso', 'haer', 'fila', 'laburo', 'costa', 'impuesto']"
1758161837189738992,"['HERNIA', 'DEPRESION', 'OBESIDAD', 'HIPERTENSION', 'DESEMPLEO.SOLEDAD']"
1758151030926135336,"['problema', 'visitas', 'ciudad', 'obesidad']"
1758144055853076655,['gordura']
1758139949415587942,"['niños', 'años', 'obesidad', 'salud', 'hijo']"
1758136362111492244,"['medicina', '+', 'emoji', 'corazón', 'humano', 'emoji', ' ', 'emoji', 'pulmones', 'emoji', '\n ', 'emoji', 'silueta', 'busto', 'emoji', ' ', 'años', ' ', 'emoji', 'taxi']"
1758092662123503896,[]
1758091725719973962,"['salario', 'docentes', 'política']"
1758088637642580362,"['día', 'gym']"
1757989991383216134,"['mogolica', 'nenes', 'manzana', 'gente', 'obesidad', 'meses']"
1757967680097619998,"['tuppers', 'bolsa', 'adiposidad']"
1757964222359626196,"['aspecto', 'ser']"
1757963239118303418,[]
1757934635357532573,"['tema', 'gordura', 'tema', 'peso', 'tema', 'escudo']"
1757926075626115296,"['torta', 'emoji', 'desanimada', ' ', 'emoji', 'desanimada', ' ', 'gordura']"
1757925789620736441,"['sobrepeso', 'inclusión']"
1757920381929935239,"['gomez', 'ramirez', 'sobrepeso']"
1757917210352427375,"['tweets', 'cena', 'noche']"
1757903793067302937,[]
1757884698250858799,"['sobrepeso', 'emoji']"
1757881594730221846,"['50%', 'población', 'sobrepeso', 'obesidad']"
1757872716915298387,"['sobrepeso', 'chilindrina', 'desastre']"
1757867030781300948,"['concha', 'madre', 'cara', 'indigena', 'pingo', 'chapa', 'futbol', 'argentino']"
1757857309961687351,"['mujer', 'pelo', 'novio', 'mujerrr', 'mini', 'vida', 'hombre']"
1757844752110673940,['gordura']
1757838575570133458,['carroza']
1757814911294460268,"['juego', 'fans', 'gordura', 'TARADA', 'furia']"
1757798840680292829,"['lado', 'odio', 'tema', 'peso', 'granhermano']"
1757798521065857191,"['persona', 'arruga', 'edad', 'mujer', 'cuestión']"
1757753935379530113,"['ilusión', 'país']"
1757667951027642843,"['leche', 'michi', 'obesidad']"
1757660332351168740,"['amiga', 'g']"
1757589577835934200,"['mujeres', 'sobrepeso', 'relación', 'Dios']"
1757570618805911652,['pumba']
1757530446424948863,"['amistad', 'amigas', 'palabra', 'gordura', 'hinchazón', 'che']"
1757528985204838458,"['puta', 'peso', 'pluma', 'reina', 'nicki', 'uñas', 'emoji', ' ', 'emoji', 'princesa', 'emoji']"
1757510062837211506,"['lastima', 'hombres', 'público', 'marca', 'sobrepeso', 'condición', 'proceso', 'quien']"
1757507829982724289,"['problema', 'narcotrafico', 'pais', 'gente', 'muros', 'obesidad', 'disparos']"
1757506756484178413,"['suerte', 'gente', 'muros', 'obesidad', 'crimen', 'machetazos', 'corruptos']"
1757741962151547221,"['café', 'leche', 'medialuna', '\n', 'gordura', 'corazones', 'emoji']"
1757456415403237884,['PESO']
1757255407746113536,['51']
1757455886807625728,[]
1757440547726242242,"['comida', 'porquería']"
1757406829900857539,"['niños', 'bebés', 'colonos', 'niños', 'mujeres', 'bebés', 'cuenta', 'siglo']"
1757394211245080731,[]
1757389085331648921,"['respuestas', 'twett', 'medica', 'karma', 'clarín', 'tipo', 'EPOC', 'hipertension', 'obesidad', 'años', 'falopa', 'milagro']"
1757373624120414587,"['conciencia', 'daño', 'pibes', 'edad', 'sobrepeso']"
1757251684911202386,"['peso', 'salud']"
1757241348523004359,"['concha', 'sifilis']"
1757237781208711255,"['sobrepeso', 'infancia']"
1757214235925377261,"['momento', 'sujeto', 'kilo', 'epapas', 'tarta']"
1757188575597150692,[]
1757182587796172902,"['meta', '2024', 'tierra', 'niñita']"
1757171342544150960,"['plano', 'sobrepeso', 'potato', 'ventaja']"
1757157961040867411,['comida']
1757152106455171540,['gordura']
1757133302924771728,"['vida', 'vendedores', 'verduras', 'casas', 'aviones', 'proyectos', 'servicio', 'sandías', 'camiones', 'inversiones', 'jugadores', 'calefones', 'libros', 'sobrepeso', 'emoji']"
1757115678060945790,"['seres', 'humanos', 'ambiente', 'acceso', 'comida', 'profesor', 'especialista', 'obesidad', 'días', 'industria', 'comida']"
1757099226771718311,"['garzo', 'orangután']"
1757094207519416565,"['dios', 'partidos', 'sobrepeso']"
1757086307547861104,"['énfasis', 'obesidad', 'protagonista', 'padre', 'cosas', 'hija']"
1757074160172331190,"['12', 'febrero', 'años', 'hijo', 'gato', 'barrio', ' ', 'emoji', 'corazón', 'emoji']"
1757067844435509261,"['gordura', 'obesidad', 'cuestión', 'salud', 'mes', 'hábitos', 'vida', 'manos', 'celebrando']"
1757046962883346862,"['falta', 'años', 'problemas', 'sobrepeso']"
1756977086542045243,['vida']
1756964981784863169,"['alimentación', 'comida', 'componentes', 'centros', 'comida', 'obesidad']"
1756951061779063279,['gato']
1756943922901786973,"['mente', 'contra']"
1756938328094417274,"['año', 'madre', 'cara']"
1756903152283009119,[]
1756885994731655243,['gordura']
1756871066717245452,[]
1756855414577082817,"['presión', 'mano']"
1756841400287608872,"['horas', 'bolsa', 'papas', 'línea', 'ganas', 'señor', 'edad', 'playcalling', 'situación']"
1756840467700871668,"['amigo', 'infarto', 'alcohol', 'tipo', 'sobrepeso', 'vida', 'regalo', 'soplo', 'charlas']"
1756823465825374400,['gordura']
1756817186474152221,"['video', 'sobrepeso']"
1756789793948574127,"['tiempo', 'bypass', 'obesidad', 'estética', 'salud', 'onda', 'peso']"
1756789016375050570,"['tipo', 'papada', 'obesidad', 'respiración', 'máscara', 'oxígeno', 'día', 'vez', 'falta', 'oxigeno', 'día', 'suicida']"
1756775385222557777,"['club', 'elite', 'jugador', 'elite', 'sobrepeso']"
1756752874812379560,"['fulbo', 'obesos', 'mierda', 'día']"
1756750483539001837,"['cuenta', 'gordura', 'tetas', 'fan', 'service']"
1756721771804254392,"['gordura', 'comida', 'chatarra', 'sedentarismo']"
1756712228022092234,"['porongo', 'gente', 'mono', 'años', 'guita', 'club']"
1756706547877458364,[]
1756702669085782235,"['pena', 'obesidad']"
1756668984378765687,['asientos']
1756621295263842443,"['sobrepeso', 'tema', 'cuestiones', 'reposo']"
1756591086246477873,"['bis', 'bis', 'vida', 'amor', 'gordura', 'emoji', 'ojos', 'corazón', 'emoji', ' ', 'emoji', 'ojos', 'corazón', 'emoji']"
1756313481521807565,"['hermana', 'chocolates', 'sellos', 'GORDURA']"
1756553388739694695,"['joda', 'sobrepeso', 'piso', 'escalera', 'tipo', 'veces', 'humedad', 'percha', 'fumadora', 'años']"
1756549785962631350,[]
1756538108999266317,"['bola', 'tema', 'gente', 'comentarios', 'espejos', 'contexto', 'ejemplo', 'sobrepeso', 'problemas', 'azúcar', 'control', 'cosas', 'comentarios']"
1756512938309898383,"['crayón', 'paredes', 'sobrepeso']"
1756479558977458280,"['sobrepeso', 'platea', '9', 'números', 'delincuente']"
1756478909137264874,['gorda']
1756466326929908094,"['burros', 'fuerza', 'capacidad', 'motora', 'funcional', 'fisiologico', 'metabólico', 'prevencion', 'enfermedades', 'pandemia', 'obesidad', 'sarcopenia', 'diabetes']"
1756432272071274556,['mrd']
1756415572525396065,"['joda', 'gente', 'comentarios', 'físico', 'problemas', 'broma', 'comentario', 'tiempo', 'sobrepeso', 'daño', 'relación', 'comida', 'ejercicio', 'autoestima', 'cosas', 'verdad', 'cosas', 'daño', 'comentarios']"
1756413753921298698,"['sobrepeso', 'kilos', 'año', 'gusto', 'kilos', 'días']"
1756409694665552077,"['grasa', 'gordura']"
1756400247721365799,"['asiento', 'ofender']"
1756392987662180746,"['tasty', 'persona', 'mundo']"
1756390165004648455,[]
1756356997178335295,"['paraguayo', 'chila', 'gomez', 'ramirez', 'sobrepeso']"
1756356895521079410,"['esbirro', 'alienigena', 'sombrilla', 'amarrilla', 'sobrepeso', 'sex', 'offender', 'bearish']"
1756355894730715390,"['estrategias', 'empujón', 'pérdida', 'peso', 'adultos', 'obesidad', 'sobrepeso', 'revisión', 'metanálisis']"
1756350995292975501,"['problemas', 'obesidad']"
1756344188126335263,"['peroncho', 'conversación', 'caso', 'red', 'gordura', 'hinchazón', 'padres']"
1756341369025520097,['poblacióniones']
1756332993138811168,['días']
1756329619504935024,[]
1756328697697615972,['furia']
1756199574421569679,"['mayoría', 'población', 'mayoría', 'gente', 'kg', 'suerte', 'calle', 'caso']"
1756199353230790985,[]
1756198688261652516,"['pelos', 'sobaco']"
1756144787936149969,"['operaciones', 'obesidad']"
1756119585386823782,"['gordura', 'vida']"
1756101910191382920,"['info', '2009', 'kg', 'año', ' ', 'sobrepeso', 'kg']"
1756100345522995319,"['mierd', 'docentes']"
1756092652590633291,[]
1756083021520798019,"['apología', 'obesidad']"
1756078775006097562,"['chica', 'sobrepeso']"
1756051366865195268,['gordura']
1756048060436578492,"['chicas', 'depresión']"
1756027049272127519,['plan']
1756011730373620079,"['comentarios', 'animales', 'ej,""cara', 'gato', 'bullying', 'perrita', 'obesidad']"
1756009441659347383,"['equilibrio', 'pagos', 'sobrepeso', 'ayuno', 'caso', 'presupuesto', 'autofagia', 'montón', 'gente']"
1756006974523630055,[]
1756000205919400259,"['obesidad', 'enfermedad']"
1755997721742147803,"['hijo', 'cama']"
1755984971238375432,"['pana', 'mirada']"
1755973138897088744,"['grupo', 'opinion', 'nada', 'compañeros', 'aliados']"
1762176337211543593,"['hijo', 'novia', 'sobrepeso', 'vez', 'trasmisión', 'honda']"
1762137378745917711,"['personas', 'país', 'sobrepeso', 'salud']"
1762136713223107011,"['años', 'dueña', 'cuenta', 'marido', 'años', 'pendex', 'mozo', 'marido']"
1762126908710441047,"['emoji', 'emoji', ' ', 'emoji', 'emoji', ' ', 'emoji', 'desanimada', ' ', 'desanimada', 'emoji']"
1762121145799586076,"['orto', 'pelotuda', 'obesidad', 'enfermedad', 'problema']"
1762099486422090019,"['sobrepeso', 'masa', 'muscular', 'través']"
1762098279288889628,['gorda']
1762095060097572970,"['gente', 'chubut', 'adolescencia', 'sobrepeso']"
1761961898658971892,['obesa']
1761950735267156291,"['VIEJA', 'GH']"
1761920973572280673,"['loconi', 'cara']"
1761917634566635924,"['obesidad', 'jardín', 'primaria', 'capital', 'etiquetado', 'conciencia', 'cantidad', 'azúcar', 'galletitas', 'alfajores', 'casa', 'mamadera', 'coca', 'salchichas']"
1761916400048750659,"['favor', 'toque', 'nivel', 'GH', 'trola', 'uruguaya', 'pmalo', 'abstinencia', 'manos', 'oración', 'tono', 'piel', ' ', 'emoji', 'manos', 'oración', 'tono', 'piel', 'emoji', ' ', 'emoji', 'manos', 'oración', 'piel', ' ', 'hermano']"
1761903766519857362,"['bronca', 'gente', 'gente', 'hijos', 'dieta', 'salud', 'nene', 'oreo', 'coca']"
1761900850581057542,"['nivel', 'obesidad']"
1761898144374165708,"['superclásicos', 'goles', 'asistencias', 'años', 'espalda', 'superclásico', 'goles', 'asistencia', 'espalda']"
1761879620725493985,"['submundo', 'edtw', 'sobrepeso', 'sapo']"
1761860723779465457,"['orto', 'pito', 'toneladas', 'mierda', 'postres', 'cara', 'tortafrita']"
1761858896808063027,['intencion']
1761836803311751252,"['obesidad', 'niños', 'chaco']"
1761830220733026502,"['problema', 'obesidad']"
1761662861070201074,"['puntos', 'gordo', 'minasy', 'ameba', 'mujeres', 'repechaje', 'hashtag', 'furia', 'hashtag', 'hermano']"
1761822013750919656,"['partido', 'desgracia']"
1761820902990241845,"['1400pe', 'obesidad']"
1761808921495326984,[]
1761805254834680016,"['obesidad', 'necesidad', 'mirada', 'peso', 'estilo', 'vida']"
1761796418795192635,"['obesidad', 'enfermedad']"
1761795017142632803,['suerte']
1761789542695059768,"['hashtag', 'modelo', 'calendario', 'propuesta', 'chica', 'populachera', 'vallenatera', 'mano', 'calendario', 'bikini', 'emoji', 'cara', 'emoji', 'emoji', 'cara', 'risa', 'emoji']"
1761786897636921739,[]
1761784154163658996,"['voluntaria', 'colegio', 'señal', 'violencia', 'obesidad', 'chicos', '10', 'lista']"
1761779830847103119,"['envidioso', 'gordura', 'vecino', 'clavo', 'martillazo', 'envidia', 'veces', 'hambre', 'hambre', 'silencio', 'envidioso', 'ruidos', 'envidia', 'declaración', 'inferioridad']"
1761778005544718537,[]
1761767646192648547,"['hambre', 'niños', 'calle', 'frío', 'grados', 'calor']"
1761740929600250268,"['gordura', 'idiotez']"
1761582908211335173,"['AMIGO', 'DIETÓLOGO', 'PACIENTE', 'GORDURA', 'DIETA', 'FUERZA', 'MESES', 'KG', 'KG', 'DIETOLOGO', 'MESES', 'PITT', 'CULPA']"
1761562481216901435,[]
1761553885234082057,['obesidad']
1761547499758563741,"['malla', 'cuerpo', 'siempre', 'sobrepeso', 'mar', 'partes', 'ola', 'bolas', 'risa', 'emoji', 'cara', 'risa', 'emoji']"
1761541393980239991,"['personas', 'requisitos', 'trapo']"
1761530562114736278,[]
1761522495721496928,"['desinfluencers', 'consumo', 'fibra', 'avena', 'frutas', 'carne', 'embutidos', 'pacientes', 'obesidad', 'gente', 'factores', 'riesgo', 'CANCER', 'bola']"
1761507333958406184,"['gordura', 'problema', 'salud', 'tema', 'esterilidad', 'obesidad', 'hijas', 'importancia', 'buling']"
1761502919730323504,"['hombre', 'sobrepeso', 'puto']"
1761494623438975078,"['cuidado', 'sobrepeso']"
1761489860131733635,"['nenas', 'problema', 'gordura', 'fuerza', 'anfetas', 'pibe', 'padre', 'superioridad', 'emoji']"
1761489791529505084,['amigos']
1761462898985988367,"['chicos', 'sobrepeso']"
1761461620994150541,"['milangas', 'hambre']"
1761444704699191462,"['cosa', 'inadi', 'señor', 'obesidad']"
1761437634948104402,"['pacientes', 'obesidad']"
1761436865519895033,"['peso', 'vida', 'catálogo', 'mujer', 'percha']"
1761410802387411163,"['gordura', 'hinchazón', 'emoji', 'manos', 'oración', 'emoji']"
1761410593041342746,"['mate', 'helado', 'chocolate', 'vez', 'hermana', 'gemela', 'EGO']"
1761407996700053788,['sociedad']
1761404770865057999,"['especialista', 'especialita', 'gorduras', 'sudor', 'papadas', ' ', 'emoji', 'manos', 'emoji', ' ', 'emoji', 'manos', ' ', 'emoji', 'manos']"
1761397887336862184,"['barrio', 'sobrepeso', 'puto']"
1761386357115564350,[]
1761384680580845783,"['seguimiento', 'paciente', 'hecho', 'medio', 'correo', 'compromiso', 'paciente', 'tratamiento', 'paciente', 'obesidad', 'pacientes', 'voluntad', 'juicio', 'valor', 'reticencia', 'tratamiento', 'fibras', 'tontería', 'indicio']"
1761379178148970558,"['duda', 'cierre', 'persona', 'sobrepeso']"
1761359647582073330,"['homosexual', 'kirchnerista', 'aguantadero', 'gastos', 'vueltos', 'homosexualidad', 'gordura', 'tratamientos']"
1761284092375523337,"['pastafrola', 'ley', 'gustos', 'país', 'obesidad', 'sobrepeso', 'niños', 'adultos', 'ley']"
1761277148675936708,"['pregunta', 'respuesta', 'falta', 'auto', 'verga', 'ejercicio', 'dieta']"
1761254687922061487,"['palabra', 'descripción', 'forma', 'insulto']"
1761231422851792901,"['hombre', 'sobrepeso', 'huevo']"
1761223736030626115,"['chabon', 'sobrepeso', 'paja', 'chabon', 'calidad']"
1761220971803885989,"['facebook', 'pibitos']"
1761212367533117892,['orto']
1761208860646215897,"['huevos', 'orto']"
1761200576086647135,"['peso', 'gentilicio', 'décadas', 'tiempo', 'vano']"
1761200575260041488,['ganas']
1761193199094104199,"['fenómeno', 'lesiones', 'obesidad', 'PANZA', 'caballo', 'mierda']"
1761182736243442159,[]
1761180187415175266,['modo']
1761170342800756807,"['hormonas', 'fines', 'personas', 'día', 'enfermedad', 'ósea', 'uso', 'fines']"
1761152202305945986,"['gordura', 'estándares']"
1761147283805016351,"['alimentos', 'persona', 'hijosdeputas', 'mayoria', 'estado']"
1761139840878354936,"['veces', 'día', 'lali', 'persona', 'icono', 'cara', 'complejos', 'cuerpo', 'odio', 'libervirgo', 'cara', 'mano', 'boca', 'emoji']"
1761137647022428577,"['gordo', 'dolor', 'mundo', 'laburo', 'redes', 'gordito']"
1761134867453018279,"['panza', 'vez', 'milei', 'obesidad']"
1761134066080899412,"['tucumano', 'postres', 'compu', 'sedentarismo']"
1761117525121585460,['cuenta']
1761106380683972633,"['cantidad', 'tejido', 'hambre', 'días', 'hijo', 'puta']"
1761098135344951729,"['resumen', 'argentina', 'analfabetismo', 'obesidad']"
1761029994493493433,"['70%', 'OBLIGACIÓN', 'PLAN', '60%', 'SOBREPESO', 'HAMBRE']"
1761019659736719673,"['peso', 'kilos', 'idea']"
1761013270092112323,"['cosa', 'bronca', 'odio', 'políticas', 'ajuste', 'pobreza', 'cosa', 'ASCO', 'bisnieto']"
1761010935680962943,"['progres', 'obesidad', 'tema', 'plan', 'estudios', 'colegios', 'tabla', 'alimento']"
1760992977252401544,"['resto', 'año', 'bolas', 'gordura']"
1760976382807707827,"['mierda', 'peluca', 'poder', 'judicial', 'justicia', 'agunatadero', 'kuka']"
1760921592958259325,"['gordo', 'mercenario']"
1760893426948526268,"['problemas', 'obesidad', 'trapos']"
1760890902229266827,['adiposidad']
1760888399173464400,"['dios', 'gordura']"
1760882096292167878,"['cocinero', 'aceite']"
1760872004817756227,"['falta', 'nutricionista', 'CARAJO', 'IDEA', 'NUTRICIÓN', 'BLD', 'personas', 'barriga', 'salud', 'SALUD', 'COSAS', 'GENIA']"
1760870188914737198,[]
1760863873769378284,"['obesidad', ""'"", '80', 'miradas', 'comentarios', 'duplicidad', 'instituciones']"
1760856653878948237,"['problemas', 'obesidad']"
1760855346296291839,"['verdad', 'pelotas', 'piso', 'version', 'PESO', 'hdp', 'gordura', 'peso']"
1760853420481626561,['tucumano']
1760852030094995876,"['verdad', 'paradoja', 'obesidad', 'enf', 'coronaria', 'libre', ' ']"
1760851539042648248,"['calle', '50%', 'poblacion', 'sobrepeso']"
1760849677862256862,"['país', 'obesidad']"
1760846656327565811,"['gente', 'visibilidad', 'persona', 'sobrepeso', 'vaina']"
1760645425797665185,"['peso', 'salud', 'empresa', 'años', 'mujeres', 'figuras', 'contrato', 'nutricionista', 'gimnasio', 'ridiculismo']"
1760842575085269436,"['promotoras', 'trabajos', 'atención', 'público', 'físico', 'lugar']"
1760834338076196986,['amiga']
1760810112472523062,"[' ', 'mentira', 'curro', ' ', 'dedos', 'piel', 'emoji', 'niños', 'diario', 'bullying', 'obesidad', 'discapacidad?Con', 'personas', 'persona', 'víctima', 'emoji', 'hilo', 'emoji']"
1760800850266427680,"['nala', 'amigos']"
1760799351369007345,"['palos', 'escoba', 'promotoras', 'capacidad', 'gordura', 'flacura']"
1760795338221256955,"['senador', 'cartonero', 'senador', 'demencia', 'jefa', 'cretina', 'imbecilidades', 'tanto', 'cuenta', 'demencia']"
1760781913806028947,"['clínica', 'hombres', 'mujeres', 'peso', 'frases', 'suerte', 'idiotas', 'bronca', 'estigma', 'obesidad', 'kilos']"
1760776564751384668,"['señoritas', 'sobrepeso', 'nacionalidad']"
1760770719477317705,"['obesidad', 'señor', 'barriga', 'cervecero', 'mujer', 'kg', 'señor', 'años', 'barriga', 'cervecero', 'sobrepeso', 'diabetes', 'ataque', 'ira']"
1760756374588322224,"['caso', 'personas', 'importancia', 'datos', 'discriminación', 'estigma', 'gordura', 'publicaciones', 'organismo']"
1760725792810803370,"['sobrepeso', 'problemas', 'twitter']"
1760725304035954747,"['médico', 'problemas', 'sobrepeso']"
1760718150876758195,"['belleza', 'Actitud', 'gordura', 'teta']"
1760706469215830420,"['manolo', 'sorongo']"
1760700976288133144,"['dios', 'video', 'vianda']"
1760691407520489960,"['pilas', 'peso', 'argumentos', 'derecha', 'zurdas']"
1760691132244095223,"['mc', 'obesidad', 'hermanos']"
1760689549192396962,['días']
1760685443346235605,"['lugar', 'valor', 'sinónimo', 'fuerza', 'aguante', 'peronismo', 'buni']"
1760661919122219335,[]
1760655350598934540,"['realidad', 'sobrepeso', 'intención', 'caso', 'salud']"
1760646966508130513,"['contenido', 'plata', 'ojos']"
1760635055632740786,"['banquete', 'banquete', 'años', 'kirchnerismo', 'gordura', 'hinchazón']"
1760634215241015331,"['canchas', 'cara', 'idea', 'aire', 'hijo']"
1760609256158478337,"['obesidad', 'alimentación', 'vídeo', 'servicio', 'alambre', 'xenofobia', 'parte']"
1760530082664231094,"['persona', 'pobreza', 'vez', 'escualido', 'OBESIDAD']"
1760520770080432552,"['kilo', 'helado', 'obeso', 'mierda']"
1760520635774562585,"['tema', 'puputona', 'trola', '0800', ' ']"
1760515604883325259,"['cuerpo', 'obesidad', 'pedazo', 'médico', 'problemas']"
1760504674115838315,"['pedazo', 'autista', 'hijo', 'puta', 'concha', 'madre', 'ser', 'pedazo']"
1760499206291099653,"['obesidad', 'cuestión', 'estética', 'cuerpo', 'apnea', 'sueño', 'tensión', 'riñones', 'páncreas', 'cuestión', 'inclusión', 'apoyo', 'anoréxicas']"
1760483174314905899,"['cuerpos', 'obesidad', 'mierda']"
1760481266648883634,"['obesidad', 'pene']"
1760480829627629676,"['concepto', 'gordura', 'mamita']"
1760467989239824790,"['verdad', 'gente', 'olor', 'mierda', 'croto', 'verdad', 'asco', 'hashtag', 'hermano', 'vergüenza', 'gh', 'tv']"
1760463313375309856,"['años', 'fandom', 'emoji', 'risa', 'emoji', 'perfil', 'obesidad', 'amicha']"
1760460163914359052,"['poronga', 'whats', 'app']"
1760445016634204179,"['nutricionista', 'peso', 'cuerpos', 'maneras', 'panza', 'sobrepeso', 'idea', 'vida', 'persona']"
1760438797752291562,"['orto', 'culo']"
1760423082257170941,"['sobrepeso', 'gordura', 'delgadez', 'problemas', 'futuro', 'manos', 'emoji']"
1760401307666358513,"['obeso', 'emoji', 'gafas', 'sol', 'emoji', ' ', 'cara', 'risa', 'emoji']"
1760399632788533451,"['realidad', 'sobrepeso', 'abandono', 'forma', 'persona', 'consultora', 'duda', 'cara']"
1760397202361299054,"['payaso', 'millionario', 'operación', 'parte', 'año', 'presidencia']"
1760390935337185648,"['PESO', 'CANCHA', 'PARTIDOS']"
1760389538969489575,"['ballena', 'hija', 'caminadora', 'señal', 'deficiencia', 'cambaceres']"
1760385582688346538,"['par', 'arañas', 'nombre']"
1760365955161448772,"['refrescos', 'marcianitos', 'feria', 'refrescos', 'licuado', 'gordura']"
1760364638267490619,"['hambre', 'familia', 'HIJOS', 'PUTAS', 'portada', 'clínica', 'médicos']"
1760344820059340835,"['obesas', 'necesidad', 'amor', 'tema', 'cuenta']"
1760329825405800783,"['obesito', 'lácteo', 'historia']"
1760329684749852726,"['sobrepeso', 'chicas', 'cuerpo', 'punta', 'cerveza']"
1760285154646401456,"['man', 'bajón']"
1760274525260845373,"['verdad', 'rata', 'privilegios']"
1760270286618869996,"['nutricionistas', 'ingenieros', 'problemas', 'desnutrición', 'obesidad', 'carrera', 'derecho', 'leyes', 'mierda', 'años', '10', 'atención', 'salud', 'ingenieros']"
1760269193373483173,"['taller', 'alimentación', 'tratamiento', 'prevención', 'obesidad', 'hipertensión', 'diabetes', 'colesterolemias', 'días', 'viernes', '15', 'días', 'aguacate', 'manzana', 'emoji', 'emoji', 'chincheta', 'emoji', 'Mitre', '11-5511-7372']"
1760267573579407445,"['sonrisa', 'vibra', 'sobrepeso', 'chicas', 'cuerpos', 'campaña', 'cuerpos', 'oportunidad', 'dieta', 'ejercicios']"
1760201514054738170,"['médicos', 'pacientes', 'ejercicio', 'modo', 'esfuerzo', 'vez']"
1760184699605877016,"['concha', 'labios', 'gordura', 'pito']"
1760145016897302998,"['años', 'diabético', 'gordura']"
1760129911337951729,[]
1760124734698607055,"['pueblo', 'chicas', 'suerte', 'disgusto', 'chicos', 'mujeres', 'chicas', 'pitos']"
1760120056250257915,"['sobrepeso', 'mierda', 'nesecidad', 'respeto', 'respeto']"
1760085917987946694,[]
1760084075665109127,['cabeza']
1760076128666943766,"['vida', 'vida', 'invierno', 'mosquitos', 'calor', 'gente', 'olor', 'poronga', 'camperita', 'pantuflas', 'medias', 'culo', 'estufa', 'gimnasio', 'sobrepoblación', 'obesos', 'aire']"
1760179623634354351,"['veces', 'gato', 'sábanas', 'princesa', 'día']"
1760063265067991044,['ejercicio']
1760043266626445580,"['NIÑOS', 'culpa', 'padres']"
1760027688205742123,"['fabra', 'gordura', 'pibe']"
1759997625087209754,"['sobrepeso', '90%', 'bolivianos', 'comida', 'evo']"
1759980901885243598,"['sobrepeso', 'dedo', 'lugar']"
1759962488148210106,"['invasión', 'mosquitos', 'invasión', 'arañas']"
1759953596110471296,"['campamentos', 'obesos']"
1759937802777563567,"['voz', 'progresía', 'razón']"
1759934413322768653,"['taller', 'alimentación', 'tratamiento', 'prevención', 'obesidad', 'hipertensión', 'diabetes', 'colesterolemias', 'días', 'viernes', 'días', ' ', 'aguacate', 'emoji', 'emoji', 'manzana', 'información']"
1759921753575260571,"['porcel', 'gordura', 'aspecto', 'despeolijo', 'novia', 'padre']"
1759915355869176249,[]
1759909926535610429,"['gordura', 'hinchazón', 'cosa', 'años', 'luz', 'gobierno', 'marchas', 'gremialista', 'TV']"
1759891533916975466,"['asco', 'gordura', 'realidad']"
1759891107524030804,['mugre']
1759881904336081066,"['MUCHACHO', 'INSULINA', 'FAMILIA']"
1759834956606406910,['manada']
1759816609680544010,"['altura', 'beso', 'suerte']"
1759792370722169172,"['sobrepeso', 'tetotas']"
1759771595382358050,"['hambre', 'dios', 'alma']"
1759766156959789396,"['Dios', 'mina', 'novia', 'tipo', 'nena', 'guita', 'tipo', 'hashtag', 'hermano']"
1759756224315224183,[]
1759755828389634458,"['mosquitos', 'mosquitos', 'vacas', 'morcilla', 'argentinos', 'supuesto', 'donantes']"
1759738477816557768,"['fin', 'gordura']"
1759718855843143948,"['pelotas', 'mierda']"
1759714060889637353,[]
1759711377772445812,"['mal', 'moscas', 'perros', 'humanos', 'sumo', 'caballo', 'patio']"
1759704302614884659,"['carajo', 'talla', 'talla', 'gana', 'explicaciones', 'talla', 'talla']"
1759701036401385966,"['designación', 'árbitro', 'sobrepeso']"
1759697222394872145,"['emoji', 'altavoz', 'mano', 'emoji', '  ', 'emoji', 'altavoz', 'mano', 'emoji', '  ', 'emoji', 'altavoz', 'mano', 'emoji', '\n', 'fundamentales', 'aplicaciones', 'práctica', '\n\n ', 'profesional', 'ciencia', 'mujer', '  ', 'emoji', 'profesional', 'ciencia', 'hombre', 'emoji', 'propuesta', 'profesionales', 'salud', 'nutricionistas', 'psicólogos', 'profesores', 'educación']"
1759685789363900858,"['hecho', 'derecho', 'gente']"
1759684281285083374,"['comida', 'verdad', 'niños', 'azúcares', 'lados', 'flecha', 'derecha', 'resistencia', 'merd', 'comer', 'comida', 'POSTA']"
1759655637170950237,"['mono', 'sobres', 'lados']"
1759653802641158563,"['mujer', 'gente', 'hambre', 'barrio', 'mercaderia']"
1759649651374879090,"['tema', 'salud', 'manos', ' ', 'manos', 'manos']"
1759641375799181824,"['polémicas', 'interacciones', 'personas']"
1759618307408146501,"['vez', 'nutricionista', 'hija', 'puta', 'kilos', 'sobrepeso', 'cara', 'terror', 'trauma']"
1759612209972355439,['sobrepeso']
1759604928320778241,"['investigación', 'diabetes', 'obesidad', 'agonistas', 'DM', 'abrazo']"
1759604134896972008,"['sobrepeso', 'birra', 'pijazos', '10', 'años', 'gordito']"
1759600190091092227,"['gordura', 'revés']"
1759588180460785933,"['comentario', 'persona', 'esfuerzo', 'pena', 'sobrepeso', 'salud']"
1759567260329341034,"['potencia', 'inflación', 'inflación', 'poder', 'controles', 'precios', 'cepo', 'dólar', 'obesidad', 'enfermedad', 'dudas', 'hijos']"
1759566688075264246,"['apocalipsis', 'demonios', 'sobrepeso', 'violeta', 'mosquitos', 'plagas']"
1759444600677138875,"['mamá', 'sopa', 'cambio', 'niños', 'obesidad', 'malnutrición']"
1759390817502863766,"['obesidad', 'uso', 'patología', 'vía', 'panacea', 'factores', 'obesidad']"
1759390813287489582,"['mercado', 'semaglutide', 'manera', 'pandemia', 'lado', 'aumento', 'incidencia', 'obesidad', 'nivel', 'estrategia', 'marketing', 'muertes', 'vacunación', 'pandemia', 'inyección', 'obesidad', 'despliegue', 'industria', 'farmacéutica', 'hilo']"
1759357504801189931,"['DERECHO', 'LIPO', 'DIETA', 'EJERCICIO']"
1759353656745611772,"['nenito', 'bullying', 'escuela', 'sobrepeso', 'aula', 'papá']"
1759337412952486232,"['obesidad', 'profesional', 'salud', 'país']"
1759309864654750067,['cartón']
1759276739929215269,"['piola', 'casa', 'ogt']"
1759275735024308632,"['motivo', 'cancelacion', 'causa', 'sociedad', 'beneficio', 'victima', 'furia', 'sobrepeso', 'acoso', '9009']"
1759265465816207764,"['gente', 'sobrepeso']"
1759237120630174147,"['guercio', 'urlcretaria', 'sobrepeso', ' ', 'emoji', 'cara', 'risa', 'emoji', 'emoji', 'risa', 'emoji', 'emoji', 'cara', 'emoji']"
1759234189549863094,"['ojos', 'comparación', 'sobrepeso', 'ojos', 'meses']"
1759223961806660018,"['tema', 'negación', 'riesgo', 'obesidad', 'cuerpos']"
1759222741759144224,"['mujeres', 'día', 'sobrepeso', 'clase', 'luchonas', 'grasas', 'harinas', 'azúcares', 'cosa', 'carpa', 'tela']"
1759218680229954027,"['obesidad', 'producto', 'días', 'gobierno', 'cuentas', 'piso']"
1759192796764745939,"['provincia', 'norte', 'meses', 'diciembre', 'año', 'índice', 'obesidad', 'niños', 'sarcasmo', 'dudas']"
1759163337357627760,"['vez', 'grupo', 'mujeres', 'peso', 'tema', 'conversación', 'chicas', 'sobrepeso', 'bikini', 'percepción']"
1759152662275076477,"['traje', 'obesidad']"
1759108683500253423,"['pedo', 'cuentas', 'neuronas', 'mono', 'razon', 'mexicanos']"
1759105088205803721,"['cara', 'siome', 'papada', 'simio', 'mexicano']"
1759054706976903516,"['sponsor', 'escudo', 'sobrepeso', 'banco']"
1759046528272851421,[]
1759042451182886967,"['carajo', 'país', 'mundo', 'cantidad', 'trastornos', 'bulimia', 'anorexia', 'mujer', 'kg', 'sobrepeso', 'temita']"
1759038554477379995,"['condición', 'obesidad', 'feeling', 'levante', 'personas', 'hecho', 'parejas', 'persona', 'amorío']"
1759033628472860965,"['Lentes', 'ropa', 'sobrepeso', 'papada']"
1759031163757195439,['gordura']
1759031051844727008,"['comida', 'vez', 'mitad']"
1759027625433923963,"['mamá', 'tiempo', 'casa', 'señora', 'gordura', 'bebe', 'emoji', 'corazones']"
1759017680852426997,"['promedio', 'peso', 'bmi', 'sobrepeso', 'tabla', 'mierda']"
1759003241977614514,"['principiante', 'gym', 'favor', 'veces', 'dieta', 'gym']"
1759002607148995054,"['fuerza', 'kg', 'thrust', 'musculo']"
1758985331339100634,"['ejemplo', 'mayoría', 'gente', 'cabeza', 'estupideces', 'gente', 'argentinas', 'toneles', 'tela']"
1758979213577580578,"['día', 'decadencia', 'clase', 'vez', 'gente', 'harinas', 'azúcares', 'grasas', 'opción', 'gordura']"
1758976678427087318,"['chica', 'video', 'cuerpo', 'peso', 'modelos', 'mujeres', 'asomo', 'modelos', 'foto', 'mayoría', 'chica', 'diosa']"
1758973832667275512,"['benja', 'pedazo', 'pan', 'lado', 'vida', 'gordura']"
1758973519960965311,"['obesidad', 'tabaquismo']"
1758967648618959010,"['chica', 'consulta', 'psicólogo', 'mayoría', 'mujeres', 'sobrepeso', 'ropa', 'varieté', 'horror', 'elegancia', 'argentinas']"
1758967470033952962,"['chica', 'consulta', 'psicólogo', 'mayoría', 'mujeres', 'sobrepeso', 'ropa', 'varieté', 'horror', 'elegancia', 'argentinas']"
1758964641487577304,"['libertarios', 'obesidad']"
1758963533880926402,"['emoji', 'ojos', 'corazón', 'emoji', 'ojos', 'corazón', 'emoji', 'ojos', 'corazón']"
1758953488585760806,"['manera', 'sobrepeso', 'persona', 'verdad', 'mierda', 'asco']"
1758945161411735793,['amigo']
1758895358803878395,"['programas', 'vergüenza', 'COCINERAS']"
1758886411061563584,"['mati', 'salud', 'igual', 'año', 'salud', 'mamá', 'año', 'enfermedad', 'obesidad', 'motivos', 'paz', 'emoji', 'corazones', 'cara', 'manos']"
1758883213827531202,[]
1758833244198297966,"['médico', 'paciente', 'sobrepeso', 'dislipemia', 'vida', 'coste', 'bicicleta', 'min', 'día', 'legumbres', 'carnes', 'IMC', 'valor']"
1758669257276334579,"['semanas', 'sobrepeso', 'rodillas', 'titular', 'club']"
1758609439098036232,"['plato', 'sorrentinos', 'pippo', 'gordura', 'limites']"
1758291996232524029,"['prostituta', 'empresaurio', 'cáncer']"
1763269242873405550,['sobrepeso']
1763263415600996492,['vieja']
1763258241658569150,"['mensaje', 'musculacion', 'mensaje', 'ropa', 'gym', 'gimnasio', 'mensaje', 'foto', 'peso', 'figura', 'gente', 'obesidad', 'cosas']"
1763250359533724113,"['tema', 'realidad']"
1763232714042282351,['hermano']
1763232694320742461,"['personas', 'mundo', '\n\n ', 'emoji', 'flecha', 'emoji', 'Nota', 'flecha', 'emoji']"
1763223725061644431,"['sobrepeso', 'ratas']"
1763223705033879999,"['obesidad', 'alimentación', '40', 'infarto']"
1763206432663523820,"['mina', 'sobrepeso', 'cuerpo', 'mina', 'culazo', 'gimnasio', 'progreso', 'amor']"
1763200924032352371,"['personas', 'mundo', 'obesidad', 'estudio']"
1763166518324392446,"['risa', 'medalla', 'mundo', 'puterio']"
1763162491540938890,"['inglés', 'casa', 'comida', 'anorexica', 'chica', 'obesidad', 'piel']"
1763000049947000939,"['programa', 'persona', 'anorexia', 'dieta', 'persona', 'obesidad']"
1763160975945900107,"['sobrepeso', 'medio']"
1763151878219604316,"['ANIMAL', 'LATIGO', 'PERRITOS', 'VIDA', 'ANIMALES']"
1763150784751899103,"['hombre', 'día', 'mujer', 'orines', 'calor', 'mosquitos', 'humedad', 'forma']"
1763147848122548224,[]
1763130904585584862,"['nariz', 'dedos', 'mano', 'boca', 'mano', 'upite', 'pus', 'cabeza', 'piel']"
1763070976760172820,"['cultura', 'dieta', 'obesidad', 'malnutrición', 'chingada', 'industrias']"
1763065318451118517,"['foto', 'cachete']"
1763063555249545290,['sobrepeso']
1763045260865773639,[]
1763033270453698820,"['rubro', 'timmer', 'luces', 'ruedita', 'hdp']"
1763030998311199133,"['sobrepeso', 'grados', 'sensación']"
1763022560579473689,"['sunny', 'obesidad', 'hermano']"
1763019554844725412,"['lectura', 'provincia', 'provincia', 'dólares', 'país', 'gordura', 'hinchazón']"
1763005404282327411,"['auto', 'parrilla', 'sobrepeso', 'auto', 'problemas', 'degradación', 'neumáticos', 'refrigeración']"
1762996483652034699,['gordura']
1762993395021025587,"['persona', 'conurbano', 'tiempo', 'plata', 'gimnasio', 'mama', 'ganas', 'boludeces', 'influencers', 'sociedad']"
1762985206732992761,"['obsesión', 'papadas', 'gordura', 'indumentaria', 'estatura', 'pies', 'personas', 'aspecto', 'dirigentes', 'modo', '20', 'años', 'gente', 'deficiencias']"
1762969994235646439,"['vaso', 'pajita', 'triángulo', 'consumo', 'refrescos', 'diabetes', 'estudios', 'disfunción', 'bebidas', 'sed', 'organismo', 'emoji', 'móvil', 'flecha', 'emoji', 'videos']"
1762969728518078970,"['imágenes', 'obesidad', 'cuerpos']"
1762965902452981980,"['20', 'ejercicio', 'límite']"
1762962515871346931,"['envidia', 'constancia', 'voluntad', 'estado', 'obesidad', 'parte', 'minoría']"
1762957830724731282,"['mina', 'sobrepeso', 'moral']"
1762935968997183946,"['palabra', 'odio', 'obesidad', 'cosas', 'personas', 'tono', 'burla', 'enfermedad', 'consecuencias', 'redes']"
1762928054945395026,"['marchas""', 'obesidad', 'drama', 'dieta', 'emoji', 'dorso', 'mano', 'índice', 'emoji', 'dorso', 'mano', 'índice', 'emoji', 'dorso', 'mano', 'índice', 'emoji']"
1762927252092653661,"['hotcakes', 'amiga', 'perra']"
1762914623819260031,"['forma', 'sedentarismo', 'obesidad']"
1762912874584752254,"['persona', 'gente', 'weon', 'cosa']"
1762907566835749363,"['turra', 'politiquera', 'aspirante', 'elite', 'estado', 'cara', 'boleta']"
1762885009914876104,"['comentarios', 'insultos', 'gimnasio', 'gordura', 'aplausos']"
1762884758348927479,"['actividad', '1.90', 'altura']"
1762880994690924791,"['hijo', 'puta']"
1762871301675352097,"['tia', 'marta', 'obesidad', 'corte', 'pelo', 'tipo', 'karen']"
1762866152903266427,"['cumpleaños', 'Cristina', 'vez', 'cfk', 'puse', 'kfc', 'emoji', 'emoji', ' ', 'emoji', 'emoji', ' ', 'emoji', 'emoji', ' ', 'gordura']"
1762863710643552611,['obesidad']
1762861341537091657,"['físico', 'mensaje', 'mensaje', 'foto', 'sobrepeso', 'boludos', 'físico', 'mensaje']"
1762860009992421858,[]
1762858855367594092,"['chifladuras', 'esqueleto', 'cuadratura', 'triángulo', 'reclamo', 'incumplimiento']"
1762858004599173221,"['corazón', 'sobrepeso', 'palo', 'lugar', 'pancita', 'boludes', 'comparación', 'cosa']"
1762857376485376487,"['sobrepeso', 'foto', 'mensaje', 'físico', 'derecha', 'gente', 'nivel', 'empatía']"
1762845630513263062,"['gordura', 'arterias']"
1762841786433564683,"['años', 'sobrepeso', 'médicos', 'cara', 'señora', 'hombres', 'niveles', 'exigencia', 'bola']"
1762839335924121676,"['nivel', 'grasa', 'cuenta', 'cantidad', 'corporales', 'nivel', 'exigencia', 'mujeres', 'tipo', 'nivel', 'grasa']"
1762812944943841666,"['elefante', 'sobrepeso']"
1762812329228447918,"['bola', 'sobrepeso', 'cara', 'sra']"
1762746922824024554,"['boleto', 'DNU', 'mafia', 'hilos', 'marioneta']"
1762740006207029310,['gato']
1762683913841815897,"['bola', 'sech', 'tema', 'historia']"
1762680534046589181,['buni']
1762669349481886145,"['comidas', 'día', 'emoji', 'emoji']"
1762648057772962103,"['ejemplo', 'enfermo', 'pelotudez', 'médico', 'paciente', 'CONVERSO', 'empresario', 'mundo', 'ARGENTINA', 'PTE', 'CONFIANZA']"
1762626398131253477,"['pobreza', 'narcos', 'homicidios', 'indigencia', 'obesidad', 'imigracion', 'corrupcion', 'analfabetismo', 'emoji', 'cara', 'bostezo', 'emoji', ' ', 'emoji', 'cara', 'de', 'bostezo', 'emoji', ' ', 'emoji', 'cara', 'bostezo', 'emoji']"
1762622506664333635,"['mierda', 'pasos', 'rodillas', 'bolita', 'fraile', 'rato', 'flotadores', 'flotadores', 'flote', 'titanic', 'mierda', 'saludos']"
1762612789498065250,['postres']
1762603702391591018,"['economía', 'amigo', 'días', 'sobrepeso', 'nenes']"
1762589768292962544,"['obesos', 'banda', 'favor']"
1762585129493442607,"['cosa', 'problema', 'estupideces', 'dieta', 'obesidad', 'enfermedades']"
1762583938885620199,"['carne', 'suh', 'problema', 'sobrepeso', '18', 'divalproato', 'sodio', 'peso', 'glucemia', 'hdl', 'triglicéridos']"
1762583561624838508,"['hombre', 'años', 'docentes', 'mierda', 'kirchnerismo']"
1762582816863182982,[]
1762582700676755698,['morsa']
1762582597098451245,"['años', 'docentes', 'penurias', 'pelotudez', 'cerda']"
1762582037368611066,"['problemas', 'chica', 'sobrepeso', 'falta', 'libertad', 'democracia']"
1762577474255294623,"['persona', 'mundo']"
1762576042676404271,"['down', 'sida']"
1762572993140584593,"['detalles', 'sociedad', ' ', 'emoji', 'flecha', ' ', 'prevalencia', 'obesidad', 'mano', 'epigenética', 'cambio', 'hábitos', 'trabajos', 'tratamiento', 'sociedad', 'epigenética']"
1762569904035643408,"['sueño', 'epoc', 'transplante', 'riñón', 'obesidad', 'cigarrillo', 'mano', 'cámaras']"
1762567260961436159,"['obesidad', 'peso', 'vez']"
1762566840469839932,"['respiración', 'cigarrillo', 'mano', 'epoc', 'obesidad', 'transplante', 'riñón', 'patologías', 'grima', 'cámaras']"
1762554757250486448,"['bronca', 'obesidad', 'enfermedad']"
1762527861053825198,"['ufbal', 'obesidad', 'feminismo']"
1762521874498535705,"['idea', 'problemas', 'alimentación', 'obesidad', 'tca']"
1762518706175836245,['obesidad']
1762514614456082508,"['lenguaje', 'norte', 'agua', 'cloacas', 'niños', 'peluca']"
1762509090415091762,"['fetiche', 'gordura', 'vejez', 'papada', 'tiempo', 'paquetes', 'gerontes', 'dinero']"
1762495828919484629,['obesidad']
1762495805280391509,"[' ', ' ', '\n', 'edición', 'tratamiento', 'obesidad', 'adolescente', '\n\n', 'pediatras', 'médicos', 'formato', 'actividades', 'asincrónicas', 'encuentros']"
1762478519920037932,"['emoji', 'rojo', 'emoji', 'aire', 'mareos', 'dolor', 'pecho', 'hinchazón', 'tobillos', 'piernas', 'veces', 'ocasiones', ' ', 'hipertensión', 'pulmonar']"
1762477268142592220,['chubby']
1762471079791013900,"['obesidad', 'descenso', 'peso', 'uricemia', 'exacerbaciones']"
1762425048818688020,"['huelga', 'hambre', 'tortura', 'VERGÜENZA']"
1762353390464512383,"['sanción', 'placa', 'hija', 'boca', 'valore', 'tv', '22', 'madre', 'flia', 'furia', 'hija']"
1762315949334544741,"['gordura', 'foto', 'perfil', 'elefante']"
1762306878208352257,"['b', 'equipos', 'vergüenza', 'partido', 'pretemporada', 'personas', 'sobrepeso']"
1762286023873011784,"['prescripción', 'vez', 'sobrepeso', ' ']"
1762278979585630718,"['piernas', 'sobrepeso']"
1762273193648161056,"['edad', 'gordura', 'momento']"
1762267629723480275,"['días', 'gestión', 'gym', 'ansiedad', 'sobrepeso']"
1762264494900727856,[]
1762263985078841642,['mierda']
1762261967224336872,"['onlycats', 'osito', 'kilo', 'alimento', 'hijo', 'gato']"
1762260539105833361,"['ceos', 'hambre']"
1762258607804944879,['obeso']
1762258120368132258,"['VIRGO', 'GORDURA', 'PITO', 'NENE', 'MAMA']"
1762256793139323026,[]
1762220366217298329,['cuenta']
1762182090873794923,"['realidad', 'resultado', 'vista', 'androginación', 'andrógino', 'mezcla', 'varón', 'mujer', 'sociedad', 'mujeres', 'varones']"
1762182069214400946,"['sanguchito', 'jamón', 'crudo', 'queso', 'emoji', 'cara', 'empollón', 'emoji']"
1765010548331098437,"['gordura', 'estetica', 'realidad', 'cuerpo', 'montón', 'cambios', 'montón', 'razones', 'apariencia']"
1764994304093679984,"['túnel', 'obesidad', 'cosa', 'mierda', 'che', 'sobrepeso']"
1764991565548724673,"['obesidad', 'problema', 'eje', 'campaña']"
1764990672812036399,"['obesidad', 'enfermedad', 'mensaje', 'mundo']"
1764989152322330878,"['hermano', 'ex', 'vida']"
1764989076485062930,"['gorda', 'pedo', 'neuronas', 'marcha', 'mierda', 'plata', 'panza', 'situacion', 'ojete']"
1764976826563080278,"['día', 'obesidad', 'gordofobia', 'salud']"
1764975342949736687,"['primario', 'colegio', 'corrido']"
1764969641401540997,[]
1764949250020868181,"['gente', 'veces', 'numeros', 'cantidad', 'gente', 'consulta', 'complicaciones', 'obesidad']"
1764794248396775909,"['marzo', '  ', '  ', 'equipo', 'tema', 'link', 'dia', 'obesidad', 'mano', 'índice', 'emoji']"
1764948865843957765,"['tabaquismo', 'obesidad', 'espectáculos']"
1764852618755481644,"['obesidad', 'parte']"
1764845451818197466,"['obesidad', 'personas', 'obesidad', 'obesidad', 'enfermedad', 'personas', 'sobrepeso', 'discriminación']"
1764839759753421129,"['comentario', 'troll', 'cuenta', 'asco']"
1764835649981399185,"['jacon', 'obesidad', '\n', 'hashtag', 'hermano']"
1764830297894383974,['team']
1764827772872983034,"['obesidad', 'enfermedad']"
1764827101910143271,"['alimentación', 'falta', 'educación', 'muestra', 'kirchnerismo', 'país', 'favor', 'poco']"
1764808685732118943,"['mierda', 'espejo']"
1764808314498453936,[]
1764806816460923368,"['novela', 'ser', 'humano', 'cosas', 'novela', 'través', 'psicoanalista', 'pacientes']"
1764801125251698705,['pigmea']
1764798986261606858,[]
1764787666871013420,['accion']
1764786415395545466,"['obesidad', 'magenta']"
1764786192699027640,"['cabeza', 'parlante', 'emoji', ' ', 'Escuchemos', ' ', 'emoji', 'estrella', 'emoji', ' ', 'hashtag', 'hashtag', 'dia', 'mundialdela', 'hashtag', 'escuchaactiva', 'hashtag', 'empatia', 'vía']"
1764774705095909450,"['cuestión', 'estética', 'belleza', 'enfermedad', 'salud']"
1764774353227391063,"['obesidad', 'problemática', 'personas', 'mundo', 'OMS']"
1764772693881028863,"['niño', 'sobrepeso', 'burro', '\n\n', '-', 'argentina']"
1764772308432851324,"['enfermedad', 'consecuencia', 'factores', 'tipo', 'factores', 'riesgo', 'HTA', 'diabetes', 'obesidad', 'tabaquismo', 'CONFLICTOS', 'injerencia', 'enfermedad', 'CV']"
1764772219794669746,"['masitas', 'resto', 'semana']"
1764761505847738600,"['momento', 'obesas', 'concepto']"
1764758419452350574,"['obesidad', 'drogas', 'peso', 'pandemia', 'personas', '2035', 'fármacos', 'semaglutida', 'tirzepatida']"
1764756529083793885,"['dios', 'antro', 'obesos', 'as', 'consejo', 'adolescencia', 'familia', 'antro', 'ñoquis']"
1764750372483092938,"['moreno', 'femenino']"
1764746886051766379,"['\n ', 'emoji', 'estrella', 'metas', 'día', ' ', 'y', 'OMS', 'estrella', 'estrella', 'Gestión', 'estrella', 'emoji', 'móvil', 'flecha', 'inscripción']"
1764739251273404675,['hermano']
1764730619915886964,[]
1764730616673698018,"['marzo', 'campaña', 'problema', 'salud', 'piedad']"
1764730273025978675,"['apneas', 'obesidad', 'cosa', 'culpa']"
1764729450921410925,[]
1764721577650749504,"['gordofobia', 'salud']"
1764708300703023511,"['sinvergüenza', 'empleo', 'fotos', 'músculos', 'papada', 'enano', 'autoridad', 'moral']"
1764705629229224314,"['falta', 'obesidad', 'chupaverga']"
1764702883784634805,"['castigo', 'recinto', 'jubilados', 'panzazos']"
1764695247857013001,"['problema', 'obesidad', 'aceite', 'oliva', 'bomba']"
1764688623746596902,"['apnea', 'hashtag']"
1764685137269215401,"['emoji', 'calendario', 'espiral', 'emoji', 'día', 'obesidad', 'salud', 'Colegio', 'marzo', 'reemplazo', ' ', 'flecha', 'derecha']"
1764682047849648134,"['botón', 'marca', 'verificación', 'daño', 'obesidad', 'proporciones', 'nivel', 'acciones', 'afección', 'salud']"
1764681206124204401,"['emoji', 'megáfono', 'emoji', ' ', 'emoji', 'globo', 'áfrica', 'emoji', ' ', 'personas', 'mundo', ' ', 'través']"
1764680273008980279,"['personas', 'mundo', 'hashtag', 'ansalatina']"
1764676587364991416,"['peligro', 'obesidad', 'gordofobia']"
1764674609071206782,"['DÍA', 'OBESIDAD', 'marzo', 'jornadas', 'enfermedad', '\n\n ', 'calendario', ' ', 'jueves', 'marzo', '\n ', 'reloj', 'despertador', 'emoji', ' ', 'chincheta', 'redonda', ' ', '2354']"
1764673859867865181,[]
1764670995363660257,"['emoji', 'advertencia', '\n ', 'luces', 'policía', 'emoji', 'causa', 'desequilibrio', 'calorías', 'factores', 'genéticos', 'sociales', 'salud']"
1764670993031667793,"['emoji', 'obesidad', 'sobrepeso', 'acumulación', 'grasa', 'salud', ' ', 'peso', 'persona', 'kilos', 'talla', 'metros', 'kg', 'm2']"
1764670990213124473,"['altavoz', 'mano', 'emoji', 'el', 'día', 'mundial', 'hashtag', 'hilo', 'datos', '\n\n ', 'teclas', ' ', 'obesidad', 'enfermedad', 'teclas', 'vez', 'factor', 'riesgo', 'enfermedades', 'ENT', 'cardiovasculares', 'diabetes', 'hipertensión']"
1764669877023863108,"['obesidad', 'personas', 'daño', 'organismo', 'dieta', 'grasas', 'azúcares', 'alimentación', 'hábitos']"
1764669322788585489,"['emoji', 'círculo', 'emoji', ' ', 'alimentación', 'actividad', 'recomendaciones', 'prevenir', 'sobrepeso', 'obesidad', '\n\n ', 'emoji', 'círculo', 'emoji', 'discriminación', 'estigmatización', 'torno', 'personas']"
1764666105912516753,"['impacto', 'salud', 'emoji', 'flecha', 'Nota', 'flecha']"
1764661063394398538,['obesidad']
1764660270700355971,"['gente', 'sobrepeso', 'docente']"
1764660085928652886,"['cabeza', 'parlante', 'paciente', 'doctor', 'pesar', 'kilos', 'enfermedad']"
1764659498822570122,"['gata', 'casa', 'vecina', 'patio', 'gatos', 'pared', 'mogólica', 'cuenta']"
1764657046241116488,"['comodoro', 'fundación', 'lugar', 'reuniones']"
1764656224912482451,"['emoji', 'índice', 'derecha', 'año', 'lema', 'obesidad', 'día', 'personas', 'daño', 'organismo', 'dieta', 'grasas', 'azúcares', 'alimentación', 'hábitos']"
1764652839299625082,['marzo']
1764652282933584267,[]
1764641992896614868,"['emoji', 'mano', 'índice', 'derecha', 'emoji', '\n', 'día', 'mundialdela', 'obesidad', '\n ', 'prevenir', 'enfoque', 'sistemas', '\n ', 'emoji', 'asterisco', 'puntas', 'emoji', 'marzo', '\n ', 'emoji', 'asterisco', 'puntas', 'emoji', ' ', 'emoji', 'bandera', 'argentina', '\n', 'información']"
1764639048851771552,"['emoji', 'emoji', 'emoji', 'cerebro', 'emoji', 'salud', 'condición', 'ayuda', 'hábitos', 'apoyo', 'profesionales']"
1764638814570414290,"['verdura', 'hoja', ' ', '04.03', ' ', 'emoji', 'reproducir|', 'obesidad', 'factores', 'riesgo', 'enfermedades', 'diabetes', 'enfermedades', 'hipertensión', 'accidentes', 'tipos', 'cáncer']"
1764637114405110096,"['números', 'expertos', 'lugar', 'universidades', 'historia', 'números', 'obesidad']"
1764637112861688088,"['día', 'obesidad', 'perdón', 'colaciones', 'calorías', 'cantidad', 'bazofias', 'expertos', 'conflicto', 'interés', 'pantallas', 'espacios', 'negocios', 'voluntad']"
1764631349653119111,"['emoji', 'información', 'emoji', ' ', 'día', 'obesidad', 'gordofobia', 'salud']"
1764629864517075038,[]
1764629173354598564,"['lema', 'campaña', 'obesidad', 'desafíos', 'día', 'día', 'pobreza', 'desigualdad']"
1764629061999960501,"['día', 'epidemia', 'obesidad', 'consecuencias', 'salud', 'áreas', 'vida', 'exceso', 'peso', 'obesidad', 'problemas', 'salud', 'tabú', 'consulta', 'familia', 'comunidad']"
1764628966604673453,"['día', 'obesidad', 'gordofobia', 'salud']"
1764624672862130670,"['marzo', 'vía']"
1764622409271783541,"['emoji', 'altavoz', 'mano', 'emoji', 'conciencia', 'obesidad', 'problema', 'salud', 'estético', 'importancia', 'abordaje', 'nota', 'hashtag', 'dia', 'hashtag', 'salud', 'emoji', 'bíceps', 'flexionado', 'emoji']"
1764622392486228410,"['día', 'obesidad', 'gordofobia', 'salud']"
1764620197892079756,"['días', 'salud', 'obesidad', 'vez', 'lucha', 'persona']"
1764615554290028971,"['obesidad', 'obesity', 'emoji', 'ojo', ' ', 'corazón']"
1764609734441619839,"['hashtag', 'día', '\n ', 'emoji', 'emoji', 'concientización', '\n ', 'emoji', 'mano', 'emoji', 'promoción', 'abordaje', '\n ', 'emoji', 'emoji', 'políticas', 'emoji', 'mano', 'emoji', 'experiencias', '\n\n', 'info', 'importancia', 'abordaje', 'índice']"
1764605818144423982,"['peso', 'grupo', 'transferencia', 'habilidades']"
1764543342342184976,"['volumen', 'maestro', 'gordura']"
1764533700182655441,"['ser', 'gato', 'obesidad']"
1764522001610236384,"['tiempo', 'lugar', 'kg', 'sobrepeso']"
1764507078238797841,['obesidad']
1764487181244973185,"['DIA', 'CONCIENTIZACION', 'OBESIDAD']"
1764486170644553992,"['obesidad', '\n\n', 'salud', 'obesidad', 'general', 'villegas', 'hashtag', 'gobierno', 'movimiento']"
1764468694392901973,"['intento', 'tucumano', 'lomo', 'amigos', 'kilos']"
1764441447661486552,"['chiquis', 'amigos', 'asadito', 'pesos', 'meses', 'culo']"
1764465904367157668,"['chila', 'gomez', 'centros', 'manos', 'puño']"
1764456405220606377,"['nada', 'grasa', 'cúter', 'boca', 'espacio', 'agua']"
1764451971992273045,"['emoji', 'círculo', 'morado', 'emoji', ' ', 'Palacio', 'color', '\n\n ', 'derecha', 'emoji', 'marzo', '\n\n ', 'emoji', ' ', 'Alerta', 'daño', 'organismo', 'dieta', 'grasa', 'azúcares', '\n\n ', 'lupa', 'emoji']"
1764444771806806443,"['día', 'conciencia', 'incremento', '50%', '20', 'años', 'personas', 'sistemas', 'salud', 'sur', 'dólares', 'año']"
1764439288064745941,[]
1764425526792630542,"['emoji', 'personas', 'mundo', 'obesidad', 'estudio']"
1764423396874440719,"[' ', 'emoji', 'risa', 'emoji']"
1764404110743265710,"['VERGÜENZA', 'SANGRE', 'CARA', 'HIJO', 'CONDENADA', 'CORRUPCHORRA']"
1764394371326062919,"['hashtag', 'obesidad', 'hashtag', 'dia', 'obesidad', 'hashtag', 'salud', 'hashtag', 'dieta', 'dieta', 'solución', 'obesidad']"
1764393015588602053,"['gente', 'apariencia', 'gordura']"
1764390270563479990,"['emoji', 'emoji', 'dieta', 'solución', 'obesidad', 'especialistas']"
1764386599566000234,"['marzo', '19hs', 'remera', 'accion', 'pais', 'pasos', 'hashtag', 'obesidad', 'enfermedad', 'ceso', 'tratamiento']"
1764371150103101906,"['meses', 'foto', 'mujer', 'sobrepeso', 'mano']"
1764370819763863807,"['sociedad', 'nieto', 'julio', 'reto', 'lucha', 'obesidad', 'final']"
1764354846168158554,"['iniciativa', 'detalles', 'obesidad', 'enfermedad', 'mundo', 'frecuencia', 'daño', 'unanimidad', 'estudios', 'ultra', 'parte', 'problema']"
1764352876032209164,"['marzo', 'hashtag', 'obesidad', 'palermo', 'camiseta', 'banca', 'enfermedad']"
1764351675953828346,[]
1764350075008893033,['dia']
1764347300841652558,"['obesidad', 'boca', 'cosa', 'ganas', 'idiotez', 'cosas', 'pedo', 'foto', 'nombre', 'yapa', 'fans', 'cata']"
1764325316430884913,"['pelotudo', 'auto', 'bicicleta', 'cantidad', 'ciclistas', 'raíz', 'bicisendas', 'tramos', 'riesgo', 'accidentes', 'tráfico', 'm']"
1764320769826341193,"['gordura', 'cáncer', 'condiciones', 'gatos', 'lugar', 'juez', 'juzgado', 'garantias']"
1764300160559988896,"['gente', 'bola', 'mundo']"
1764294737027076371,"['fideos', 'arroz', 'sobrepeso', 'fideos', 'arroz', 'hambre']"
1764278248261701912,"['cochista', 'definición', 'estado', 'auto']"
1764275626683339161,"['paraiso', 'obesos', 'pan', 'mermelada', 'manteca', 'maní', 'hamburguesas', 'batidos', 'cultura', 'grasa', 'azúcar', 'grasa', 'azúcar']"
1764264831744344209,"['equipo', 'fútbol', 'sobrepeso', 'veteranos', 'fuerza', 'equipito', 'liga', 'dios']"
1764223656043929681,"['pregunta', 'foto', 'tupé']"
1764103127286923323,"['pene', ' ', 'emoji', 'cara', 'náuseas', 'emoji']"
1764098189475365304,"['hamburguesa', 'papas', 'mcflurry', 'momento', 'persona', 'país']"
1764098115148145005,"['sobrepeso', 'enfermedades', 'cantidad', 'comida', 'veterinario', 'cantidad']"
1764096686941745214,[]
1764069520899973515,"['trueno', 'envidia', 'cosas', 'plata', 'vagina', 'sector', 'fuerza', 'sobrepeso', 'emoji']"
1764055943237533763,"['árbitro', 'mls', 'sobrepeso', 'arbitro', 'gracia', 'cancha', 'messi', 'cabra']"
1764055721451171950,"['hijo', 'puta', 'abuelo', 'sobrepeso', 'rodillas', 'miseria', 'partido', 'forro']"
1764055720331182220,['cuerno']
1764016971014689053,"['ayuno', 'crónica', 'corazones']"
1764010581361570210,['cordo-obesa']
1763991005353656418,"['chocolate', 'noticia']"
1763977243917685111,"['franklin', 'carnicerias', 'gordura', 'cerdo']"
1763971439365927335,"['OBESOS', 'ARSENAL']"
1763971184717086869,"['fan', 'formula', '1', 'obesidad']"
1763970767190896946,['micrófono']
1763970587385323796,"['bigotudo', 'belleza', 'gordura', 'sentido', 'estética', 'problema', 'salud']"
1763961418074722428,"['gente', 'casa']"
1763956015043649861,"['hashtag', 'obesidad']"
1763955631340310575,"['origi', 'sobrepeso', 'minutos', 'año', 'trapo']"
1763953331297292493,"['kilos', 'kilos', 'sumo', 'kg', 'panza', 'contextura', 'gordura']"
1763952015284023670,"['VEZ', 'atornillamiento', 'sillón', 'obesidad', 'VAGO']"
1763935073894563945,"['ser', 'foto', 'perfil', 'engaños', 'zapatos', 'falopa', 'obesidad']"
1763913729106649289,"['día', 'lucha', 'obesidad', 'domingo', 'marzo', 'hs', 'vivo', 'instagram', 'dr.hepatologo', 'world', 'obesity', 'day', 'hashtag', 'obesidad', '\n', 'higadograso']"
1763912137758662782,"['personas', 'mundo', 'obesidad', 'OMS']"
1763901200737464468,"['años', 'persona', 'mano', 'frente', 'tono', 'piel', 'gordura', 'hinchazón']"
1763898075762811068,"['pacientes', 'estilo', 'vida', 'medio', 'causa', 'obesidad', 'práctica', 'mayoría', 'pacientes', 'cambio', 'estilo', 'vida', 'tratamientos']"
1763894959009046841,"['minutos', 'teoría', 'obesidad', 'causas', 'sociedad', 'tratamientos', 'cirugía', 'medicación', 'cambio', 'estilo', 'vida', 'tratamiento', 'sumo', 'prevención']"
1763894136048906600,['caballo']
1763779522451718519,"['sobrepeso', 'ejercicio']"
1763771306003018017,"['gente', 'color', 'principios', '1900', 'personas', 'año', 'villas', 'niños', 'años', 'chicos', 'síndrome', 'obesidad', 'enfermedad', 'cuerpos']"
1763770519667482815,['creditos']
1763767871014846893,"['bolas', 'plato', 'nutricionistas', 'redes', 'sociales', 'hexagonos', 'sobrepeso', 'paz']"
1763766674551972080,[]
1763759726301434080,"['personas', 'perdón', 'aclaración', 'personas']"
1763755163871801646,['silla']
1763753623157141665,"['vez', 'viaje', 'TELE', 'TELE', 'tipo', 'supervivencia', 'desnudo', 'obesos', 'discovery', '\n ', 'h&amp;h', 'alerta', 'aeropuerto', 'dress', 'felicidad']"
1763752660224651363,"['fandom', 'mogolico', 'insulto', 'dichos', 'sobrepeso', 'dicho', 'tragedia']"
1763747916043124844,['obesidad']
1763745381890891905,"['cuerpo', 'emoji', 'superioridad', 'emoji']"
1763731867335868681,"['pijas', 'orto']"
1763725744520220875,['señora']
1763720841433428107,"['premio', 'amigo', 'sobrepeso', 'fealdad']"
1763719498266255852,"['kg', 'm²', 'm²', 'peso=', 'm²', 'm²', 'm²', 'm²', 'm²', 'm²']"
1763719438262513952,"['asco', 'dios', 'razon']"
1763718011297423518,"['rango', 'porcentaje', 'masa', 'masa', 'grasa', 'muscular', 'sobrepeso', 'vida', 'cuerpo']"
1763717463827443891,"['sobrepeso', 'sobrepeso', 'cosas']"
1763712574162346323,"['obesidad', 'nuca', 'cuerpo']"
1763710695013572766,"['cuenta', 'imagen', 'proposito']"
1763704611129487654,[]
1763693197727814125,"['puto', 'sarmiento', 'días', 'k', 'mierda', 'paso', 'sube', 'lata', 'lechón', 'lata', 'cuchurucho', 'gil', 'día', 'silla', 'ortiva']"
1763691394739139010,"['sedentarismo', 'bomba', 'tiempo', 'prepaga', 'sistema']"
1763686359917613375,"['obeso', 'estaca', 'emoji', 'persona', 'hombros', 'lata', 'salto', 'sube', 'billetera', 'persona', 'hombros', 'cerdo', 'bordo', 'o', 'celeste']"
1763684432014151945,"['sobrepeso', 'ayunos', 'cena', '22:00', '15:00', 'día']"
1763681684526862582,"['muchacha', 'cajita', 'RECITALES', 'fotos', 'celus', 'tetas']"
1763676225363472586,['diferencia']
1763660968997822509,"['obesidad', 'microcefalia', 'monstruosidad', 'voluntad']"
1763649549799674065,"['auto', 'gama', 'vida', 'iñokis', 'habitación', 'padres', 'mundo', 'vidas', 'putas', 'plata']"
1763649026690351314,"['mes', 'dieta', 'onda', 'keto', 'sobrepeso', 'veces', 'semana', 'hiperteofia', 'cardio', 'hs', 'vez', 'kg', 'dias', 'esfuerzo']"
1763647444481442082,"['chancho', 'sobrepeso', 'onda']"
1763640353247068429,"['emoji', 'personas', 'mundo', 'obesidad', 'estudio']"
1763637606745550948,[]
1763634382949011839,"['emoji', 'cabeza', 'parlante', 'emoji', 'internacional', 'emoji', 'dorso', 'mano', 'índice', 'derecha', 'tono', 'piel', 'emoji', 'obesidad', 'enfermedad', 'factores', 'influencian', 'aspectos', 'genéticos', 'estilo', 'vida', '\n\n ', 'emoji', 'manzana', 'emoji', '  \n\n', 'hashtag', 'nutrición', 'salud']"
1763631381576356293,"['obesidad', 'persona', 'tamaño', 'salud', 'desempeño', 'abogada']"
1763627618316804239,"['sobrepeso', 'orto', 'aprovechadores']"
1763621531056271625,"['obesidad', 'grones', 'venecos', 'arabes']"
1763620427027415501,"['lado', 'xtina', 'debut']"
1763618127877726414,"['régimen', 'décadas', 'sobrepeso']"
1763616662773784998,"['grasa', 'panza', 'chica', 'sobrepeso']"
1763616530271441151,"['protegida', 'mogolico', 'jugadoraza']"
1763608141407674553,"['aura', 'presidente', 'cohecho', 'expresidente', 'coimero']"
1763596044380565741,"['emoji', 'mano', 'índice', 'derecha', 'tono', 'piel', 'medio', 'emoji', 'rol', 'carne', 'pollo', 'abordaje', 'obesidad', 'emoji', 'dorso', 'mano', 'índice', 'izquierda', 'tono', 'piel', 'medio', 'emoji', '\n\n', 'año', '4', 'marzo', 'objetivo', 'día', 'epidemia', 'mundial', '\n\n ', 'chincheta']"
1763594007412605284,"['recomposicion', 'principiantes', 'personas', 'sobrepeso', 'realidad', 'mayoría', 'personas']"
1763585634784956462,"['organismo', 'internacional', 'tasas', 'obesidad', 'adultos', 'niños', 'adolescentes']"
1763564232912617774,"['obesidad', 'virtud']"
1763556655592010119,[]
1763547511124361636,"['momento', 'años', 'señora', 'obesidad', 'kiosco', 'abuela', 'cararrota', 'redú', 'fas', 'fas']"
1763544198249111846,"['emoji', 'cara', 'desanimada', 'emoji', 'personas', 'obesidad', 'estudio', '  ', 'emoji', 'mano', 'índice', 'casos', 'niños', 'décadas', 'adultos']"
1763538113945616458,"['sobrepeso', 'edad', 'salud', 'huevos']"
1763534034997543225,"['años', 'estados', 'resultado', 'dirigentes', 'vez', 'pueblo', 'iglesia', 'ejemplo', 'papa', 'obesidad']"
1763523276448424344,"['hábito', 'golosinas', 'bebidas', 'cola', 'frituras', 'etc', 'cardiovascular', 'microbiota']"
1763519962801446978,"['michis', 'risa']"
1763468880192704693,"[' ', 'pulgar', 'verdad', 'ojo', 'amiga', 'años', 'kg', 'adolescentes', 'mujer', 'felicidad', 'ojo', 'pulgar']"
1763468002152861766,"['hermano', 'asco', 'mascota', 'bebé', 'tipo']"
1763459651968897071,['mierdaaa']
1763418649669369879,[]
1763390817606001135,"['problemas', 'personas', 'mundo']"
1763390523841151035,"['semanas', 'obesidad']"
1763386276357545993,[]
1763377431262511133,"['foto', 'incitación', 'gordura']"
1763375249058365919,"['evolucion', 'espalda', 'camionero', 'sobrepeso', 'familia', 'villa']"
1763368697840693421,[]
1763367890458173695,[]
1763364316818890816,"['personas', 'obesidad', 'mundo', 'tendencia', 'países', 'ingresos', 'necesidad', 'problema']"
1763348040453095579,['fortuna']
1763344536468660627,"['gordito', 'fan', 'meritocracia', 'hijo', 'millonarios', 'paja']"
1763343206198956173,"['ropa', 'gente', 'sobrepeso', 'culpa', 'postres', 'problemas', 'metabolismo', 'problemas', 'tiroides']"
1763318635941052552,"['nivel', 'sobrepeso']"
1763315744127762765,"['gente', 'bondi', 'gente', 'comedores', 'alimentos', 'duende', 'oveja']"
1763314622365393229,"['kilos', 'golpe', 'sobrepeso', 'emoji', 'risa']"
1763312692918374752,"['gorda', 'mierda', 'respeto']"
1763304567532384658,"['paquerooo', 'sobrepeso']"
1763292612239258034,"['gata', 'comida']"
1763283196584890841,[]
1767145250256990448,"['ACUERDO', 'LIBERTAD', 'LIBERTINAJE', 'CONCEPTOS', 'GORDURA', 'HINCHAZÓN']"
1767052089996247426,"['violencia', 'concha', 'madre']"
1767019241159508233,"['comida', 'azúcares', 'harinas', 'vez', 'obesidad', 'infarto', '30', 'diabetes', '20', 'pantalón', 'talla', 'hermana', 'cintura', 'tomate', 'perita']"
1767016317284913416,"['informe', 'ludopatía', 'obesidad', 'hermano']"
1767007059382239575,"['salud', 'lugar', 'obesidad']"
1767004823595917406,"['vida', 'gordura']"
1767001535962103994,"['piparo', 'sobrepeso']"
1766999340294291514,"['gata', 'abeja']"
1766992056310727109,"['ma', 'sobrepeso', 'manzanita', 'boca', ' ', 'cara', 'boca', 'emoji', 'emoji', 'emoji', ' ', 'berenjena', 'berenjena', 'emoji', ' ']"
1766985263891271866,"['correlación', 'verdad', 'lógica', 'pene', 'peso', 'obesidad', 'salud']"
1766973159754924136,"['empanadas', 'sobrepeso', 'hobbit']"
1766956015486898630,"['tipo', 'años', 'obesidad', 'ganas', 'lados', 'sociales', 'bardos']"
1766950573528563940,"['sobrepeso', 'cierre', 'puto']"
1766927799552471195,['gordura']
1766924541241012705,[]
1766922346672099461,"['cuerpo', 'medico', '38']"
1766915096213660046,"['morbida', 'hipertensión']"
1766914761004884406,[]
1766914604184027357,"['emoji', 'risa', 'emoji', ' ', 'emoji', 'risa', 'emoji', ' ', 'emoji', 'risa', 'emoji', ' ', 'verdad', 'bola', 'grasa']"
1766908623228199364,['sobrepeso']
1766904810698134013,"['mierda', 'gato']"
1766889089783972185,"['mierda', 'mantecol']"
1766880477627974055,"['amenazas', 'jueces', 'políticas', 'jubilados', 'dólares', 'nieto', 'millones', 'determinación', 'origen', 'fondos', 'tiempo']"
1766847665365557506,['sobrepeso']
1766830313118867758,"['chanta', 'palermita', 'kavanagh', 'opiniones', 'despechado', 'mierda']"
1766823652916355218,"['bypass', 'estómago', 'compañera', 'anemia', 'piel', 'bypass']"
1766821800971837584,"['minuto', 'asquito', 'día']"
1766813520144781714,"['vice', 'dietas', 'humor', 'dieta', 'vice']"
1766787133849608615,"['gordofobia', 'obesidad']"
1766756059694166025,"['gente', 'gordura', 'gluten']"
1766725007193891307,['miedo']
1766724989443584238,"['desorden', 'obesidad', 'vicio', 'pucho', 'hombre', 'aborto', 'promotora', 'muerte']"
1766720812633993289,['mierda']
1766656440649879614,"['fin', 'gente', 'fritanga', 'clase']"
1766652982198747412,"['sobrepeso', 'noticia']"
1766635343913058644,"['semaglutide', 'mg', 'riesgo', 'eventos', 'cerebro', 'pacientes', 'sobrepeso', 'obesidad', 'fármaco', 'medicamento', 'peso', 'agosto', '2023', 'país', 'agosto', 'año', 'compañía', 'problemas', 'producción', 'distribución', 'nivel']"
1766632234637836643,['influencers']
1766629811257028858,['queso']
1766615362525860157,[]
1766606814676676811,['piropo']
1766606680928747767,"['obesidad', 'sociedad', 'salud', 'informe', 'población', 'índices', '50%', 'obesidad', 'twitter', 'obesity', 'Instituto']"
1766596419710836863,"['estado', 'sobrepeso', 'Sprint', 'garchazo', 'hermano', 'tantra']"
1766585861053759604,"['ganado', 'bicicletas', 'furgon', 'sillas', 'ruedas', 'muletas', 'perros', 'bebitos', 'brazos', 'vida']"
1766584022384115998,['sobrepeso']
1766579843288735804,['través']
1766555739663769856,"['tweet', 'chouza', 'boludeces', 'calistenia', 'maquinitas', 'carajo']"
1766550031572570124,"['humanos', 'gordura', 'pelota', 'salchis', 'talón', 'columna', 'tema']"
1766549314686374214,"['sistema', ' ', 'kilo', 'helado', 'cosas']"
1766532701362754047,"['pts', 'mujer', 'sobrepeso']"
1766521999101161561,"['peso', 'EJERCICIO', 'RES']"
1766521404327907672,"['ejercicio', 'publicidad', 'gordura', 'enfermedad', 'pasarella']"
1766511253810286765,"['escuela', 'dieta', 'foca']"
1766507752837255355,['parte']
1766499202408886281,"['mitad', 'emoji', 'cara', 'ojos', ' ', 'emoji', 'cara', 'grogui']"
1766495251689046454,"['gordura', 'sobrepeso', 'voluntad', 'predisposición', 'vez', 'vida', 'marcas']"
1766482940777668655,['señor']
1766448766641426669,[]
1766446998834602379,"['teoría', 'teoría', 'inflación', 'adipocito', 'problemas', 'disrupción', 'microbiota']"
1766321705234940085,"['sobrepeso', 'enfermedad', 'ofensa', ' ', 'emoji', 'risa', 'emoji', ' ', 'emoji', 'persona', 'mano', 'frente']"
1766298506954732005,"['nacimiento', 'huevos', 'manos', 'chabón', 'día', 'sol', 'rangos']"
1766287564783177838,"['hombre', 'sobrepeso', 'ideología', 'postureo']"
1766282052578476164,"['días', 'gato', 'twitter']"
1766272428571857348,"['emoji', 'estudio', 'emoji', 'emoji', 'día', 'obesidad', 'incidencia', 'patologías', 'mujeres', 'radio|Escúchanos']"
1766269830489837834,['mierda']
1766269272714510574,[]
1766246356983632119,"['patadas', 'duda', 'arte', 'gordito']"
1766245525093773342,"['recuperación', 'dieta', 'obesidad', 'años', 'corazón', 'pote', 'ddl', 'liquido']"
1766227004544720936,"['vereda', 'hdp']"
1766217741273330142,"['gordito', 'cara', 'mapuche', 'sobrepeso', 'sospecha']"
1766217431016518078,"['semana', 'producto', 'gordura', 'hinchazón', 'talento', 'ocurrencia']"
1766217374200471879,"['creadores', 'gordura', 'hinchazón']"
1766213258422153290,"['obesidad', 'enfermedad', 'cuna', 'apoyatura', 'pies']"
1766209834632761684,"['perfume', 'olor', 'estados', 'indices', 'obesidad']"
1766203916356579618,"['grupos', 'riesgo', 'bebés', 'niños', 'niñas', 'personas', 'lactancia', 'adultos', 'personas', 'enfermedades', 'sobrepeso', 'discapacidad']"
1766180529957695845,['sobrepeso']
1766172777604636882,"['gata', 'mierda', 'beso']"
1766166201724498364,"['gimnasio', 'meses', 'flexión']"
1766149606813954533,"['onda', 'mogolica']"
1766149151513813050,['gorda']
1766140652373356719,"['stress', 'reunión', 'fuente', 'comida', 'lugar', 'comida', 'obesidad', 'momentos']"
1766130980773863692,"['mujer', 'hermano', 'brazo', 'agilidad', '\n\n', 'tipo', 'letra', 'letra', 'kg', 'jabon']"
1766099625256059379,"['centro', 'pelota', 'palo', 'torneo', 'socios', 'sobrepeso']"
1766094843720212533,"['obesidad', 'forma', 'cuerpos', 'kioskero', 'formas', 'discriminación', 'chico', 'tema', 'medios']"
1766087585498009964,[]
1766082441716932786,"['problema', 'argentinos', 'gordura', 'psicoterapia', 'nivel', 'país', 'tema']"
1766056826850680931,"['argentino', 'medio', 'kilos', 'sobrepeso', 'dólares', 'puesto', 'trabajo', 'realidad', 'personas', 'respecto', 'estadística']"
1766054545040257269,"['mierda', 'dia', 'orto', 'mañana', 'foto', 'pelotas', 'panza', 'orto', 'mierda']"
1766014659067289617,"['juventud', 'sobrepeso', 'columna', 'cuello', 'casa', 'menú', 'verdad', 'gente', 'obstáculo', 'resto', 'prescripción']"
1765939133652861383,"['obesidad', 'cara', 'recuadro']"
1765932152229626179,"['chica', 'fotos', 'fines', 'semana', 'alcohol', 'salud', 'obesidad']"
1765911924321997203,"['gordura', 'títulos', 'idiomas']"
1765911637569962270,['foto']
1765905925620052249,"['cuerpo', 'manos', 'cara', 'aureola', 'emoji']"
1765900414661083381,"['gordura', 'hinchazón']"
1765876637411774713,"['cosas', 'emoji', 'cara', 'beso', 'emoji', '\n', '\n', '\n', 'hashtag', 'obesidad', 'hashtag', 'lenceriaparagorditas', 'hashtag', 'lenceriaargentina']"
1765863403774509127,"['huevo', 'piernas', 'rato', 'cuerpos', 'foto']"
1765852879338803274,"['periodos', 'entrevista', 'amigos', 'tiempo', 'empresas', 'empleo', 'pizza']"
1765846626600387004,"['ataque', 'mensaje', ' ', 'gimnasio', 'laburo', 'plata']"
1765842367548915716,"['gordura', 'hinchazón', 'energumeno', 'records', 'autobombo', 'fracaso', 'elección']"
1765835994073628811,"['lucha', 'obesidad', 'hashtag', 'employee']"
1765823703018090712,"['cirugía', 'niveles', 'hipertensión', 'presión', 'medicación', 'personas', 'obesidad', 'hipertensión', 'estudio']"
1765814278374805761,"['pija', 'orto']"
1765770355233223075,"['tostada', 'huevo', 'pelotas', 'panceta', 'grasa', 'yanquis']"
1765750446470173045,"['viernes', 'hs', 'sector', 'diagnóstico']"
1765736743678959779,"['deficiencia', 'vitamina', 'valor', 'lt;20', 'ng', 'ml', 'embarazadas', 'grupo', 'atención', 'consecuencias', 'feto', 'madre', 'déficit', 'edad', 'fumar', 'sobrepeso', 'deficiencia']"
1765734753381048344,['puerta']
1765727890740519115,"['gente', 'jubilados', 'gays', 'criminales', 'enfermeros', 'terroristas', 'apendice', 'votos']"
1765725864686219605,"['aclaraciones', 'hígado', 'personas', 'origen', 'lista', 'obesidad', 'obesidad', 'adiposopatía', 'ABCD', 'ingles', 'cuestiones', 'resto', 'causas', 'enfermedades']"
1765716705286709320,[]
1765691554369347961,"['obesidad', 'organismo']"
1765683599271932004,['mujeres']
1765566900853989685,"['exceso', 'colesterol', 'problema', 'salud', 'obesidad', 'dieta', 'costo', 'mayoría', 'cucurucho', 'frente']"
1765562382569349354,[]
1765536763060105428,"['gordura', 'mostaza', 'fonte']"
1765520382583271587,[]
1765513018207502651,[]
1765499523986571282,"['vez', 'personas', 'tema', 'obesidad', 'enfermedad', 'mirada', 'defecto']"
1765493247902708001,"['tarufas', 'personas', 'país', 'pax', 'fondo', 'canto']"
1765484522752074210,"['gordura', 'grunge', 'mano', 'PD', 'nombre', 'banda']"
1765410194148712722,"['emoji', 'bandera', 'estados', 'emoji', ' ', 'gordofobia', 'comentarios', 'video']"
1765470985241665856,"['problemas', 'sobrepeso', 'joda', 'denuncias', 'acoso']"
1765463566914597128,"['obesidad', 'enfermedad', 'pie', 'planos', 'argentos', 'deformación', 'caminar']"
1765463006152982616,"['especialista', 'cardiología', 'nutrición', 'orientación', 'obesidad']"
1765438685707661800,"['psicologa', 'terapia', 'caballo', 'yegua']"
1765438477489828262,['burro']
1765428728140542184,"['OBESO', 'hambre', 'ignorancia', 'alergia', 'realidad', 'verga', 'lugares', 'hambre', 'obeso']"
1765426620179820889,"['capítulo', 'nutricionista', 'profesora', 'obesidad', 'diario', 'web', 'youtube', 'spotify', 'jueves', '21', 'sábado']"
1765426566039769096,"['nutriólogos', 'médicos', 'antecedentes', 'sobrepeso', 'enfermedad', 'caso', 'emoji', 'manos']"
1765416163066933444,[]
1765387364354973836,"['grasa', 'favor', 'razón', 'yanquis']"
1765344351285039348,"['médicos', 'temas', 'columna', 'TV', 'radio', 'barbaridades', 'dislexia', 'autismo', 'especialistas', 'obesidad', 'cardiología']"
1765298904432513419,"['concejal', 'verdad', 'cuenta', 'testosterona', 'obesidad']"
1765228756723990592,"['milímetro', 'obesidad']"
1765212474679144521,"['obesidad', 'enfermedad']"
1765203622206255588,"['riesgo', 'vida', 'salud', 'obesidad', 'enfermedad']"
1765193046855954807,"['vergüenza', 'dios']"
1765185681423253772,"['ético', 'parte', 'burlarte', 'sobrepeso', 'emoji', 'cara', 'cara', 'emoji']"
1765185258549338388,"['canal', 'tomógrafo', 'estado', 'obesidad']"
1765183883992064280,"['sobrepeso', 'mierda']"
1765171061287444551,"['obesidad', 'diabetes', 'colesterol', 'hipertensión', 'parte', 'rodillas', 'médicos', 'traumatólogos', 'sobrepeso', 'riesgos']"
1765164738172842273,"['hijo', 'puts', 'cabeza', 'nenes', 'años', 'hijo', 'puta', 'jefe', 'sobre', 'pija', 'mafios*s', 'mierda']"
1765161977477791805,"['color', 'monumentos', 'iluminación', 'motivo', 'información', 'hashtag', 'dixit', '\n\n\n\n ', 'dixitpinforma', 'hashtag']"
1765157234604994812,"['conciencia', 'paciente']"
1765148559853162853,"['jubilada', 'cordón', 'sobrepeso']"
1765146154080104823,"['hashtag', 'dia', 'mundialdela', 'obesidad', 'médico', 'nutrición', 'obesidad', 'cara', ' ']"
1765141960266805681,"['realidad', 'medios', 'sobrepeso', 'persona']"
1765141008910561689,[]
1765139426978460160,"['kirsnerista', '100', 'mentira']"
1765138755210428763,['monumentos']
1765137582210298351,[]
1765120554485649660,"['coma', 'remedios', 'tema', 'salud', 'accidente', 'obesidad', 'tabaquismo', 'resonancia', 'resultados']"
1765119767084417065,['obesidad']
1765118223194718290,[]
1765089219670597777,"['vídeo', 'super', 'chino', 'voz', 'gordura']"
1765062614777057371,[]
1765057583310889139,[]
1765056192387375145,"['niño', 'vida', 'manos', 'circunstancias', 'situacion']"
1765053763403010376,"['veces', 'vida', 'miedo', 'COVID', 'emoji', 'risa', 'emoji', 'emoji', 'risa', 'emoji', 'emoji', 'cara', 'risa', 'emoji']"
1765045788005081287,"['emoji', 'risa', 'emoji', ' ', 'emoji', 'risa', 'emoji', ' ', 'emoji', 'risa', 'emoji', '\n', 'sobrepeso']"
1765042818106449969,[]
1765032240549912743,"['foto', 'pie']"
1765030292861948404,"['agua', 'canela', 'sobrepeso']"
1765029473819197692,"['cara', 'dama', 'umpa', 'lumpa', 'sobrepeso', 'fondo']"
1770130358060638220,['feminazis']
1770122951385354446,"['ignorancia', 'obesidad', 'enfermedad', 'dinero']"
1770111187209900487,"['hambre', 'argentina', 'gente', 'obesidad', 'maquina', 'materia']"
1770104220953284713,"['dientes', 'gordura']"
1770085149486551352,[]
1770056180628369600,"['datos', 'paquete', 'fideos', 'comidas', 'dolar', 'ensalada', 'elementos', 'comidas', 'dólares', 'razón', 'pobreza', 'obesidad']"
1770040729231859866,"['meses', 'gym', 'tarjeta', 'crédito', 'destino']"
1769966648893583543,"['gordura', 'café', 'leche']"
1769924620902072813,"['perro', 'mierdita']"
1769916497424478634,"['diferencia', 'obesidad', 'estilo', 'vida', 'chica', 'tipo', 'cuerpo', 'enfermedad']"
1769906357245706394,"['mexichango', 'basura', 'ponche', 'morra', 'kg']"
1769876260644143577,"['vez', 'hamburguesa', 'lucas', 'comida', 'depto', 'obeso']"
1769873184864493660,"['distancias', 'river', 'grupo', 'sudaca', 'boca', 'river', 'b']"
1769872718135017790,"['boca', 'obesidad']"
1769872655694299586,"['sobrepeso', 'tweet', 'año']"
1769872260066574492,"['multiverso', 'riber', 'boliviano', 'sobrepeso', 'boca', 'cgt']"
1769870748993139184,"['equipos', 'grupo', 'riber', 'sobrepeso']"
1769869377241838044,"['muerte', 'potosí']"
1769869203987652707,"['river', 'sobrepeso', 'bostera']"
1769868430675517560,['sobrepeso']
1769868137044873616,"['formato', 'programa', 'momento', 'contenido', 'cuenta']"
1769860419907195350,"['pedido', 'cena', 'delivery', 'eficiencia', 'gordura']"
1769858588128792702,['alimentos']
1769856318817349959,"['gente', 'hanbre']"
1769842759538495860,"[' ', 'el', 'calendario', 'marzo', 'hs', 'cargo', '\n ', 'emoji', 'dorso', 'índice', 'dorso', 'índice']"
1769841835315188086,"['piel', 'hueso', 'obesidad', 'enfermedad', 'odio']"
1769828080690848015,"['obesidad', 'retención', 'líquidos', 'exceso', 'chori', 'vino']"
1769809814165573637,"['países', 'hambre', 'verdad', 'obesidad', 'problemas', 'hambre']"
1769806684820578460,"['machala', '90%', 'sobrepeso', 'par', 'minutos']"
1769796026938847274,"['gordura', 'ojos']"
1769791176607977829,"['entrevista', 'sol', 'nivel', 'gordura', 'desquicio', 'istrionismo', 'moscas', 'opo', 'comida']"
1769789982728753177,"['obesidad', 'enfermedad', 'pobreza', 'centro']"
1769784121490813190,['kg']
1769530286256033928,"['video', 'chicas', 'shock', 'kilos', 'video', 'peso', 'medio/', 'final', 'kilos', 'puesto', 'país', 'trastornos', 'latam']"
1769774041458516430,"['gas', 'pimienta', 'hospítal']"
1769773493514621312,"['persona', 'sobrepeso', 'piquete', 'hdp']"
1769772096609996975,"['comida', 'sobrepeso']"
1769771614214742198,"['hambre', 'persona', 'obesidad', 'barrendero']"
1769763034879123613,"['varones', 'japi', 'nivel', 'obse', 'argentina', 'cuerpos', 'tca', 'k']"
1769746249744547991,"['sobrepeso', 'hambre']"
1769745735233290727,['gordura']
1769745429367751129,"['año', 'opinión', 'sobrepeso']"
1769742123115356364,"['gordura', 'piba', 'año']"
1769730762918531325,"['sobrepeso', 'colores']"
1769712279665226239,"['sociedad', 'mierda', 'suerte']"
1769709888987435349,"['pubertad', '20', 'caderas']"
1769706618185293880,"['señora', 'sobrepeso']"
1769699377067487701,"['gordo', 'plata']"
1769668347581419853,"['boomers', 'jubilación', 'educación', 'física', 'gente', 'sobrepeso']"
1769638348740608317,['pou']
1769580662732832970,"['orto', 'cuerpo']"
1769578060007854441,"['peso', 'altura', 'grasa', 'masa', 'bola', 'agua']"
1769566847865676039,"['enfermedad', 'problema']"
1769564523466219697,"['argentina', 'exigencias', 'peso', 'SOBREPESO', 'talles', 'avellaneda']"
1769556718000701805,"['perdón', 'boludeces']"
1769546885264535892,"['obesidad', 'semana', 'vacuna', 'lecho']"
1769535698762166308,"['obeso', 'disculpas', 'días', 'burrada', 'bait']"
1769529277807005706,"['asco', 'mierda']"
1769526620245709192,['comentarios']
1769528950496038938,"['coleccionista', 'colesterol', 'ridiculo', 'asco', 'tetona']"
1769518369940648411,"['pibita', 'obesidad', 'cuestión', 'topcito', 'short', 'parada', 'bondi', 'pebete', 'salame', 'kiosco']"
1769512908260569262,"['peso', 'médicos', 'nutricionistas', 'culpa', 'sobrepeso', 'obesidad', 'comida']"
1769511981843706146,"['vehiculo', 'obesos', 'desesperación', 'foros', 'facebook']"
1769500306402914548,"['comida', 'droga', 'mundo', '40%', 'gente', 'diabetes', 'tipo', 'veces']"
1769491095572939057,"['estás', 'bebé', 'emoji', 'emoji']"
1769489645069377900,"['dosis', 'consumo', 'harinas', 'sobrepeso']"
1769459085059989587,"['indígena', 'obesos', 'antro']"
1769448006850343027,"['concha', 'madre']"
1769446902729216058,"['chica', 'gato']"
1769431261536276854,"['morza', 'orangután', 'respuesta']"
1769420924044857591,"['socíopata', 'internet', 'creador', 'contenido', 'contenido', 'cuentas', 'clon', 'emoji', 'risa']"
1769414942396981603,"['sobrepeso', 'emoji', 'risa']"
1769412609478914072,"['comentario', 'gordura', 'video', 'pena']"
1769087021589393544,"[' ', 'emoji', 'emoji', ' ', ' ']"
1769406942529605954,"['mesa', 'jóvenes', 'edad', 'sobrepeso', 'obesidad']"
1769400592466595908,"['gordura', 'concentración', 'amor', ' ', 'emoji', 'cara', 'mano', 'boca', 'emoji', ' ', 'huellas', 'pezuñas', 'emoji']"
1769357415160394079,"['DT', 'jugadores', 'tiempo', 'condiciones', 'técnicas', 'jugadores', 'kgs', 'sobrepeso', 'fútbol', 'tiempo', 'corazón']"
1769320207070249209,"['nikocado', 'avocado']"
1769227811464581412,"['huevos', 'pie', 'problemas', 'caderas']"
1769186262441660703,"['obesos', 'alcohol', 'peso']"
1769184066954268745,"['gordura', 'emoji', 'emoji', ' ', 'mano', 'tono', 'piel', 'emoji']"
1769173569123016893,"['público', 'vtuber', 'hombre', 'preferencia', 'sobrepeso', ' ', 'emoji', 'dedo', 'índice', 'emoji', ' ', 'emoji', 'cara', 'empollón', 'emoji']"
1769170509944504564,"['personaje', 'equipo', 'hijo']"
1769158221078380602,"['kg', 'sobrepeso']"
1769155126332096873,"['mierda', 'ejército', 'sobrepeso']"
1769153652139217014,[]
1769112619342790862,"['vez', 'forma', 'piel']"
1769111214225785111,"['GORDA', 'FEMINAZI', 'MIERDA']"
1769106709350416615,"['condiciones', 'piso', 'colchón', 'lluvias', 'mujer', 'mes']"
1769075446149251347,"['ejemplo', 'obesidad', 'joda', 'problemas', 'nivel', 'manzana', 'hermano']"
1769067743133741153,"['paja', 'perro', 'fabra']"
1769063416872734869,"['estatuas', 'pinturas', 'mujer', 'complexión']"
1769016701822095410,"['problemas', 'equilibrio', 'recomendación', 'libertad', 'elección', 'mujer', 'temas', 'niños', 'tecnología', 'sedentarismo', 'obesidad']"
1769010734045024503,"['desafíos', 'lucha', 'obesidad']"
1769010445388521932,"['tipo', 'náuseas']"
1769009264276684924,"[' ', 'sala', 'talleres', 'hashtag', 'obesidad']"
1769008662192758832,"['evento', 'hashtag', 'obesidad', 'sala']"
1768994253709930672,"['vacuna', 'Sputnik', 'avión', 'banderita', 'cabina', 'sobrepeso', 'añares']"
1768986467722731886,"['silencio', 'escuela', 'favor', 'dieta', 'gordura', 'señal', 'salud', 'ejemplo']"
1768940387232534876,"['Obesidad', 'obesidad', 'obesidad']"
1768933549522968840,"['baño', 'gata', 'comida', 'madrugada']"
1768866723409588719,"['lucas', 'empanadas']"
1768859275999220222,"['apodos', 'pancho', 'gord(it)o', 'cosa', 'salchicha', 'boludo', 'panfleto', 'tutuca', 'orejudo', 'chancho', 'colo', 'panchin', 'pantuflo', 'panchurro', 'pionono', 'pampo', 'pantzo', 'putarraco', 'enano', 'pimpollito', 'pitufo', 'duende']"
1768650979732320651,"['bolsa', 'carbón', 'batata', 'chichiringi', 'papa', 'rey', 'petiso', 'pija', 'tostada', 'pajero', 'tira', 'asado']"
1768850707824648215,"['problemas', 'aducciones', 'sobrepeso']"
1768835177529200806,"['coló', 'cositas', 'plantillas', 'sobrepeso', 'pie']"
1768819192709480448,"['PAN', 'vida']"
1768817149202583559,"['vida', 'comentarios', 'resto', 'rededor', 'ganas']"
1768805031879274843,[]
1768803655145152626,"['calidad', 'sueño', 'patologías', 'patología', 'obesidad', 'tiempo', 'microdespertares', 'circulo', 'aumento', 'peso', 'ocio', 'higiene', 'sueño', 'digestión']"
1768789278715187699,"['emoji', 'círculo', 'emoji', ' ', 'retención', 'líquidos', '\n\n ', 'emoji', 'información', 'emoji', ' ', 'emoji', 'eslabón', 'emoji', '\n\n', '\n', 'hashtag', 'retencion', 'liquidos', 'sobrepeso', 'hashtag', 'ejercicio', 'hashtag', 'cuerpo']"
1768771454185640095,"['perro', 'revés']"
1768763734275629389,"['cuatroojos', 'cara']"
1768755797872324672,[]
1768751133600747719,[]
1768746528204546251,"['obesidad', 'estragos', 'violencia', 'concha', 'madres']"
1768744609239232750,"['obesidad', 'alimentos', 'aumento', 'tipo', 'cáncer', 'adultos', 'mes', 'concientización', 'cáncer', 'colon', 'gastroenterólogo', 'director', 'carrera']"
1768743262867623940,"['prendas', 'aeropuerto', 'sobrepeso']"
1768742732208521500,['mórbido']
1768739852479004938,['mogolica']
1768736604191895649,"['hábito', 'compañerito', 'cartelito', 'años']"
1768736130600476717,"['emoji', 'índice', 'emoji', 'tasa', 'homicidios', 'democracia', 'veces', 'tasas', 'encarcelamiento', 'veces', 'tasas', 'mortalidad', 'veces', 'dorso', 'mano', 'índice', 'emoji']"
1768736035012288910,"['emoji', 'índice', 'emoji', 'inequidades', 'mortalidad', 'obesidad', 'abuso', 'drogas', 'muertes', 'tasas', 'embarazo', 'niveles', 'bienestar', 'movilidad', 'confianza', 'dorso', 'mano', 'índice']"
1768735240451698717,[]
1768722944480407618,"['zoológico', 'dieta', 'leopardo']"
1768700622310690889,"['cosas', 'cuerpo', 'cuerpo', 'OBESIDAD', 'MUJER']"
1768697222386835605,['cell']
1768695129559138513,"['forma', 'futbol', 'elite', 'casos', 'años', 'sombra', '30', 'nivel', 'sobrepeso', 'años', 'elite']"
1768683206021124475,"['mañeros', 'culpa', 'edad', 'pies', 'tierra', 'relacion', 'gordura', 'hinchazon']"
1768676881220382802,"['trama', 'margarita', 'desafío']"
1768671552411680849,['fumadores']
1768637204010594519,"['combustible', 'coche', 'mantenimiento', 'reparaciones', 'aparcamiento', 'accidente', 'autopistas', 'carriles', 'personas', 'economía', 'dorso', 'mano', 'índice']"
1768634013923586559,"['policía', 'apariencia', 'preparación', 'colectivo', 'capacidad', 'seguridad']"
1768591259717849134,"['esfuerzo', 'sedentarismo', 'sobrepeso', 'cosas', 'rehabilitación', 'accidente']"
1768582236146749859,"['años', 'piernas', 'sobrepeso']"
1768469798227148906,"['Y', 'gordura', 'ceci', 'cuernos', '  ', 'emoji', 'revolviéndose', 'risa', 'emoji', ' ', 'emoji', 'risa', 'emoji', ' ', 'emoji', 'risa', 'emoji', ' ', 'emoji', 'cara', 'miedo', 'emoji', ' ', 'emoji', 'risa', 'emoji', ' ', 'emoji', 'risa', 'emoji']"
1768468983898837356,"['pesar', 'dt', 'dt', 'gordura', 'hinchazón', 'muchachos', '45min', '11', 'expectativas', 'cambio']"
1768464108108619894,[]
1768463513175896458,"['vida', 'juego', 'mi3rda']"
1768456082374934615,"['vida', 'infección', 'medicina', 'avión']"
1768436474196713639,[]
1768416348193870153,"['combustible', 'helicóptero', 'sobrepeso']"
1768405681227330020,"['cortisol', 'forma', 'tiempo', 'puerta', 'entrada', 'enfermedades', 'obesidad', 'hígado', 'fibromialgia', 'cosillas', 'medios', '45', 'factura', ' ', 'cara', 'manos', 'emoji']"
1768395049128042710,"['ley', 'news', 'curros', 'gente', 'cuenta', 'sobrepeso']"
1768393744280178949,"['veces', 'calle', 'gatos']"
1768391180151050678,"['añoso', 'sobrepeso']"
1768378607146037347,['obesidad']
1768375072178217204,"['cornetos', 'crema', 'pistachos', 'sobrepeso']"
1768370412650385653,"['dias', 'destruccion', 'choreo', 'camino', 'soldaditos', 'fin', 'guita', 'jefa']"
1768361150599602685,"['verdad', 'compania', 'familia', 'compania', 'netviodo', 'rato', 'matina', 'problema', 'pierna', 'gordura', 'alicia', 'ma']"
1768354087219744828,"['ludopatía', 'pelotudeces', 'wachin', 'obesidad', 'azucar', 'cosas', 'lado', 'viewers', 'wachin', 'mogolico']"
1768349972599083138,"['asesores', 'gusano', 'estado']"
1768341243090653534,"['cara', 'puñaladas', 'grasa']"
1768334487849435278,"['uso', 'medicamentos', 'moda', 'peso-', 'riesgo', 'ataque', 'accidente', 'muerte', 'adultos', 'sobrepeso', 'enfermedades']"
1768312827121447259,"['lechon', 'hijodeputa', 'kilos', 'sobrepeso', 'meñiscos', 'rodillas', 'caderas', 'columas']"
1768291548205125907,"['radical', 'inflación', 'nutricionista']"
1768272369477451870,"['30', 'contraparte', 'hombre', 'general', '30', 'belleza']"
1768244852087517587,"['sobrepeso', 'personas', 'vez']"
1768012840361726199,"['psiquiatra', 'teoría', 'kilos', 'teoría', 'amor', 'kilos']"
1768146822881546399,"['bizcochuelo', 'amiga']"
1768141821576626394,"['\n', 'pinkie', 'pie', 'mama', 'mike', 'tyson', 'mames', ' ', 'emoji', 'cara', 'emoji', ' ', 'emoji', 'cara', 'emoji', 'applejack', 'maui', '\n', 'mujer', 'vez', 'enanismo', 'obesidad', 'pastel', 'chocolate', 'pie', 'diabetes']"
1768124862080360959,"['pizzas', 'personas', 'fin', 'año']"
1768117586930049507,"['sobrepeso', 'amor']"
1768113349597003905,"['hashtag', 'chiste', 'hashtag', 'umor', 'hashtag', 'gh']"
1768109445752479945,['mierda']
1768106088241524897,"['manera', 'menisco', 'kilos', 'sobrepeso']"
1768084403190665302,['kilos']
1768074669167456561,"['concepto', 'gordura', 'jaja']"
1768050790793417022,"['calzado', 'sobrepeso', 'esguince', 'depto', 'vazquez']"
1768042729454379203,['travesti']
1768029716450005493,"['partido', 'área', 'montón', 'favooor', 'pivote', 'verano', 'cara']"
1768025039000027382,"['rendimiento', 'gente']"
1768021550635118859,"['actividades', 'HIPERTROFIA', 'GANANCIA', 'MASA', 'MUSCULAR', 'sobrepeso', 'sobrecarga', 'articulaciones']"
1768014026410250644,"['hashtag', 'obesidad', 'problemas', 'hashtag', 'ej.', '\n', 'disco', '\n', 'plantar', 'video', 'feed']"
1767990075130810606,"['peso', 'enfermedad', 'mofa']"
1767983592137724073,"['dross', 'gordura', 'años']"
1767978843610976504,"['obesidad', 'baldu', 'silla', 'club', 'maestro']"
1767977294633570711,"['paro', 'trabajo', 'actividad', 'sobrepeso', 'arritmia?Fue', 'vez', 'cardiólogo', 'años', 'tema', 'aseveración']"
1767967437427773810,"['intervenciones', 'línea', 'tratamiento', 'mantenimiento', 'obesidad', '\n\n ']"
1767963562566119835,"['cortos', 'tematuca', 'gordura', 'gordura', 'problema', 'sociedad']"
1767955904085791200,"['estado', 'lado', 'enfermedad', 'aspecto', 'pelotudez', 'gente', 'x']"
1767948732488937848,['rodillas']
1767941493275181453,"['peso', 'consejo', 'edad', 'sobrepeso', 'rodillas', 'cartílagos']"
1767902934266675652,"['burro', 'obesidad', 'médico', 'problemas', 'salud']"
1767896067016700285,"['obesidad', 'sistema', 'funciones', 'riñón', 'corazón', 'ojos', '9']"
1767894038739288348,"['casa', 'personas']"
1767891862797295767,"['obesidad', 'inundaciones', 'defensa', 'ataque']"
1767883488693190934,"['asma', 'adolescentes', 'cantidad', 'grasa', 'riesgo', 'deterioro', 'función', 'pulmonar', '\n\n', 'de']"
1767880986090500511,"['vínculo', 'hábitos', 'obesidad', 'depresión', 'adicción', 'comida', 'exceso', 'enfermedad', 'habits', 'depression', 'obesity', '08', '%', '%']"
1767786217641259074,"['razón', 'mayoría']"
1767766721157361698,"['carbohidratos', 'obesidad']"
1767765560782172422,"['diferencia', 'reposera', 'pectorales', 'edad', 'obesidad', 'enfermedad', 'prueba']"
1767758789237727689,"['cacho', 'bol']"
1767753517630988632,"['obesidad', 'cuerpos']"
1767749988107399393,"['mierda', 'pedo']"
1767745530677821635,"['foca', 'cancha', 'aire', 'minutos', 'partidazo', 'lluvia', 'noches']"
1767745163105804718,['mierda']
1767743408469115388,"['gobierno', 'mierda', 'cara']"
1767730805147599215,"['mitad', 'ropa', 'cuerpo', 'trola']"
1767719942156124624,"['envidia', 'persona', 'kilos']"
1767701311917564302,"['fotos', 'kg', 'sobrepeso', 'objetivo', 'salud']"
1767697726836236455,"['obesidad', 'mayoría', 'trastorno', 'tcas', 'mitad', 'persona']"
1767690786622394531,"['prevalencia', 'obesidad', 'niños', 'años']"
1767687799489085790,"['tiempo', 'mierda', 'manera']"
1767683794197241947,"['novio', 'mujer', 'universo', 'ventaja', 'pareja', 'citas', 'adolescente', 'corazón']"
1767670375851188379,"['8M.', 'obesidad', 'locomotora', 'canelones']"
1767653174607773808,"['imc', 'referencia', 'obesidad', 'posta', 'secuelas', 'obesidad', 'niño', 'rodillas', 'espalda', 'miseria', 'vinculó', 'comida', 'suerte', '2023']"
1767635790144647241,"['estómago', 'mérito', 'obesidad', 'años', 'vida', 'salud', 'gula']"
1767628994344562993,"['lucha', 'gordura', 'kilos', 'febrero', 'marzo', 'medios']"
1767626468916441180,['años']
1767625255869190559,"['economías', 'aumento', 'obesidad', 'cantidad', 'alimentos', 'calidad', 'verso', 'precios', 'caso', 'regulacion']"
1767608505316376883,"['resurrección', 'chihuahua', 'obesidad', 'vida']"
1767591493290893688,"['\n', 'obesidad', 'problemas', 'vista', 'feminista']"
1767586601452900847,"['grasas', 'hija', 'puta']"
1767586311299375535,"['verdad', 'programa', 'obesidad']"
1767580341441823222,['alimento']
1767569423815135559,"['bobitos', 'obesidad', 'TCA', 'nutrición', 'psicología', 'medicina', 'humanidad']"
1767548320740708652,"['lupus', 'pedazo', 'bestia']"
1767531829681074572,"['gordo', 'kg', 'pizzas', 'dia', 'obesidad', 'factores', 'geneticos']"
1767530719864103143,"['kg', 'imc', 'kg', 'borde', 'sobrepeso', 'tema', 'músculo', 'sentido', 'vez', 'recurso', 'músculo', 'normopeso']"
1767527568381517888,"['obesidad', 'enfermedad', 'argentinos']"
1767516549408010268,"['manga', 'forros', 'físico', 'personas', 'medicamentos', 'sobrepeso', 'mina', 'tweets', 'mierda']"
1767423753460363480,[]
1767401407676596569,"['amika', 'pensamiento', 'twt']"
1767400216154538346,"['obesidad', 'guita', 'ENFERMEDAD']"
1767398477695222187,"['argentino', 'equivalente', 'fiesta', 'dieta', 'persona', 'sobrepeso']"
1767394155125187001,"['cuerpo', 'ex', 'razon']"
1767387091288138194,['habilidades']
1767385314765529449,"['cáncer', 'mogolica', 'selena', 'marca', 'beso', 'emoji']"
1767381696821764424,"['comentarios', 'alusión', 'obesidad', 'chica', 'sociedad']"
1767373664498950282,[]
1767362530270146741,"['hermana', 'm', 'emoji', 'marca', 'beso', 'emoji', ' ', 'emoji', 'marca', 'beso', 'emoji', ' ', 'karma']"
1767361586774102292,"['filósofo', 'conocimientos', 'bioquímica', 'afirmación', 'sustento', 'azúcar', 'célula', 'cuerpo', 'cocaina', 'azúcar', 'exceso', 'obesidad', 'diabetes', 'cocaina', 'neuronas']"
1767357298664480973,"['familiares', 'amor']"
1767353981112610909,['papás']
1767351375392907683,"['morbida', 'tipo', '2']"
1767345672582258742,"['comunidad', 'anillo', 'serie', 'mujer', 'tema', 'sobrepeso', 'trabajo', 'nombre', 'josh']"
1767343745031160086,['obesidad']
1767340617758114223,"['alimento', 'gatitos', 'cara', 'sueño']"
1767316979797381406,"['hermano', 'fotos', 'bebé', 'obesidad']"
1767314997539991607,"['enfoques', 'tratamiento', 'obesidad']"
1767304578465243482,"['dia', 'violin', 'bulling', 'chico', 'resentimiento', 'pedazo', 'loro']"
1767300630580781223,"['déficit', 'dinero', 'aporte']"
1767290842664812826,['talles']
1767284120046948821,"['hombre', 'hombre', 'verdad', 'mujer', 'cosa', 'salida', 'circo', 'freaks', 'mujer', 'vagina', 'tetas', 'mujer', 'lesbiana', 'gustoJAJAJA']"
1767268759826252064,"['progres', 'mierda', 'fantasy', 'inmigrante', 'señora', 'obesidad', 'testosterona', 'País', 'pasado', 'imperio']"
1767267454231752726,"['chiste', 'trava', 'rasgos', 'mina', 'boliviana', 'trava', 'mina', 'repulsión', 'homosexualidad', 'puto']"
1767251118935908650,"['milagro', 'edad', 'trap', 'card', 'obesidad']"
1767248521126654112,"['persona', 'kg']"
1767247200424247338,"['HDP', 'DIA', 'OBESIDAD']"
1767236698969108868,"['caso', 'razón', 'hombres', 'barba', 'ropa', 'tetas', 'cicatrices', 'vagina', 'pene', 'útero']"
1767235869117702382,"['mamá', 'kilos', 'obeso']"
1767226750142959969,"['foto', 'peso', 'dismorfia', 'sobrepeso', 'nutricionista', 'antropometria', 'medio', 'emoji', 'flexionado']"
1767226504738435486,"['joda', 'ayuda', 'ejemplo', 'obesidad', 'enfermedad']"
1767226136520487119,"['discurso', 'subclavia', 'procedimiento', 'complicación', 'obesidad', 'enfermedad']"
1767225722723037212,"['bola', 'pendejo', 'años', 'suerte', 'número', 'gordura', 'minas']"
1767218852780245257,"['kg', 'sobrepeso', 'índice', 'hombres', 'sobrepeso']"
1767215947696255324,"['cálculo', 'imc', 'peso', 'kilogramos', 'cuadrado', 'altura', 'metros', 'promedio', 'altura', 'mina', 'kg', 'sobrepeso', 'caso', 'borde', 'sobrepeso']"
1767192819385430527,"['gato', 'gato', 'libertad', 'mesa']"
1767186832876257366,"['carbohidratos', 'momento', 'conch4', 'hospital', 'zurda', 'cargo', 'obesidad', 'enfermedad']"
1767184136052023355,"['muchachin', 'sobrepeso', 'boca', 'calculo']"
1767007983827906935,"['gol', 'tetón', 'cavani', 'diagonal', 'mitad', 'cuadra', 'oxígeno', 'chocolate', 'almacén']"
1767173714817265794,"['planetas', 'universo', '70', 'larvas', 'baba', 'gobernante']"
1767172339957948685,"['piecitos', 'duende', 'mierda', 'cosas', 'trump', 'fascismo', 'gordura']"
1767171524455264583,"['mujeres', 'sobrepeso', 'ballena', 'hermano']"
1767168682185077147,['tiktok']
1772609951917088775,"['tecnología', 'congelación', 'grasa', 'forma', 'adiposidad', 'zonas', 'abdomen', 'flancos', '\n\n', 'ᴍᴇᴅɪᴄɪɴᴀ', 'ᴇꜱᴛᴇᴛɪᴄᴀ', 'amp', 'ᴛᴇᴄɴᴏʟᴏɢɪᴀ', 'ᴍᴇᴅɪᴄᴀ']"
1772608916263706772,"['HISTORIA', 'cara', 'manos', 'abuelo', 'promesa', 'obesidad', 'boda', 'nieta']"
1772601470405300612,['gordura']
1772594563250540639,"['emoji', 'corazón', 'emoji', ' ', 'emoji', 'anciano', 'emoji', 'Vicente', 'abuelo', 'promesa', 'obesidad', 'boda', 'nieta']"
1772522992465006827,['pts']
1772476467793838262,['dieta']
1772449222693916931,"['emoji', 'anciano', 'emoji', 'abuelo', 'promesa', 'obesidad', 'boda', 'nieta']"
1772448286936351006,"['costa', 'peluca', 'travesti', 'constitución']"
1772438286583144785,"['Dios', 'sobrepeso']"
1772435223466090805,"['final', 'casta', 'gata']"
1772422022485717154,"['emoji', 'manos', 'levantadas', 'emoji', 'abuelo', 'promesa', 'obesidad', 'bailar', 'boda', 'nieta', 'emoji', 'mano', 'emoji']"
1772421568653644218,[]
1772412738569978169,"['bronca', 'sobrepeso', 'clóset', 'pelotas']"
1772399144868475287,"['mérito', 'pelotuda', 'mujer', 'ex']"
1772397792201220455,"['ferro', 'años', 'hoy', 'jugador', 'colmo', 'jugador', 'torneo']"
1772391598531268992,"['tipo', 'gordura', 'personas', 'antidepresivos']"
1772357859373617631,[]
1772320728668418322,"['años', 'obesidad', 'cuerpo', 'aspecto', 'emoji']"
1772291115359584398,"['actor', 'tipo', 'actos', 'culpa', 'persona', 'engorde', 'modo']"
1772261891403849803,"['mano', 'con', 'índice', '\n ', 'jeringuilla', 'vacuna', 'orden', 'personas', 'jeringuilla', 'años', '\n ', 'jeringuilla', 'salud']"
1772246271186608513,"['comedores', 'asistentes', 'comida', 'veces', 'alimentos', 'dieta', 'nutrientes', 'saciedad', 'obesidad']"
1772206666307576303,"['central', 'sobrepeso']"
1772198564514414817,[]
1772138917078192138,"['pelotudo', 'palazo', 'cabeza']"
1772128593574867188,"['cara', 'pelo', 'llamas', 'mierda']"
1772098371181789629,"['pavada', 'boca', 'lisandro', 'caso', 'paloma']"
1772090359440437549,"['hermana', 'CABEZA']"
1772068087476441091,"['novio', 'videos', 'gatitos']"
1772065288516690115,"['personas', 'sobrepeso', 'ed', 'anorexia', '2016', 'kg', 'comunidad', 'momento', 'cuerpo', 'asco']"
1772054266489770322,[]
1772052281673798061,[]
1772051806916350341,"['amiga', 'tortuga', 'obesidad', 'caparazon']"
1772035242116763838,"['gordura', 'bizcochuelo']"
1772011700209721830,['vida']
1772009222290444433,['pibe']
1772001171961483348,[]
1771968854744351190,"['distribución', 'grasa', 'chica', 'piel', 'operación', 'exceso', 'piel']"
1771966695940260164,"['obesidad', 'movilizaciones', 'músculos', 'masticación']"
1771965486231671061,"['bullying', 'obesidad', 'anorexia']"
1771928573206581632,"['gordura', 'cara']"
1771927168165056629,"['barrabravas', 'sobrepeso', 'drogadictos', 'premisa']"
1771908441532969213,"['pandemia', 'pasos', 'mundo', 'vía']"
1771897856808665521,['obesidad']
1771895881601585406,"['nutricionista', 'trainer']"
1771870383479705768,"['chabón', 'sobrepeso', 'cola']"
1771836052723941639,['sobrepeso']
1771808746240417990,"['puta', 'obesidad', 'vergüenza', 'hashtag', 'granarmado', 'hashtag', 'granhermano', 'hashtag', 'furia', 'furiatomatela']"
1771796387442704530,"['peso', 'obesidad', 'morbida']"
1771763844223771047,"['emoji', 'manos', 'aplaudiendo', 'emoji', ' ', 'emoji', 'manos', 'emoji', ' ', 'emoji', 'manos', 'aplaudiendo', 'emoji', 'pagar', 'cuentas', 'barba', 'cuentas', 'cheque', 'intelectual']"
1771719824617484546,"['titular', 'altura', 'paro', 'cardio', 'obeso']"
1771690122309759303,"['partidazo', 'periodistas', 'fútbol', 'vergas']"
1771667336677695995,"['asco', 'celos', 'kg', 'peso', 'sobrepeso', 'peso', 'kg']"
1771661890789183779,[]
1771637530087092576,"['trabajo', 'desempleo', 'gordura']"
1771634311805944159,"['partido', 'goles', 'obesos']"
1771633424542945732,[]
1771614669360234894,"['cine', 'años', 'cuerpos', 'sobrepeso']"
1771597118500721084,"['injusticia', 'gordura']"
1771576315897917465,"['panza', 'mujer', 'sobrepeso', 'indicadores', 'manera', 'diagnósticos']"
1771572183287906768,"['masas', 'sobrepeso', 'sol', 'luna', 'respuestas', 'favor']"
1771532692883968486,"['parte', 'población', 'metabolismo', 'vida', 'peso', 'tpo', 'peso', 'h', 'act', 'día', 'mamá', 'h', 'obesidad']"
1771530079765500411,"['tele', 'precio', 'verduras', 'frutas', 'inundaciones', 'final', 'disparos', 'obesidad', 'comida', 'chatarra', 'emoji', 'cara', 'emoji']"
1771526987787423860,"['galletas', 'mierda']"
1771441944691953953,"['envidia', 'celos', 'hombre', 'sexualidad', 'hijos', 'hijos']"
1771361524168183862,"['mente', 'autocrítica', 'realidad']"
1771283878835065203,"['vez', 'bonva']"
1771262964005245083,"['río', 'sudestada', 'harina', 'cerveza', 'calles', 'hambre']"
1771249849674961143,['colectivo']
1771234677254176928,['obesidad']
1771232897783017923,"['mujeres', 'autocrítica', 'vidas']"
1771228311009558988,"['virolo', 'dientes', 'política', 'hijo', 'política', 'obesidad', 'sillón', 'pantuflas', 'cacatúa', 'laburo', 'lástima']"
1771226424050852190,"['persona', 'relación', 'obesidad', 'trastorno', 'personalidad']"
1771216753982427497,"['presión', 'mirada', 'tesis', 'grado', 'mediatización', 'obesidad', 'programa']"
1770960078302064774,"['cuestión', 'peso', 'obesidad', 'enfermedad', 'reality', 'presión', 'mirada', 'entorno', 'tratamiento', 'odio', 'programa', 'número', 'balanza']"
1771204902615736371,"['comentarios', 'estudios', 'mente', 'enfermera', 'cirugía', 'argumentos', 'cáncer', 'años']"
1771197642887848305,['obesidad']
1771196428158738433,"['cuerpo', 'habilidades', 'opinión', 'red', 'problema']"
1771195757934051706,"['obesidad', 'enfermedad', 'estómago', 'enfermedad']"
1771187706610995250,['obesidad']
1771184129293353196,"['culpa', 'chancho', 'CDP', 'obesidad', 'enfermedad']"
1771176370061643873,"['músculo', 'brazo', 'cara']"
1771169076775092430,"['obesos', 'problema', 'vigilia', 'nada', 'ej', 'obesidad']"
1771021573584986501,"['gorda', 'verdad']"
1771012583526396281,"['vacunas', 'mano']"
1770967584386507117,"['año', 'lechón', 'sobrepeso']"
1770961615690600847,"['burla', 'problema', 'salud', 'falta', 'voluntad', 're', 'personas', 'bullying', 'cuerpo', 'persona', 'obesidad', 'falta', 'inteligencia', 'necesidad', 'individuo']"
1770958647582957994,"['vez', 'cschetazos', 'mano']"
1770934708114784538,"['objetivo', 'plazo', 'objetivo']"
1770916484895666279,"['tostadas', 'arroz', 'palta', 'manzana', 'banana', 'hambre', 'gordura']"
1770912936183140483,"['panza', 'gordura', 'panza', 'centro', 'embarazo', 'inspectora', 'panzas', 'nivel']"
1770895706712117578,['vestimenta']
1770858415323009218,"['sueldo', 'precio', 'mercado']"
1770817045916983456,"['sueldo', 'lun-vier', 'secretaria', 'at.cliente', 'boludes', 'oficina', 'hermana', 'trabajo', 'pesos', 'data']"
1770844180215943512,"['fotitos', 'profes', 'historia', 'capitalismo']"
1770821915726295071,"['gordura', 'humor', 'ejemplo']"
1770801290018201981,"['día', 'chips', 'condiciones', 'obesidad', 'autismo', 'depresión', 'esquizofrenia']"
1770786845200109581,"['respuesta', 'gimnasio', 'obesidad', 'size']"
1770963794841186350,"['guardia', 'terapia', 'paciente', 'terapia', 'traqueostomia', 'dias', 'comorbilidad', 'obesidad', 'suerte', 'casos', 'pandemia']"
1770777542330380628,"['20', 'arroyito', 'día', 'cuenta', 'año', 'quirófano', 'riesgos', 'pass', 'gastrico']"
1770683610082771072,"['metros', 'enano', 'moda']"
1770658943045628090,"['pena', 'segundo', 'pablo', 'zurdo', 'pavadas']"
1770647747084923155,"['gata', 'pieza', 'pollo']"
1770639823792955622,"['gata', 'mundo']"
1770636194532954207,['obesos']
1770628840462663863,"['vision', 'foto', 'perfil', 'tucumano', 'emoji', 'ojos', 'emoji', 'ojos', 'ojos']"
1770610934844662252,"['modo', 'espíritu']"
1770543275943821588,['obesidad']
1770522910576222522,"['índice', 'obesidad']"
1770490557237797082,['premio']
1770487374725648439,"['papas', 'toque', 'milkshake', 'oreo', 'sorbo', 'yankees', 'combinación', 'universo']"
1770478125966582057,"['película', 'gente', 'pantalla', 'tierra']"
1770473851526218151,"['escuela', 'teledoctor', 'años', 'corpulento', 'sobrepeso', 'problemas', 'tobillo', 'rodilla', 'cadera', 'derechas', 'prótesís', 'cadera', 'tipo', 'borde', 'primo', 'silla', 'ruedas']"
1770460250044285321,"['sobrepeso', 'amigos', 'periodistas', 'mundo', 'precipicio']"
1770455833182171470,"['adolescencia', 'ex', 'vez', 'amigas', 'foto', 'jirafa', 'pato', 'cara', 'lágrima', 'emoji', 'TCA']"
1770453087485931635,"['ignorancia', 'obesidad', 'enfermedades']"
1770441881186369768,"['decision', 'cancer', 'operaciones', 'obesidad', 'tipo', 'obra', 'obra', 'cosas', 'obra', 'obras', 'cosas', 'creencias']"
1770437893216989586,"['tipo', 'malnutrición', 'décadas']"
1770437507089314153,"['Dios', 'concha', 'puta', 'madre', 'bolsa', 'pus', 'hijo', 'puta']"
1770342456392818761,"['años', 'higado', '\n', 'semaglutida', 'cirugia']"
1770289148085047648,"['obsesión', 'almendras', 'chocolate', 'hora', 'obesidad', 'momento']"
1770281664159121558,"['epidemia', 'obesidad', 'analfabetismo']"
1770271630054322595,"['cielo', 'pintor', 'hermosura', 'gordura', 'cielo', 'pintura', 'nirvana', 'calavera', 'emoji']"
1770270542941114783,[]
1770238120635617364,"['sueño', 'epoc', 'problemas', 'corazón', 'transplante', 'riñón', 'obesidad', 'cigarrillo', 'locura']"
1770232808172130639,"['alfajor', 'grasa']"
1770202951665008645,[]
1770201037573337198,"['obesidad', 'historias', 'platenses', 'batalla']"
1770176175827988589,['sobrepeso']
1770158579846123909,[]
1770156336795222379,"['familiares', 'nivel', 'boca', 'apneas', 'obesidad', 'diabetes', 't2']"
1770144862903410795,[]
1770142418714734746,"['sobrepeso', 'orto']"
1775515223681630693,"['imágenes', 'cuerpos', 'cuerpos', 'personas', 'tipo', 'hilos']"
1775486496448946684,"['sobrepeso', 'anfibios', 'nadadoras']"
1775464179421368759,"['atencion', 'ministros', 'SALUD', 'mundo', 'parte', 'adultos', 'tipos', 'lineamientos', 'SALUD', 'iquierda', 'derecha', 'ministro', 'ministrabde', 'ministra']"
1775462719300206789,[]
1775461158876537237,"['hecho', 'productos', 'aumento', 'obesidad', 'edulcorantes', 'rata', 'liebre']"
1775460962214043715,[]
1775350456643977503,"['persona', 'persona', 'peso']"
1775342349196894501,"['COLOMBIANO', 'PELOTITA']"
1775314008586776760,"['final', 'adiposidad', 'macho', 'osito', 'cristal']"
1775308402329100359,"['macs', 'paises', 'mapa', 'mierda', 'paises', 'latinoamerica', 'ingles']"
1775307656162361426,"['tema', 'obeso', 'kg', 'huevos']"
1775303670302740706,"['cosa', 'info', 'violencia', 'mujeres', 'puT', 'gordura', 'gente', 'hartazgo', 'agresividad']"
1775292494395195658,"['entrenadora', 'chica', 'leche', 'comida', 'pucho']"
1775291657547624489,"['amiga', 'piernas', 'celulitis', 'culo', 'rata', 'cata']"
1775291054729691537,"['pso', 'emoji', 'cara', 'ojo']"
1775277870191137224,"['cata', 'cosas']"
1775272310989332713,"['padres', 'nene', 'edad', 'chicos', 'berrinches', 'peligro', 'padres', 'obesidad', 'cuchillo']"
1775262435248849224,"['hecho', 'adiposidad', 'grasa', 'entrevista', 'piernas', 'cirugía', 'grasa', 'cuerpo', 'plata', 'dinero', 'salud']"
1775261979311235237,"['acuerdo', 'prohibición', 'tema', 'adicciones', 'caso', 'cosas', 'problema', 'obesidad']"
1775238723199738279,"['mujeres', 'envidia', '*', 'macho', 'piba', 'domingo']"
1775232105284358499,"['cultura', 'historia', 'marketing', 'elecciones', 'espectadores', 'aumento', 'estadísticas', 'obesidad', 'enfermedades']"
1775228054152859869,['obesidad']
1775206279121662003,"['obesidad', 'bipolares', 'REALITY', 'hate', 'fandom', 'hermano']"
1775206021985681613,"['vestidos', 'hombre', 'bermudas', 'medias', 'ojotas', 'cuadruple', 'octagono', 'bizcochitos', 'calzas', 'animal', 'print', 'culo']"
1775205607273853009,['fortuna']
1775202340892520834,"['tiktoks', 'dia', 'pibes', 'platos', 'ñoquis', 'piel', 'emoji', ' ', 'ojos']"
1775202096674976075,"['estás', 'halago', 'persona', 'estás', 'cancer', 'chispas', 'orto', 'cuerpos', 'emoji', 'chispas', 'emoji']"
1775199233148117302,"['massista', 'payaso', 'motivo', 'orto', 'resto', 'vida']"
1775196358779056270,"['gustos', 'gente', 'obesidad']"
1775192243189506409,"['obesidad', 'enfermedad']"
1775188868788085039,"['niño', 'exceso', 'celular', 'edad', 'sobrepeso', 'ropa', 'padres', 'día']"
1775181355099287689,"['día', 'años', 'adolescente', 'kilos', 'mes']"
1775180167130009992,"['maples', 'huevo', 'desprecio']"
1775170846237090009,"['edtw', 'persona', 'vez', 'tiro', 'cosas', 'desordenes', 'problemas', 'salud']"
1775169256398684310,"['chancho', 'cerdo', 'concha', 'puta', 'mamá']"
1775166324831883318,"['azúcar', 'harinas', 'sol', 'estrés', 'aceites', 'semilla', 'humo', 'tabaco', 'contaminación', 'inactividad', 'obesidad', 'sexo', 'protección', 'alcohol', 'virus', 'año', 'cáncer', 'cura']"
1775162205744320891,"['video', 'ministerio', 'mujer', 'silla']"
1775044420263354856,['gym']
1775035461599150132,"['diferencia', 'gordura', 'obesidad', 'personas', 'ayuda', 'objetos']"
1775007534790623707,"['veces', 'aerolínea', 'derechos', 'asiento', 'condición', 'personas', 'kg']"
1775003717147693293,"['celulitis', 'leche', 'calienta', 'pi', 'tetas', 'cámara', 'CARA!YA', 'cosa']"
1775000573009346814,"['techo', 'gatos', 'paquero', ' ', 'emoji', 'oración', 'tono', 'piel', 'emoji']"
1774999213807374522,"['video', 'chabon', 'instagram', 'socio', 'sobrepeso']"
1774994823994315158,"['tele', 'mute', 'especie', 'combinación', 'misticismo', 'centro']"
1774989996476321806,"['producción', 'cuerpo', 'obesidad', 'hermano', '9009']"
1774988850474909730,"['consulta', 'persona', 'lado', 'espacio', 'brazos', 'cambio', 'asiento']"
1775022077709254804,"['gym', 'guiso', 'guiso', 'guiso', 'verano']"
1774986807425314853,"['cara', 'celulitis', 'pierna', 'leche', 'culo', 'culo', 'emoji', 'manos', 'corazón', 'tono', 'piel', 'emoji']"
1774983344356221196,"['programa', 'editorial', 'final', 'delirios', 'muestras']"
1774980662400847978,"['minas', 'celulitis']"
1774979882541273142,"['furia', 'mujeres', 'furia']"
1774978409761751389,"['pucho', 'entrenadora']"
1774958873608065348,"['definicion', 'obesidad']"
1774919880786972907,"['declaraciones', 'cama', 'cul', 'leche', 'obesidad']"
1774958646830551075,"['tucumano', 'obesidad']"
1774957393421521324,"['niños', 'porcentaje', 'frituras', 'fiambres', 'gaseosas', 'obesos']"
1774949983172559302,"['comentarios', 'mierda', 'pedo', 'entrenadora', 'instructores', 'empatía', 'caso', 'comentario', 'leche', 'obesidad']"
1774884077918728313,"['cama', 'culo', 'leche', 'obesidad', 'médico', 'personas', 'fuerzas', 'motivación', 'hermano']"
1774944064086921372,"['obesidad', 'ariel', 'chicas', 'gusto', 'vez']"
1774939487455568186,"['forma', 'palito', 'leche', 'cama', 'todo']"
1774937807091327483,"['gringos', 'obesidad', 'consumo', 'combo', 'gente', 'maravilla']"
1774936727771078797,[]
1774935815057035771,"['leche', 'obesidad', 'CHICOS', 'libro', 'fa', 'hermano']"
1774935292425785515,"['problemita', 'gente', 'sobrepeso', 'obesidad', 'juego', 'estrategia', 'vida']"
1774934633827766557,"['doña', 'clubes', 'socios', 'kuka']"
1774931581494268036,"['escuela', 'comentarios', 'mierda', 'cabeza', 'contenido']"
1774931004270018716,"['tabaco', 'obesidad']"
1774929481880191356,"['pelotas', 'dietas', 'mierda', 'cuidados', 'maneras', 'personas', 'modelos', 'trabajo', 'gusano']"
1774926736184025098,['cumplido']
1774925282446651577,"['lugar', 'verdad', 'ganas', 'persona', 'obesidad', 'persona', 'cuerpo', 'exceso', 'hermano', 'hermano']"
1774924961469067720,['mente']
1774924701317398931,"['obesidad', 'silencio', 'barbaridad', 'pote', 'leche', 'escuerzo', 'cuarta']"
1774919555825168450,['veces']
1774915450767393036,"['idea', 'obesidad', 'reality', 'ganas']"
1774915338850754603,"['contextura', 'IMC', '21', 'contexto', 'obesidad']"
1774906742993813608,['miedo']
1774903026139922464,"['cabeza', 'gordura', 'edad', 'mujeres', 'pito', 'bananin', 'días', 'mujer', 'virqueenia']"
1774900855667404907,"['tweet', 'tiempo', 'niños', 'años', 'cuerpos', 'barba']"
1774900195039281554,"['pucho', 'sobrepeso']"
1774898419942776869,[]
1774893293836345723,"['caraterísticas', 'dopamina', 'vida', 'RT', 'tweet', 'vida', 'retweets', 'mg', 'intelectualidad', 'desarrollo', 'vida', 'cara', 'ratón']"
1774889789310881914,"['obesas', 'furia', 'emoji', 'ojos', 'corazón']"
1774887854864212190,"['ASCO', 'PERSONA']"
1774880593827782947,"['problemas', 'ancianos', 'ATENCIÓN']"
1774868571933303231,"['bandeja', 'sobrepeso', 'resto', 'estadio']"
1774863298036453862,"['leche', 'cama', 'pulmones']"
1774817294658494569,"['chicas', 'cama', 'leche', 'obesidad', 'minuto', 'hermano']"
1774858842490257776,"['grupo', 'mauro', 'lugar', 'furia', 'chicas', 'envidia', 'kg', 'celulitis', 'dulce', 'leche', 'obesidad']"
1774857766147911879,"['obesidad', 'maldad']"
1774855381430272383,['cuenta']
1774834964963479854,"['gordura', 'comida', 'días', 'lado', 'gh', 'clips', 'tw']"
1774834407137829112,['cama']
1774821346314223836,"['sobrepeso', 'salud']"
1774817327709622288,[]
1774816658294497707,"['ropa', 'mina', 'keso']"
1774807541299433566,"['cosas', 'estadía', 'tiempo', 'gordura']"
1774848900861440031,"['móvil', 'flecha', 'charla', 'obesidad']"
1774806362297418105,"['kircherista', 'sobrepeso']"
1774805371107807722,"['peso', 'condición', 'vejez', 'vejez', 'mayoría', 'óvulos']"
1774764433195036809,"['lata', 'excesos', 'realidad', 'tema', 'twitter', 'médico', 'especialista', 'obesidad']"
1774734846205493447,"['mitad', 'año', 'ñoquis', 'sol', 'mano', 'gordura', 'estado', 'situación', 'país']"
1774671715521438069,"['acuerdo', 'ejemplos', 'anorexia', 'peso', 'edad', 'altura']"
1774664677617770676,"['concepto', 'fealdad', 'tiempo', 'guerra', 'mundial', 'países', 'obesidad', 'riqueza', 'abundancia']"
1774658713715937737,"['onda', 'años', 'gordura', 'habitos']"
1774651513752732145,"['culpa', 'obesidad', 'casa', 'hermano']"
1774644975080247770,"['gordura', ' ', 'corazón']"
1774641018765246940,"['botas', 'sobrepeso', 'cosas', 'camarógrafos', 'paso']"
1774639818305135019,"['sobrepeso', 'idea', 'heladera', 'DIOS']"
1774638290248847387,"['diabetes', 'obesidad', 'año', 'estados', 'estadísticas', 'argentina', 'perdón']"
1774630442605437365,"['genio', 'persona', 'obesidad', 'diabetes', 'mermelada', 'salchichas', 'ejemplo']"
1774627663329497306,"['aspecto', 'dios']"
1774618702190624863,"['dios', 'proboema', 'gente', 'sobrepeso', 'manzana', 'florencia']"
1774614782538047802,"['humo', 'twitter', 'obeso']"
1774582975809593515,"['Tetones', 'llorones', 'horribles', 'emoji', 'cara', 'emoji', ' ', 'emoji', 'cara', ' ', 'emoji', 'cara', 'emoji', ' ', 'emoji', 'cara', 'risa', ' ', 'cara', 'risa', ' ', 'emoji', 'cara', 'risa', 'emoji']"
1774575413232103816,"['epidemia', 'opioides', 'control', 'salud', 'obesidad', 'problema', 'cantidad', 'tiroteos', 'hollywood']"
1774570054601805932,"['12', 'sobrepeso']"
1774556178812403844,"['descendientes', 'puritanos', 'brujas', 'hechizos', 'retraso', 'sangre']"
1774541112469848103,"['ojos', 'contenido', 'consecuencias', 'obesidad', 'causa', 'nro', 'muerte', 'mundo', 'factor', 'consumo', 'hidratos', 'carbono', 'resumen', 'contenido', 'lata']"
1774536382750290241,"['casos', 'comorbilidades', 'diabetes', '\n', 'enfermedad', 'obesidad', 'enfermedad', 'insuficiencia']"
1774535771883495740,"['realidad', 'obesidad', 'exceso', 'grasa', 'peso', 'fierros', 'IMC', 'cosa']"
1774533392115151061,"['casos', 'comorbilidades', 'diabetes', '\n', 'enfermedad', 'obesidad', 'enfermedad', 'insuficiencia']"
1774527879050658268,['tirania']
1774527397812998631,"['medida', 'niños', 'obesidad']"
1774516509261419007,"['cuenta', 'x.']"
1774496654265065937,"['personas', 'nivel', 'grasa', 'altura', 'forma', 'validez', 'aproximación', 'bolu2']"
1774485178238291974,"['75', 'obesidad']"
1774071300790599814,"['año', 'nutricionista', 'kg', ' ', 'emoji', 'símbolo', 'mareo', 'emoji', 'obesidad', 'símbolo', 'mareo', 'emoji', ' ', 'terapia', 'peso', 'meses', 'kg', 'hija', 'put']"
1774462361690059185,"['tipo', 'época', 'gracia', 'personas', 'sobrepeso', 'agua']"
1774457584746938793,"['mayoría', 'nutricionistas', 'pacientes', 'marido', 'obesidad', 'mina', 'dieta', 'obesidad', 'dieta']"
1774448724720148556,"['obesidad', 'peso', 'altura', 'persona', 'libro', 'años', 'obesidad', '%', 'kg', 'kg', 'kg']"
1774447237847732628,[]
1774421795199668230,"['sueño', 'microplásticos', 'causas', 'obesidad']"
1774419180311204252,"['obesidad', 'enfermedad']"
1774415501919227985,"[' ', 'emoji', 'caca', 'ojos', 'sobrepeso', 'edad']"
1774393576119488588,"['balanza', 'sistema', 'valores', 'obesidad', 'nutri', 'sistema', 'pelotudez', 'fibra', 'balanza', 'BALANZA']"
1774384914961404138,"['gente', 'videos', 'tik', 'tok', 'propósito', 'fetiche', 'gente', 'realidad', 'obesidad', 'kg', 'calorias', 'comida', 'internet', 'realidad']"
1774326271813750860,"['1,72', 'kg']"
1774300639092154385,"['mayoría', 'nutricionistras', 'años', 'nutrionista', 'sobrepeso', 'grasa', 'mina', 'vez', 'charla', 'alimentación', 'plan', 'dieta']"
1774271708532232364,"['factores', 'norte', 'obesidad', 'población', 'frío']"
1774271276732895741,"['GOLES', 'PARTIDOS', 'PARAGUAYO', 'PALOS']"
1774260291678740982,"['misión', 'merluza', 'barrio', 'barra', 'marronaluego', 'misión', 'atentado', 'oro', 'edificio', 'paredes', 'oro', 'tipo', 'sobrepeso', 'final', 'fafafa']"
1774254448807727492,"['kg', ' ', 'cara', 'lágrima', 'emoji']"
1774251899715289167,"['Dios', 'gente', 'hija', 'puta']"
1774245129475248629,"['cm', 'kg']"
1774244989771403355,"['estupidez', 'municipios', 'gente', 'harina', 'proteínas', 'hambre', 'huevo', 'pollo', 'casa', 'días']"
1774244174809764300,"['fuente', 'entretenimiento', 'chicas', 'sobrepeso', 'tik', 'tok', 'instagram']"
1774243268458402131,"['verdad', 'mierda', 'twitter', 'emoji', 'soretes', 'mutis', 'chicas', 'huevos']"
1774242825057579477,['twitts']
1774237784967897481,"['1,70', 'obesidad']"
1774237548165882188,"['kgrs', 'nutricionista', 'palabra', 'obesidad', 'comentario', 'proceso', 'profesional']"
1774232573541036462,"['gente', 'peso', 'emoji', 'dedos', 'tono', 'piel', 'emoji', ' ', 'emoji', 'dedos', 'tono', 'piel', 'emoji', ' ', 'emoji', 'dedos', 'tono', 'piel', 'emoji', ' ', 'emoji', 'dedos', 'tono', 'piel', 'emoji']"
1774231496259252688,"['obesidad', 'Dios']"
1774227371173794031,"['kg', 'kg', 'risa', 'emoji', ' ', 'nariz', 'emoji', ' ', 'emoji', 'nariz', 'emoji']"
1774226471155831069,"['año', 'hambre', 'colesterol', 'sobrepeso']"
1774225791678660987,"['vez', 'nutricionista', 'problemas', 'comida', '55', '15', 'hija', 'puta', 'caso', 'cielo']"
1774222710429622647,"['cm', 'risa']"
1774213999959199963,"['gordura', 'cola', 'piernas', 'macetas', 'persona', 'cacho', 'músculo']"
1774209999180370323,"['peso', 'kilos', ' ', 'emoji', ' ', 'emoji']"
1774209064597131327,['perra']
1774192810414977049,"['60', 'obesidad']"
1774186274506592682,"['40%', 'obesidad', 'adultos', 'obesidad', 'niños', 'economía', 'mundo', 'promedio', 'porción', 'pizza', 'dia', 'hilo', 'tipo', 'alimentación', 'masacre']"
1774178552302191077,"['gente', 'razón', 'gordito', 'diagonales']"
1774175486802882968,"['pestañas', 'pedo']"
1774174867853631796,"['mujer', 'obesidad', ' ', 'risa']"
1774171534728351791,"['altura', 'k', 'médico', 'borde', 'obesidad', 'emoji', 'risa']"
1774171203306914151,"['sorete', 'oreja', 'oreja', 'sobrepeso', 'kilos', '1,70', 'altura']"
1774171164241228100,"['veces', 'felicidad', 'rosca', 'pascua', 'contacto', 'gata']"
1774165512282317043,"['forma', 'kg', 'proporción', 'grasa', 'músculo', 'tema']"
1774163894803550351,"['gordura', 'ingresos', 'PROBLEMA', 'florencia', 'hermano']"
1774163865841885545,"['altura', 'peso', 'onda', 'nutricionista', 'palo', 'peso', 'altura']"
1774163312655147497,"['conejo-a', 'mundo', 'monos', 'aguas', 'planeta', 'millones', 'operacion', 'gordura', 'estetica', 'riñones', 'varices', 'cosas', 'problemas', 'principio', 'obra', 'prepaga', 'seguro', 'salud', 'obra', 'leucemia']"
1774162355246489824,"['conejo-a', 'mundo', 'monos', 'aguas', 'planeta', 'operacion', 'gordura', 'estetica', 'riñones', 'varices', 'cosas', 'problemas', 'principio', 'obra', 'leucemia']"
1774159319417672018,"['obesidad', 'altura', 'patada', 'orto', 'nutricionista']"
1774156320414781633,"['kg', 'nutricionista']"
1774144683217748398,"['epoca', 'gordura', 'pelotuda', 'foto', 'barbie']"
1774142369417335245,"['Diosanto', 'chica', 'obesidad', 'peso']"
1774139850083447038,"['ultima', 'kg', 'equilibrio', 'problemas', 'obesidad', 'problema', 'persona']"
1774138844650074345,"['guaso', 'horas', 'boludeces', 'sexo', 'noche']"
1774138384937619888,"['obesa', 'kg', ' ', 'risa', 'emoji', 'emoji', 'risa', 'emoji', ' ', 'problemas', 'nutricionistas', 'dios']"
1774135755910103361,"[' ', 'cara', 'de', 'sueño', 'emoji']"
1774132014880293061,"['soreteee', 'sentido', 'chica', 'autoestima']"
1774124975634444537,"['nutricionistas', 'trastornos', 'alimentación', 'obesidad', 'lados', 'test', 'matrícula']"
1774124632339079269,"['kilos', 'obesidad', 'título']"
1774120861483614265,['IMC']
1774120040100458720,"['2022', 'altura', 'sobrepeso', 'comidas', 'horarios', 'ayuno', '14/10']"
1774118875023462711,"[' ', 'emoji', 'gato', 'mueca', 'emoji']"
1774117503758672028,"['sobrepeso', 'cabeza', 'allegados']"
1774117421403492446,"['dios', 'nutri', 'antropometría', 'bola', 'índice', 'obesidad', 'realidad', 'balanza', 'espejo']"
1774116099971269077,"['kg', 'emoji', 'ojos', 'emoji', 'lágrima']"
1774110068729933861,"['/', 'adolescencia', 'nutricionista', '15', 'obesidad', 'cabeza']"
1774109996290076700,"['nutri', 'altura', 'kg', 'sumo', 'kg', 'grado', 'obesidad']"
1774104322000695395,"['problema', 'nutricionistas', 'IMC']"
1774096714909016071,"['obesidad', 'kg', 'nutricionista', 'daño', 'personas']"
1774096539838808259,"['compañera', 'vida', 'obesidad']"
1774092488514424968,"['terapia', 'nutricionista', 'obesidad', 'persona', 'altura']"
1774090389928005751,"['1,65', 'kg']"
1774079841341501534,"['Definición', 'población', 'condición', 'sobrepeso', 'obesidad', 'sobreconsumo', 'grasas', 'exceso', 'publicidad', 'acceso', 'falta', 'educación', 'hábitos']"
1774058972636483966,[]
1773932026510401551,"[' ', 'emoji', 'emoji', ' ', 'emoji', 'emoji']"
1773890665379729731,"['furia', 'personas', 'sobrepeso', 'comentarios', 'mier']"
1773885082094162403,[]
1773883072380874766,"['tasa', 'obesidad']"
1773882050799694214,"['chico', 'bola', 'tetas', 'corpiño', 'nutricionista', 'papás', 'mamá', 'ouija', 'ridi']"
1773869013283529056,[]
1773868648442024144,['65']
1773865648247984518,[]
1773865357524062322,"['heladeria', 'video']"
1773862790245085272,"['gordura', 'ingresos', 'DIOS', 'hashtag', 'hermano']"
1773859346918560223,"['enfermedad', 'base', 'historial', 'médico', 'foto', 'sobrepeso', 'kg', 'enfermedad', 'base', 'resistencia', 'insulina', 'juego']"
1773807451420115420,"['cosas', 'harina']"
1773798809300074776,['torneo']
1773739698252288385,"['cuentas', 'presidentes', 'paises', 'tilde', 'psiquiatrico', 'presidente', 'cuenta', 'rango']"
1773725720704958745,['novio']
1773720238799913181,"['rutas', 'mano', 'derecha', 'camiones', 'sobrepeso', 'carga']"
1773717952384118993,"['foto', 'senadora', 'señor', 'busto']"
1773707413490643252,"['estudio', 'chicos', 'riesgo', 'esclerosis', 'emoji', 'dorso', 'mano', 'índice', 'emoji', 'patología', 'vaina', 'mielina', 'nervios', 'emoji', 'dorso', 'mano', 'índice']"
1773686616436990019,"['asado', 'manjar', 'sabor', 'terneza', 'gordura', 'animal', 'pipí']"
1773565117772308509,"['días', 'panza', 'dios', 'mierda', 'jaja']"
1773543200872960462,"['idea', 'opciones', 'sobrepeso', 'hija', 'moyano', 'pareja', 'tapia', 'pilotE', 'aerolíneas', 'retención', 'líquidos']"
1773541373913767973,"['Dios', 'bariatrica', 'solucion', 'obesidad', 'miedo']"
1773532500343525499,"['furia', 'ariel', 'gordura', 'armado', 'pelada', 'mierda']"
1773530571215347737,[]
1773527024704925770,"['ENTREVISTAS', 'VIDA', 'emoji', 'ojos', 'corazón']"
1773523152900854028,"['NOTICIA', 'mail', 'hipopótamos', 'vínculo', 'gatos', 'sobrepeso', 'hábitat']"
1773509309885772039,['obeso']
1773508742673281471,"['gato', 'tapa', 'inodoro']"
1773504406291468698,"['cuestión', 'peso', 'lugar', 'personas', 'trastornos']"
1773502259373994286,"['obesidad', 'ejemplo', '2000', 'día', 'detalle', 'diario', 'gente', 'cara', 'chancletas']"
1773478527913894202,"['código', 'baires', 'trabajo', 'premio']"
1773461431112872379,"['persona', 'sobrepeso', 'sobrepeso']"
1773457433383342168,"['problema', 'sobrepeso', 'prejuicios', 'cuerpos']"
1773453416091492556,"['obesidad', 'enfermedad', 'SOP', 'sobrepeso', 'hirsutismo', 'términos', 'ricota', 'cabeza']"
1773405486475350381,"['hija', 'vez', 'joven', 'zona', 'patología', 'joven', 'gente', 'lengua', 'daño']"
1773404686164332829,['perfil']
1773402209771831762,[]
1773401440272150607,"['kilos', 'boca']"
1773375206725201999,"['campaña', 'producción', 'furia', 'tora', 'steam', 'video', 'furia', 'gordura', 'manzana', 'instante', 'video', 'boca']"
1773366803818852647,"['minuto', 'kilos', 'foto', 'kilos', 'persona', 'mierda', 'persona', 'mierda', 'sobrepeso', 'motivo', 'burla', 'hijo', 'puta', 'hecho']"
1773349943387853202,"['manzana', 'gordura', 'musica']"
1773345912355500532,"['obesidad', 'factores', 'hipotiroidismo', 'SOP', 'hiperandrogenismo', 'resistencia', 'insulina', 'síndrome', 'SOP', 'manifestaciones']"
1773343788934578358,"['argentino', 'mexicano']"
1773341662250492345,"['persona', 'furia', 'minorías', 'personas', 'parte', 'punto', 'vista']"
1773317874653814903,"['bullying', 'disco', 'pie', 'aptitud', 'habilidad', 'sobrepeso']"
1773242446412980245,['sobrepeso']
1773235274585096548,"['hermano', 'telefe', 'vergüenza', 'furia', 'aijada', 'vergüenza', 'furia', 'programa', 'ero', 'furia']"
1773227292426207632,"['comida', 'boca', 'tiempo', 'casa', 'ganador', 'zapato', 'razón']"
1773204573626282204,"['metabolismo', 'cuerpo', 'persona']"
1773174792666898514,['gordura']
1773170275594486105,"['hambre', 'mierda', 'cuerpo', 'sobrepeso', 'meses', 'haces', 'hambre', 'pensamiento', 'mrd', 'culo', 'emoji', 'gato', 'emoji']"
1773167704188326062,"['seguridad', 'sobrepeso', 'personas', 'vida', 'personas', 'gente', 'horror']"
1773151785735114918,"['verdad', 'personas', 'obesidad', 'personas', '2024']"
1773150219191898453,"['gordura', 'hinchazón', 'grosería', 'autoridad', 'energía']"
1773147605012213934,"['mauro', 'cuerpo', 'instructora', 'gente', 'sobrepeso', 'ayuda"",lo']"
1773143723771113955,"['gobiernos', 'sobrepeso']"
1773141818420416608,"['meses', 'chicos']"
1773131209268199846,"['sistema', 'premio', 'trabajo', 'ciudad', 'edición', 'encuentro', 'equi']"
1773125441924059364,"['policias', 'paises']"
1773115967481991225,"['SISTEMA', 'SALUD', 'MALVINAS', 'PREMIO', 'TRABAJO', 'CONGRESO', 'edición', 'encuentro']"
1773111060150489552,"['comentarios', 'gordura', 'boludos', 'peso']"
1773109124298870861,"['cara', 'cara', 'voz', 'claque']"
1773089057892933922,"['DESARROLLO', 'emoji', 'círculo', 'emoji', 'evidencia', 'obesidad', 'eventos', 'embarazo', 'círculo', '&', 'gt', 'grado', 'obesidad', '&', 'gt', 'riesgo', 'diabetes', 'hipertensión', 'gestacional', 'revisión', '  ', 'manos', 'tono', 'piel']"
1773088392592433406,"['mano', 'sabiduría', 'muchacho', 'sobrepeso', 'maestro', 'boxeo']"
1773086828792369508,"['de', '\n', '&', 'amp', 'ROLLING-PATOLOGIAS', 'fitness', 'hashtag', 'gym', 'hashtag', 'musculacion', 'hashtag', 'personaltrainer', 'hashtag', 'salud', 'hashtag', 'actividadfisica', 'hashtag', 'clases', 'hashtag', 'capacitaciones', 'controlmotor', 'deportes', 'educacion', 'entrenadorpersonal', 'lesiones', 'ejercicio']"
1773076736734863421,"['clip', 'gordura', 'onda', 'orto']"
1773030626209218845,"['obesidad', '1/1000', 'problemas', 'tiroides', 'video']"
1773024832591929588,"['hijos', 'reflejo', 'imágenes', 'padres', 'heredera', 'basura', 'padre', 'tigre', 'overo']"
1773022186082603264,"['persona', 'desidia', 'obesidad', 'mal', 'sociedad', 'onda']"
1773019689897082991,"['persona', 'enfermedad', 'adicciones']"
1773017483135398328,"['comentarios', 'carajos', 'cabeza', 'generación', 'cristal']"
1773017232542437825,[]
1773015438290489837,['comida']
1773009518198145454,"['pais', 'orto', 'kg', 'autoestima', 'argentina']"
1772995392939921421,"['deficit', 'gordura', 'ate', 'emoji', 'flecha', 'derecha']"
1772993501426266233,[]
1772992936759738797,"['persona', 'comentarios', 'ser', 'humano', 'persona']"
1772979806486823020,"['producción', 'cantidad', 'comentarios', 'sobrepeso']"
1772974417900916959,['gordura']
1772969292130140575,"['verdad', 'comida', 'personas', 'gordura', 'mente']"
1772953016867447141,"['sobrepeso', 'ropa', 'orto', 'mayoría', 'locales', 'talle', 'talle', 'm', 'mayoría', 'tca', 'cultura', 'estándares']"
1772940393077989790,['abril']
1772858911164362976,"['obesidad', 'corazón', 'personaje', 'vídeos', 'lugar', 'giles', 'humo']"
1772856698639704299,"['personal', 'trainer', 'persona', ' ', 'emoji', 'manos', 'emoji', ' ', 'emoji', 'manos', 'emoji']"
1772844972888502406,"['obesidad', 'kuka']"
1772840281450143805,"['momento', 'palabra', 'furia', 'hermano']"
1772839051290157430,"['chiki', 'mafia', 'amistoso', 'islas', 'mierda', '1', 'matina']"
1772836751414890551,[]
1772833973728649425,"['rodillas', 'gordura', 'soluciones', 'problemas']"
1772822606057521639,"['moda', 'cuerpo', 'anorexica', 'pantalones', 'culpa', 'verguenza', 'nivel', 'minita', 'autoestima']"
1772821278602264949,"['Dios', 'helado', 'emoji', 'cara']"
1772821116630737071,"['presupuesto', 'tipo', 'pelada']"
1772818772102881686,"['colesterol', 'días', 'comidas', 'restos']"
1772816739958415441,"['juliana', 'pibe', 'ari', 'cosa', 'tincho', 'heladera', 'cuerpo', 'persona', 'sobrepeso', 'ingesta', 'problema', 'hashtag', 'hermano']"
1772813091891298445,"['glotón', 'cuerpo', 'gimnasia', 'hermano']"
1772810045979242666,"['gordura', 'relación', 'exceso', 'ingesta', 'comida', 'ejemplo', 'personas', 'problemas', 'tiroides', '\n\n', 'chica', 'hashtag', 'hermano']"
1772809092962116055,"['furia', 'gordura']"
1772805579989303492,"['niego', 'risa', 'emoji', 'cara', 'risa', 'emoji', 'parte', 'tweet', 'odio', 'razon', 'banda', 'm', 'words', 'obesidad']"
1772804558000886067,"['obesidad', 'odio', 'punto', 'risa', 'emoji']"
1772781592441749593,"['transexual', 'obesidad', 'olor', 'pueblo', 'lado', 'final', 'luz', 'niño']"
1772750139028877498,['gases']
1772737255636877375,"['margen', 'obesidad']"
1772794590434570501,"['hijo', 'puta', 'pibitos', 'emoji']"
1772667288598048909,"['amigo', 'entrada', 'mayoría', 'futuro', 'presente', 'morfi', 'resultados', 'plazo']"
1772663484611736033,"['chicos', 'chaco', 'dengues']"
1772663188988862543,"['hábitos', 'razón', 'carne', 'verduras', 'fruta', 'dias']"
1772660143227814362,"['cultura', 'nombre', 'centro', 'niños', 'chaco', 'sobrepeso', 'medidas', 'necesidad', 'urgencia']"
1772652446331871277,"['tiempo', 'penales', 'estado', 'obesidad', 'gata']"
1772650974743572732,['gato']
1772645958527951143,"['medida', 'nenes', 'chaco', 'bullying', 'obesidad']"
1772645370801140129,"['niños', 'chaco', 'crisis', 'obesidad', 'causa', 'sedentarismo', 'culpable', 'vida']"
1772640607883694482,"['chicos', 'sobrepeso']"
1772622612914438271,"['reels', 'minita', 'cuerpos', 'inseguridades', 'cara', 'emoji', 'pibe', 'mierda', 'puta']"
1772645936793096455,"['chicos', 'OBESIDAD', 'medidas', 'emoji', 'cara', 'payaso', 'emoji', ' ', 'emoji', 'fantasma', 'emoji']"
1777344923206922350,"['gente', 'genética', '\n', 'obesidad', 'tca', 'brazos', 'gente']"
1777341857317482942,"['kilos', 'traspié', 'obesidad', 'cuestas']"
1777321657104826593,"['pacientes', 'insuficiencia', 'obesidad', 'diabetes', 'tipo', '\n\n ']"
1777308751164215323,"['momento', 'feminismo', 'diversidad', 'sinónimos', 'obesidad', 'gusto']"
1777183111157088586,"['confitería', 'horas', 'gordura']"
1777181897883316733,"['pasante', 'banco', 'año', 'amigo']"
1777175803999952941,"['atención', 'nene', 'hno', 'piba', 'señor', 'cartel']"
1777166473741435233,"['fueguito', 'título', 'publicación', 'delincuente', 'camiseta', 'remedios']"
1777160311415435393,"['hermano', 'cara', 'risa', 'risa']"
1777159310721614185,"['exceso', 'peso', 'posibilidades', 'problemas', 'salud', 'peso', 'acuerdo', 'romantización', 'gordura']"
1777154762514788678,"['feminismo', 'mujeres']"
1777127354994729017,"['conciencia', 'padres', 'nenes', 'obesidad', 'hijos', 'problemas', 'futuro']"
1777090397807824970,"['impuestos', 'obesas']"
1777085233893962101,"['ventaja', 'TRAJADOR', 'años', 'sindicalistas', 'dudas', ' ', 'tiempo', 'moyanitos', 'vicio', 'placer']"
1777080141593583662,['dólares']
1777062353927843977,"['comparaciones', 'traumas', 'sobrepeso']"
1777053913553732068,['favor']
1777044527364096309,"['amiga', 'obesidad']"
1777041959716082083,"['aspecto', 'capacidad', 'mujeres', 'personas', 'sobrepeso', 'muerte', 'personas', 'muerte', 'animales', 'gente', 'francotiradores', 'hermano', 'hashtag']"
1777033772157763938,['papada']
1777028955440042219,"['franceses', 'manteca', 'comidas', 'población', 'manteca', 'cuestión', 'gordura']"
1777016320220914118,"['CHICOS', 'CATALINA']"
1777013069224333399,"['mundo', 'obesidad']"
1777011421798080719,['obesa']
1776990023306338508,"['hija', 'puta', 'vaso', 'gordura', 'espacios', 'gente', 'bolos', 'pelota', 'bowling', 'boliche', 'mogolica']"
1776986703925764262,"['furia', 'gordura', 'CATALINA', '9009']"
1776975110886355238,"['sobrepeso', 's']"
1776974033071878559,[]
1776955402761933034,"['obesidad', 'factor', 'riesgo', 'chango', 'problemas']"
1776951261775954429,['envidia']
1776930406744400003,['obesidad']
1776923305892614248,['caso']
1776842241966813590,"['fanatismo', 'boxeo', 'deporte', 'cagada', 'piñas', 'vida', 'pelotas', 'forros', 'sobrepeso']"
1776797480161517682,"['vez', 'gordura', 'amigos']"
1776783247164244021,"['equipo', 'cirugía']"
1776771986951131281,"['burro', 'días', 'profe']"
1776769216290468255,"['ferro', 'tomasetti', 'mercado', 'mitad', 'año', 'mierda', 'jugada', 'titular', 'lugar', 'tipo']"
1776767055179432119,"['orto', 'postres', 'memes', 'cata', 'color', 'piel', 'cata', 'bullying', 'body', 'emoji', 'manos', 'emoji']"
1776756511353557466,"['contradenuncia', 'estigmatizacion', 'obesidad', 'denuncia']"
1776753689039917502,"['corpo', 'sobrepeso', 'club', 'trabajo', 'PERIODISTAS']"
1776752787411362119,"['mierda', 'chila', ' ', 'gomez', 'negociado', 'hdp']"
1776743176293712050,"['manzana', 'gordura', 'asco', 'manzana', 'peso', 'rosina', 'amigos']"
1776733864687202740,"['conurba', 'planes']"
1776729036661621098,['foca']
1776727644085567857,"['boca', 'fracaso', 'lateral', 'sobrepeso', 'empleado', 'club']"
1776721923268870233,"['día', 'gente', 'gato', 'emoji', 'cara']"
1776706386665128362,"['PERSONAS', 'OBESIDAD', 'SOBREPESO']"
1776706254494183782,"['tipazo', 'gordura', 'poder', 'anillo']"
1776700605538418786,"['san', 'telmo', 'cinthia', 'fernandez', 'fideos', 'sobrepeso', 'planeros', ' ', 'emoji', 'alivio', 'emoji']"
1776693891166601294,"['off', 'subnormal', 'sobrepeso']"
1776689160222392389,"['capa', 'ser', 'fajos', 'papeles']"
1776678951168963037,"['índice', 'derecha', 'emoji', 'continuación', 'beneficios', 'función', 'estrés', 'sobrepeso', 'masa', 'movilidad', 'coordinación', 'densidad']"
1776646619464683921,"['cm', 'cintura', 'cm', 'cadera', 'paso', 'obesidad']"
1776643806030340522,"['definición', 'alienación', 'proceso', 'transformación', 'pensamiento', 'ser', 'condición', 'ej']"
1776637580089446541,"['ejemplo', 'tamaño', 'miembro', 'hombres', 'celulitis', 'mujeres', 'problemas', 'salud']"
1776631028083220728,[]
1776625624670495146,"['experiencia', 'años', 'sobrepeso', 'cardiopatia', 'grado', 'calculo', 'riñon', 'nacimiento', 'dosis', 'años', 'mute', 'especie']"
1776620138487255205,"['profe', 'anatomía', 'enfermedad', 'MOGOLICA', 'PELO']"
1776620002507943946,"['cable', 'violencia', 'falta', 'deseo', 'abulia', 'depresión', 'hipocondrismo', 'ataques', 'pánico', 'obesidad', 'suicidios', 'contracturas', 'stress', 'neurosis', 'inseguridad', 'sedentarismo']"
1776600523052830887,"['fentanilo', 'obesidad']"
1776592612234830003,"['problemas', 'cuerpo', 'cosas', 'lucha', 'persona']"
1776473985716265103,['tupe']
1776447298668478893,"['gordura', 'dolor']"
1776434250763395290,"['veces', '5', 'minutos', 'cana', 'sobrepeso']"
1776432826465874339,"['partidos', 'punto', '9', 'problema', 'sobrepeso', 'cana', 'partidos', 'problema', 'DEFINICIÓN', 'DEF']"
1776430177465110689,"['porción', 'papas']"
1776414861536158095,"['muchacho', 'forro', 'sobrepeso', 'posición']"
1776389708953665557,"['animales', 'tendencia', 'sobrepeso', 'forma', 'peligro', 'salud', 'detalles']"
1776378435109077204,"['emoji', 'luces', 'policía', 'emoji', ' ', 'emoji', 'luces', 'policía', 'emoji', ' ', 'emoji', 'luces', 'policía', 'emoji', '\n', 'días', 'tratamiento', 'obesidad', 'adolescente']"
1776355018536624601,[]
1776351429352980803,"['parte', 'sobrepeso', 'mango']"
1776340370265108899,"['emoji', 'marca', 'verificación', 'emoji', 'orden', 'años', 'factores', 'riesgo', 'obesidad', 'diabetes', 'enfermedades', 'cardíacas', 'inmunodeficiencias', 'oncohematológicas', 'insuficiencia', 'diálisis']"
1776334159323017307,"['español', 'sobrepeso', 'cuestión', 'salud', 'tipo', 'técnicas']"
1776312249092591917,"['nutricionista', 'obesidad', 'valor', 'palabras']"
1776304066399809802,['80']
1776292536983695434,"['complejos', 'cuerpo', 'persona', 'cosa', 'raza']"
1776271867608781123,"['sobrepeso', 'relación', 'dependencia']"
1776268558701310356,"['ojo', 'texto', 'HACER', 'GENTE', 'OBESIDAD', 'emoji', 'revelación', 'temporada', 'cuestión', 'peso', 'trece']"
1776264196943991257,"['intendente', 'médico', 'persona']"
1776245760729706906,"['obesidad', 'amor']"
1776218304643760377,"['HACER', 'GENTE', ' ', 'revelación', 'temporada', 'hashtag', 'cuestión', 'peso', 'trece']"
1776208352407703827,"['oído', 'gordura']"
1776191778896396781,"['hijo', 'vergüenza']"
1776103004795466201,"['vicio', 'comidas', 'cosas', 'vicio', 'causa', 'OBESIDAD']"
1776102643737198669,[]
1776065560708567153,"['círculo', 'rojo', 'emoji', 'GENTE', 'OBESIDAD', 'revelación', 'temporada', 'hashtag', 'cuestión', 'peso', 'trece']"
1776063746558791887,"['leche', 'bienes', 'salud', 'colesterol', 'presión', 'obesidad', 'factores', 'riesgo', 'tabaquismo', 'stress']"
1776063523572867373,['boludeces']
1776048478071721988,"['panzón', 'colgajo', 'maullido', 'pelotas', 'amor', 'cabeza', 'panzota', 'hijo', 'gato']"
1776034647891235263,['cemento']
1776029821136420901,"['mati', 'físico']"
1776019415470870665,"['SOBREPESO', 'VUELTA']"
1775998901260030426,['obesos']
1775996798626091227,"['hashtag', 'salud', 'hashtag', 'negocios', 'sector', 'farmacéutico', '\n', 'lista', 'beneficios', 'fármacos', 'ganancias', '\n', 'hashtag', 'hashtag', 'wegovy']"
1775995149992001846,"['estado', 'impuestos', 'corrupción']"
1775987053982892305,['foca']
1775984981031931961,"['hombres', 'casa', 'fetiche', 'pies', 'hijos', 'amor', 'panza']"
1775984231941808436,"['tuit', 'obeso']"
1775954733947146313,"['sueño', 'señora', 'terror']"
1775953582715527596,"['familia', 'put', '#', 'mierd', '#', 'montón', 'clip', 'pelada', 'lado', 'moral', 'cata', 'víctima']"
1775950211623297483,"['problemas', 'fideos', ' ', 'emoji', ' ', 'emoji', 'piel']"
1775949516023222544,"['boca', 'novia', 'yankee', 'boca', 'fin', 'hilo']"
1775945571544535146,"['realidad', 'gente', 'gente', 'problema', 'ejercicio']"
1775940167041265967,"['man', 'vergüenza', 'emoji', 'cara']"
1775935307495387605,"['LOGIKO', 'KURRO', 'GOLPISTA']"
1775913040434589801,"['mes', 'kilos', 'gordura']"
1775912610069668338,['primo']
1775909262692069720,"['factores', 'riesgo', 'obesidad', 'diabetes', 'enfermedades', 'inmunodeficiencias', 'enfermedad', 'trasplante', 'personas', 'insuficiencia', 'diálisis']"
1775917218632503787,"['móvil', 'flecha', 'obesidad']"
1775903737287999925,"['hombres', 'gente', 'miles', 'razones', 'gordura', 'pelo', 'pelo', 'teta', 'pija', 'culo', 'aguante', 'labios', 'labios', 'notas']"
1775851231178539207,"['enfermedad', 'vez', 'paz', 'gente', 'espejo', 'casa', 'fobia', 'gordura', 'enfermedad', 'motivos', 'discriminación']"
1775830722298720465,[]
1775818303539183769,"['pansa', 'sobrepeso', 'espalda']"
1775731267184570605,"['sociedad', 'mirada', 'cuerpos', 'extremo', 'ruido', 'persona', 'obesidad', 'traje', 'baño']"
1775729880312770686,"['comida', 'risa', 'risa', 'cara', 'risa', 'emoji']"
1775729253830815851,"['principio', 'idea', 'cuestiondepeso', 'hacer', 'hashtag', 'granhermano', 'gente', 'obesidad', 'suerte', 'idea', ' ', 'hashtag', 'moskitade', '  \n\n']"
1775728325572370847,"['celulitis', 'cara']"
1775710122339176557,"['hermano', 'cosas', 'leche', 'kilos', 'celulitis']"
1775709818101112988,"['día', 'leche']"
1775706077624996127,"['marido', 'coca', 'caramelos', 'goma', 'alfajor', 'pedidos', 'sorpresa', 'gordura']"
1775697586952790186,['vacuna']
1775697277874565127,[]
1775690581164855648,"['años', 'obesidad', 'base', 'tabla', 'kilos']"
1775684737958355113,"['amor', 'mundo', 'sobrepeso', 'balanceado', 'bases', 'cereales', 'proteina', 'montón', 'información', 'alimentación', 'animales', 'comida', 'dieta', 'fisiología']"
1775682267236753660,"['forra', 'vez', 'gordura', 'odio']"
1775679997925073320,"['diabéticos', 'montón', 'tiempo', 'dieta']"
1775665614587146574,['bolas']
1775661343841865902,"['idola', 'comentarios', 'peso']"
1775637883954598394,"['emoji', 'emoji', 'emoji', 'emoji', 'emoji', 'emoji']"
1775636540443578436,"['baston', 'perrito']"
1775635756096061729,"['fotos', 'titular', 'bastón', 'medio', 'salada']"
1775633375291707487,"['obesos', 'dios', 'patria', 'familia', 'jermu']"
1775620768736346176,[]
1775606696234070334,"[' ', 'emoji', ' ', 'chicos', '\n\n ', 'emoji', 'maíz', 'emoji', ' ', 'emoji', 'brócoli', 'emoji', ' ', 'infancias', 'recomendaciones', 'educación', 'emoji', 'eslabón']"
1775596338916229617,['obesos']
1775591418704142396,"['hombre', 'marcha', 'vikingas', 'avenida']"
1775574893528072668,"['narco', 'casa', 'índice', 'obesidad']"
1775571544053367237,"['target', ' ', 'enano', 'años', 'patada', 'ocote']"
1775565779745824917,"['años', 'escuela', 'salud', 'vez']"
1775551845412245776,"['país', 'refresco', 'obesidad', 'aires', 'odio', 'opiniones']"
1775548538044227932,"['kg', 'alimento', 'kg', 'alimento', 'culiado', 'obesidad', 'medicación', 'plata']"
1775536131293249701,['señora']
1779858165435138090,[]
1779858131624886546,"['colegio', 'obesidad']"
1779855416958071028,[]
1779850569357668630,"['mes', 'sueldo', 'obeso', 'yankee']"
1779836598575566929,"['proyecto', 'ley', 'empresas', 'negocios', 'provisión', 'principios', 'medicamentos', 'cáncer', 'útero', 'fibrosis', 'quística', 'obesidad', 'pérdida', 'leucemia']"
1779815099127013815,"['colegio', 'hija', 'puta']"
1779724181208285361,"['gordura', 'esqueleto', 'piel']"
1779721317664649313,['date']
1779696270589743608,['izquierda']
1779691620998291783,"['señor', 'estafa']"
1779682470369112153,[]
1779682077522149499,['cuello']
1779671299092082961,"['persona', 'palabra']"
1779657998543032668,"['mierda', 'putas']"
1779631089348178102,[]
1779629522666566003,['obesidad']
1779621314019365197,"['estatura', 'paso', 'obesidad']"
1779613442661404980,['obesidad']
1779226123580105107,"['bici', 'punto', 'salud', 'salud', 'salud', 'salud', 'gente', 'cara', 'ojos']"
1779562391157735902,"['sexo', 'condición', 'amor', 'sexo', 'dinero', 'sexo', 'persona', 'sexo', 'sobrepeso', 'sexo', 'cuenta', 'demisexuales']"
1779558055174173031,"['ataque', 'gordura', 'empanadas', 'chori', 'chimichurri', 'salsa', 'merienda']"
1779507996680245356,"['gordura', 'hinchazón', 'técnico', 'refuerzos', 'altura', 'reserva', 'culpas']"
1779491980227060085,"['mate', 'apetito', 'consumidor', 'mate']"
1779484458237743547,"['fan', 'uso', 'obesidad', 'boludeces', 'mamita']"
1779443680077549858,"['goleadores', 'humo', 'gordura']"
1779409749760508297,"['necedad', 'adiposidad']"
1779396659794817185,"['abucheo', 'futbolero', 'antifutbol', 'violencia', 'indisciplina', 'payaso', 'cuarta', 'tipejo', 'hocico']"
1779392459627278583,['sobre']
1779376654432805102,"['sobrepeso', 'chancho']"
1779321854827680232,"['consulta', 'manga', 'impuestos', 'juegos', 'steam', 'jueguitos', 'precio']"
1779315646339178559,"['gordito', 'gordura', 'locura', 'bombas']"
1779300561248264648,[]
1779262837677809852,"['consulta', 'risa']"
1779243593233822014,"['piba', 'gordadwremilputa', 'lógica', 'cara', 'emoji', 'cabeza', 'emoji']"
1779229528616755481,"['hermana', 'genes', 'tendencia', 'gordura']"
1779206813738549337,"['persona', 'kg', 'kg']"
1779204357520797927,['verga']
1779194094587433014,"['asco', 'gente']"
1779170950669304084,"['CHANCE', 'lágrima']"
1779142981695529398,"['cremita', 'papada', 'hijo', 'nivel', 'gordura']"
1779130600332439661,"['silla', 'ruedas', 'kg', 'músculos', 'corazón', 'dietas', 'tratamiento', 'pulgar', 'pulgar']"
1779111964213383338,"['kg', 'obesidad']"
1779103508303683799,"['posibilidades', 'cantidad', 'pena', 'propaganda', 'palabra', '$', '$', '$', 'tiró', 'pie']"
1779094712483282983,"['cordura', 'cordura', 'gordura', 'pulgar']"
1779083407672099288,['semana']
1779001366435823932,"['comunidad', 'acciones', 'producción', 'programa']"
1778973990876283377,['tabla']
1778969801467011199,"['miedo', 'cumplidos']"
1778954735799644584,"['color', 'carbón']"
1778926233725567418,"['margen', 'sobrepeso', 'tiempo', 'montón', 'complicaciones', 'arterias', 'presión', 'cambio', 'permitido']"
1778906994398593282,"['amigo', 'pibe', 'piba', 'novia', 'risa', 'cara', 'emoji']"
1778903208343019602,"['cuerpos', 'fans', 'furia']"
1778900971768172791,"['auto', 'auto']"
1778900215870673314,"['mensi', 'selección', 'mierda', 'hambreado']"
1778855385044017294,"['turra', 'villera', 'pajera', 'autista', 'grasita', 'mamá', 'puta', 'hija', 'cañonada', 'prostitutas']"
1778825885820309826,"['beauty', 'contest', 'madres', 'desastres', 'botox', 'hijas']"
1778818844334739641,[]
1778815584580587878,"['insulina', 'risa']"
1778791775211225373,['obesidad']
1778790116724556001,"['sobrepeso', 'crocs']"
1778635260760109444,[]
1778783757434331451,['gente']
1778780362140729559,"['años', 'historia', 'paro', 'gobierno', 'paros', 'meses']"
1778767765060432186,"['paseo', 'amiga', 'obesidad']"
1778753259936563636,"['política', 'actualidad', 'gordura', 'censura']"
1778690806636745017,"['hambre', 'sanguche', 'milanesa']"
1778653113722818977,"['chico', 'moro']"
1778622062774407441,['burro']
1778619293866885345,"['rescatistas', 'gatos', 'gatos', 'atropello', 'libertades', 'gatos', 'condesa', 'sobrepeso']"
1778616003032650087,"['gente', 'calidad', 'comida']"
1778594963212693587,"['eso', 'gula', 'gordura', 'cara', 'decepcionada']"
1778594239359680772,"['reacción', 'crema', 'limpieza', 'cutis', 'piel', 'obesidad']"
1778592273615241350,"['furia', 'gordura', 'mitad', 'nacionalidad']"
1778584029253501018,"['ratito', 'hilo', 'obesidad', 'menopausia', 'cambio', 'tema']"
1778558970283655638,"['hijos', 'puta', 'obesidad', 'intolerancia', 'lactosa', 'ASCO', 'dios']"
1778543516450533782,[]
1778540152765452487,['evasora']
1778533496740528277,['mansiones']
1778523369941639203,"['guerra', 'actualidad', 'mierda', 'liviandad', 'comodidad', 'casas', 'mundo', 'muerte', 'gente', 'guerra']"
1778510795136971157,"['parte', 'tem', ' ', 'mano', 'señal', 'victoria', 'persona', 'mano', 'frente', 'tono', 'piel', 'medio']"
1778510613209059393,"['consulta', 'pedos', 'peso', 'peso', 'alimentación', 'sobrepeso']"
1778489024841130231,"['opinion', 'prepagas', 'población', 'copagos', 'tratamientos', 'madres', '40', 'mañana', 'prepaga', 'gente']"
1778487741371596876,"['creador', 'comienzo', 'cuento']"
1778486016564719691,"['trailer', 'hashtag', 'cinema', 'personajes', 'color', 'antagonista', 'pelicula', 'cines']"
1778485910771744981,['obesidad']
1778477757485215912,['obesidad']
1778476201415184781,['invierno']
1778462550755086746,"['piedras', 'palos', 'emoji', 'tono', 'piel']"
1778451651608670550,"['banda', 'cosas', 'comida', 'montón', 'culturas', 'tradiciones', 'pelotudes', 'país', 'obesidad', 'colesterol']"
1778444157746311517,"['comida', 'países', 'país', 'origen', 'índices', 'desnutrición', 'obesidad', 'nutrición', 'comida']"
1778412397876650173,"['comida', 'mascotas', 'mercado', 'alergia', 'infecciones']"
1778396076229132781,"['país', 'sobrepeso', 'laburo', 'iphone', 'pelo', 'uñas', 'veces', 'semana', 'bendi', 'joda', 'fines', 'semana', 'pobreza']"
1778393662839284087,['mayoría']
1778261943758815681,"['gordura', 'poder', 'cristo']"
1778255091142701519,"['nenes', 'chaco', 'obesidad']"
1778254448680128869,"['amiga', 'caballero', 'tema', 'personas', 'obesidad', 'anorexia', 'funcionaria', 'parte', 'gobierno', 'historia', 'ladrona', 'nacion']"
1778227361013432768,"['abuela', 'corazón', 'obesidad', '96', 'mierda', 'tipo', 'insulto']"
1778220067504669001,['asco']
1778210519503008244,"['cementerio', 'ravioles', 'ñoqui']"
1778199121897365746,"['homofobica', 'gordura', 'mierda']"
1778188364979830790,['mujeres']
1778188132426612816,[]
1778186005079859370,['fan']
1778179087418183948,"['fantasía', 'serio', 'pedazo', 'hambre', 'sobrepeso', 'pueblo', 'vocero', 'cocaína', 'limes']"
1778177531956375756,"['gordito', 'culo', 'panza', 'costados', 'silla', 'voca', 'rstito', 'dedo']"
1778145541337100711,"['miles', 'comedores', 'VAGOS', 'planes', 'costumbre', 'gobiernos', 'PUEBLO', 'emoji', 'mano', 'señal', 'victoria', 'emoji', 'emoji', 'mano', 'señal', 'victoria']"
1778145490049118459,"['kirchnerismo', 'corrupcion', 'respeto', 'educacion']"
1778141197426380984,"['gordura', 'pi']"
1778139623379624159,"['salud', 'obesidad']"
1778135666213179684,"['meses', 'gym', 'meses', 'sobrepeso', 'kilos', 'cambios', 'hábitos', 'manera', 'situaciones', 'problemas', 'soluciones']"
1778114065786646563,[]
1778095166336782450,"['mujer', 'gordura', 'hembra', 'cuenta', 'opiniones', 'TCA']"
1778094681915642207,['comida']
1778083432486056139,"['gente', 'sobrepeso', 'analíticas', 'reflexión', 'imagen', 'sociedad', 'comentario']"
1778080296262393892,[]
1778073380911972859,"['heladera', 'gente', 'emoji', 'piel', ' ', 'emoji', 'mano', 'piel', 'emoji']"
1778070843085434981,"['bases', 'data', 'salud', 'obesidad', 'padres']"
1778069016524841417,['batracio']
1778060275645571497,"['sujeto', 'daño', '𝐜𝐚𝐬𝐭𝐚', 'historia', 'casta', 'cerebro']"
1778050814239527117,"['literatura', 'efecto', 'obesidad', 'factores', 'productividad', 'estrategias', 'identificación']"
1778047702774776041,"['turismo', ' ', 'depresion', 'obesidad', 'hipertension', 'dislipemia', 'diabetes', 'sind', 'etc.']"
1778043747160240508,"['fármacos', 'tratamiento', 'obesidad', '/', 'diabetes', 'prevención', 'tratamiento', 'correr', 'tiempo', 'evidencias', 'sentido']"
1777994164954640818,"['compa', 'laburo', 'nutri', 'dieta', 'persona', 'obesidad', 'organismo', 'estudios', 'tratamiento', 'pastillas', 'dieta']"
1777904377807724648,"['hendiduras', 'ruta', 'sobrepeso', 'cara', 'emoji']"
1777893661088317820,"['persona', 'PLAZA', 'persona', 'vara']"
1777872503450341608,"['coca', 'obesidad', 'diabetes', 'combo']"
1777862849638916240,"['bolas', 'defensores', 'obesidad', 'derecho']"
1777853806451057122,"['veces', 'kilos', 'culpa', 'vez', 'capítulo', 'mina', 'veces', 'restaurantes', 'burritos', 'tacos', 'vida']"
1777852799008571532,"['noche', 'pastas', 'obesos']"
1777837082628563178,"['manteca', 'sobrepeso', 'grasa']"
1777835557768368353,"['tp', 'proyectual', 'cruz', 'perra', 'dibujo']"
1777823929731625223,"['proyectos', 'partidos', 'boca', 'horario', 'laburantes', 'casa', 'obesidad']"
1777823203110379673,"['problema', 'nivel', 'obesidad', 'población']"
1777812133813621043,"['siesta', 'medialunas', 'nivel', 'gordura']"
1777470563889320205,"['psicologo', 'argentina', 'dios', 'hora', 'sesion', 'pesos', 'psiquiatra', 'mamita', 'tiro', 'paso', 'velorio']"
1777769134421336382,"['gorda', 'gordura', 'técnica']"
1777768503061159997,"['cantidad', 'gente', 'sobrepeso', 'comida', 'mierda']"
1777759899574731064,"['problemas', 'obesidad', 'mujer', 'huevo']"
1777749550918201570,"['morsa', 'tiro', 'boca', 'poco']"
1777738016645120050,"['bola', 'chabon', 'mierda']"
1777735002865709489,"['columna', 'mundo', 'isla', 'bandera', 'emoji', ' ', 'emoji', 'canguro', 'emoji', ' ', 'muchísimas', 'peculiaridades', ' ', 'emoji', 'cara', 'emoji', 'emoji', 'ojos', 'lugar', 'tasa', 'mundo', ' ', 'dorso', 'mano', 'índice']"
1777726719362740385,"['veces', 'nutricionista', 'veces', 'obesidad', 'dieta', 'vez', 'kg', 'par', 'cardio', 'sueño', 'tiempo']"
1777725454641664348,"['peruanas', 'tribuna']"
1777695658826191189,"['obesidad', 'diabetes', 'problema', 'dermatológico', 'mayoría', 'personas', 'edad', 'ayuda', 'prepaga']"
1777683734168236070,"['adultos', 'sobrepeso', 'obesidad', '\n\n ']"
1777680295937880559,"['cargo', 'problema', 'tipo', 'obesidad', 'problema', 'conducta', 'sedentarismo', 'segmento', 'cargo', 'aerolíneas', 'asiento']"
1777678521764098264,[]
1777654315366105468,"[' ', 'calavera']"
1777639013739852169,"['tema', 'obesidad']"
1777590946684702770,[]
1777547311188500672,"['palabra', 'misoginia', 'desprecio', 'comunidad', 'china', 'gordura', 'amiga', 'palabra', 'compañera', 'silencio']"
1777538892863856956,"['obesidad', 'enfermedad']"
1777533220893925477,"['ayuno', 'hábito', 'auto-pilot', 'sobrepeso', 'asesino']"
1777530475864596991,"['fatiga', 'exámenes', 'cuerpo', 'inflamación', 'grado', 'tiroiditis', 'obesidad', 'sobrepeso', 'cansancio', 'dolores', 'poco', 'alimentación', 'hilo']"
1777529236275757149,"['devoradores', 'información', 'ciclo', 'vez', 'dorso', 'mano', 'índice']"
1777528683080687721,"['comida', 'mierda', 'cosa', 'nuggets', 'papas', '60%', 'niñxs', 'obesidad']"
1777528629162864878,['problemas']
1777528131525411096,['m']
1777527499309629689,[]
1777523389931892771,"['vez', 'gente', 'sobrepeso', 'límite', 'mina', 'hermano']"
1777520558873149854,"['obesidad', 'enfermedad']"
1777519520103465019,"['anorexia', 'obesidad', 'trastornos', 'manera', 'cuerpo', 'persona']"
1777513463016833083,[]
1777506883865026721,"['hamburguesas', 'salchichas', 'panchos', 'epidemia', 'obesidad']"
1777490261574107361,"['persona', 'sobrepeso']"
1777489797998624935,"['hospital', 'cosa', 'centro', 'casa', 'cuadras', 'vete', 'cuerpo', 'perra', 'laburo']"
1777480942996652447,"['gente', 'sobrepeso', 'población']"
1777471267697762353,"['gente', 'formas']"
1777463708941246549,"['piernas', 'falta', 'comida', 'gordura', 'celulitis', 'realidad']"
1777461502481514754,"['razón', 'población', 'emoji', 'cara', 'boca', 'emoji']"
1777457245648765310,"['emoji', 'símbolo', 'mareo', 'emoji', ' ', 'artículo', 'genes', 'ambiente', 'personas', ' ', 'lectura', 'acceso', '\n', 'hashtag', 'conicet', 'hashtag', 'antropología', 'cienciaargentina']"
1777444524161167620,"['juventud', 'sobrepeso', 'tiempo', 'problemas', 'salud']"
1777430258389585995,"['prolongación', 'ayuno', 'estrategia', 'peso', 'tiempo', 'especie', 'sobrepeso', 'lado', 'peso', 'ayuno', 'pie', 'presión', 'lado', 'yo', 'sobrepeso', 'tema', 'presión', 'día', 'pie', 'respaldo']"
1777429561313046962,"['siglo', 'escalera', 'rampas', 'pisos', 'señaléctica', 'tipo', 'aulas', 'sonido', 'eco', 'dificultades', 'asientos', 'lista']"
1777427755610648608,"['precausion', 'sobrepeso']"
1777421265273225409,"['músculos', 'realidad']"
1777390715519001035,"['peso', 'idea', 'lugar', 'gente', 'jineteadas', 'madrugrada', 'organización', 'bobos']"
1777383423843160561,"['cabeza', 'verdad', 'caso', 'cara', 'grogui']"
1777368686354989468,[]
1777365189375267253,"['peso', 'programa', 'obesidad', 'polémicas']"
1777356487234306075,"['día', 'días']"
1777352229323669791,"['razón', 'chanchos']"
1780555094921986337,"['canción', 'atención', 'morsa']"
1780543126706204887,"['niños', 'actualidad', 'población', 'sobrepeso', 'obesidad']"
1780488762373361758,"['pelotuda', 'sida']"
1780477621651869933,"['bullyng', 'sobrepeso', 'chiste']"
1780462844451954841,"['cara', 'mina', 'peso']"
1780451005580132485,"['amigo', 'eso', 'manzana', 'emoji', 'emoji']"
1780428928965861426,"['gente', 'emoji', 'cara', 'emoji']"
1780424503144620510,['obesidad']
1780398715364131294,"['oc', 'furros', 'problemas', 'obesidad']"
1780395331684843565,"['ESTADO', 'kasta', 'politica']"
1780381904304320602,"['vida', 'marra', 'caniche', 'sobrepeso']"
1780377721190711798,"['TUNEL', 'SERENITOS', 'PUTA']"
1780362468323131470,"['mocos', 'palos', 'nena', 'pelotuda', 'tipa', 'huevadas', 'giles', 'sobrepeso']"
1780358845438566768,"['ejercicio', 'sobrepeso', 'ganancias', 'fuerza', 'escuálido', 'viento']"
1780347462835716443,"['gota', 'nada', 'derivados', 'masa']"
1780346038437437538,[]
1780344508397281296,"['obesidad', 'lanata']"
1780338284540883217,['sobrepeso']
1780335375942074650,[]
1780334309448077689,['argumento']
1780316553516351646,[]
1780311354198331603,"['olor', 'meo', 'gato', 'hamburguesa', 'pibe']"
1780306580967129264,['mamut']
1780291950177878314,"['medicamentos', 'obesidad', 'investigadores', 'vida', 'factores', 'personas']"
1780284192007291246,['obesidad']
1780262442959855722,"['silobolsa', 'gobierno', 'cosas']"
1780242602178068963,['obesidad']
1780230522435674542,"['día', 'hijo', 'cumpleañitos', 'plaza', 'zanahorias', 'arándanos', 'patria', 'potestad', 'felicidad', 'infancia', 'traumas', 'gordura', 'adulto']"
1780228754297463038,['obesidad']
1780226588304441610,"['obesidad', 'alegría', 'países', 'serenitos', 'azúcar', 'nenes', 'meses', 'vida', 'doritos', 'starbucks', 'paz', 's2']"
1780220288971489502,"['pacientes', 'drogas', 'obesidad', 'mano', 'índice']"
1780215623005376986,"['aplicaciones', 'práctica', 'clínica', 'videocámara', 'video', ' ', 'mano', 'índice']"
1780204713125802377,"['emoji', 'cabeza', 'parlante', 'emoji', 'temor', 'generación', 'niños', 'niñas', 'falta', 'nutrición', 'escuela', 'pobreza']"
1780193393278124370,"['dios', 'nivel', 'obesidad']"
1780178647116030292,"['hilo', 'personas', 'sobrepeso']"
1780035030271799405,"['emoji', 'círculo', 'amp', 'estrategias', 'ingesta', 'calórica', 'hilo']"
1780173920307429423,"['emoji', 'cabeza', 'parlante', 'sobrepeso', 'nutrición', '40%', 'niños', 'niñas', 'escuela', 'sobrepeso', 'obesidad', 'valor']"
1780170858230657240,"['gordura', 'enamoramiento']"
1780159286808613165,"['linea', 'orcos']"
1780087768363766246,"['costado', 'meses']"
1780067330510172268,"['jugador', 'fútbol', 'forma', 'obesidad']"
1780027595687403898,"['peso', 'peso']"
1780025198705598976,"['obesidad', 'enfermedad']"
1780021075406942573,"['cara', 'estás', 'problemas', 'obesidad']"
1780019789328527610,"['tratamiento', '45', 'madre', 'activistas', 'obesidad', 'esponja', 'salud']"
1780014658902012129,"['desastre', 'vez', 'cosas', 'info', 'mujer', 'joda', 'dedos']"
1779920813690372150,"['gordo', 'operador']"
1780009372350927155,"['ley', 'estudios', 'emoji', 'bandera', 'colombia', 'emoji', 'emoji', 'bandera', 'méxico', 'emoji', 'sistema', 'salud', 'dinero', 'obesidad', 'diabetes', 'productos', 'productos', 'excesos', 'azúcares']"
1780008616122015888,"['obesas', 'garrafa', 'cemento']"
1780007772903403948,"['hashtag', 'librerías', 'libro', 'personas', 'obesidad', 'riesgo', 'diabetes', 'poder', 'metabolismo']"
1780005007170900214,"['prom', 'magnitud', 'dispersiones', 'dominio', 'prom', 'peso', 'h', 'mundo)(prom', 'riqueza', 'sumo', 'bill', 'gates', 'pres', 'impos', 'c', 'mom', 'iva']"
1779974105590051299,"['bolas', 'piso', 'motivos', 'tweeter', 'gimnasia', 'forro']"
1779973873141768508,"['problema', 'pacientes', 'obesidad', 'síndrome']"
1779963497255731323,"['alianza', 'riesgo', 'mundo', 'países', 'adiposidad', 'cabeza']"
1779950111197438010,"['piel', 'cara']"
1779944246524645389,"['primito', 'hombre', 'remera', 'panza', 'cara', 'vergüenza']"
1779941987178963146,"['varón', 'chica', 'gordura', 'bola', 'grasa']"
1779936608835269055,"[' ', 'emoji', 'emoji', 'emoji', 'emoji', 'emoji', 'emoji']"
1779935495675421071,['sinónimo']
1779935437890503091,"['culo', 'población']"
1779930946810101951,"['tw', 'comida', 'serie', 'fondo', 'días', 'culpa', 'emoji', 'cara']"
1779928488167784597,[]
1779920590079414297,"['vez', 'fisico', 'gordura']"
1779920468738187276,"['motivo', 'pacientes', 'peso', 'perfil', 'dietas', 'carbohidratos', 'grasas', 'trabajos', 'médico', 'especialista', 'obesidad', 'tiempo']"
1779918700189000165,"['kioscos', 'escuelas', 'alimentos', 'sellos', 'documento', 'entidad', 'consumo', 'vínculo', 'aumento', 'obesidad']"
1779915738398044313,['razón']
1779912599569612824,[]
1779886901886865720,"['kgs', 'sobrepeso']"
1779882418054312106,"['problema', 'mundo', 'mayoría', 'población', 'exceso', 'hidratos', 'carbono', 'nó', 'grasas', 'exceso', 'pac', 'obesidad', 'ingesta', 'carbohidratos', 'peso', 'síndrome']"
1779872543135916101,"['sobrepeso', 'kg', 'empleada', 'XXL', 'totalidad']"
1781324773726798290,"['abordaje', 'peso', 'fármacos', 'hashtag', 'obesidad', 'paradigma']"
1781317937879482594,"['lucha', '\n', 'hashtag', 'hashtag', 'entornosaludable', 'hashtag', 'lucha', 'obesidadinfantil']"
1781307230412738623,"['autoestima', 'cerdo', 'emoji']"
1781305432566288717,"['lucha', 'obesidad', 'claves', 'entorno']"
1781285435378971037,"['gordura', 'negocio', 'transformaciones']"
1781278412067287130,"['ropa', 'obesidad', 'días', 'pollera']"
1781243899782050012,"['peso', 'obesidad']"
1781192051066904838,"['verso', 'obesidad', 'semana', 'cantidad', 'días', 'kg', 'mes', 'video']"
1781183991086727195,"['crack', 'emoji', 'risa', ' ', 'emoji', 'cara', 'risa', 'emoji', ' ', 'cara', 'payaso', 'emoji', ' ', 'cara', 'payaso', 'emoji']"
1781156044313370666,[]
1781155548043329703,"['chucha', 'madre', 'birria', 'ameba', 'dietético', 'pinga', 'sobrepeso']"
1781150626677702706,"['manzana', 'mierda', 'ansiedad', 'obesidad', 'choto']"
1781146706664407221,"['persona', 'persona']"
1781109469088301323,"['obesidad', 'emoji', 'risa', 'emoji']"
1781093551129948626,"['v', 'd', 'intersección', 'avenidas', 'automovilistas', 'seres', 'veredas', 'verg@usuario', 'reformas', 'país', 'issues', 'obesidad']"
1781086303301275675,"['forro', 'razón', 'personas', 'obesidad']"
1781019871410614724,"['persona', 'ansiedad', 'obesidad', 'día']"
1781081446511206604,"['90', 'oposición', 'vez']"
1781080015678927158,"['amigo', 'escaleras', 'cuadras']"
1781075922067603830,"['persona', ' ', 'emoji', 'calavera', 'emoji']"
1781073114190782700,"['ansiedad', 'obesidad', 'obesidad', 'comida', 'comida', 'comedor', 'fin', ' ', 'laburo']"
1781069211424498020,"['obesidad', 'enfermedad']"
1781063472228258094,"['día', '$', '$', 'ansiedad', 'obesidad', 'laburar', 'cuentas', 'tiempo', 'comida', '$', '$', 'tiempo', 'dope', 'emoji', 'emoji', 'emoji', 'flexionado', 'emoji', 'emoji', 'risa', 'emoji', 'emoji', 'risa', 'emoji']"
1781059358379384840,"['dinero', 'metabolismo', 'mierdas', 'ingreso']"
1781048989506293953,"['lesbiana', 'travesti', 'hombre', 'mujer', 'barbas', 'caras', 'colores', 'piel', 'mentira', 'opción', 'avatar']"
1781044976056439053,"['40', 'obesidad', 'enfermedad', 'sida']"
1781039018148335964,"['cgt', 'orcos', 'sobrepeso', 'personas', 'características', 'cgt']"
1781037443388494305,"['obesidad', 'enfermedad', 'mierda']"
1781009228292878612,"['momento', 'peso']"
1780998003798454442,"['periodista', 'vergüenzas', 'primate']"
1780992995740815569,"['pobreza', 'obesidad', 'mente', 'monedas', 'oro', 'peso']"
1780987540012503533,"['riesgo', 'padecer', 'obesidad', 'hipertensión', 'cáncer', 'diabetes', 'aprobación', 'ley', 'guatemalasaludable', 'etiquetado', 'derecho']"
1780984847604895830,['sobrepeso']
1780968737702604896,"['obesidad', 'falta', 'yodo']"
1780968686586597380,"['culpa', 'gordura', 'tia', 'novio', 'panadería', 'lado', 'facturas']"
1780958205692317742,"['países', 'tasa', 'obesidad', 'región', 'gente', 'gente', 'cara']"
1780937682174054725,"['vida', 'años', 'hábitos', 'actividad', 'vida', 'kg', 'años', 'kgs', 'kg', 'día', 'día']"
1780926751666737262,"['faso', 'ciervo', 'concha', 'baño']"
1780925928643670425,"['huesos', 'reformas', 'pais', 'huevos', 'kukas', 'pija', 'culo', 'teta']"
1780900979145126203,"['microbiota', 'microorganismos', 'especies', 'bacterias', 'desequilibrio', 'población', 'bacteriana', 'riesgo', 'obesidad', 'diabetes', 'enfermedad']"
1780828857756422468,['curros']
1780813893905916290,"['verificación', 'celiaquía', 'marca', 'verificación', 'diabetes', 'marca', 'verificación', 'obesidad', 'años', 'reclamos']"
1780794004340089171,['violin']
1780791137357205915,"['humor', 'obesos']"
1780784454060912766,['obesidad']
1780783250933223538,"['nigger', 'plate', '11', 'fechas', 'solari', 'tecnico', 'hijo', 'puta']"
1780779581563125872,"['obesidad', 'influencers', 'obesidad', 'salud', 'cosa', 'maravilla']"
1780763079447359887,"['obesidad', 'videos', 'bestia']"
1780748941660680234,"['cuñado', 'perro', 'sobrepeso']"
1780745741842989431,['perros']
1780741551179632839,"['che', 'alimento', 'carne', 'verduras', 'problemas', 'monton', 'balanceado', 'gatos', 'obesidad', 'carbohidratos']"
1780734530602611044,"['enfermedad', 'medida', 'compromiso', 'psi', 'goce', 'porej', 'obesidad', 'anorexia', 'adicciones', 'cáncer', 'princio', 'placer']"
1780730286499856873,"['sobrepeso', 'hinchazón', 'corticoies']"
1780726979827794111,"['hashtag', 'librerías', ' ', 'libro', 'personas', 'obesidad', 'riesgo', 'diabetes', 'hashtag', 'poder', 'metabolismo']"
1780719588751089872,[]
1780706237317095819,"['sobrepeso', 'travelos', 'carnaval', 'veces', 'muerto', 'racismo']"
1780693605444956403,"['hs', 'miércoles', '\n\n', '\n \n\n', 'tratamiento', 'formación', 'cuidados', 'voz', 'prepagas', 'atención', 'extranjeros']"
1780693399718289439,[]
1780693080363909604,['cachas']
1780683395116282013,['otaku']
1780681533927436558,"['cargo', 'atención', 'interacciones', 'pena', 'pig', 'ogt', 'adiposidad', 'mango']"
1780677402324058364,"['obesidad', 'enfermedad', 'gordura', 'resultado', 'enfermedad']"
1780654534722793605,"['meses', 'risa', 'KILO', 'QUESO', 'RATO', 'CHANCHO']"
1780653807409549680,"['downgrade', 'aspecto', 'señor', 'granjero', 'sobrepeso', 'padre', 'camino', 'comentario', 'décadas']"
1780649132564037800,"['complejo', 'nariz', 'gordura']"
1780608056054673458,"['populismo', 'adiposidad', 'senos', 'panza']"
1780603179220263411,"['hombre', 'gordura', 'cabeza']"
1780602239653994532,"['factor', 'sobrepeso', 'nabo']"
1780594223810830684,"['hs', 'obesidad', 'tratamiento', 'formación', 'cuidados', 'voz', 'aumento', 'prepagas', 'atención', 'extranjeros']"
1780588925582483842,"['personas', 'obesidad', 'video', 'personas']"
1783172745062175014,"['años', 'insultos', 'papel', 'súper']"
1783172528757686532,[]
1783169272891486632,['2x3']
1783152492986937443,"['decadas', 'mundo', 'suerte', 'personas', 'cuerpo', 'salud', 'cerebro', 'moda', 'obesidad']"
1782932872883536119,[]
1783141836711764239,"['escucha', 'comunicación', 'mujer', 'marcha', 'redes', 'mujer']"
1783136731446829141,"['cuenta', 'persona', 'grasa', 'masa', 'muscular', 'sobrepeso']"
1783135120695656612,"['autista', 'escuela', 'vez', 'sociedad', 'niño', 'niño', 'golpes']"
1783131180411286003,"['pata', 'panza', 'lados', 'grasa', 'hígado', 'cel', 'insuficiencia', 'órgano', 'comilonas', 'páncreas', 'gordura']"
1783129206500515955,"['suéter', 'obesidad']"
1783121249046061183,"['ojo', 'sobrepeso', 'momento']"
1783112652010467563,[]
1783112168746922244,"['curso', 'obesidad']"
1783105945062498705,"['león', 'rata', 'animales']"
1783076414440304910,"['marcha', 'derecho', 'años', 'libertad', 'casa', 'culo', 'sillón']"
1782992359988318690,[]
1782949064729845936,"['gente', 'caraduras', 'emoji', 'cara', 'símbolos', 'boca', 'cara', 'símbolos', 'boca']"
1782941039168282760,"['corazones', 'país', 'proporción', 'jóvenes', 'porreros']"
1782938517976322549,"['lucha', 'obesidad', 'claves', 'entorno', 'través']"
1782937002968580242,[]
1782918768584237348,"['cara', 'hijo', 'hermanos']"
1782917531281334328,"['defensor', 'paja', 'lateral', 'sobrepeso']"
1782891207384875513,['perra']
1782878999368061035,['mogolico']
1782878520084971662,['amigo']
1782867451283193941,"['sobrepeso', 'gorrita', 'secundario', 'orientacion', 'artes', 'fotos', '17']"
1782837525024776302,"['amigos', 'mamá', 'hueco', 'fiscal', 'jóvenes', 'protestas', 'clan', 'golfo', 'parte', 'país', 'paro', 'ladrón']"
1782836274249736242,"['patys', 'arterias', 'tetón']"
1782835679233220701,[]
1782834297709170966,"['demencia', ' ']"
1782798974090440718,"['gordura', 'huevo', 'belleza', 'estándar', 'forma', 'modo', 'enfermedad', 'vision', 'belleza']"
1782798935003713656,[]
1782737341825622123,"['mañana', 'pelotudez', 'obeso', 'portero', 'lado', 'pollo', 'spiedo', 'día', 'arterias', 'pajero', 'mierda']"
1782735712548192445,"['hijos', 'putas']"
1782660697446350929,"['miedo', 'cuenta', 'furia', 'gente', 'mogolicos', 'compañeros', 'salud', 'cata', 'agos', 'hermano']"
1782658625799868714,"['furia', 'obesos', 'salud', 'compañeras', 'hermano']"
1782600298097188942,"['chubby', 'cuerpo', 'sobrepeso']"
1782584483872383099,['gata']
1782584347184263209,"['gordura', 'bigbang', 'choque', 'tetas']"
1782582797200396452,"['arroz', 'fideos', 'plata', 'VERDURAS']"
1782577027914010669,"['gordo', 'centenario', 'santanna']"
1782572203294216477,"['CHICO', 'buscador', 'publicaciones', 'velez']"
1782572089293025489,[]
1782562017393385653,"['pacientes', 'asma', 'obesidad', 'jajaj']"
1782547753945440465,"['obesidad', 'trastorno', 'salud']"
1782545103292084710,"['colisión', 'entrevista', 'hábitos', 'dietas', 'moda', 'invitación', 'partir', '1h', 'minutos']"
1782523804494831665,"['emoji', 'camión', 'emoji', '  ', 'RUTAS', 'TONELADAS', 'SOBREPESO', '\n\n', 'unidad', 'operativo', 'control', 'pesaje', 'altura', 'autopista|']"
1782496206360310247,"['verdad', 'tipo', 'casos', 'nicho', 'instagram', 'comunidad', 'CANDIDA', 'OBESIDAD', 'RESISTENCIA', 'INSULINA', 'pan', 'día', 'tema', 'dietas']"
1782479376174420090,"['paciente', 'obesidad', 'diabetes', 'control', 'asma', 'meprednisona', 'corticoide', 'cuenta', 'meses']"
1782477532194877862,"['genes', 'tendencia', 'gordura']"
1782474251229888516,"['gordura', 'hinchazón']"
1782473052267184408,[]
1782464459497197702,"['camión', 'récord', 'exceso', 'carga', 'toneladas', 'sobrepeso']"
1782459998485831983,"['orto', 'pedazo']"
1782447206319988944,"['obesidad', 'celular', 'poder', 'gana', 'mogolica', 'locals', 'libro', 'simio', 'vez']"
1782440637884670227,"['camión', 'récord', 'sobrepeso', 'toneladas']"
1782433036346253508,"['sobrepeso', 'montón', 'razones']"
1782426220405092810,"['peso', 'vida', 'respuesta', 'calorías', 'excusas', 'forma']"
1782425868695921112,"['epidemia', 'obesidad', 'nivel']"
1782417032346046852,"['persona', 'sobrepeso', 'aviso']"
1782409994035483088,[]
1782405886507409884,"['casualidad', 'semanas', 'gol', 'soretes', 'chavo', 'pus', 'enano', 'cáncer']"
1782403695575195674,"['asco', 'obesas']"
1782388573582266562,"['amigo', 'paja', 'tema', 'ropa', 'caderas', 'talle', 'corpiño']"
1782380856130130185,[]
1782369943402561769,[]
1782321083481276537,['warzone']
1782295167682162739,"['cama', 'comida']"
1782274919742464475,"['semana', 'semana', 'pasto', ' ', 'emoji', 'pulgar', 'emoji']"
1782252674685043139,"['hijo', 'puta', 'burro', 'colombiano', 'falopa']"
1782252218193702941,"['gimnasio', 'seguidores', 'sobrepeso', 'fama', 'caída']"
1782246982087487866,"['hermana', 'gemela']"
1782234131990008045,"['tws', 'likes', 'persona', 'sobrepeso']"
1782204409276998089,"['cuerpo', 'ligamentos', 'músculos', 'rodillas', 'orientación', 'entrada', 'persona', 'hombros', 'emoji']"
1782175933912269165,"['azúcar', 'problemas', 'salud', 'diabetes', 'obesidad', 'salud', 'receta', 'personas', 'hipoglucemia']"
1782165405148049630,"['actualidad', 'consumo', 'pan', 'orgullo', 'costumbre', 'panza', 'pan', 'vez', 'índice', 'obesidad', 'cultura']"
1782162642989097237,"['manga', 'pancho']"
1782162198644580699,['vaca']
1782161900026876313,"['trola', 'tronchatoro', 'hija', 'puta', 'vez', 'panchos', 'pelota', 'rabia', 'arterias', 'concha', 'madre(todo', 'amor', 'emoji', 'beso', 'emoji', 'manos', 'corazón']"
1782146797567123490,"['FLECHA', 'ORTO']"
1782143056138916031,[]
1782134379877171652,"['abuso', 'sobrepeso']"
1782120526766330175,"['vieja', 'chipaguazu', 'bandeja']"
1782119003848085603,['mina']
1782079459882897677,"['boluda', 'kirchnerismo', 'años', 'pauta', 'montaña', 'adiposidad']"
1782015089366761938,"['podcast', 'gordura']"
1781870295768264734,"['vez', 'crisis', 'lado', 'terapia']"
1781862489858142539,['obesito']
1781857511278072203,"['geta', 'muñeca', 'imbécilll', 'culo', 'fútbol', 'TV', 'tetas', 'plata', 'burra']"
1781855767231881237,"['bouzat', 'jugador', 'sobrepeso']"
1781836827457958361,"['chistes', 'sobrepeso']"
1781821115578355718,['emergencia']
1781812731290456475,"['obesidad', 'factor', 'riesgo', 'casos']"
1781788914191045111,[]
1781782446045811113,[]
1781781034326974849,[]
1781773100482224474,"['sobrepeso', 'pantalla', 'piel', 'emoji']"
1781767131740111047,"['explicación', 'cogehermana', 'duende', 'novia', 'papada', 'sobrepeso', 'pelotudez', 'oposición', 'nivel']"
1781747715115725049,"['cuerpos', 'caca']"
1781728125711216801,[]
1781695825036394879,"['locura', 'país', 'razón']"
1781695666009391257,"['acolchado', 'PESOS', 'MES', 'ALQUILER']"
1781693836537831587,"['caridad', 'casa', 'sobrepeso', 'pataletas', 'higado', 'heroina']"
1781657227801092268,"['años', 'pisada', 'pais', 'bandas', 'plataforma', 'desarraigo', 'tiempo', 'fenómeno', 'falta', 'internet', 'incapacidad', 'gestión']"
1781595688242913722,"['gordura', 'años', 'diferencia', 'cuello', 'comentarios']"
1781592090985525670,"['lugares', 'cantidad']"
1781512947413418216,['gato']
1781509994464125017,['obesidad']
1781487363237073349,['kilos']
1781474237976379514,"['mezcla', 'envidia', 'gente', 'obesidad', 'dedos', 'talleres', 'fanática']"
1781472848336371870,"['problema', 'caso', 'cuerpo', 'obesidad', 'desnutrición', 'anorexia', 'mambo']"
1781463275269411007,"['movilidad', 'kilos', 'sillón', 'elemento', 'agua']"
1781461864540520648,"['camión', 'senador']"
1781454721917518032,['aterosclerosis']
1781437467205173329,"['Dios', 'gordura', 'vueltas']"
1781435719606546676,"['obesidad', 'concierto', 'hashtag', 'karol', 'g', 'requisito', ' ', 'emoji', 'cerdo', 'emoji', ' ', 'música']"
1781431657968333305,"[' ', '  ', 'emoji', 'charlas', 'magistrales', ' ', 'profesional_de_la_tecnología', ' ', 'procedimientos', ' ', 'estetoscopio', 'en', 'éxito', 'símbolo_de_medicina', 'emoji', ' ', 'hospital|']"
1781422843290362328,"['viaje', 'obesidad', 'aroma', 'pan', ' ', 'emoji', 'cara', 'ojos', 'emoji']"
1781398881663598940,[]
1781383896065626411,"['pana', 'tornillo', 'lente', 'zancudo', 'pana', 'cara', 'dientes', 'chupacabra', 'dama', ' ', 'obesidad', 'labios', 'jetonina', 'chica', 'belmontdonguero', 'abuso', 'muchacho', 'cara', 'ojos', 'espiral']"
1781365256972853670,"['libras', 'título', 'deportista', 'elite', 'sobrepeso', 'pesaje', 'papelón', 'influencer', 'pasado', 'boxeo', 'presente', 'futuro']"
1781363327442067755,"['libras', 'sobrepeso', 'pesaje', ' ', 'libras', 'balanza', ' ', 'emoji', 'cara', 'emoji', ' \n', 'libras', ' ', 'balanza', ' \n', 'mano', 'apuesta', ' ', ' ', 'libra', 'sobrepeso', '\n', 'garcia']"
1781363169899807169,"['favor', 'obesidad', 'mierda']"
1781358016337518957,"['tema', 'obesidad', 'sistema', 'tipo', 'jefe', 'MARINERA', 'MAÑANA']"
1781354085439996178,"['sobrepeso', 'ojo', 'tema', 'hecho', 'peso']"
1781346324870320631,['obesidad']
1781339028630999545,"['charla', ' ', 'cabeza', 'parlante', 'emoji', ' ', 'magistral', 'técnica', 'bariátrica', ' ', 'estetoscopio', 'emoji', ' ', 'pacientes', 'hotel', ' ', ' ', 'símbolo']"
1781337978440221129,"['persona', 'adiccion', 'centro', 'estructura', 'conductismo', 'centros']"
1781333016977027224,"['choferes', 'ventanilla', 'encomiendas', 'buches', 'micro']"
1781331659620552752,"['obeso', 'seleccionado', 'población']"
1781327833152790932,"['médicos', 'pacientes', 'peso', 'medicamento', 'obesidad', 'punto', 'inflexión', 'ciencia', 'práctica', 'obesidad']"
1783186764154482939,"['marcha', 'sindicalistas', 'cadáveres', 'enemigo', 'líneas']"
1784913744264298982,"['amigo', 'amigo', 'amigo', 'amigo', 'mina']"
1784897343642362347,"['final', 'colectivero']"
1784891409331355898,"['economía', 'cáncer']"
1784868547367252239,"['idiotas', 'persona', 'montón', 'mente', 'formas', 'vocabulario', 'gordura']"
1784831433866875014,"['kilos', 'sobrepeso', 'sobrepeso']"
1784826320796434437,[]
1784798790861328817,[]
1784783228529787362,"['VIEJA', 'SOBREPESO']"
1784773018092245381,"['idea', 'hecho', 'capítulo', 'pedazos', 'flaco', 'travesti', 'acosadora', 'mordida']"
1784757451251736688,[]
1784756802791346662,"['cámara', 'costado', 'indicaciones', 'brazo', 'cara', 'ojos', 'emoji', 'país']"
1784751012558880961,"['nutri', 'dolor', 'rodillas']"
1784741973217206640,"['marrón', 'OBESO', 'arteria']"
1784733934187696506,"['opinólogo', 'opulencia', 'mundo', 'compatriotas', 'mierda', 'parte', 'vida', 'final', 'camino']"
1784723874841555275,"['epidemias', 'obesidad', 'cáncer', 'lista', 'patologías']"
1784710448010379442,"['leyendas', 'hijos', 'puta', 'cara', 'pañales']"
1784698365877404061,['bruja']
1784680094574809385,"['error', 'sociedad', 'sobrepeso']"
1784612139723829255,['sobrepeso']
1784608559587614991,"['chinchulines', 'dorar', 'soplete', 'repostería', 'nivel', 'creatividad', 'obesidad', 'resolución', 'plano']"
1784603524329787773,"['bocón', 'monta', 'meniscos', 'kgs', 'sobrepeso', 'gimnasia', 'camisa', 'emoji', 'risa', 'emoji', ' ', 'emoji', 'risa', 'emoji', ' ', 'emoji', 'risa', 'emoji']"
1784575316163207456,"['sobrepeso', 'valija', 'día']"
1784484872288915892,"['familiar', 'evento', 'amiga', 'comentarios', 'chica', 'gordura', 'celulitis', 'furia']"
1784448421870313683,['odio']
1784442370659958792,"['orto', 'tetón', 'pedazo', 'concha', 'madre', 'silla', 'pc', 'mierda']"
1784401662993379409,[]
1784397837490434340,"['peluquera', 'tijera', 'peluquero', 'cuello', 'dentista', 'dientes', 'nutricionista', 'obesidad', 'rubro']"
1784396231709450540,"['kg', 'familiar', 'meses', 'ozempic', 'mate']"
1784389814969643320,['pais']
1784384325460398340,"['palabra', 'obesidad']"
1784381583652204740,"['cáncer', 'comparación', 'economía']"
1784369995436191955,"['comida', 'alcance']"
1784368229009301782,"['foto', 'pilcha']"
1784366981640028213,"['estatura', 'promedio', 'especialidad', 'destino']"
1784355227367284743,"['ladrones', 'casta']"
1784347934831575539,"['licenciado', 'filósofo', 'profesor', 'historiador', 'aserrín', 'pan', 'gordura', 'hinchazón', 'aro', 'aro', 'aro', 'ojos', 'emoji', 'ojos', 'emoji']"
1784340452851749326,"['sobrepeso', 'cana']"
1784335289248297356,"['traje', 'gatubela', 'cuerpo', 'gato']"
1784326627381391619,"['bombonería', 'lado', 'sobrepeso', 'negocios']"
1784291120706384186,"['hueso', 'plata', 'madre', 'boludeces', 'vez']"
1784290503296479684,"['día', 'sobrepeso']"
1784279269834691054,"['CEO', 'círculo_rojo', 'economía', 'cáncer', 'políticas', 'militancia']"
1784275567636086806,"['tecnología', 'congelación', 'grasa', 'forma', 'adiposidad', 'zonas', 'abdomen', 'flancos']"
1784241925433807211,"['kg', 'problemas']"
1784241922766188788,"['belleza', 'sobrepeso', 'vias']"
1784239732970373505,"['comida', 'twitter', 'tiktok', 'instagram']"
1784229616544276960,"['situación', 'deportista', 'vez', 'mundo', 'cáncer', 'sida', 'ajuste', 'país', 'alcohol', 'drogas']"
1784226443410411563,"['cancer', 'sida', 'obeso']"
1784225080152670522,"['segundo', 'declaraciones', 'economía', 'personas', 'VIH', 'pacientes']"
1784221370768855431,"['corazón', 'ojos', 'corazón']"
1784208867166949674,[]
1784193456333533407,"['muñecas', 'peso', 'muñecas', 'chicas', 'sobrepeso', 'grasa', 'conchuda']"
1784149722027942154,"['diagnóstico', 'economía', 'paciente', 'cáncer', 'obesidad']"
1784066155524636812,"['hipersensibilidad', 'lugar', 'obesidad', 'beneficio', 'deportista', 'salud']"
1784056671913852955,"['cine', 'cambio', 'película', '1200', 'cine']"
1784050732166987789,"['capitalista', 'obesidad', 'enfermo', 'enfermos', 'cáncer']"
1784048144570855487,"['catador', 'glandes']"
1784039970602135719,"['opciones', 'gimnasio', 'liposucción']"
1784034649917817151,"['opinion', 'persona', 'afro', 'desgracia', 'mujeres', 'carga', 'espacios']"
1784029786433544449,"['sesión', 'amp', 'bandera', 'charla', 'CV', 'workshops', 'debate', 'equipo']"
1784016479412797597,['muñeco']
1784014458194444717,"['palos', 'año', 'padres']"
1784012891923816909,"['emoji', 'luces', 'policía', 'economía', 'derecha', 'fundador', 'deportista', 'drogas', 'cáncer']"
1784011398839681146,"['emoji', 'diagnóstico', 'economía', ' ', 'fundador', 'Mercado', 'deportista', 'drogas', 'cáncer', 'televisión']"
1784009583695921335,"['economía', 'argentina', 'cáncer']"
1784006740440490113,"['cáncer', 'economía']"
1784005771241410623,"['atención', 'chica', 'ministros', 'as', 'Dios']"
1784003957091668382,"['drogas', 'gobierno', 'padecimientos', 'cáncer', 'bromas', 'payaso', 'disculpas']"
1784000482920276168,"['declaraciones', 'dueño', 'situación', 'deportista', 'cáncer', 'analogías', 'representación', 'personas', 'problemáticas', 'salud', 'discriminación', 'utilización', 'metáforas', 'camino']"
1783998584448266526,"['anticonceptivas', 'agosto', 'paraíso', 'momento', 'pelado', 'acné', 'energía', ' ', 'cara']"
1783997458562838897,"['economía', 'cáncer', 'notas', 'ECONOMIST', 'conclusiones', 'cara', 'ojos']"
1783995534426136852,"['economía', 'paciente', 'cáncer', 'sida']"
1783994394082758935,"['lado', 'tratamiento', 'celulitis', 'adiposidad', 'postres', 'emoji', 'cara', 'mano', 'boca', 'emoji']"
1783991121930031367,"['mercado', 'vez', 'economía', 'cáncer']"
1783989418518294713,"['emoji', 'luces', 'policía', 'emoji', 'país', 'drogas', 'cáncer', 'acuerdo', 'frase']"
1783988311817605293,['hipopótamo']
1783980369190002951,"['cáncer', 'razón', 'generaciones', 'enfermedades', 'países', 'enfermedades', 'obesidad', 'producto', 'comida', 'chatarra', 'sedentarismo']"
1783968964680331676,['tortas']
1783967669667934225,"['periodista', 'papelitos']"
1783967434128392570,"['código', 'baires', 'dueño', 'descripción', 'economía', 'paciente', 'cáncer']"
1783962319430602758,"['economía', 'paciente', 'cáncer', 'sida', 'obesidad']"
1783959886193119729,"['virgos', 'amigos', 'miedo', 'preguntas']"
1783953790430851390,"['economía', 'deportista', 'vez', 'mundo', 'adicto', 'drogas', 'cáncer', 'sida', 'vida', 'depresión', 'fracaso', 'hijos']"
1783897592427851959,"['país', 'drogas', 'cáncer']"
1783952420768276761,"['obesidad', 'muchacho', 'tw', 'derecho', 'peso']"
1783950507070939202,"['metáfora', 'persona', 'cáncer']"
1783942836741652733,"['enfermedades', 'ejemplo', 'HIV', 'responsabilidades', 'conductas', 'conductas', 'implicado', 'obesidad']"
1783939618146025566,"['deportista', 'pesos', 'ganancias', 'hdp']"
1783932386708726003,"['obeso', 'kg']"
1783931446501028054,['parte']
1783927975244701763,[]
1783925214893551883,"['obesidad', 'jugador', 'play', 'movil']"
1783921762561839253,"['bolsillos', 'dinero', 'ganancias', 'SOR']"
1783919796540538956,"['detención', 'exceso', 'cargas', 'toneladas', 'sobrepeso', 'nota', 'gt;&gt', '\n\n', 'transporte', 'aires', 'hashtag', 'sociedad']"
1783912888723230751,"['subsidios', 'cáncer', 'obesidad']"
1783908491133960516,"['economía', 'deportista', 'mundo', 'drogas', 'cáncer', 'nivel', 'crueldad', 'debate', 'dirigencia', 'emoji', 'bandera']"
1783906070093549709,"['luz', 'esperanza']"
1783890221131604068,"['mano', 'economía', 'subsidios', 'PLAN', 'Mercado']"
1783884294152163577,"['empresarios', 'mitad', 'tabla', 'cuna']"
1783882863286374644,"['fabra', 'puta']"
1783882608608178255,"['tipo', 'argentina', 'medallas', 'cambio', 'alcahuete', 'afip', 'competencia']"
1783862584258478364,"['economía', 'deportista', 'vez', 'mundo', 'adicto', 'drogas', 'cáncer', 'sida']"
1783858779630534914,"['gordura', 'delirio', 'pelotudo']"
1783837155628048827,"['cara', 'nerd', 'fan', 'cómics', 'obesidad', 'pibe', 'virgo']"
1783714627345379436,"['economía', 'deportista', 'vez', 'mundo', 'adicto', 'drogas', 'cáncer', 'sida']"
1783690275480584373,"['humedad', 'sobrepeso']"
1783678680113320062,"['especie', 'hijo', 'puta', 'forro']"
1783678541684507058,"['men', 'montón']"
1783677746176029176,"['concha', 'madre', 'suplentes', 'altura', '\n\n', 'foca', 'hija', 'puta', 'jugador', 'fútbol', '3', 'negociado', 'basura', 'alopecia']"
1783672551232692731,"['colombiano', 'veda', 'cuenta', 'culpa', 'color', 'resto']"
1783670243375595849,[]
1783668629327737046,"['dignidad', 'renuncia', 'foca', 'sobrepeso']"
1783667272839573897,"['personal', 'camilla', 'partidos', 'tipos', 'sobrepeso', 'vida', 'campo', 'alma']"
1783666781392863441,[]
1783662180732178547,"['mina', 'personas', 'obesidad', 'mujeres', 'problema', 'verdad']"
1783661852020420795,"['obeso', 'player']"
1783659684177535215,"['fabra', 'obesidad', 'ojos']"
1783650273820385467,"['obesidad', 'palabra', 'fabra', 'definición']"
1783649512210223200,"['barco', 'obesos', 'fan']"
1783632617553707029,"['mentalidad', 'crack', 'muñoz']"
1783627135392825507,"['días', 'cardio']"
1783620676693151959,"['morbo', 'formas', 'lástima', 'mentes']"
1783614759788785671,"['señora', 'años', 'rango', 'obesidad', 'mujer', 'años']"
1783604691974160441,"['adiposidad', 'pectoral']"
1783593912893882795,"['defensor', 'representantes', 'sindicalistas']"
1783576915120451649,"[' ', '\n', 'el', '\n\n ', 'calendario', 'recortable', '10/6', '30/9', '\n ', 'reloj', 'despertador', 'emoji', '(', 'bandera', 'emoji', 'emoji', 'ordenador', 'portátil', 'emoji', 'emoji', 'emoji', ' ', 'info', ' ', 'emoji', 'dorso', 'de', 'mano', 'índice', 'mano', 'índice']"
1783567565714756000,"['CERDOS', 'CEREBRO', 'vez', 'coche', 'carril', 'linea']"
1783553382097080326,[]
1783537443808882733,"['profesores', 'gym', 'objetivo', 'gym', 'gordura', 'fin', 'joya']"
1783533177207771351,[]
1783521286548783144,"['mina', 'sobrepeso', 'barra', 'ancho', 'peuchele']"
1783505046577013189,"['30', 'arrugas', 'sobrepeso', 'cuerpo']"
1783459992676278598,"['cuenta', 'jugador', 'risa', 'cosas', 'terreno', 'juego']"
1783453266753265968,"['grasa', 'metro', 'tobillo', 'sobrepeso']"
1783443914403258697,[]
1783339198717513994,"['mimos', 'bolsita', 'gordura', 'lugarcito', 'mundo', 'mascota', 'gatos', 'casa']"
1783337453618704461,"['amigo', 'momentos', 'obesidad']"
1783322958401798410,"['día', 'aword', 'gente', 'verdad']"
1783321959113138471,"['cupo', 'plantel', 'manos', 'emoji', ' ', 'emoji', 'manos', ' ', 'emoji', 'manos']"
1783314851609166059,['estado']
1783306903302365687,"['genialidad', 'cementerio', 'canelones', 'gordura', 'maldad', 'falta', 'pito']"
1783305116159762491,"['redes', 'obesidad']"
1783295359059398798,['hedor']
1783293041823916454,"['hambre', 'mayoría', 'extranjeros', 'países', 'orígen']"
1783277650481467548,['kilos']
1783263486102978749,"['visión', 'alimentación', 'jaque', 'recomendaciones', 'alimentación', 'mundo', 'COSA', 'OBESIDAD', 'PATOLOGÍAS', 'AUMENTO']"
1783261336719249444,"['descanso', 'carajo', 'años']"
1783250047045374407,"['emoji', 'emoji', '5', 'mayo', 'cupos', 'caninos', 'emoji', 'cara', 'perro', 'emoji', ' ', 'felinos', ' ', 'emoji', 'cara', 'gato', 'emoji', 'animales', 'celo', 'sarna', 'peso', 'meses', 'gatos', 'machos', 'meses', 'hembras', 'secreción', 'vulvar']"
1783246997987676579,"['persona', 'obesidad', 'diabetes', 'tipo', 'fumador', 'insuficiencia', 'vida', 'tiempo', 'cambio', 'minutos', 'dia']"
1783243175290663392,"['VERIFICADO', 'VUELTA', 'MANGA']"
1783234177946538112,"['parte', 'planeras', 'trolas', 'peronistas-kirchneristas']"
1783229714930233515,"['imagenes', 'marcha', 'vez', 'pregunta', 'planteo', 'tortas', 'serie', 'requisitos', 'cara', 'náuseas']"
1783202429518991857,"['karma', 'marica', 'conurbano', 'gracia']"
1783202254314504490,"['decisión', 'crianza', 'niño', 'obesidad', 'mayoría', 'veces', 'alimentos', 'padres', 'seguimiento', 'pediatra']"
1783197741947949251,"['mensajes', 'complejos', 'suerte', 'terapia', 'PATRIA', 'puño']"
1783190417380393408,"['hashtag', ' ', 'emoji', 'lucha', 'hashtag', 'obesidad', 'claves', 'entorno', '\n\n ', 'chincheta', 'emoji', 'obesidad', 'sobrepeso', 'epidemia', 'niños', 'emoji', 'eslabón|+Info']"
1786062275415048643,"['postres', 'obesidad']"
1786028726557319173,"['cultura', 'país', 'tasa', 'obesidad']"
1786025712425595046,"['ventilador', 'caca', 'lados']"
1785851709320757292,"['chocolate', 'país', 'pesos']"
1785892575871631475,['dbz']
1785868326247305693,"['sobrepeso', 'pecho', 'emoji', 'aureola', 'emoji']"
1785854169041002662,"['pija', 'terror', 'milanesas', 'toque', 'microinfarto', 'mierda']"
1785832967379554544,"['argumentos', 'recurris', 'cuerpo', 'risa', ' ', 'mujer', 'virgo']"
1785816388487053678,['sobrepeso']
1785794380810334338,"['interna', 'cargo', 'trabajadora', 'sueldo', 'prostituta', 'llegada', 'senadores', 'higiene', 'paja']"
1785773714589495767,"['opinion', '1,50']"
1785766631345357241,"['23', 'kilos', 'sobrepeso', 'emoji']"
1785765231534186772,[]
1785764654901272697,['comunista']
1785758403467313631,"['veces', 'takito', 'sobrepeso', 'balanza']"
1785755168899768650,"['problema', 'gente', 'problemas', 'sobrepeso', 'alimentación', 'fuente', 'satisfacción', 'satisfacción', 'cosas', 'alimentación', 'satisfacción']"
1785744044426932332,"['deditos', 'pantalla', 'amiga', 'twitter', 'rato', 'vida']"
1785733354911920190,"['estado', 'gente', 'idea', 'ineptos', 'burbuja', 'balcazar', 'tía', 'billete', 'resumen', 'CULPA']"
1785732295917207638,[]
1785720825938591880,[]
1785714934229209532,"['cuenta', 'persona', 'índices', 'obesidad', 'hidrato', 'conciencia']"
1785673277551390919,"['verde', ' ', 'emoji', 'piña', 'emoji', ' ', ' ', 'emoji', ' ', 'emoji', '\n', 'curso', 'tiempo', ' ']"
1785662660563832944,"['pelada', 'telefe', 'bolsillos', 'votos', 'fandom']"
1785620074667147585,"['trabajo', 'vez', 'hijos', 'personas']"
1785611351051714731,"['requisitos', 'puesto', 'obeso', 'snacks']"
1785563333212459397,"['psicotécnico', 'nación', 'problema', 'chango', 'yanki', 'sobrepeso', 'valija']"
1785560408197091691,"['grasa', 'neuronas']"
1785539500266967133,"['cucaracha', 'niños', 'chaqueños', 'consecuencias', 'obesidad']"
1785526420392886631,"['9009', 'vez', 'teléfono', 'bros', 'bronca', 'obesidad', 'hermano', 'furia']"
1785517256505479517,"['macrista', 'aspecto', 'linyera', 'dentadura']"
1785487525051584734,"['parte', 'reforma', 'quintita', 'lucha', 'sabiduría', 'rosquera', 'falta', 'foto', 'coso']"
1785476399110783384,"['CLON', 'HERMANO', 'FAMILIA', 'PORONGAAA']"
1785476099780055181,"['uña', '\n', 'calzón', '\n', 'diabetes', 'combos']"
1785427962457690161,['SOBREPESO']
1785424504790880305,['cuerpo']
1785405454165647745,"['idea', 'mundo', 'estilo', 'ropa']"
1785395619877589081,['gordura']
1785391876004037062,[]
1785385488209076344,"['historial', 'personas', 'obesidad', 'nacionalidad']"
1785362595446194496,"['hombres', 'sobrepeso', 'obesidad', 'familia']"
1785351763932934414,"['sobrepeso', 'carácter']"
1785348692997746926,"['jefe', 'jeropa', 'personal']"
1785342246172205113,"['ignorancia', 'consumo', 'drogas', 'sobrepeso']"
1785334622055772257,"['persona', 'banca']"
1785320264852533306,"['suplente', 'obeso']"
1785317114946994271,"['gente', 'sobrepeso', 'obesidad', 'emoji', 'cara', 'emoji']"
1785315438051660214,"['obesidad', 'hijx', 'lado', 'tiempo']"
1785300646226255879,"['HDP', 'hermana', 'sorete', 'padre']"
1785296629676834900,"['sobrepeso', 'carpintero', 'laburo']"
1785287941817835846,[]
1785287864034431011,"['cerdos', 'inmundicia', 'putridos', 'obrero', 'patadqs', 'presos', 'gan', 'acias']"
1785260765525512308,"['dudas', 'mercenario', 'massista', 'postor', 'sobrepeso']"
1785173352006459483,"['Dios', 'CÁNCER', 'culo', 'aro', 'ganchito', 'historia', 'vida', 'gordura']"
1785138789255348490,"['morbida', 'orto']"
1785136526780699125,"['gas', 'sobrepeso', 'kg', 'postres', 'criagura']"
1785135465458257956,"['tren', 'pasajeros', 'tren', 'cargas', 'mundo', 'tren', 'carga', 'mafia', 'sindicato', 'camioneros', 'cargo', 'rutas', 'sobrepeso']"
1785131703993876920,['día']
1785130641039732920,"['país', 'magnates', 'reportaje', 'economía', 'exdeportista', 'drogas', 'cáncer', 'león', 'emoji', 'plátano', 'ley', 'selva']"
1785126844481556879,['excesos']
1785110890800439784,"['fuerzas', 'sillas', 'sobrepeso']"
1785091804037107887,[]
1785086649740747086,"['conductora', 'embarazo', 'chica', 'obesidad', 'imagen']"
1785082851458773174,"['gordura', 'líquidos', 'antidepresivos']"
1785080471728120071,['obesidad']
1785079714719162647,"['sobrepeso', 'salud', 'sillas']"
1785076084159230399,"['presidente', 'cámara', 'vez']"
1785074192687239568,"['idea', 'mierda', 'pinta', 'yankee', 'problemitas']"
1785066902886224326,"['vendedora', 'vacas', 'hijitas', 'restaurante', 'costa']"
1785056761751216219,"['obesidad', 'miles', 'problemas', 'salud', 'vida', 'muerte', 'estilo', 'vida', 'sistema']"
1785044160820437309,"['tratamiento', 'consejos', 'años', 'sobrepeso', 'salud', 'asistentes']"
1785036007353499956,"['lucha', 'mujeres', 'obesidad', 'arterias']"
1785029835099922553,"['horario', 'ley', 'obesidad', 'mentira', 'rating', 'servicio', 'comunidad']"
1785026074784440515,"['chico', 'problema', 'salud', 'sobrepeso', 'lanzador', 'martillo', 'bala', 'disco', 'sobrepeso', 'tiempo', 'técnicas', 'manos']"
1785025870555652334,"['emoji', 'infante', 'preocupación', 'sobrepeso', 'cuestiones', 'chicos', 'manera', 'lugar', 'atletismo']"
1785015348531749262,"['obesidad', 'adiccion', 'puesto', 'falta', 'movimiento']"
1785013747893084441,"['punto', 'vista', 'personas', 'conciencia', 'obesidad', 'adiccion', 'falta', 'atención', 'consumo']"
1784995517144985741,"['EGO', 'error', 'aire']"
1784993060499107998,"['sobrepeso', 'crecimiento', 'ley', 'bases', 'vez']"
1784986530341064956,"['pelado', 'obesidad']"
1784981885212373390,"['video', 'partido', 'fútbol', 'equipo', 'obesos', 'enanos']"
1784977945326477350,"['papada', 'kilos', 'sobrepeso']"
1784963085356196149,"['palabra', 'troll', 'barbita', 'sobrepeso', 'humedad', 'fácies', 'opa']"
1784961982212296705,"['gymbros', 'dismorfia', 'tiempo', 'orto']"
1784960131744116933,"['negrombiano', 'junio']"
1784959469358649754,"['semanas', 'examenes']"
1784950713157566892,"['meses', 'arquero', 'discapacitado', 'burian', 'gomez', 'años', 'sufrimiento', 'forro', 'hoyos', 'mamaaa']"
1784950395334185268,"['sobrepeso', 'cara']"
1788270091341017101,"['ayuda', 'ANSIEDAD', 'MASA', 'CORPORAL', 'MUSCULACION', 'suerte', ' ', 'emoji', 'caca', 'ojos', 'obesidad']"
1788269298781491568,"['cuenta', 'pierna', 'controles', 'programa', 'cuenta', 'gente', 'enfermedad', 'obesidad', 'show', 'vergüenza', 'cuestion', 'peso']"
1788262724801106026,"['programa', 'gente', 'obesidad']"
1788261600635343234,"['programas', 'problemas', 'obesidad', 'salud', 'campañas', 'gordofobia']"
1788002687654502522,"['cuestión', 'peso', 'programa', 'años']"
1788259338496385402,"['tetas', 'gordura']"
1788257942212399570,['obesidad']
1788257885325033614,[]
1788257331521724656,"['pija', 'lastima', 'autocontrol', 'dieta']"
1788225858961805519,"['dieta', 'participante', 'cordobés', 'mortadelita', 'queso', 'pan', 'campo']"
1788257165326581965,"['gente', 'sobrepeso', 'gente', 'calle', 'alimentación', 'países']"
1788256745120240054,"['política', 'actitud', 'obesidad', 'anorexia', 'tuit']"
1788254188494852174,['colibrí']
1788253378461536302,"['colibrí', 'derecha']"
1788247193943519304,"['color', 'mayoria']"
1788246196475068846,"['supuesto', 'quien', 'idea', 'conciencia', 'conciencia', 'recursos', 'persona', 'enfermedades', 'obesidad']"
1788244755610055077,"['programa', 'sufrimiento', 'gente', 'sobrepeso']"
1788240902516793855,"['culiada', 'vez', 'tuit', 'cuenta', 'gordura', 'seguitontos']"
1788237213311836367,"['obesidad', 'enfermedad', 'onda', 'pedo']"
1788226098024620431,"['cristal', 'mamá', 'gordura', 'colegio', 'pebete', 'jamón', 'queso', 'día', 'aviso', 'manzana', 'cara', 'ojos', 'emoji', 'años', 'traumas', 'obsesión', 'kg', 'gorda']"
1788225321461760445,"['programa', 'cormillot', 'bosta', 'calorías', 'obesidad', 'ansiedad', 'abu', 'clínica', 'casamiento', 'valor']"
1788221821415788851,"['Gobierno', 'gozo', 'gol', 'gordura', 'gónadas']"
1788220858483232964,"['reality', 'personas', 'problemas', 'salud', 'morbo', 'comentarios', 'sobrepeso', 'verdad', 'miserias', 'circo']"
1788219105209643416,"['años', 'actualidad', 'comentarios', 'familia', 'nutricionistas', 'vida', 'salud', 'obesidad', 'gente', 'pozo']"
1788217738961326323,"['manco', 'obeso', 'chila', 'mogolico']"
1788217273813016914,"['baño', 'curso', 'medialuna', 'gordura']"
1788216875131793514,"['cuenta', 'amor', 'cara', 'michi']"
1788213335491588330,"['cuestión', 'peso', 'contexto', 'pajarito', 'kilos', 'semana', 'gente', 'sobrepeso', 'tele', 'mundo']"
1788202723998908456,['cosas']
1788198437491474545,"['sobrepeso', 'tca']"
1788189475937395166,['yesimur']
1788184171862499334,"['raza', 'ensayos', 'medicamentos', 'obesidad', 'décadas']"
1788170346069213524,"['cosa', 'lugar', 'taurina', 'cosa', 'atracón', 'excusa', 'GUSTO', 'COMIDA', 'REGALO', 'CUMPLEAÑOS', 'domingo']"
1788158463660417028,"['kilos', 'angustia', 'sobrepeso']"
1788139927361741071,"['campeonatos', '0', 'gustos', 'RESPETO']"
1788128491810038170,"['formas', 'discapacidad', '10', 'años', 'sobrepeso']"
1788081233869558028,"['30%', 'obesidad', 'gordofobia']"
1788070003675131993,"['vez', 'gordura', 'desnutrición']"
1788045136816939424,"['cara', 'ano']"
1788034425466261769,"['gordura', 'manzana']"
1788033475473285281,"['programa', 'gente', 'sobrepeso', 'problema', 'aceptación', 'salud', 'físico', 'Dios']"
1788031013450359050,['burbuja']
1788024304677883997,"['uñas', 'obeso', 'dedo', 'emoji', 'emoji']"
1788018233829650879,['sobrepeso']
1788017690491187373,"['bro', 'mayoría', 'mujeres', 'color', 'apariencia']"
1788012342761902390,"['niveles', 'obesidad', 'mundo', 'bestias', 'top', 'nivel', 'reina', 'tienda', 'talle', 'talle', 'montón']"
1787964328248795595,"['diosa', 'argentina', 'sociedad']"
1788011061095854348,"['adultos', 'prevalencia', 'países', '15%', 'emoji', 'mano', 'índice']"
1788006693688721530,"['gordura', 'ejemplo', 'criterio']"
1787995143448006704,"['momento', 'gato', 'obesidad', 'tipo', 'gato', 'extremos']"
1787992763151061249,[]
1787991790127075572,"['vergüenza', 'épocas', 'evolución', 'televisión', 'programa', 'cuestion', 'peso', 'show', 'obesidad']"
1787988948842578118,"['mente', 'concha', 'madre', 'emoji', 'cara', 'símbolos', 'boca', 'emoji', 'emoji', 'emoji']"
1787981815849885834,[]
1787974462106701883,"['empanadas', 'jyq', 'obesidad']"
1787963148563058903,"['hija', 'madre', 'nita', 'años']"
1787952148308734425,"['obesidad', 'día']"
1787951204623896930,"['sobrepeso', 'picada', 'casa', 'emoji', 'emoji']"
1787912145637622149,"['ernesto', '\n', 'hashtag', 'cuestion', 'peso']"
1787951166015381835,"['empanadas', 'OBESO', 'horno']"
1787937693172986040,"['trastornos', 'colegio', 'videos', 'gente', 'tipo', 'espejo', 'emoji', 'calavera', 'emoji', 'emoji', 'calavera', 'emoji']"
1787931250046431360,"['tanga', 'pibe', 'años', 'gordura', 'kirchneristas', 'corte', 'segundos', 'trola']"
1787918154900901980,"['riesgo', 'obesidad', 'falopa', 'triglicéridos', 'frases']"
1787911328708919673,"['miedo', 'obesidad', 'refuerzos', 'subway']"
1787909382795092479,['gordura']
1787904893249798178,"['derechos', 'personas', ' ', 'hashtag', 'abogados', 'hashtag', 'estudio', 'hashtag', 'obesidad', 'hashtag', 'perez', 'arguelles']"
1787899122235642325,"['señora', 'sobrepeso', 'comida']"
1787898175803535726,"['mierda', 'verdad', 'pelotudo', 'educación', 'casa', 'HDP', 'sobrepeso', 'exposición']"
1787897919271506164,"['última', 'boludos', 'casa', 'show', 'obesidad', 'rating']"
1787895924645101931,"['PERSONA', 'sobrepeso']"
1787890595358191622,"['mío', 'cara', 'lágrima']"
1787881834191131056,"['enfermedad', 'obesidad']"
1787877063719870972,[]
1787869641777217841,"['fútbol', 'sobrepeso']"
1787859725964505450,"['mundo', 'sobrepeso', 'resto']"
1787859111461224901,"['sobrepeso', 'hdp', 'candidato', 'bobazo']"
1787858595217863068,"['años', 'obesidad', 'efecto', 'resentimiento', 'bullying']"
1787857213748314428,"['hijo', 'puta', 'vueltas', 'vida', 'concha', 'madre']"
1787850668537008153,"['obesidad', 'estudiantes', 'mapa']"
1787588004837552219,"[' ', 'emoji', 'hilo', 'joyitas', 'programa', 'peso', 'hashtag', 'cuestion', 'peso']"
1787846022363779415,"['personas', 'enfermedad']"
1787838339065721250,"['engendro', 'discapacidad', 'limitación', 'gimnasio', 'persona', 'discapacidad', 'zurdo']"
1787818968641613913,[]
1787815343458578462,['obesidad']
1787803603375100403,"['gordura', 'portugues', 'idioma', 'mundo', 'dudas', 'pruebas']"
1787791991004086314,"['estetoscopio', 'emoji', ' ', 'hospital', 'emoji', 'emoji', 'dorso', 'mano', 'índice', 'derecha', 'emoji', ' ', 'millones', 'niños', 'adolescentes', '5', 'años', 'mundo', 'obesidad', 'Organización', 'Mundial', 'Salud', 'OMS', 'emoji', 'móvil', 'flecha', 'emoji', 'noticia', '\n\n', 'oms', 'hashtag', 'canal26']"
1787706641367908801,"['explotar', 'sobrepeso', 'cara', 'risa', 'emoji', 'cara', 'risa', 'emoji', ' ', 'cara', 'de', 'risa', 'emoji']"
1787694815917809712,"['reconocimiento', 'amor']"
1787678627934466495,[]
1787677676934779338,['novia']
1787673475915657591,"['momento', 'obesidad', 'gracia']"
1787650700974936231,"['kg', 'obesidad', 'riesgo', 'kg']"
1787645977475662124,"['Lady', 'emoji', 'cara', 'risa', 'emoji', ' ', 'emoji', 'cara', 'risa', 'emoji', ' ', 'cara', 'risa', 'emoji', ' ', 'razón', 'fan', 'mierda', 'emoji', 'cara', 'emoji', ' ', 'emoji', 'emoji', 'emoji', 'cara', 'risa', 'emoji', ' ', 'cara', 'llorando', 'risa']"
1787641918907727928,"['peso', 'madre', 'hijo', 'hijos', 'problemas', 'obesidad', 'cosa', 'programas']"
1787641368820482217,"['pastel', 'papa', 'obeso']"
1787635391580791167,['lobo']
1787629825202463036,"['remera', 'jeans', 'obeso', 'mierda']"
1787614738702065853,[]
1787612568221053337,"['lavadora', 'sobrepeso']"
1787608114071490580,"['dolares', 'IVA', 'chicos', 'cambio', 'foto', 'enano', 'micropene', 'retraso']"
1787608081666363611,[]
1787608013181710577,['obesas']
1787592889788158314,"['obesidad', 'tema', 'salud', 'estética']"
1787591087453773877,"['familia', 'asilo', 'herida', 'producto', 'pañal', 'semanas', 'baba']"
1787585319237210284,"['personas', 'personas', 'sobrepeso', 'gimnasio', 'calidad', 'vida', 'vida']"
1787581676039606534,"['obesidad', 'mundo']"
1787578110436602188,"['obesidad', 'pasos']"
1787574711964037458,"['edulcorantes', 'azúcar', 'díabéticos', 'hecho', 'vez', 'estudios', 'aumento', 'obesidad']"
1787573794522923125,"['sueño', 'brownie', 'planet', 'hashtag', 'gordura']"
1786099747637346524,"['vez', 'gimnasio', 'persona', 'aparatos', 'cinta', 'peso', 'aeróbico', 'aparatos', 'twitter']"
1787562017143857605,"['violencia', 'chiste', 'años', 'cantidad', 'gente', 'obesidad', 'pibe', 'horas', 'ejemplos']"
1787527502501396746,"['forros', 'furia', 'hermano']"
1787548869032587695,"['peso', 'idea', 'obesidad']"
1787522786983879151,"['ropa', 'talle', 'personas', 'obesidad', 'talles', 'carpa', 'personas', 'ropa', 'furia', 'hermano']"
1787544190358102088,"['casa', 'dichos', 'furia', 'punto', 'furia', 'gente', 'obesidad']"
1787542672342761656,"['sobrepeso', 'flacidez']"
1787534202579177705,"['persona', 'debilidad', 'discapacidad', 'obesidad', 'furia', 'furia', 'furia', 'zorritas']"
1787522473858154921,"['weight', 'gordi', 'kilos', 'vaca']"
1787522331125981526,"['programa', 'caretas', 'emoji', 'obesidad', 'hermano']"
1787510867048673335,"['risas', 'hegemonicas', 'pantalón', 'manzana', 'espacio', 'gordofobia', 'granfuria']"
1787519349495943589,"['reconocimiento', 'dolares', 'foto', 'logro', 'enano', 'sobrepeso', 'micropene']"
1787513453852119549,"['opinión', 'general', 'veces', 'orígenes', 'bromas', 'realidad', 'obesidad', 'enfermedad', 'aspectos', 'vida', 'individuo', 'riesgo', 'enfermedades', 'incremento', 'mortalidad', 'disminución', 'calidad', 'vida']"
1787508977007247553,"['industria', 'gimnasio', 'pueblo', 'cosas']"
1787505591407063145,"['dj', 'obesidad', 'beat']"
1787504083143737619,"['dex', 'robo', 'equidad', 'sector', 'presidente', 'ocasiones', 'impuesto', 'despilfarro']"
1787500565317947814,"['emoji', 'emoji', 'patatas', 'emoji', '\n\n ', 'bandera', 'obesidad', 'epidemia', 'personas', 'mundo', 'niños', 'adolescentes', 'Salud', 'OMS', 'millones', 'años', 'tienen', 'riesgo', 'enfermedades']"
1787498038094627092,"['dudas', 'balón', 'doctor', 'secretario', 'detalle', 'preguntas', 'uso', 'herramienta', 'tratamiento', 'obesidad']"
1787479614534627494,"['sobrepeso', 'años', 'pelotas']"
1787444457455206856,['SAP']
1787429780603728045,"['cumples', 'mayo', 'gordura']"
1787429648907051156,"['índice', 'de', 'obesidad', 'emoji', 'emoji']"
1787425340043723198,[]
1787335837488693421,"['odio', 'parte', 'verdad']"
1787326574888415378,"['sobrepeso', 'jugador', 'división']"
1787326026634174492,"['amigo', 'kg']"
1787321502376861938,['estómago']
1787321412157325717,[]
1787320226264064321,"['obesidad', 'enfermedad', 'anorexia']"
1787318150767235485,"['espacio', 'hermano', 'obesidad', 'salud']"
1787318145578946828,"['REPÚBLICA', 'OBESIDAD']"
1787315673628037217,"['gordura', 'pedazo', 'virgos']"
1787252641669505461,"['círculo', 'emoji', 'hombre', 'insuficiencia', 'días', 'años', 'emoji', 'clip|', 'detalles', 'caso']"
1787315527741735283,"['pelea', 'obesos', 'maticota74', 'bigeuge']"
1787314674108699067,"['fama', 'comentarios', 'gente', 'hijo', 'puta', 'problema', 'veces']"
1787311440048583035,"['cosas', 'hábitos', 'kg', 'persona', 'kg', 'esfuerzo', 'constancia', 'esposa', 'hijas', 'mundillo', 'poker', 'gt']"
1787297894422229423,['gordura']
1787297719658160610,['gente']
1787294054465544262,"['emoji', 'cara', 'lágrimas', ' ', 'corazón']"
1787290812771930209,"['salud', 'TCA', 'kilos', 'sobrepeso']"
1787289780880908579,"['concha', 'madre', 'choripan', 'cara', 'chino', 'pijas', 'ESTUDIANTEEE']"
1787265404642988259,"['vergüenza', 'secundario', 'ejemplo', 'esfuerzo', 'sobrepeso', 'pueblo', 'risa', 'dignidad']"
1787261277955362950,"['picardia', 'silla', 'años']"
1787246169850089644,['carroza']
1787238854748987447,"['noviembre', 'seña', 'gordura', 'hinchazón', 'ejemplos', 'tope', 'impuestos', 'liberalismo']"
1787234005638693192,"['adicción', 'comidas', 'nutricionista', 'pacientes', 'obesidad']"
1787224746414715388,"['valentía', 'inconsciencia', 'forma', 'locura', 'desubicación', 'pérdida', 'noción', 'realidad', 'campañas', 'normalización', 'obesidad', 'emoji', 'ojo']"
1787220546591072326,"['celular', 'cama', 'sueño', 'sobrepeso', 'enfermedades', 'actividad']"
1787216618520481945,"['celu', 'cama', 'h', 'prediabetes', 'medicamento', 'dislipemia', 'medicamento', 'dieta']"
1787215924220572017,"['estilo', 'vida', 'discurso', 'tratamiento', 'obesidad', 'complicaciones', 'MASLD', 'rumbo', 'estilo', 'vida', 'sociedad']"
1787213642791809181,"['juegazo', 'obesos', 'independencia', 'países']"
1787206488164864481,"['hs', 'dia', 'borde', 'obesidad']"
1787197760032194683,"['pesas', 'peso', 'aerobico', 'desarrollo', 'muscular', 'quema', 'calorías', 'musculatura', 'piernas', 'persona']"
1787195712662389004,"['publicación', 'perfil', 'cuerpos', 'agresión', 'psiquiatra']"
1787195131822579892,"['gordita', 'gordura', 'ironía', 'cuenta', 'dieta', 'planeta', 'tierra', 'rollitos', 'chocolate']"
1787193521742504389,"['realidad', 'problema', 'obesidad', 'problema', 'ignorante', 'mierda', 'opinión']"
1787191902825070997,"['echo', 'obesidad', 'enfermedad']"
1787190867410788431,['sobrepeso']
1787185870082048293,"['odio', 'gente', 'AGUA', 'VERDURAS', 'lado', 'odio', 'contra', 'gente']"
1787184846160150867,"['asco', 'gordura', 'ogt', 'ganas', 'madre']"
1787179294550077786,"['juego', 'sudoku', 'palabras', 'horas', 'sobrepeso', 'medicación', 'hipotiroidismo']"
1787169916656763170,[]
1787168856382783873,"['orto', 'ratito']"
1787164301444202735,"['competencia', 'obesos', 'competencia', 'competidoras', 'cuerpo', 'horas', 'días', 'burla', 'esfuerzo', 'atleta']"
1787153983011745959,"['chipas', 'bolsa', 'chipa', 'demonio', 'dudas']"
1787152777807904960,"['obesidad', 'capás', 'suerte', 'emoji', 'colisión', ' ', 'bomba']"
1787150718404628810,"['derecha', 'manera', 'pais', 'banda', 'retrasados', 'virgenes', 'años', 'sobrepeso']"
1787149387895844918,['sobrepeso']
1787147576778657917,[]
1787139020083843168,"['horas', 'obesidad', 'sobrepeso', 'kg', 'estrellas']"
1787136995581382882,"['obesidad', 'mensaje', 'juventud']"
1787134663506473381,"['persona', 'guante']"
1787134587887346124,"['gente', 'imbecilidades', 'obesidad', 'acuerdo', 'peso', 'salud']"
1787132401384096242,['obesidad']
1787128314575872126,"['techo', 'escaleras', 'risa', 'emoji']"
1787124006455238817,"['retroceso', 'humanidad', 'ejercicio', 'obesidad', 'enfermedad', 'nivel', 'nivel']"
1787112278770204678,['hs']
1787104951396651340,"['promedio', 'sobrepeso', 'hipertension', 'años']"
1787104019485233501,"['hs', 'obesidad', 'triglicéridos', 'años']"
1787100417798594994,"['fibrosis', 'obesidad', 'pacientes', 'consulta', 'hepatólogo', 'obesidad', 'derivación', 'trat', 'cx', 'bariátrica', 'estilo', 'vida']"
1787098060914364470,"[' ', 'trabajo', 'químicos', 'evidencia', 'exposición', 'quimicos', 'plásticos', 'edcs', 'enfermedades', 'hashtag', 'obesidad', 'diabetes', 'hashtag', 'infertilidad', 'hashtag', 'cancer']"
1787086014592229813,['obesidad']
1787053469238517934,"['30-35', 'sobrepeso', 'obesidad', '35-']"
1787041828883071157,"['obesidad', 'hipertensión']"
1787033037739368754,['persona']
1786139388180668563,"['pelotudos', 'gente', 'persona', 'cardio', 'falta', 'peso', 'boca', 'alimentación', 'pesas']"
1786989456609640531,"['10', 'hs', 'sobrepeso', 'hipotiroidismo', 'resistencia', 'insulina']"
1786987972648395134,['perro']
1786948686397714904,"['sobrepeso', 'año']"
1786945556197027972,"['celular', 'cama', 'horas', 'obesidad', 'díabetes']"
1786944133816287743,"['micronutrientes', 'vitaminas', 'oligoelementos', 'silicio', 'polifenoles', 'resveratrol', 'aunento', 'radicales', 'situaciones', 'estrés', 'diabetes', 'obesidad', 'deporte', 'rendimiento', 'tabaquismo']"
1786941340942471181,"['vínculo', 'sobrepeso', 'uso', 'pantallas', 'ingesta', 'actividad', 'vez', 'preocupación', 'importancia', 'sueño-vigilia-', 'capacidad', 'grasas']"
1786940029509464120,"['pregunta', 'consignas', 'celular', 'tablet', 'cama', 'hs', 'sueño', 'obesidad', 'HTA', 'diabetes', 'dislipemia', 'años']"
1786941037530783872,"['celu', 'cama', 'días', 'semana', 'hrs', 'obesidad', 'uso', 'razón']"
1786936375155044355,"['culo', 'memoria', 'conductas']"
1786932257803886728,"['jodia', 'persona', ' ', 'emoji', 'ojos', 'emoji', ' ', 'emoji', 'ojos', 'emoji', 'emoji', 'ojos', 'emoji', 'aerobico', 'persona', 'sobrepeso', 'resistencia', 'cinta']"
1786910759974244527,[]
1786899521449926857,"['persona', 'grasa', 'músculo', 'peso', 'falta', 'musculatura', 'articulaciones']"
1786881294053372054,"['cirugía', 'secuela', 'obesidad', 'colgajos']"
1786855113656558066,"['obesos', 'enfermedad', 'redes']"
1786838096102723796,"['masa', 'muscular', 'cardio', 'pedo', 'articulaciones', 'pedo']"
1786814018243396056,['estadounidenses']
1786813198806487360,"['decoro', 'persona']"
1786795682621194249,"['indice', 'obesidad']"
1786795357260669143,"['patrones', 'presión', 'pulsaciones', 'señal', 'muerte', 'casos', 'infarto', 'mundo']"
1786789086591656193,"['musculación', 'gente', 'profe', 'especialista', 'fuerza', 'personas', 'sobrepeso', 'pilates', 'yoga', 'boludeces']"
1786781425582109087,"['persona', 'cinta', 'articulaciones', ' ', 'intento', 'trainer']"
1786779671247323563,[]
1786767849995792681,"['hincha', 'partido', 'CLUB', 'pelotas', 'mierda']"
1786764291799953472,"['problema', 'obesidad', 'panza', 'grasa']"
1786755550522335522,"['cosas', 'forma']"
1786737763682763212,"['mundo', 'masa', 'muscular', 'consumo', 'peso', 'cardio', 'sobrepeso', 'modo', 'rodillas', 'cardio']"
1786663311615906263,"['tweet', 'bardo', 'número', 'dios']"
1786639435234218209,['risa']
1786570011257004238,[]
1786567471475863992,['mierda']
1786552665545015639,"['alario', 'movilidad', '9', 'river']"
1786543573069910216,"['gente', 'foto', 'bikini', 'agua', 'bullying']"
1786536685204811924,"['derechos', 'obesas', 'constriction']"
1786516873246286327,"['puta', 'persona', '100%', 'gordura', 'rateyourmusic']"
1786505582884647019,"['día', 'proporción', 'máquinas', 'impact', 'obesos', 'veces', 'cardio', 'natación', 'cables']"
1786497814245061055,"['crack', 'sobrepeso', 'jugadorazo']"
1786491539046179136,"['pelotudeces', 'idea', 'musculacion', 'conta', 'articulaciones', 'BURRA']"
1786483331162399214,"['trabajo', 'grupo', 'estudio', 'obesidad', 'conclusiones', 'mujeres', 'insatisfacción', 'cuerpos', 'derecha']"
1786473682971340813,"['experiencia', 'calorías', 'kg', 'rango', 'obesidad', 'punto', 'boludeces']"
1786470148712346061,"['hermana', 'años']"
1786464261205635158,"['PATETICO', 'DIETA', 'ZONA', 'RIESGO', 'SOBREPESO', 'GRIPE']"
1786462329195868467,"['aviso', 'peso', 'foto', 'panflin']"
1786458966551134525,"['cuerpo', 'gordura']"
1786439232757653593,"['rodillas', 'cinta']"
1786425058178531782,"['tweet', 'intenciones', 'humorísticas', 'gordura', 'mito']"
1786412358425870358,"['hijos', 'obesidad', 'apodos', 'mierda']"
1786412015608594436,"['persona', 'obesidad', 'cuerpo', 'sedentarismo', 'cuadras', 'ataque', 'dolores', 'tobillos', 'rodillas']"
1786409127637344570,"['señora', 'sobrepeso', 'panza', 'brazo', 'nivel', 'momento', 'grito']"
1786407086420529516,"['casualidad', 'cartas', 'casa', 'uniforme', 'mugre', 'cartera']"
1786405386985038329,"['anteojos', 'BARBIJO', 'BROCNA']"
1786395110848041180,"['dibujito', 'personas', 'mierda', 'rodillas', 'corazón', 'peso', 'maquinas', 'dieta', '1-2hs', 'tema', 'corrección', 'politica']"
1786394493077340421,['sobrepeso']
1786387747298521093,"['medicamento', 'obesidad']"
1786369026903409049,"['articulaciones', 'gasto', 'sesión', 'ejercicio', 'entrenamiento', 'mejora', 'alimentación', 'forma', 'peso']"
1786367874182889897,"['persona', 'sobrepeso', 'lesiones', 'ejercicio', 'recuperación', 'ideal', 'ejercicio']"
1786363409438585064,"['músculos', 'fuerza', 'resistencia', 'obesidad', 'grasa', 'cardio', '4', 'copas', 'conocimiento', 'hipertrofia', 'nutrición']"
1786362648033898948,"['pase', 'metros']"
1786333996948861369,"['cosas', 'gente', 'gimnasio', 'orto', 'rutina']"
1786321849548190195,"['Dios', 'hecho', 'sex', 'city', 'cintura', 'bermudas', 'pantorrillas', 'dia', 'belle', 'dellphine', 'ogra', 'cara', 'momento', 'pelotas', 'heroin', 'chic']"
1786283598338781238,"['obesidad', 'payasos', 'zurdos']"
1786270428664676521,"['ausencia', 'sexo', 'niveles', 'obesidad', 'ciencia', 'daño', 'contacto', 'personas']"
1786260111528239525,"['mal', 'boca', 'persona', 'ejercicios', 'hospital', 'caminata', 'forma', 'músculos']"
1786226994545377427,"['obesidad', 'caminata', 'calorias', 'puñado', 'arroz']"
1786222294991253517,"['razón', 'movilidad', 'trabajo', 'glucosa', 'aeróbico', 'duda', 'intensidad', 'grasa', 'duda', 'alimentación', 'casos', 'cirugía']"
1786215047615709326,"['persona', 'músculo', 'cuerpo', 'calorías', 'reposo']"
1786214605024378952,"['sigma', 'cabeza', 'gym', 'musculo', 'fierro', 'cárcel', 'hoyo', 'tamaño', 'essen']"
1786211885487960412,"['índices', 'malnutrición', 'mundo', 'demonio', '%', 'obesidad', 'enfermedades', 'hábitos']"
1786209106883174665,"['tipo', 'paso', 'mina', 'seres', 'humanos']"
1786201774317092954,"['persona', 'obesidad', 'fuerza', 'salud', 'masa', 'muscular', 'alimentación', 'déficit', '%', 'grasa']"
1786200669893824949,"['entrenamiento', 'fuerza', 'persona']"
1786198336850051100,"['peso', 'déficit', 'masa', 'muscular', 'metabolismo', 'persona', 'movilidad']"
1786192964319904221,"['cinta', 'cara', 'ojos', 'blanco']"
1786191727369286092,"['yankees', 'dios', 'vez', 'bandeja', 'panqueques', 'bacon', 'yankees']"
1786164895093834137,"['dr', 'obesidad', 'cuerpo', 'meses', 'km', 'día']"
1786162428968853595,['tiempo']
1786161815786762249,[]
1786159951368372533,['balcon']
1786156927883288678,"['delicatessen', 'personaje', 'miniserie', 'adaptación', 'novela', 'nombre', 'kilos', 'momento', 'hija', 'mujer', 'rodaje']"
1786156707732767159,"['chica', 'obesidad']"
1786153466852728969,"['persona', 'aparatos', 'fuerza', 'cuerpo', 'impacto', 'cardio', 'peso', 'mito']"
1786151753966108861,"['lujos', 'hijo', 'puta', 'raíces', 'animal', 'print', 'actos']"
1786151733334249566,"['movilidad', 'ignorancia', 'persona']"
1786151057199882304,"['obeso', 'dieta', 'proteínas', 'días', 'gimnasio', 'grasas', 'fuerza', 'energías', 'ganancia']"
1786150544224010401,"['músculos', 'tendones', 'ligamentos', 'articulaciones', 'obeso', 'sumo', 'caminata', 'obeso', 'caminata', 'riesgo']"
1786149111718170986,"['gente', 'relleno', 'ejercicio', 'fuerza', 'rendimiento', 'quema', 'ejercicio', 'cardio', 'cosas', 'manera', 'déficit', 'musculación']"
1786148911192621289,"['niño', 'sobrepeso', 'deportes', 'aire', 'entornos', 'natacion', 'basquet', 'atletismo', 'gimnasio']"
1786146324229792013,['músculo']
1786129256520601794,"['época', 'alimentos', 'gente', 'placer', 'abundancia', 'alimentos', 'industrias', 'bicicleta', 'obesidad', 'sobrepeso', 'mal', 'epidemia']"
1786128623952400759,"['sobrepeso', 'gente']"
1786127749771391372,['nickelodeon']
1786117748168237545,"['hashtag', 'madryn', 'sociedad', 'hashtag', 'ciencia', 'hashtag', 'estudio', 'obesidad', 'fenómeno', 'crecimiento', 'ciudad']"
1786112527937470637,"['90', 'hambre', 'sobrepeso', 'paso', 'hambre']"
1786110388238471296,"['fenómeno', 'crecimiento']"
1786086933690454067,"['estados', 'ánimo', 'amor', 'hombre', 'sobrepeso', 'fealdad', 'sombra', 'hombre', 'días']"
1785615972709146827,"['VERSO', 'carta', 'lástima', 'elección', 'hdp', 'cáncer', 'tragadero', 'LACRA', 'chancho', 'gordura', 'risa', 'risa', 'lengua', 'ojo']"
1785407045048369153,"['miniserie', 'adaptación', 'novela', 'nombre', '\n', 'kilos', 'momento', 'hija', 'mujer', 'rodaje', 'comentario', 'director', 'parecido']"
1785070031115616658,[]
1790025791251640718,"['ingesta', 'caloríca', 'sobrepeso', 'mind']"
1790009472590463249,"['problemas', 'socialismo']"
1790009425576481249,"['material', 'video', 'sonrisa', 'suicidio', 'asesinato', 'masa', '\n\n', 'asesinato', 'jueves', 'noche', 'obeso', 'yankee', 'cancha', 'hamburguesas', 'par', 'fierros', 'celeste']"
1790000480254407021,"['mamarracho', 'narcisista', 'espejos', 'gente']"
1789966456517497294,"['HISTORIA', 'GATO']"
1789931477947339170,"['conferencia', 'biología', 'medicamentos', 'obesidad']"
1789854956649959552,"['imbecil', 'dios']"
1789852843404329365,"['ingresos', 'sobrepeso']"
1789848300964700622,"['escuela', 'envidia', 'tipo', 'autoestima', 'nubes', 'emoji', 'cara', 'náuseas', 'emoji', ' ', 'emoji', 'cara', 'emoji']"
1789821920235417907,"['pasto', 'vez']"
1789814594736714216,"['necesidad', 'historia', 'protagonistas', 'democracia', 'futuro', 'hombros', 'ciudadano', 'cara', 'mueca']"
1789812169808163151,"['tw', 'morsa', 'fabra', 'boca']"
1789807913713721506,"['fabra', 'cancha']"
1789801433551733057,[]
1789797843164684437,"['gordura', 'abrazo']"
1789791023171846406,"['cosa', 'cosa']"
1789790403144622264,"['comentario', 'bullyng', 'obesidad', 'tema', 'altura', 'gravedades', 'condiciones', 'enfermedades', 'eeuu', 'poblacion', 'comida']"
1789790284542276030,"['dietas', 'persona', 'sobrepeso', 'persona', 'enfermedad', 'bullyng', 'enfermos']"
1789789781628477623,"['obesidad', 'enfermedad', 'vez', 'curas', 'nutricion', 'quema', 'grasas', 'cancer', 'cura']"
1789789114830631032,"['medico', 'familiares', 'conocidos', 'cancer', 'obesidad', 'cancer']"
1789787458483175539,"['médico', 'cáncer', 'consejos', 'cáncer', 'obesidad', 'punto', 'enfermedad', 'cáncer']"
1789786858051748240,"['caminadora', 'verano', 'gimnasio', 'meses', 'bisa', 'abuela', 'diabetes', 'obesidad', 'papa', 'amigo', 'cinturon', 'casos']"
1789786584633479412,"['psicólogo', 'psicopatía', 'enfermedad', 'gordura']"
1789786311143862571,"['cancer', 'obesidad', 'nutricionista', 'respeto', 'obesos', 'amigo', 'obesidad', 'años', 'km']"
1789778946638152159,"['gordura', 'papas']"
1789778068975812836,"['risperidona', 'años', 'sobrepeso', 'infrapeso', 'tratamiento', 'act', 'intake', 'personas', 'peso', 'medicación', 'antojos', 'pastilla']"
1789772648827728143,"['ballena', 'dios', 'tortura', 'hermano', 'ganas', 'partido']"
1789767510478172223,['sobrepeso']
1789759993379471545,"['término', 'término', 'mayoría', 'término', 'chica', 'definición', 'porno', 'chubby']"
1789751388349550711,"['manera', 'complejos', 'lesbis']"
1789740769881829603,"['pavada', 'caso', 'adiposa']"
1789737192383778841,['restos']
1789717211415818412,"['reddit', 'conversación', 'nene', 'años', 'platos']"
1789713902651019528,['gordo']
1789692624581939444,"['persona', 'vez']"
1789691966487142651,"['nivel', 'adiposidad']"
1789688639846281306,"['posteo', 'mayoria', 'enfermedades', 'gordura', 'ejemplo']"
1789686690921013329,"['niña', 'gordura', 'prioridad', 'cardionutricionista', 'corazón', 'kilos', 'meses', 'momento', 'emoji', 'emoji']"
1789684361702289502,[]
1789683515719659580,"['vida', 'gente', 'obesidad', 'manera', 'raviolitos', 'cama']"
1789681316407214571,"['idea', 'término', 'obesidad', 'adiposidad', 'obesidad', 'cuenta', 'woke', 'estigmatización', 'nombre']"
1789664345258881364,"['parásito', 'huesped', 'peso', 'gordura', 'piso', 'realidad']"
1789662907640541466,"['parásito', 'huesped', 'peso', 'gordura', 'piso', 'realidad']"
1789633748918480978,"['enfermo', 'cáncer', 'sida', 'diabetes', 'enfermedad', 'vida']"
1789502653996683339,"['vanina', 'viboras', 'casa', 'vanina', 'resto', 'kg', 'parte']"
1789495832015757767,"['VIEJO', 'SUEÑO', 'SORETE', 'VISTO', 'TINDER']"
1789480456167067886,"['bobito', 'insulto', 'gordura', 'rellenita', 'día', 'biología']"
1789478276085297246,"['acto', 'mirada', 'plato', 'sobrepeso', 'obesidad', 'modo', 'estigmatización', 'personas']"
1789471369660395875,"['gordura', 'enfermedad', 'desequilibrio', 'diabetes', 'cáncer', 'enfermedad']"
1789464585801535984,"['caries', 'diente', 'obesidad', 'enfermedad', 'pesar', 'gente', 'refresco', 'agua']"
1789427689100652583,"['tostadas', 'semana', 'findes']"
1789371510190207202,"['sobrepeso', 'policía']"
1789370722537660533,"['sobrepeso', 'forma']"
1789356276968747102,"['asunto', 'mujeres', 'policías', 'obesidad', 'gente', 'tipo', 'trabajo', 'trava']"
1789351639754658035,['obesidad']
1789338430574309500,"['sal', 'carne', 'hipertension', 'empanadas', 'días', 'sobrepeso', 'equilibrio', 'felicidad']"
1789335052137951688,['garganta']
1789332220705939890,['sobrepeso']
1789318798547222970,"['dieta', 'ejercicio', 'panza', 'adiposidad', 'flancos', 'flotadores', 'grasa']"
1789317400220852590,"['cupos', 'mierda', 'puesto', 'empleo', 'sexo', 'orientación', 'cupo', 'senado', 'pelados', 'sobrepeso']"
1789316697645568016,"['escuela', 'bullyng']"
1789312732019163627,"['sobrepeso', 'lugar', 'policías', 'modelos', 'rutinas', 'entrenamientos', 'vez', 'pastelitos']"
1789308044829925540,['obesidad']
1789303795341492591,"['sorete', 'suerte', 'expectativa', 'vida', 'obesos', 'mierda']"
1789278701143597140,"['obesidad', 'alimentación']"
1788340128999428290,"['tallas', 'obesidad', 'tendencia']"
1789256014354649478,[]
1789110118379860367,"['años', 'sobrepeso', 'gt;&gt;&gt;&gt', 'mitad', 'delanteros']"
1789106581654647240,"['cuelto', 'cuesti0n', 'peso', 'dios', 'programa', 'gordofobia', 'fin', 'chiste', 'personas', 'sobrepeso']"
1789093074989191388,"['gordito', 'chechona', 'javo', 'kilos', 'peso', 'persona']"
1789086323246051695,['carancho']
1789080253668708644,['paro']
1789074696094302661,"['pensamiento', 'pizza', 'queso']"
1789038254257316052,"['hermano', 'gordura', 'micropene', 'solución']"
1789034443321024683,['garganta']
1789021777860899076,"['vez', 'años', 'vida', 'diabetes', 'resentimiento']"
1789017479143911744,"['cementerio', 'sashimis', 'hilo', 'obesidad']"
1788993947097874626,"['obesidad', 'medicamento']"
1788988498562646448,['anhelo']
1788986881327169789,"['comentarios', 'obesidad', 'obesidad']"
1788982641254912436,"['parte', 'razón', 'obesidad', 'tendencia', 'problema', 'tendencia', 'vigorexia']"
1788973035124294136,"['nivel', 'gordura', 'panadería', 'polenta', 'panadera', 'chipa', 'dios', 'combinación']"
1788964204755451951,['gente']
1788958569208897588,"['mi', 'amor', 'emoji', 'manos', 'un', 'corazón', 'emoji', ' ', 'bmi', '23', 'emoji', 'calavera', 'emoji', ' ', 'emoji', 'emoji', 'obesidad', 'delgadez', 'emoji', 'cara', 'llorando', 'fuerte', 'emoji']"
1788950714267439325,"['medico', 'alfajor', 'diente', 'programa', 'premio']"
1788938612823707911,"['fármaco', 'estrella', 'obesidad', 'veces', 'valor']"
1788908599621620147,"['índice', 'obesidad', 'mundo']"
1788900808056054252,"['principios', 'siglo', 'personas', 'video', 'hombres', 'mujeres', 'momento', 'país']"
1788898413867639146,[]
1788894904740966428,"['sobrepeso', 'delator', 'sindigarcas']"
1788723302266974223,"['caricatura', 'izquierda', 'explotador', 'HILO']"
1788882588666307038,"['hermano', 'hombre', 'kilos', 'ambo', 'hombre', 'tendencia', 'obesidad']"
1788881925488206245,"['cocina', 'puta', 'tasa', 'obesidad']"
1788880235422679520,"['buzo', 'merch']"
1788871444371226805,"['forro', 'momento', 'ACV', 'obesidad', 'tumor', 'paz!Trolo']"
1788870884121342032,"['IBM', 'TIPO', 'MIERDA']"
1788788268437283118,"['mujeres', 'obesidad', 'producto', 'pibe', 'paquete', 'oreo', 'colegio', 'pancho', 'cumple', 'conjunto', 'hábitos', 'vida']"
1788782911925154072,"['campamento', 'historias', 'progresos', 'peso', 'días', 'tubos', 'comida', 'extremos', 'h&amp;h']"
1788779404585291780,"['obesidad', 'ofender', 'persona']"
1788762093857947733,"['alteración', 'microbiota', 'alimentación', 'secundaria', 'aumento', 'presión', 'almacenamiento', 'tejido', 'nivel', 'alimentos', 'intolerancia', 'lactosa', 'pseudointolerancia', 'lactosa', 'intolerancia', 'gluten']"
1788759460199977318,['obesa']
1788736758181486651,['sobrepeso']
1788736080750977148,['sobrepeso']
1788735877335630256,['guita']
1788735155726602654,"['amigo', 'viejos']"
1788731643127050488,"['mamá', 'sobrepeso', 'ansiedad', 'rol', 'pucho', 'expensas', 'limpieza', 'devoxero', 'paz']"
1788729022446203236,"['mujer', 'día', 'hoy']"
1788719465749778579,[]
1788699973296488605,"['problema', 'chica', 'belleza', 'sobrepeso', 'cerebro']"
1788699792798896452,['sobrepeso']
1788695535806751093,"['kg', 'press', 'banca', 'pedazo', 'puto']"
1788692364191465812,"['Daaale', 'que', 'tengo', 'resoplando', 'emoji', ' ', 'emoji', 'cara', 'resoplando', 'emoji', ' ', 'emoji', 'cabreada', 'emoji', ' ', 'emoji', 'símbolos', 'boca', 'emoji', ' ', 'emoji', 'risa', 'emoji', ' ', 'emoji', 'de', 'risa', 'emoji', ' ', 'emoji', 'de', 'risa']"
1788689512652050593,"['idea', 'problema', 'obesidad', 'causa', 'enfermedad', 'emfermedades', 'habitos', 'alimentación']"
1788683214158008622,"['hombre', 'huevadas']"
1788677929511088357,[]
1788676388100182221,"['participantes', 'nenes', 'señor', 'adultos', 'obesidad', 'gente', 'hijo', 'laboratorio', 'genética', 'anoréxico']"
1788673572539335144,"['puto', 'machos', 'minas']"
1788667068826398906,"['chilenos', 'cosas', 'obesidad', 'cara', 'de', 'bostezo']"
1788667029680996367,"['pescado', 'concuerso', 'logos', 'pinguino', 'desarrollador', 'linux', 'historia', 'historias']"
1788659582069277144,"['kg', 'IMPRESIÓN', 'muñeca', 'perlitas', 'hate', 'sobrepeso', 'mueca']"
1788657422896132348,"['bronca', 'sindigarcas', 'trabajador']"
1788650855748587544,"['duda', 'país', 'obesidad', 'mundo', 'Dios', 'locuras']"
1788650259188498496,['obesidad']
1788644894124187774,"['planero', 'cara', 'payaso', 'emoji']"
1788644508407873660,"['obesidad', 'enfermedad']"
1788400157979017527,"['bocado', 'participantes', 'cena', 'permitidos']"
1788642618571698420,['pelo']
1788635702856384941,"['FRACASO', 'PODER', 'reforma', 'pleno']"
1788627393931849904,['obesas']
1788627000065741030,"['favor', 'alimentación', 'mundo', 'chicos', 'relación', 'comida', 'TCA', 'obesidad', 'casa', 'tarro', 'caramelos']"
1788622461983928564,"['emoji', ' ', 'porquería', 'dorso', 'mano', 'índice', 'derecha', 'tono', 'piel', 'úlceras', 'piernas', '(', 'bomba', 'show']"
1788617962917687358,"['burros', 'odio']"
1788611869952889041,"['parte', 'mayoría', 'ciudades', 'auto', 'veces', 'veredas', 'calle', 'problema', 'sobrepeso', 'cuadras', 'hdp']"
1788607541615714402,"['manga', 'chorros']"
1788601099433218488,"['tipos', 'oposición', 'mes']"
1788594707481690220,"['comida', 'plato', 'permiso', 'animal', 'verdad', 'gritos', 'joda', 'obesa']"
1788564931580727704,"['reacción', 'participantes', 'compañera', 'chocolate', 'próxima', 'mano"".c']"
1788587318531531115,['bola']
1788586062429978758,"['miles', 'dólares', 'adolescentes', 'cuero', 'costado', 'pileta', 'luco']"
1788580226617733537,"['zurda', 'recicladora', 'chorros']"
1788573802747539859,"['punto', 'señora', 'semejantes', 'gente', 'sobrepeso', 'hambre', 'risa', 'emoji', ' ', 'cara', 'risa', 'emoji', ' ', 'risa', ' ', 'persona', 'lágrima', 'emoji', 'emoji', 'emoji']"
1788572929145311589,"['argentina', 'índices', 'obesidad', 'oreo', 'clave', 'pibes', 'institución', 'cuenta', 'cosas', 'jardín', 'hijos', 'foco']"
1788559791503057084,"['asco', 'obesidad', 'problemas', 'salud', 'gringos']"
1788557887746326659,"['novio', 'chongo', 'meses', 'años', 'charla', 'pedo', '40', 'sobrepeso', 'cama', 'crepúsculo', 'botella', 'vino']"
1788556867574096027,"['espejo', 'gym', 'obesidad']"
1788555519856107540,"['\n ', 'emoji', 'botón', 'marca', 'verificación', 'factores', 'riesgo', 'botón', 'marca', 'verificación', '\n ', 'botón', 'marca', 'verificación', 'problemas', 'emoji', 'botón', 'marca', 'emoji', 'adolescente', 'emoji', 'botón', 'marca', 'verificación', 'emoji', 'impacto', 'carga', 'malnutrición', 'emoji', 'dorso', 'mano', 'índice']"
1788551715483984375,"['vez', 'accidente', 'gato', 'escalera', 'árbol', 'guacho', 'calle', 'puerta', 'corrida', 'emoji', 'árbol', 'hoja', 'obesidad', 'plásticos', 'troncos', 'emoji', 'cara', 'sudor', 'frío', 'emoji']"
1788550272337293544,"['gordura', 'cerebro']"
1788489275723419873,"['Medicina', 'salud']"
1788477429599678707,"['niño', 'resto', 'día', 'galletas', 'merienda', 'problema', 'glucosa', 'sangre', 'obesidad', 'veneno', 'veneno', 'alimento']"
1788450956369092661,"['programa', 'señora', 'año', 'sexualidad', 'obesidad', 'jugadora', 'reality']"
1788431959217033642,['orto']
1788425880135430407,"['chorros', 'pedo', 'experto', 'universidades', 'verseros', 'fanáticos', 'tipo', 'neurona', 'revés']"
1788421907395596796,"['programa', 'cornudo', 'pandilla', 'negocio', 'cuento', 'obesidad', 'gente', 'fenómenos', 'mariposón', 'gusto', 'lacras']"
1788418303095931354,"['2015', 'informes', 'sobrepeso', 'obesidad', 'problemas', 'chicos', 'informe', 'propensión', 'enfermedades', 'adultez']"
1788402897597710809,"['sobrepeso', 'cv', 'situacion', 'familias', 'MINA', 'LECHE']"
1788395124847747293,['dt']
1788394479201788248,['MIERDA']
1788385060657279150,"[' ', '=', ' ', ' ', 'mano', ' ']"
1788377784567357826,"['charlas', 'alimentación', 'obesidad', 'importancia', 'chicos', 'familia']"
1788377594708025545,"['chica', 'problema', 'obesidad', 'diosa']"
1788375154747159024,"['papitas', 'enseñanza', 'alimentación', 'obesidad', 'kiosko', 'colegio', 'cosas', 'comidas', 'comedor']"
1788373293524734302,"['hermana', 'mierda', 'emoji', 'desanimada', 'emoji', ' ', 'emoji', 'desanimada', 'emoji', ' ', 'emoji', 'desanimada', 'emoji']"
1788372191945359850,"['penal', 'mamita', 'decisión', 'árbitro', 'grupo', 'hombres', 'sobrepeso', 'handy', 'penal']"
1788368974146621581,"['gordura', 'desanimada', ' ', 'desanimada', 'emoji']"
1788365341686411724,"['problemas', 'problemas', 'mierda', 'ceja', 'ceja']"
1788359788721578306,"['anillo', 'de', 'novio', 'marido', 'obeso', 'emoji', 'cara', 'lágrimas', 'emoji', ' ', 'emoji', 'cara', 'lágrimas', 'emoji', ' ', 'emoji', 'cara', 'lágrimas', ' ', 'emoji', 'beso', 'emoji']"
1788352856736633318,"['mentira', 'fiore', 'culo', 'emoji', 'dorso', 'mano', 'índice', 'derecha', 'tono', 'piel', 'emoji', ' ', 'emoji', 'mano', 'índice', 'izquierda', 'tono', 'piel', 'emoji']"
1788352485343514858,"['gente', 'obesidad', 'lesbianas', 'hambre', 'gente', 'versión', 'ser']"
1788344160434454635,"['gente', 'sobrepeso']"
1788325519898923403,"['estado', ' ', 'manos', 'corazón', 'piel']"
1788313696852181465,"['ropa', 'emoji', 'pulgar', 'emoji']"
1787623110050484645,"['ropa', 'guantes', 'foto']"
1788289531843600603,"['programa', 'obesidad', 'tratamientos', 'persona', 'ritmo', 'hábitos', 'necesidades', 'juego', 'problema', 'salud', 'sesión', 'quimio', 'semana']"
1788273009876140155,"['comentarios', 'momento', 'cuestión', 'peso']"
1788279021119086666,"['obesidad', 'cuerpo', 'realidad', 'factura', 'obesidad', 'enfermedad', 'tipo', 'cuerpo', 'tele']"
1792504841668874528,"['gente', 'obesidad', 'enfermedad', 'casos', 'doctores', 'problema', 'días']"
1792499804943024300,"['trollete', 'mayoría', 'humo']"
1792490381654794721,['obeso']
1792489653016121843,['mierda']
1792446022431453349,"['libertario', 'helado', 'esqueleto', 'memoria', 'número', 'páginas', 'citas', 'libros', 'color', 'tapa', 'editorial', 'anécdotas', 'contexto', 'vida', 'autores']"
1792441761496711252,[]
1792410502317904115,['CELULAR']
1792410344532402357,['GORDURA']
1792404105354526804,"['obesidad', 'cuestión', 'autoestima', 'peso', 'salud']"
1792402278881611914,['gordura']
1792400618587598974,"['albañil', 'sobrepeso', 'pan', 'cocacola']"
1792390776250576932,[]
1792387199243088220,['chica']
1792362219633844377,"['cara', 'luna', 'traje', 'meme']"
1792352220241121392,"['comentarios', 'mina', 'obesidad']"
1792347586613190772,['sis']
1792343083360956522,"['tiempo', 'dinero', 'cara', 'galleta']"
1792336228886479140,"['destreza', 'sobrepeso', 'acrobacia']"
1792330332106371155,"['mayoría', 'idiotas', 'asco']"
1792324559258980463,"['estética', 'protagonista']"
1792319999794639051,"['siglos', 'obesidad']"
1792314680901304492,"['panadería', 'porciones', 'torta']"
1792287355576979474,"['sobrepeso', 'obesidad', 'hecho', 'peso', 'tipo', 'alimento', 'sedentarismo', '\n\n', 'bio']"
1792285613917409737,"['tucumano', 'imágenes', 'anime']"
1792279054596358255,"['mueca', 'preguntas', 'físico']"
1792263081264906369,"['reels', 'conclusiones', 'bestia']"
1792249325738725878,"['verdad', 'sobrepeso']"
1792246013043904534,"['camión', 'toneladas', 'sobrepeso']"
1792238678321824034,"['cuerpo', 'obesas', 'enanas']"
1792231182987387235,"['opsión', 'gordura', 'hinchazón']"
1792226096307437860,"['ideal', 'centro', 'país', 'xenofobia', 'gordofobia', 'trastornos', 'obesidad', 'enfermedad', 'dudas', 'mujer', 'mujer']"
1792223482232598909,"['vida', 'parte', 'partido', 'organización', 'línea', 'pensamiento', 'temas']"
1792211570057216357,"['Dios', 'tca', 'película']"
1792211269652713941,"['acuerdo', 'obesidad', 'ENFERMEDAD', 'comillas', 'resto', 'acuerdo', 'doc']"
1792190735699071279,"['sorete', 'GP', 'vez', 'autos', 'categoría']"
1792162770491740202,"['medicamentos', 'hashtag', 'obesidad']"
1792072256837062981,"['obsecion', 'manolo', 'waifu', 'resentimiento']"
1792058003421614358,"['delgadez', 'obesidad', 'expresión', 'decadencia', 'esfuerzo']"
1792022368174436433,"['mujer', 'obesidad']"
1791982519144923485,"['internet', 'obesidad', 'messi', '1']"
1791977836737114445,['pelo']
1791944680206213282,['mierda']
1791935404146409626,"['testigos', 'sobrepeso', 'comunidad']"
1791925405957365809,"['pobreza', 'sobrepeso']"
1791923830060957916,"['persona', 'pelo', 'cáncer', 'mona', 'mona']"
1791901234116411753,"['pedazo', 'asco']"
1791896759108558995,"['cuerpo', 'palabra', 'mujer', '130']"
1791871934042390749,"['delgadez', 'problemas', 'obesidad', 'ápice', 'salud', 'problema', 'ámbas', 'lugar', 'industria']"
1791854878181994762,"['gimnasio', 'dia', 'extremo', 'anorexia', 'obesidad']"
1791829966952202243,"['ojos', 'sobrepeso']"
1791697520097407166,"['mi', 'casa', 'un', 'metro', 'emoji', 'emoji', ' ', 'emoji', 'emoji', ' ', 'emoji', '\n\n', ' ', 'emoji', 'emoji']"
1791689549111783470,['FOTO']
1791676133399826744,[]
1791659320767090895,"['obesidad', 'deporte', 'razon']"
1791636176736039401,"['gente', 'obesidad', 'harina', 'tiempo']"
1791634764778078369,"['cuerpo', 'chiste', 'mujer']"
1791632368710598995,"['horror', 'secundaria', 'años', 'minuevomiedo']"
1791629045806842148,"['lado', 'ganas', 'fetiches', 'sedanes', 'señores', 'sobrepeso', 'risa']"
1791620058667520086,['hambre']
1791614317160214578,"['pleno', 'vagancia', 'gramajo', 'papas', 'paquete', 'tostada', 'portobellos', 'huevo', 'frío']"
1791611216344862727,"['vez', 'peso', 'pulmones', 'ronquido', 'problema', 'amígdalas', 'veterinario', 'ronquido', 'humanos']"
1791600876949270574,"['fuerza', 'mujer', 'sobrepeso', 'sombrero']"
1791564433484841396,"['fin', 'obesidad', 'fecha', 'estreno', 'entrega', 'sinopsis', 'streaming']"
1791561790167425515,['mierda']
1791561465159160295,"['ciudad', 'gente', 'linyeras', 'color', 'mujeres', 'hombres', 'frikis', 'parejitas', 'mano', 'gente', 'musulmanes', 'region', 'tipos']"
1791561026644725789,"['ciudades', 'mujer', 'sobrepeso', 'aspecto']"
1791553747836879333,"['CAÑUELAS', 'camión', 'cargas', 'toneladas', 'sobrepeso']"
1791517572204224672,"['sobrepeso', 'transformación', 'cambio']"
1791486410731470981,"['casa', 'marido', 'verduras', 'plato', 'espinaca', 'legumbres', 'gordura', 'waffles', 'premezcla', 'chipá', 'cara', 'ojos', 'corazón']"
1791466720604860878,[]
1791447338558398867,"['fin', 'semana', 'cordura', 'gordura']"
1791436641950695509,"['sobrepeso', 'obesidad', 'aditivos']"
1791412680558846241,"['Depresion', 'apatia', 'fealdad', 'obesidad', 'humor', 'irritabilidad', 'falta', 'deseo', 'mujeres']"
1791410460534694123,"['alfajor', 'alfajor', 'día', 'población']"
1791322072481755554,"['EVENTO', 'PARK', 'FIN', 'OBESIDAD', '25']"
1791320471071256953,['amor']
1791307673016607106,"['tarta', 'pollo', 'pollo', 'verdeo', 'puré', 'noche', 'nivel', 'gordura']"
1791305922364559862,"['tw', 'sandgche', 'edtw', 'mano', 'chicas', 'mano', 'albañil', 'rato']"
1791303409720541444,"['fotos', 'inteligenciaartificial', ' ', 'robot', 'personas', 'cuerpos', 'rostro', 'emoji', 'emoji']"
1791300272238498052,[]
1791335645371064549,"['novia', 'etapa', 'amor']"
1791287553217233114,"['ansiedad', 'local', 'hamburguesas', 'casa', 'bolsillo', 'gordura', 'problemasss']"
1791276151266013565,"['gordura', 'hermano']"
1791265562674241616,"['lugar', 'gente', 'occidente', 'gente', 'cultura', 'infierno']"
1791256007605199066,"['Enfermedad', 'tiempos', 'obesidad', 'carencia', 'sentido', 'amor', 'ridiculez', 'cara', 'náuseas', 'emoji', 'cara', 'emoji']"
1791247369243070545,"['días', 'hermanos', 'sobrepeso', 'mercado', 'pases', 'refuerzos', 'hashtag', 'momento']"
1791234141331083526,"['cambio', 'sobrepeso', 'kilos']"
1791224030583812445,"['persona', 'sobrepeso', 'nuke', 'puerta', 'bondi']"
1791222199228981619,"['novia', 'sábado', 'TW', 'OFF']"
1791210294921834564,"['fabra', 'muñeco']"
1791199160508846261,"['obesidad', 'obesidad', 'enfermedad', 'anorexia', 'frentes', 'discriminación', 'información', 'chica', 'problemas', 'salud']"
1791187822130450928,"['obesidad', 'patología']"
1791185304176750766,"['tema', 'burrada', 'cargeles', 'obesidad', 'discriminación', 'definición', 'obesidad']"
1791183819548119069,"['camión', 'cargas', 'toneladas', 'sobrepeso', 'información', 'gt;&gt', 'transporte', 'provincia', 'sociedad']"
1791179708618740160,['sobrepeso']
1791169368363078072,"['universo', 'obesidad', 'acto', 'inclusión']"
1791153983223947617,"['médico', 'guías', 'cambio', 'estilo', 'vida', 'tratamiento', 'obesidad', 'tratamientos', 'cx']"
1791101348777189664,"['deporte', 'obesidad']"
1791101304057511987,"['falopa', 'amigo']"
1791094241063588002,['gato']
1791084937761665195,"['panadería', 'casa', 'sobrepeso']"
1791081428475588967,['obesidad']
1791081085662634182,"['TONELADAS', 'SOBREPESO', 'RUTAS', 'camión', ' ', 'emoji', 'apretón', 'manos', 'tono', 'piel', 'medio', 'emoji', 'altura', 'unidad', 'puntos', 'control', 'Provincia', 'rutas']"
1791078651020116470,"['discapacidad', 'resto']"
1791061506265587799,"['camión', 'cargas', 'toneladas', 'sobrepeso', 'noticias']"
1791059972672946273,"['provincia', 'detuvo', 'camión', 'cargas', 'toneladas', 'sobrepeso', 'chincheta', 'emoji']"
1791050317523460590,"['Comentario', 'comentario', 'hombre', 'obesidad', 'vez', 'sangre']"
1790971093542449546,"['hijos', 'puta', 'país', 'pan', 'chocolate', 'manjar', 'infusión', 'anormalidad', 'yanqui', 'sobrepeso']"
1790930944112693541,[]
1790929281729581198,"['cosa', 'river', 'sobrepeso']"
1790926263676223987,"['curas', 'sotana', 'calle', 'joda', 'carcamanes', 'obispados', 'conservadurismo', ""'"", '80', 'renacer']"
1790922161038721138,"['frutos', 'hijos', 'puta', 'ruedas', 'altares']"
1790921548666118546,"['camión', 'cargas', 'toneladas', 'sobrepeso', 'hashtag', 'camióndecargas', 'hashtag', 'sobrepeso', 'hashtag', 'transporte']"
1790914097162211377,"['gente', 'contextura', 'gordura', 'chica', 'cuerpo', 'contextura']"
1790911653556433298,"['vez', '8', 'pediatra', 'palabras']"
1790897523072057660,"['personaje', 'maldad', 'trampas', 'traiciones', 'engaños', 'rival', 'control', 'cordura', 'sobrepeso', 'defectos']"
1790879064133111921,"['camión', 'toneladas', 'sobrepeso']"
1790845405258731552,[]
1790841991401492768,"['camión', 'cargas', 'toneladas', 'sobrepeso']"
1790839627479130160,"['dios', 'verguenza', 'emoji']"
1790828070112215062,['calorías']
1790819308278300962,"['hermano', 'paso', 'enfermedades', 'obesidad', 'cagada']"
1790805207816843345,"['asco', 'sobrepeso', 'causa', 'vida', 'sobrepeso']"
1790789239296196897,"['6', 'mayo', 'cuestióndepeso', 'pantalla', 'conducción', 'salud', 'argentinos', 'hábitos', 'hashtag', 'obesidad']"
1790776301973799141,"['lunes', 'gym']"
1790753018201207227,"['\n ', 'calendario', 'espiral', '10/6', 'portátil', 'través', ' ', 'encuentros', 'zoom', '\n ', 'certificado', 'participación', 'símbolo', 'dólar', 'emoji', 'Arancelado', '\n\n', 'e', 'inscripción', '\n ', 'emoji', 'dorso', 'mano', 'índice', 'derecha', 'emoji', '\n ', 'emoji', 'dorso', 'mano', 'índice', 'derecha', 'url.ar']"
1790734921734230365,"['sobrepeso', 'sal', 'monton']"
1790733243068666110,"['enfermedades', 'obesidad', 'nene', 'niña', 'género', 'fuerza', 'orientación', 'lesbianas', 'bisexuales', 'pansexuales', 'monosexuales', 'asexuales', 'persona', 'parámetros', 'libertad']"
1790725319592120642,"['objetivo', 'hambre', 'problema', 'ingesta', 'calorías', 'indicador', 'incidencia', 'calorías', 'malnutrición', 'obesidad']"
1790708609359192495,"['bikinis', 'médico', 'obesidad']"
1790615873603981727,"['horas', 'pastilla', 'magia', 'cocina', 'sándwich', 'queso', 'gimnasio']"
1790597493039800466,"['ensobrado', 'gordura', 'sobre', 'chimento']"
1790595444524962017,"['pan', 'leche', 'gordura', 'cara', 'manos']"
1790578823903301836,"['chica', 'mcdonald']"
1790575041110765748,['DT']
1790562256528244960,"['piñon', 'sobrepeso']"
1790559657842319653,"['vida', 'gente', 'gato']"
1790557987158811100,['fútbol']
1790554837488177316,[]
1790554828961132786,['sobrepeso']
1790538674532176377,['cuestión']
1790538389181137348,"['hamburguesa', 'novio', 'emoji', 'corazón']"
1790518997466993084,"['hijo', 'puta']"
1790510659022606404,"['gordura', 'pecho', ' ', 'emoji', ' ', 'corazón']"
1790510290217423083,"['antojos', 'papas', 'paquete', 'panchos', 'mañana', 'comprensión', 'lectora', 'antojos', 'obesidad', 'veces', 'bay']"
1790507302803345568,"['cara', 'lágrimas', 'años', 'cabeza', 'pandereta', 'lágrima']"
1790505049396818407,"['sobrepeso', 'ves', 'mano', 'señal', 'victoria', 'emoji']"
1790504622429204629,"['colaboracionista', 'kg', 'sobrepeso', 'hambre', 'burla', 'gente', 'cuenta', 'mérito', 'progreso', 'actriz']"
1790499624366608486,"['chicle', 'gobierno', 'ruta', 'sobrepeso']"
1790483135697723682,"['mc', 'gatos']"
1790461405067636894,"['emoji', 'cara', 'boca', 'estudio', 'semaglutida', 'ingrediente', 'riesgo', 'ataque', 'cardíaco', 'emoji', 'dorso', 'mano', 'índice']"
1790450389931692298,['gato']
1790445821428658569,"['modulación', 'ciclado', 'calcio', 'propensión', 'arritmias', 'modelo', 'murino', 'obesidad', 'diabetes', 'cargo', ' ']"
1790439794100600994,"['pizza', 'empanadas', 'gusto', 'oferta', 'empanadas', 'pizza', 'noche']"
1790434232503791657,['lémur']
1790433019733446877,"['presidente', 'historia', 'orangután', 'futbol', 'razón', 'remate']"
1790421817582317814,"['6', 'mayo', 'cuestióndepeso', 'pantalla', 'conducción', ' ', 'salud', 'argentinos', 'hábitos', 'hashtag', 'obesidad']"
1790407368741621918,[]
1790396715603837105,"['versión', 'sobrepeso', 'mili-pili']"
1790384113536369058,"['existencia', 'gordura', 'tiroides', 'gordura', 'ejercicio']"
1790383781737578505,"['chica', 'brazos']"
1790376657636802602,"['presión', 'edad', 'cuenta', 'sobrepeso']"
1790366820098097448,"['estudios', '\n', 'tengo', 'sobrepeso', '\n ', 'emoji', ' ', 'doc']"
1790364656487317834,"['aumento', 'tasas', 'obesidad', 'jóvenes', 'deporte', 'asunto', 'personas', 'forma', 'mundo', 'art', 'forum']"
1790358840938012759,"['gente', 'caso', 'perdon', 'PEDORROOO']"
1790353143999426839,"['obesidad', 'político', '$']"
1790255355940712744,"['depto', 'hermana', 'fideos', 'pollo', 'VECES']"
1790210199992549740,"['amigo', 'gato']"
1790209456816419083,"['soledad', 'frío', 'general', 'boludos', 'obesidad', 'verano']"
1790200287518466295,"['ganas', 'cabeza', 'medialunas', 'empanadas', 'cookies', 'alfajores']"
1790198408000442550,['obesidad']
1790168789536932243,['tiro']
1790168085954981951,"['gente', 'opinión', 'cuerpo', 'razón', 'cuerpos', 'gente', 'obesidad', 'salud', 'gordofobia']"
1790159126766772659,['gordura']
1790156263122206962,['via']
1790152496389788116,"['cuerpo', 'calidad', 'urgencia']"
1790149687216857224,"['ropa', 'perro', 'talle', 'flan', 'gordura']"
1790135992898248920,"['estrias', 'cesarea', 'bigotes', 'morbo', 'persona', 'OF']"
1790116622872568261,"['par', 'talles']"
1790109225554763783,"['gitanos', 'padrón']"
1790099992180334787,"['gracia', 'edad']"
1790091596467478689,['pizzas']
1790086612409262560,"['gente', 'obesidad', 'daño', 'cuerpo', 'extremos']"
1790082753708380347,"['cositas', 'gordura']"
1790064278839361730,"['criterio', 'lesbianas', 'aviones']"
1790047893480505383,['cuerpo']
1790042680870752626,"['periodista', 'tiempo', 'gorrita', 'beta', 'fito', 'sobreviviente', 'gordura', 'ig', 'toxicidad']"
1790040995251323177,[]
1790031168793903264,"['pedazo', 'hijo', 'contenedor', 'prueba', 'radiación', 'putas', 'morsa', 'sobrepeso']"
1793690503109656576,"['obesidad', 'ENFERMEDAD', 'gordura', 'tipo', 'agujero', 'nena', 'terapia']"
1793675256374480964,"['frío', 'sobrepeso', 'relación']"
1793656441800438123,"['bollito', 'bobazo', 'flan']"
1793651736475029795,"['emoji', 'luces', 'policía', 'emoji', ' ', 'emoji', 'luces', 'policía', 'emoji', ' ', 'emoji', 'luces', 'policía', 'emoji', '\n', 'días', 'mayo', 'inscripción', 'Curso', 'aplicaciones', 'práctica', 'clínica', '\n\n', 'info', 'dorso', 'mano', 'índice', 'derecha']"
1793648667838365831,"['dias', 'expo']"
1793633050712309907,"['reality', 'obesidad', 'desafíos', 'casos']"
1793625102900506883,[]
1793620899213521112,"['cara', 'verga']"
1793615763636629679,"['obesidad', 'niños', 'años', '\n\n ']"
1793476293553762487,"['tribuna', 'estadio', 'minnesota']"
1793470932734136662,[]
1793464444343005365,"['rasguño', 'gordura', 'manos', 'pedazo', 'trola', 'tanto', 'showww', 'emoji', 'cara', 'payaso', 'emoji', ' ', 'emoji', 'cara', 'payaso', 'emoji']"
1793439887321870776,"['gonza', 'vida']"
1793438738812371246,[]
1793434383098999000,[]
1793429479580176579,"['emoji', 'flecha', 'derecha', 'OBESIDAD', 'NEGOCIO', 'MIGAJA', 'edición', 'reality']"
1793413563136221463,"['participante', 'peso', 'edición', 'obesidad', 'negocio']"
1793388666863137102,"['miedo', ' ', 'miedo', 'peso', 'temporada', 'reality', 'obesidad', 'negocio', 'reality', 'programa', 'streaming', 'ciclo']"
1793387683898662986,"['globo', 'meridianos', 'emoji', 'OBESIDAD', 'NEGOCIO', 'MIGAJA', 'edición', 'reality']"
1793378728472621122,[]
1793359012345393658,"['novios', 'vergüenza', 'favor']"
1793357154860085387,"['obesidad', 'economia', 'pais']"
1793345366248542441,"['argentina', 'policías', 'armas', 'jóvenes', 'trabajo', 'población', 'colisión', 'emoji', 'policías', 'veteranos', 'obesidad', 'reglas']"
1793339320058736856,"['mono', ' ', 'emoji', 'orangután']"
1793338076493664552,"['OBESIDAD', 'NEGOCIO', 'MIGAJA', 'edición', 'reality']"
1793321904717041664,"['reality', 'obesidad', 'negocio']"
1793314293850558987,"['tipo', 'acto', 'estadio', 'paracaídas', 'gente', 'despacho', 'prendas', 'director', 'técnico', 'arco', 'hijo']"
1793307842516079058,"['VUELTAS', 'mapa', 'cosa', 'alimentacion', 'obesidad', 'resumen', 'gastos']"
1793307586550223077,[]
1793306091893174506,"['cabeza', 'parlante', 'Mercado', '14/15', 'bullying', 'celiaquía', 'obesidad']"
1793265528078729722,"['edición', 'reality', 'obesidad', 'negocio', 'migaja']"
1793250290805674367,['campera']
1793235695470784783,"['mentira', 'hipotiroidismo', 'general', 'obesidad', 'mayoria', 'habitos', 'alimentarios', 'sedentarismo', 'comorbilidad', 'predecesor', 'enfermedades', 'medico', 'especialista', 'cara', 'bostezo']"
1793194634803298728,"['obeso', 'imagen', 'seboso']"
1793163592361033959,[]
1793135663312785573,"['cantidad', 'mononeuronales', 'obesidad', 'enfermedad', 'curvas', 'modelo', 'vs', 'base', 'lechuga', 'almendras']"
1793132192844972398,['caballo']
1793106750704693456,"['obesos', 'tipo', 'penales', 'idiosincrasia', 'club', 'pija']"
1793098277405221174,"['argentinos', 'exceso', 'peso', 'lugar', 'sistema', 'salud', 'país', 'ley', 'obesidad', 'emoji', ' ', 'momento', 'emoji']"
1793065504204050511,"['bolas', 'marroqui', 'pera']"
1793049384550092911,"['gata', 'mundo']"
1793043050576416936,"['extremos', 'poronga', 'cosa', 'sobrepeso']"
1793037076142641606,['colchonero']
1793025257026007361,"['gringo', 'gordura', 'títulos']"
1793022038975582397,"['ocultador', 'adiposidad']"
1793013969860342167,['obesidad']
1792985530285564372,"['apología', 'obesidad', 'extremos']"
1792961372780998777,"['san', 'nena', 'descendientes', 'marroquíe', 'mujeres', 'fantasy', '7', 'imperio', 'futuro', 'europa']"
1792931625984045473,"['suerte', 'mundo', 'pedazos', 'tetas', 'antipapa']"
1792921252836884745,"['días', 'Dra.', 'actividad', '\n\n ', 'dorso', 'mano', 'índice', ' ', 'dorso', 'mano', 'índice']"
1792912680879034824,"['obesidad', 'consejos', 'economia', 'pais']"
1792903073758654773,[]
1792897632009904238,"['ojos', 'atención', 'foco', 'nariz', 'cara', 'bizcochuelo', 'papada', 'testimonio', ' ']"
1792896985256649150,"['ciencia', 'obesidad', 'práctica', 'declaración', '\n\n ']"
1792896460566008027,['\n\n ']
1792895955873702129,"['circuito', 'sobrepeso']"
1792733706333138976,"['gente', 'diferencia', 'gemelas', 'puesto']"
1792729283095642432,"['pena', 'forma', 'tristeza', 'pensamiento', 'tipo', 'resto', 'pelo', '12', 'papada', 'niño', 'sobrepeso', 'valor']"
1792724933673705977,"['frio', 'hora', 'maquillaje', 'cerdo', 'punto']"
1792720050706907581,"['cuentas', 'ingresos', 'pueblo', 'impuestos', 'contra', 'arreglos', 'peronismo', 'inflación', 'salarios']"
1792715277614108764,['obesa']
1792704760052912167,"['80%', 'empleados', '2020', 'casa', 'mayores', 'caso', 'matrimonio', 'sobrepeso', 'GENTE']"
1792701327019217272,"['traumatólogo', 'sobrepeso', 'rodillas']"
1792698281950417321,"['trola', 'culo', 'hombre', 'sobrepeso']"
1792689994676793786,"['nombre', 'obesidad', 'estigma']"
1792685559237783827,"['leche', 'años', 'azúcar', 'persona', 'kilos', 'azúcar', 'año', 'abuelos', 'kilos', 'repente', 'obesidad', 'diabetes', 'azucar', 'permitido']"
1792677390604443925,['onda']
1792656497744454138,"['camión', 'cargas', 'toneladas', 'sobrepeso']"
1792617224642916641,"['vergüenza', 'lado', 'videito', 'gordura', 'mayoría']"
1792614165141446984,"['pibe', 'costillas', 'sobrepeso']"
1792610161003213230,"['miedo', 'rechazo', 'gente', 'rechazo', 'pobreza', 'gordura', 'vejez', 'bolas']"
1792607232150090047,"['persona', 'obesidad', 'manada', 'OBESIDAD', 'onda']"
1792605858188193896,[]
1792595505110773875,"['peso', 'peso', 'plot', 'twist']"
1792580659287908547,['comentarios']
1792579545989575086,"['kilos', 'doble', 'hecho', 'elefante']"
1792579476825522653,"['cumple', 'sobrepeso', 'mujer']"
1792555145198293246,"['déficit', 'sostenido', 'superávit', 'stocks', 'medio', 'personas', 'familias', 'sociedades']"
1792553552260313553,[]
1795800953095954917,"['gente', 'mérito', 'estudio', 'hambre', 'hambre', 'calorías', 'día']"
1795794893157081148,[]
1795746227159798153,"['osos', 'pandas', 'animal']"
1795718515326112016,"['fan', 'hermano', 'uso', 'razon', 'gh', 'mierda', 'television', 'gh']"
1795661658347729172,"['sentimiento', 'solución', 'obesidad', 'vidas', 'marcas', 'inyección']"
1795661430106243169,"['parte', 'persona', 'obesidad', 'personalidad', 'obesidad', 'grasa', 'cuerpo', 'dieta']"
1795648894204014603,"['efecto', 'gordura']"
1795645520272392427,[]
1795644113053974736,"['obesidad', 'años']"
1795630311532794224,"['obesidad', 'motivo']"
1795626527461089721,[]
1795619753580703853,[]
1795612251321418051,"['muchacho', 'sobrepeso', 'capacidad', 'futbolista', 'dicho', 'mano', 'perro']"
1795607808102355025,"['frío', 'cantidad', 'ropa', 'enano']"
1795605561335267834,"['imagen', 'pelotudos', 'cosas', 'comida']"
1795590268043051419,"['gordura', 'movimientos', 'mate', 'pan', 'circo', 'paso', 'ayuda', 'HDP', 'che']"
1795582624649671087,"['delito', 'obesidad', 'odio']"
1795576841153245497,"['peluche', 'pfp', 'insta', 'plushie', 'pucheros', 'gabumon', 'obesidad']"
1795554542056009884,"['por', 'gordura', ' ', 'emoji', ' ', ' ', ' ', 'cerdo', ' ', ' ', 'de']"
1795548995760030163,"['mieda', 'madre']"
1795538596872737183,"['transporte', 'turno', 'neumonólogo', ' ', 'emoji', 'risa', 'emoji', '\n\n', 'gente', 'consulta', 'escaleras', 'causa', 'peso']"
1795538147637629030,"['guanacos', 'tiras', 'asado', 'cucha']"
1795533944148103214,"['obesidad', 'pandemia', 'pasos', 'mundo', 'través']"
1795530262547407305,"['obesidad', 'lados']"
1795513437969354834,['pibes']
1795496463440507313,"['chanchope', 'iman', 'offside']"
1795496174884905156,"['ravioles', 'sobrepeso']"
1795486632973316450,"['problemas', 'obesidad', 'lado']"
1795482005460734389,"['HAMBRE', 'GORDURA', 'INSALUBRE']"
1795481434951655824,"['problema', 'obesidad', 'medio']"
1795476278738379220,"['cryptoarte', 'obesidad', 'fotos', 'eventos']"
1795473287851466800,"['vestiduras', 'cuerpo', 'mujer', 'posts', 'chicas', 'palo']"
1795472844211569063,"['comida', 'galpones']"
1795469886996513161,"['info', 'pedazo', 'pelotudo']"
1795454448136819065,"['parecer', 'hombres', 'mujeres', 'sobrepeso', 'ejemplo', 'mujer', 'tipo']"
1795375533880230373,"['minas', 'tipos', 'cosas', 'fantasía', 'hombre', 'complejo', 'fetiche', 'vergüenza']"
1795372177333915777,"['fotos', 'costa']"
1795356801275490317,['gustisimo']
1795344932586283470,"['obesos', 'aborto']"
1795333106993610756,"['gente', 'cama', 'imbécil', 'privilegio']"
1795330320071528489,"['terapia', 'lado', 'obesidad', 'cosa', 'gym']"
1795295065457492424,"['carne', 'comida', 'concha', 'sudor', 'grasa', 'señal', 'mujer']"
1795290318545584604,['vaca']
1795269451472126277,[]
1795266187187908623,"['trapo', 'gordura', 'escudo']"
1795254087329669509,"['mate', 'hambre', 'adulto', 'sobrepeso', 'criatura', 'carencias', 'cuenta']"
1795244500446482619,[]
1795239889895563396,"['fin', 'manera', 'obesidad', 'droga', 'peso', 'gente', 'sistema', 'médico', 'chicos', 'tratamiento']"
1795236779542425604,[]
1795222878398329179,"['radio', ' ', ' ', 'especialista', '  \n\n ', 'estudio', 'regla', 'segundos', 'comida', 'piso']"
1795209862382579871,"['papas', 'cheddar', 'concha', 'hermana']"
1795202941743186147,['OBESO']
1795149912276942920,"['minas', 'hombres', 'cosa', 'parte']"
1795131227357278655,"['hombre', 'primeras', 'mina', 'envidia']"
1795128309941932363,['chorra']
1795127196706644451,"['comida', 'orangután']"
1795116786355949637,"['comida', 'che', 'kilos', 'sobrepeso', 'palos']"
1795105551480766587,"['secreto', 'cansancio', 'sobrepeso', 'facilidad']"
1795084151273480500,['hamburguesa']
1795078914978488534,"['modo', 'ejemplo', 'paciente', 'obesidad', 'distribución', 'aumento', 'insulinemia', 'valor', 'HOMA', 'aumento', 'transaminasas', '2', 'glucemia', '105', 'hipertrigliceridemia', '190', 'aumento', 'estudio', 'hashtag']"
1795071772150112633,"['tratamiento', 'agonistas', 'receptor', 'pacientes', 'obesidad', 'diabetes', 'tipo']"
1795071617250341200,"['tn', 'COMIDA', 'chequeo', 'veneno', 'obesidad']"
1795030964751433728,"['futuro', 'molécula', 'mundo', 'tratamiento', 'diabetes', 'obesidad']"
1794962360085487622,"['asco', 'problema', 'obesidad', 'mierda', 'persona', ' ', 'emoji', 'cara', 'náuseas']"
1794962199045194039,"['mierda', 'niveles', 'impresión', 'indice', 'obesidad', 'políticas', 'situación']"
1794956218189926848,"['violadora', 'pedo', 'pibe', 'bola', 'chabón', 'escrache(me', 'mina', 'color', 'piel']"
1794954940944683314,"['mina', 'levanté', 'badoo', 'apps', 'días', 'gustos', 'cuenta']"
1794953503196233930,"['arma', 'decisiones', 'gente', 'gente']"
1794939577226104988,"['pibes', 'imagen', 'mina', 'gordita', 'mina', 'minoría', 'mujeres']"
1794936382013702612,"['hombres', 'rellenitas', 'problema', 'hombres']"
1794914022468563210,"['médico', 'sobrepeso', 'esperanza', 'vida', 'síntoma', 'época', 'peso', 'médico', 'edad', 'infarto']"
1794906571136520482,['historias']
1794884750177718383,"['obesidad', 'desarrollo', 'años', 'obesidad', 'años', 'depresión', 'enfermedades', 'obesidad', 'genocidio']"
1794880598907240807,[]
1794879266028679490,"['fruta', 'culpa', 'fruta', 'sedentarismo']"
1794862037853684171,"['gente', 'perros', 'emoji', 'dedos', 'piel', ' ', 'dedos', 'piel', 'perros', 'raza', 'contextura', 'veterinario', 'emoji', 'cara', 'ojos', ' ', 'cara', 'ojos']"
1794830860610670891,"['dornell', 'almagro', 'par', 'sobrepeso', 'grone']"
1794819366866796710,"['otaku', 'mierda', 'pija', 'pelota']"
1794818171368579102,[]
1794787217677979662,[]
1794786399490916424,"['trap', 'verdad', 'giles', 'letra', 'peak', 'canción', 'monster', 'mc']"
1794784796067156231,"['honor', 'nombre']"
1794769310809821391,"['lágrima', 'veterinario']"
1794766172745027747,"['obesidad', 'salud']"
1794749471886049375,"['ropa', 'alcance', 'bolsillo', 'persona', 'cuerpo', 'odio', 'emoji', 'risa', 'emoji', 'emoji', 'risa', 'emoji', 'cara', 'risa', 'emoji']"
1794746777457009111,"['metabolito', 'glucolítico', 'supresión', 'golpes', 'conexión', 'diabetes', 'obesidad', 'alimentación', 'riesgo', 'cáncer']"
1794730221930950920,"['vez', 'víctima', 'liga', 'víctimas', 'punto', 'persona', 'personas']"
1794397537916313979,"['gordofobia', 'día', 'campaña', 'libertad', 'comentarios', 'favor', 'daño', 'gente', 'gana', 'cuerpo', 'vida']"
1794729214270468523,"['p.', 'enfermedad', 'porcentaje', 'pais', 'obesidad', 'consecuencias', 'diabetes', 'infartos', 'hipertensión', 'etc.', 'discriminación']"
1794709924720894189,"['gordura', 'hinchazón', 'cristiano', 'través']"
1794563522397192236,"['señora', 'boludeces']"
1794551060960334162,['perros']
1794549431968448964,"['gaseosas', 'uso', 'edulcorantes', 'aumento', 'obesidad', 'problemas']"
1794544680631496765,"['gato', 'risa']"
1794544271762317603,"['burlando', 'cuestión', 'mami', 'fumadora']"
1794535058252124426,"['mitad', 'obesidad', 'culpa']"
1794526787885494600,"['cosa', 'peronismo', 'chavizacion', 'peronismo', 'obesidad', 'atelta', 'chavismo', 'enfermedad']"
1794525372048105695,"['cualidades', 'persona', 'persona', 'moral', 'señora']"
1794519373970829779,"['pastelitos', 'año']"
1794511146818420745,"['CONCHA', 'MADRE', 'TAPIA']"
1794493769808503209,"['Dios', 'caída', 'imperio', 'razón', 'islam', 'imperio', 'colonia', 'iránies']"
1794491130534302147,"['emoji', 'aseo', 'hombres', 'emoji', 'bandera', 'sur', 'gente', 'peso', 'práctica', 'construcciones', 'barras']"
1794490177962102877,"['abogada', 'mentiras', 'noviembre', 'partido', 'resentimiento', 'ballena', 'puerta', 'insulto', 'apariencia', 'ballena', 'chorro']"
1794488895381643581,['paz']
1794487308248559753,"['tiroides', 'dieta', 'OPINIÓN.-', 'médica', 'especialista', 'nutrición', 'orientación', 'obesidad', 'directora']"
1794481903107498470,"['cuello', 'feto']"
1794475869441823031,"['goles', 'trompadas', 'arco', 'metros', 'medio', 'arquero', 'sobrepeso', 'problemas', 'motrices', 'plantel', 'jerarquía', 'dios']"
1794463114328510700,['lujo']
1794462769389171071,"['señora', 'razón', 'muestras', 'nivel', 'ansias']"
1794456924177461502,['compa']
1794454439547261214,"['mujer', 'opinión', 'resentimiento', 'plaza']"
1794452906789191794,[]
1794441439851552852,"['mini-hilo', 'entrenamientos', 'sobrepeso']"
1794429675206291661,"['favor', 'límite', 'peso', 'senadores', 'pueblo', 'hambre', 'senadora', 'falta', 'respeto']"
1794425167789387808,"['kgs', 'sobrepeso', 'años', 'popularidad', 'fren']"
1794422427495350716,"['supuesto', 'abstracción', 'meses', 'presión', 'parto']"
1794417404875059220,"['gordura', 'emoji', 'risa']"
1794411201969168549,"['medialuna', 'jyq', 'amigas', 'desayuno', 'turrón', 'hambre', 'emoji', 'cara', 'desaprobación', 'emoji']"
1794407449040130153,"['comida', 'hambre']"
1794403281072205989,"['dedos', 'emoji', 'dedos', 'emoji', 'pacientes', 'insulto']"
1794359529184112653,"['cami', 'gordura']"
1794357752141316108,"['hashtag', 'south', 'park', 'fin', 'obesidad']"
1794354724650795086,"['GACHUPIN', 'razón', 'islam', 'imperio', 'colonia', 'iránies']"
1794350702640422987,"['sacerdote', 'enfermedad', 'obesidad', 'perdón']"
1794330899653533836,"['sábado', 'damas', 'caballeros', 'día', 'favor', 'permiso', 'chocolate', 'pastelitos', 'locro', 'gordura']"
1794318748121550918,"['obesidad', 'mujeres', 'caderas', 'obesidad', 'veces', 'perras']"
1794230382935802251,"['MSP', 'médicos', 'pctes', 'obesidad', 'drama', 'ridículo', 'boberías']"
1794226097506378186,[]
1794219744603861453,"['morcilla', 'cuento', 'hermano', 'obesidad', 'manga']"
1794197607289667629,"['semana', 'mujer', 'día', 'programa', 'hermanas', '88', 'año', 'tipo', 'gatita', 'bebé']"
1794192183303803267,"['ACUERDO', 'EGOS', 'MOMENTO', 'ROSCA']"
1794182899941691833,"['caso', 'ejemplo', 'obesidad', 'bomberos', '60%', 'personal']"
1794138200249639249,['tetas']
1794163349984530631,"['PELOTA', 'MESES', 'GOBIERNO', 'OBESIDAD', 'GOBIERNO', 'KEN', 'BARBIE', 'MISIONES', 'GENTE', 'CABEZA', 'GOBERNADOR', 'MILEI', 'OLFA', 'PELOTUDO', 'PEDAL', 'KIRCHNERISTA', 'FLEMA']"
1794151584865177834,['obesidad']
1794150991186538657,"['vez', 'maldad', 'observacion', 'adiccion', 'gordura', 'delgadez', 'halagos', 'depresion', 'cautela']"
1794144610437996783,['sobrepeso']
1794121698603589825,"['vergüenza', 'tipo', 'alopecia', 'obesidad']"
1794114999914222055,"['che', 'furia', 'obesidad', 'gusto', 'personas', 'sobrepeso', 'orrto']"
1794095735828295966,"['amor', 'amigos', 'sobrepeso', 'terraplanista', 'miedo', 'vacunas', 'siempre', 'emoji', 'cara', 'sombrero', 'vaquero', 'emoji']"
1794090385406353882,"['gimnasio', 'semana', ' ', 'emoji', 'lágrima', 'emoji']"
1794069166925787601,"['índice', 'emoji', 'exposición', 'años', 'enf', 'obesidad', 'personal', 'salud', 'ref', 'meses', 'dosis', 'periodicidad', '\n ', 'mano', 'índice']"
1794045695701471738,"['emoji', 'cabeza', 'parlante', 'emoji', 'opinión', 'peso', 'vuelta', 'ciclo', 'obesidad', 'negocio']"
1794015396560802138,"['emoji', 'balanza', 'emoji', '24,9', 'peso', 'talla', 'peso', 'obesidad', 'factor', 'riesgo', 'enfermedades', 'ENT', 'advertencia', 'PEEERO']"
1794005933846122973,"['cabeza', 'parlante', 'emoji', 'impacto', 'sociedad', 'programa', 'micrófono', 'estudio', 'especialista', 'cambios', 'hábitos', 'obesidad', 'trastornos', 'conducta', 'radio', 'emoji']"
1794005806548983936,"['guerra', 'petróleo', 'país', 'favor', 'países', 'aliado', 'enemigo']"
1793998698604790002,"['imc', 'obesidad', 'IMC']"
1793997074050236757,"['opinión', 'peso', 'vuelta', 'ciclo', 'obesidad', 'negocio']"
1793992125236842668,"['hambre', 'orangután']"
1793985790256787630,"['parte', 'fandom', 'fans', 'lado', 'twitter', 'twitts', 'blinks', 'hate', 'personas', 'problemas', 'cara', 'emoji']"
1793929170562715836,"['cutis', 'tendencia', 'obesidad', 'piernas', 'estatura']"
1793872611170304305,"['EVENTO', 'FIN', 'OBESIDAD', '25', 'eventos']"
1793868561510813858,['obesos']
1793848207577092186,"['comentario', 'ignorancia', 'sobrepeso', 'hidratos', 'plata', 'alimentación']"
1793841967060992302,['fuerza']
1793832156235509865,"['nutrición', 'claves', 'bienestar', 'contexto', 'martes', '21', 'mayo', 'charla', 'integrantes', 'equipos', 'eje']"
1793831572849992036,"['cuestión', 'gusto', 'gordura']"
1793831185996747166,"['bebida', 'alfajor', 'niño', 'sobrepeso']"
1793826576855167046,['dolape']
1793819432101327314,"['gordura', 'villetera', 'yama', 'cultura']"
1793817987515854980,"['tendencia', 'balanza', 'sobrepeso', 'daigor', 'dólar']"
1793812212089274853,"['pija', 'sobre', 'gobierno', 'pala']"
1793804486311358745,"['sobrepeso', 'años', 'obesidad', 'diabetes', 'hipertensión', 'trastorno', 'ansiedad', 'depresión', 'obesidad']"
1793803528944689339,[]
1793790203196297307,"['inseguridades', 'mente', 'personas']"
1793771733146894433,"['pais', 'weones', 'hipertension', 'facha', 'vacunas']"
1793771515441529262,['obesidad']
1793760466722005489,"['hate', 'personas', 'ropa', 'talles', 'cuerpos', 'copia', 'pega', 'cuerpo', 'reloj', 'arena']"
1793733500950200486,['bigote']
1793721084359111086,"['temas', '\n ', 'botón', 'marca', 'verificación', 'emoji', 'identificación', 'factores', 'riesgo', '\n ', 'botón', 'marca', 'verificación', 'impacto', 'dieta', 'emoji', 'botón', 'marca', 'verificación', 'emoji', 'forma', 'problemas', 'emoji', 'botón', 'marca', 'verificación', 'emoji', 'comorbilidades', 'adolescente', 'emoji', 'botón', 'marca', 'verificación', 'impacto', 'carga', 'malnutrición']"
1793720402721849801,"['ENVASE', 'SEMEJANTE', 'CANTIDAD', 'mano', 'signo', 'cuernos', 'emoji', ' ', 'emoji', ' ', 'emoji', 'mano', 'signo', 'cuernos', 'emoji']"
1793289276374843623,"['foto', 'momento', 'cara', 'mueca', 'emoji', 'comentarios', 'mujeres', 'vergüenza']"
1793711095599054940,"['gordura', 'cargo', 'risa', 'emoji', 'risa']"
1793709030080455150,"['mujeres', 'cabeza', 'mujer', 'vídeo', 'complexión', 'gt', 'gt', 'gt', 'gt', 'mujer']"
1793699341053673529,"['gordura', '%', 'gente']"
1793693810918404209,"['concepto', 'comida', 'gente', 'autos', 'tiempo', 'verdulerías', 'país', 'obesidad', 'puesto', 'decadencia', 'gastronomía']"
1796590007307907468,"['mujer', 'final', 'día', 'lado', 'problema', 'tipo', 'mina']"
1796579596340728255,[' ']
1796477806945423484,"['bodyshaming', 'gato', 'cabrón', 'asesino', 'criminal', 'guerra', 'hijo', 'puta']"
1796575583675261013,"['terraplanista', 'esloveno', 'sobrepeso', 'finales', 'KKK', 'chance']"
1796561872071929935,"['obé', 'obesi', 'obesidad']"
1796532679112102209,"['comida', ' ']"
1796529773101174886,"['promedio', 'porcentaje', 'micropene', 'huevos', 'posta', 'frio', 'sobrepeso', 'comparacion']"
1796529496348098862,"['trans', 'clitoris', 'testo', 'personas', 'sobrepeso', 'monte', 'venus', 'testiculos']"
1796431944680690149,"['comentario', 'sobrepeso', 'gente', 'medicamentos', 'efectos', 'medicamento', 'personas']"
1796400973260476460,"['ganas', 'coca', 'pensamientos']"
1796397634116358572,['sobrepeso']
1796377097050755361,"['cagada', 'piscis', 'ascendente']"
1796376880620175861,['obesidad']
1796363840227274861,"['grasa', 'hamburguesa', 'foca', 'sobrepeso', 'dedos', 'tono', 'piel']"
1796355239110709617,"['gordura', 'hinchazón']"
1796352362929406198,[' ']
1796351823604863098,"['sobrepeso', 'HUEVOS', 'SOBREPESO', 'HIJOS', 'PUTAAA', 'CICLOOON']"
1796349032186659308,"['golpes', 'pusei', 'segundo']"
1796345720917958744,[]
1796344341927194979,"['toro', 'pastillas']"
1796328792182641031,"['clase', 'virgueada', 'hijos', 'puta']"
1796313056479191099,"['mango', 'enano']"
1796294358259437844,"['fuerza', 'antecedentes', 'probabilidad', 'enfermedad', 'factor', 'riesgo', 'colesterol', 'sobrepeso', 'vida']"
1796292970867523685,"['receta', 'carrot', 'cake', 'pagina', 'yankilandia', 'gramos', 'manteca', 'dias']"
1796284382581285020,"['cachetes', 'bola', 'plata', 'boli', 'dinero']"
1796253912548151537,['amiga']
1796240585864761411,"['casco', 'sobrepeso', 'dia', 'supremacia', 'masculina']"
1796195554017312898,"['varones', 'minas', 'tupé', 'bola', 'caridad']"
1796187309655945713,"['Series', 'emoji', 'proyector', 'cine', 'columna', 'miniserie', 'ciencia', 'ficción', 'fin', 'obesidad', 'especial', 'serie']"
1796186416222715954,"['medida', 'piedad', 'pedófilos', 'caridad', 'catedral', 'comedores', 'belliboni', 'necesidad', 'facturas']"
1796173534164660343,"['carita', 'muslitos', 'sobrepeso', 'policía', 'pibe', 'mina', 'reacción', 'ameba']"
1795996857358811583,['disculpa']
1795989842284753306,['foca']
1795987900930130093,"['hilo', 'mina', 'cuerpo', 'sobrepeso', 'cosas', 'cabezas']"
1795986295929331884,"['mina', '15']"
1795941721743781931,"['gordura', 'verdura', 'frutas']"
1795923669199335841,"['salud', 'obesidad', 'problemas', 'salud', 'humanidad', 'mundo', 'punto', 'problema', 'educación', 'gestión', 'emociones', 'alimentación']"
1795914022132367616,"['influencers', 'comida', 'crítica', 'obesidad', 'gula']"
1795912246482079833,"['fatspo', 'zurdita', 'amiga', 'mierda', 'dios']"
1795911205774561519,"['principio', 'acuerdo', 'arquero', 'rodaje', 'sobrepeso', 'arqueros', 'país', 'momento']"
1795895274012889346,"['dios', 'siestita']"
1795894613850337487,"['ventaja', ' ', 'hashtag', 'granhermano']"
1795893426564579528,"['cuestiondepeso', 'gripe']"
1795886621159555114,"['madre', 'señor', 'edad', 'POLICIA', 'refuerzos', 'ESTADO', 'escudo', 'palo', 'bola', 'grasa']"
1795882452969238863,"['argentina', 'dólares', 'primo', 'sobrepeso', 'dieta', 'gym', 'nutricionista', 'pediatra', 'posibilidad']"
1795881892035563628,[]
1795867996813951119,"['chica', 'pastelito', 'pibas', 'sobrepeso', 'régimen', 'pena', 'dieta', 'carbohidratos', 'queso', 'ensalada']"
1795863703776068020,"['proteínas', 'pasta', 'gordura', 'señal', 'contrario']"
1795856921527738699,"['locura', 'genialidad', 'autismo', 'tipo', 'personalidad', 'psicopatía', 'patología', 'tierra', 'esfera', 'obesidad', 'salud', 'reyes', 'magos']"
1795841813032640618,['sobrepeso']
1795813107287347592,"['estado', 'AN', 'señora', 'vocera']"
1795803967584190808,"['pinta', 'fentanilo', 'sobrepeso', 'paro', 'cardíaco', 'vez', 'años', 'falopín']"
1798728301546000623,"['cura', 'mesa']"
1798715330258202967,"['gente', 'discapacidades', 'CUD', 'pension', 'ingresos', 'changas', 'conocidos', 'quilombos', 'esquizofrenia', 'cosas']"
1798711101330534478,['mara']
1798708975023886616,"['tipo', 'profesionales', 'COMERCIANTES', 'SALUD', 'método', 'atención', 'título', 'OBESOS', 'HIGADO', 'GRASO', 'vida', 'JUGO', 'NARANJA', 'pelotas', 'verso']"
1798697553506296261,"['estado', 'desastre']"
1798692568857014416,"['subsidios', 'hijos', 'dios', 'gente', 'necesidades', 'ejemplo', 'catedral', 'presupuesto', 'comedores', 'canditatos', 'cielo']"
1798592708564615629,"['pases', 'pelota']"
1798578628198043805,['obesidad']
1798565996405690703,"['días', 'noche']"
1798559887263412249,"['amigo', 'chica', 'kg', 'onda']"
1798547827188269531,"['CHABON', 'libertario', 'treintañero', 'obesidad', 'virginidad']"
1798536074496561295,"['sobrepeso', 'trastornos', 'años', 'cosas']"
1798517316956860876,"['hashtag', 'vidas', ' ']"
1798491350951960713,"['tiempos', 'profes', 'fiera']"
1798480089690275956,"['luchadores', 'cosa', 'vez', 'chico']"
1798478771223405005,"['gordura', 'hinchazón', 'horror', 'líder', 'apartamiento', 'leyes', 'parte', 'homosexuales', 'homosexuales']"
1798466797819277328,"['morruda', 'sinónimo', 'gordura']"
1798442471996969215,"['paciente', 'sobrepeso', 'ayuno', 'peso', 'problema', 'consecuencia', 'hambre', 'peso', 'hambre']"
1798438962593137110,"['amigo', 'mano', 'corazón']"
1798428496672567375,['mapaches']
1798407427676647667,['kun']
1798403093270495557,"['obesidad', 'psicologo', 'vida', 'tipo', 'trauma', 'niñez', 'frustracion', 'amargura', 'vida', 'problema']"
1798395997560750107,"['mente', 'espinaca', 'zanahoria', 'ensalada', 'pollo', 'gordura', 'pollo', 'napolitana', 'pizzetas']"
1798389086778175710,"['flaco', 'pelotudo', 'pelotudo', 'charla', 'pelotudes', 'obesidad', 'producto', 'poder']"
1798388056141295941,"['ignorancia', 'tipos', 'vaso', 'cerveza', 'choripan', 'man', 'sindicato', '\n\n', 'mayoria', 'hombres', 'mujeres', 'villas', 'miserias', 'obesidad', 'cuestion', 'alimentancion']"
1798378687597097099,"['ludmilapjm', 'poeta']"
1798374959003357368,"['gordofobia', 'modelo', 'defensora', 'personas', 'sobrepeso', 'misogina', 'mierda', 'nivel']"
1798357840266252501,['hamburguesa']
1798323026288926943,"['hombre', 'trabajo', 'quicio', 'trabajo', 'mujer', 'sobrepeso', 'años', 'casa', 'patriarcado']"
1798214117712617868,"['voz', 'tuli']"
1798195813791015215,[]
1798193741372805319,"['sobrepeso', 'caballo']"
1798191012868977106,"['semen', 'cuerpo']"
1798186529468157963,[]
1798181406872350721,"['coty', 'gordura']"
1798178810334192010,"['buenita', 'trato', 'gordura', 'fama', 'hashtag', 'granhermano', 'hashtag', 'chaufuria']"
1798150189426819507,"['operador', 'oficialista', 'videos', 'barra', 'abogada', 'abogada', 'persona', 'pus']"
1798131762876256351,"['facturas', 'cañon', 'DDL', 'torta', 'ignorancia', 'brutalidad', 'falta', 'educacion', 'cultura', 'pensamiento', 'miseria']"
1798126044068864272,"['dieta', 'policías', 'hombres', 'mayoría', 'sobrepeso', 'cuadras', 'bandido']"
1798086182288654500,"['obesidad', 'analfabetismo', 'narco', 'perras', 'mongolico']"
1798083133361012987,"['índice', 'analfabetismo', 'cuenta', 'tacos', 'caca', 'obesidad', 'cuenta', 'narco', 'casa']"
1798169895211016539,"['gorda', 'bronca']"
1798067376925319237,"['hambre', '2025', 'simios', 'congreso']"
1798053778740170951,"['ovario', 'verón', 'realidad', 'causa', 'obesidad', 'cuestiondepeso']"
1798032479418478659,"['división', 'vez', 'personas', 'capacidades', 'colombianos', 'sobrepeso']"
1798030232227913737,['batracios']
1798026111059886397,"['despilfarro', 'hambre', 'pobreza', 'obesidad', 'comida']"
1798017869395247213,"['lado', 'harinas', 'ejemplo', 'fideos', 'fideos', 'pan', 'causas', 'obesidad', 'dieta', 'cfk']"
1798011433319580108,"['club', 'streamers', 'sobrepeso', 'barba', 'fanaticos', 'fantasy']"
1797993945852723685,['sobrepeso']
1797932458886971495,"['piernas', 'mierda']"
1797817540594520110,"['bebé', 'pedófilo', 'padre', 'idiotas', 'obeso', 'pedófilo']"
1797800628594606497,[]
1797799866355335323,['mundo']
1797798374231642296,"['OBESIDAD', 'TEMA', 'CUENTA', 'hashtag', 'trastornosalimentarios', 'hashtag', 'metabolismo']"
1797750967137374509,"['obra', 'internación', 'clínica', ' ', 'hashtag', 'derechos', 'hashtag', 'estudio', 'obesidad', 'hashtag', 'obra']"
1797738412964741604,"['prostitutas', 'sobrepeso', 'años']"
1797726538626158949,"['líder', 'hecho', 'gordura', 'colación', 'reini']"
1797718586510717209,"['edulcotrante', 'aumento', 'obesidad', 'desvinculacion', 'percepcion', 'sensacion', 'energia']"
1797718584673874024,"['obesidad', 'alteraciones', 'vias', 'recompensa', 'retroalimentaciòn', 'señal', 'hambre']"
1797702417515176219,"['rodilla', 'problema', 'sobrepeso', 'obesidad', 'enfermedad']"
1797702022919262558,['sobrepeso']
1797689733361140074,['sobrepeso']
1797680664541827157,"['furia', 'persona', 'sexualidad', 'fisico', 'celulitis', 'obesidad', 'muerte', 'participantes', 'echo', 'muco']"
1797671940460859747,"['tipos', 'culo', 'tetas', 'gordura', 'altura', 'ej', 'espalda', 'piernas', 'tipo', 'tipos']"
1797645418332914001,"['fruta', 'diabetes', 'tipo', 'expertos', 'enfermedades', 'tiempo', 'aumento', 'obesidad']"
1797641397027447128,"['hdr', 'obesidad', 'cuello', 'batalla', 'cro']"
1797627410156081299,"['despues', 'uno', 'se', 'pan', ' ', 'emoji', 'emoji', ' ', 'emoji', 'emoji', ' ', 'emoji', 'emoji', ' ', 'emoji', 'manos', 'levantadas', 'celebrando', 'emoji', ' ', 'emoji', 'manos', 'emoji', ' ', 'emoji', 'manos', 'emoji']"
1797625531963429080,"['21', '2024', '\n\n', 'INSCRIPCIÓN', '\n', 'uba', 'medicinainterna']"
1797599557519618129,"['bolsas', 'lipidos', 'obesidad', 'nivel', 'vida', 'culo', 'desastre']"
1797596503852421333,"['gobierno', 'títere', 'banda', 'mano', 'señal', 'victoria', 'gordura', 'hinchazón']"
1797592903750938885,[]
1797584490413633750,"['tratamiento', 'obesidad', 'emoji', 'flecha', 'Nota', 'flecha']"
1797486298716078579,"['tema', 'mama', 'gente']"
1797479358371946618,"['chabones', 'cosas', 'suerte', 'altura', 'genética', 'capilar', 'diabetes', 'presion', 'obesidad', 'escoliosis', 'colesterol', 'deudas', 'desapego']"
1797472821406503367,"['tuit', 'gallego', 'colesterol', 'hemorroides', 'culo', 'hincha', 'boca', 'complejo', 'inferioridad', '9/12/18', 'mierda']"
1797454137342468177,"['final', 'dia']"
1797430218296078455,"['soretes', 'especialistas', 'obesidad', 'cosas']"
1797411236281196839,"['momento', 'celulitis', 'autolesiones', 'obesidad', 'abuelo', 'fines', 'juego', 'leucemia', 'casa']"
1797395799455805686,"['chancho', 'kilos', 'sobrepeso', 'cerdo']"
1797390198885560532,"['canale', 'sobrepeso']"
1797367744720966088,"['hijos', 'menores', 'edad', 'kilos', 'kilos', 'merca', 'alcohol', 'diegote', 'infierno']"
1797364166027559109,"['culo', 'partido']"
1797362703897432228,[]
1797356846421856745,"['delincuentes', 'policía', 'comandantes', 'parte', 'carteles', 'sobrepeso', 'video', 'policía', 'pena', 'confianza']"
1797356766281261207,"['mogolico', 'briasco']"
1797344599188361544,"['mym', 'heladera', 'cuestion', 'MYM', 'dios', 'papas', 'mentalidad']"
1797339902260002863,"['cara', 'aborto', 'gente', 'calle']"
1797339300301848904,"['cara', 'hambre', 'calle', 'sobrepeso', 'enfermedades', 'pantalla']"
1797333015195979915,"['pareja', 'persona', 'vara']"
1797320982950019521,['versión']
1797311566892732665,['sobrepeso']
1797295773408735657,['vestido']
1797279456949620932,[]
1797270415385010613,"['curso', 'endocrino', 'residencia', 'importancia', 'hs', 'TA', 'obesidad', 'depresión', 'hs', 'promedio', 'laburo']"
1797155619637498083,"['asma', 'rinitis', 'disfonía', 'dermatitis', 'pliegues', 'cuerpo', 'frustración', 'madre']"
1797145142882709929,['sobrepeso']
1797139287537848576,"['gatitos', 'gato', 'cara', 'risa', 'generación', 'bicentenario']"
1797136740076970353,"['fanes', 'gordo', 'sobrepeso', 'calle', 'miedo', 'turros', 'bolsa']"
1797135206589116607,"['estados', 'unidos', 'sobrepeso']"
1797099797880480207,"['tca', 'parte', 'enfermedad', 'miedo', 'obesidad', 'sobrepeso', 'mierda']"
1797079945371341094,"['sobrepeso', 'hijo', 'puta']"
1797079428117229646,"['sobrepeso', 'cara', 'emoji', ' ', 'emoji', 'personas', ' ', 'manos', 'corazón', 'tono', 'piel', 'medio', 'emoji', ' ', 'mano', 'señal', 'victoria', 'tono', 'piel', 'medio', 'emoji']"
1797068647766098266,"['momento', 'abdominales', 'obesidad', 'felicidad']"
1797057664708452713,"['alumno', 'clase', 'amp', 'información', 'imágenes', 'erudito', 'ojos', 'brazos']"
1797044047686799550,"['PIJA', 'ARQUERITO', 'MIERDA', 'SOBREPESO', 'CONCHA', 'HERMANA', 'FORRO']"
1797017497008210150,"['twister', 'cosas', 'otakus', 'vida', 'anime']"
1796974848519872952,"['hadas', 'lado', 'amigo', 'parte', 'cuerpo', 'adiposidad', 'emoji', 'risa']"
1796909281494618578,"['columna', 'sobrepeso']"
1796873146873561414,"['explicacion', 'sobrepeso', 'infraestructura', 'año', 'reformas']"
1796863911909642498,"['sistema', 'salud', 'negocio', 'azúcar', 'obesidad']"
1796836572857307326,"['CHUPAPIJAS', 'encuentro', 'pasillo', 'gordura', 'hinchazon', 'cara', 'ojos']"
1796795738891923480,"['vida', 'culpa', 'problemas', 'obesidad', 'clases', '2023', 'años', 'kilos']"
1796771778812928036,[]
1796752768016757230,['homero']
1796745219632677047,"['ALERTA', 'dios', 'botitas', 'pantalon', 'peque']"
1796742376427553236,"['hermana', 'sobrepeso', 'problema']"
1796741370847080620,"['fin', 'obesidad']"
1796737955844837417,"['cama', 'pared', ' ', ' ', 'emoji', 'emoji', ' ', 'emoji', 'cara', 'emoji', ' ', 'emoji', 'cara', 'emoji', ' ', 'emoji', 'cara', 'emoji']"
1796734007503180101,"['razón', 'fúlbo', 'venas', '\n\n ', 'bandera', 'emoji', ' ', 'emoji', 'varita', 'emoji']"
1796709858328141860,[]
1796687244578926851,"['gordura', 'falta', 'inteligencia']"
1796656484127748550,"['culo', 'gordura', 'papá', 'steven', 'universe']"
1796646350529941754,"['tarde', ' ', ' ', 'gordura', 'final', 'queres', 'programa', 'rating!andaaa', 'cara', 'payaso', 'emoji', 'cara', 'payaso', 'emoji', ' ', 'emoji', 'cara', 'payaso']"
1796633050509455770,"['cosa', 'cumbre', 'empresarios', 'caso', 'negocios', 'gordura', 'hinchazón']"
1796616029474258998,"['poeta', 'cuerpo', 'cuestiones', 'rating', 'hashtag', 'cuestiondepeso']"
1796610501985583241,[]
1800216282161467631,"['risa', 'risa', 'risa']"
1800214638359171515,"['spot', 'NECESIDAD', 'EDUCACIÓN', 'escuela', 'nación', 'mundo', 'OBESIDAD', 'WORKFORCES']"
1801225559042621744,['manos']
1801221333394559315,"['rollos', 'opinión']"
1801212866311184397,"['favor', 'obesidad', 'grasas', 'hidratos', 'carbono', 'mansalva']"
1801166268294127815,"['sketch', '$', 'risa', ' ', 'risa', 'emoji']"
1801152064526975094,"['hora', 'facturas', 'mor', 'obesidad']"
1801126210480525782,"['body', 'estrategia', 'responsabilidad', 'personas', 'estructuras', 'obesidad', 'cáncer']"
1801125636238409877,"['ASPIRADORA', 'TRIGLICÉRIDOS', 'KILITOS', 'BOLA']"
1801123284471193885,['MAYÚSCULAS']
1801101119717806584,"['banca', 'años', 'gobierno', 'panocha', 'cfk', 'hdp']"
1801096280946475369,"['cama', 'realidad', 'gatito', 'bb', 'pokito', 'sobrepeso', ' ', 'cara', 'emoji', ' ', 'cara', 'lágrimas', 'emoji']"
1801092242372808867,"['huevos', 'dieta']"
1801089870472835211,"['dudas', 'gato', 'techo', 'persona', 'duda', 'opción']"
1801088044771991941,"['aceleración', 'sobrepeso', 'obesidad', 'etapas', 'niñez', 'adolescencia']"
1801087355987615837,"['universidad', 'profesional', 'slguien', 'vida', 'familia', 'senador', 'obesidad', 'peliculas', 'aumento', 'sueldo', 'secundario']"
1801079506134016418,"['sobrepeso', 'superioridad']"
1801069187197997532,"['kakas', 'hdp']"
1801061845299532238,"['trabajadores', 'delincuente', 'garrapata', 'sangre', 'argentinos', 'tipos', 'cana', 'justicia', 'nada']"
1801060582683975962,[]
1801055882513465589,['respirador']
1801053226088710548,"['desastre', 'varsil', 'disparos', 'campeones', 'obesidad', 'tiroteos']"
1801041878814441601,"['toques', 'humor', 'discurso', 'tribuno', 'oficio', 'futbolista', '36', 'sobrepeso', 'globito']"
1801039999493669344,"['chancho', 'che']"
1801038022026174912,[]
1801017943867748826,"['manera', 'video']"
1801012923709460964,"['sobrepeso', 'tobillera', 'delincuente']"
1801010581027041663,"['texto', 'orden', 'gordito']"
1801004891831202285,[]
1801001435254895045,"['mayans', 'banca']"
1800990098709676430,"['dias', 'mierda', 'contacto', 'niños']"
1800975909438226849,"['obesidad', 'cuello']"
1800941636211331565,"['día', 'grogui', 'emoji']"
1800931269100159049,"['delanteros', 'historia', 'central']"
1800922442724205015,"['sobrepeso', 'problema', 'falta', 'conocimientos', 'fisica', 'señorita']"
1800921548322484685,"['acuerdo', 'video', 'persona', 'obesidad', 'posteo', 'sobrepeso']"
1800920421144891457,"['orto', 'mierda', 'cosa', 'sobrepeso', 'obesidad', 'sobrepeso', 'persona', 'conocimiento']"
1800909674146836826,"['especialistas', 'argentinos', 'hashtag', 'yogur', 'alimento', 'prevenir', 'hashtag', 'diabetes', 'hashtag', ' ', 'cara', 'boca', 'emoji', '\n\n', 'detalles', 'economía', 'emoji', 'dorso', 'mano', 'índice']"
1800909510619578871,"['paradoja', 'obesidad', 'factor', 'riesgo', 'cáncer', 'respuesta', 'inmunoterapia', 'través']"
1800893085028856035,"['pedazo', 'beluga', 'sobrepeso', 'hija', 'puta']"
1800886090070720955,"['talle', 'excusa', 'obesidad', 'excusa', 'realidad']"
1800884382418567502,"['sobrepeso', 'picnic']"
1800876295787868167,"['fotos', '90', 'kilos', 'mirada', 'peso']"
1800858980866269299,"['obeso', 'habilidades', 'inclusión', 'risa']"
1800858430514852023,"['personaje', 'piernas', 'decisión', 'obesidad', 'responsabilidad', 'descuido', 'falta', 'hábitos']"
1800799056241004952,['GALLO']
1800729850950684889,"['90s', 'kg', 'sinónimo', 'revista', 'percepción', 'día', 'realidad']"
1800709187502211567,"['hiperobesa', 'bio']"
1800694978248859894,[]
1800690231949373793,"['vuelta', 'kilos', 'paso', 'obesidad', 'colgajos', 'años', 'bocho']"
1800671644777922712,"['gente', 'tele', 'cosa', 'kg', 'mayoria', 'persona', 'kg', 'cabeza', 'gabu', ' ', 'emoji', 'corazón', 'emoji', ' ', 'emoji', 'corazón', 'emoji']"
1800667988724785520,['pregunta']
1800666726000193845,"['pirueta', 'obeso', 'base', 'dron']"
1800631964191322207,"['obesos', 'paro', 'plata', 'unicos', 'bolitas', 'hora', 'psicólogo', 'tendencia', 'semana', 'hashtag', 'atep', 'letrisista']"
1800630363313586683,"['exageración', 'episodio', 'monk', 'versión', ' ', 'professor', 'alemana', 'británica']"
1800614502788194347,"['gatos', 'alimento', 'comida', 'líquido', 'parásitos']"
1800610450087793025,"['casualidad', 'bullying', 'amigos', 'colegio']"
1800608865530392975,"['orden', 'mundo', 'hecho']"
1800604053279273274,"['monos', 'sobrepeso', 'mono', 'sobrepeso']"
1800596317393019227,"['obesidad', 'pérdida', 'habilidades', 'comprensión', 'texto', 'redes']"
1800586011384357252,"['onda', 'obeso']"
1800565701658476590,"['obesidad', 'problema', 'agua', 'tanque']"
1800558916100931702,['gordura']
1800542780705669392,"['obesidad', 'factores', 'riesgo', 'presión', 'video', 'doctor', 'impacto', 'cirugía', 'control', 'hipertensión', 'estudio']"
1800533769386074344,"['tasa', 'se', ' ', 'hashtag', 'salud', 'hashtag', 'nutricion', 'hashtag', 'alimentacion', 'hashtag', 'bienestar']"
1800533107457831420,['fotos']
1800529564516635126,"['gordura', 'hospital', 'foto']"
1800523756034732372,['obesidad']
1800518967578317066,[]
1800493483066851734,"['vez', 'evidencia', 'beneficios', 'yogur', 'tipo']"
1800490934305796159,"['FIGURIN', 'OBESIDAD']"
1800475429209604462,"['alimento', 'sal', 'perra', 'peso', 'sal', 'comida', 'tiempo']"
1800407889544376569,"['gustos', 'musculatura', 'asco']"
1800361896077652071,"['obesidad', 'evento']"
1800342533869900049,"['kg', 'foto', 'perfil', 'animé']"
1800337448523935895,"['abogado', 'risa']"
1800329483150385604,"['bollito', 'tacho', 'gordura', 'bigotes', 'cabezas']"
1800319975355568168,"['onda', 'precios', 'comida']"
1800319425637384401,"['season', 'obesidad']"
1800302830336807345,['condición']
1800294619936432290,"['cobra', 'cabeza', 'gordo', 'comida', 'comida', 'comida', 'comida', 'comida', 'comida', 'comida', 'comida', 'comida']"
1800294076212027879,['estado']
1800293700125249826,['hdp']
1800287999885787606,"['obesidad', 'tatuajes', 'implantes', 'plásticos', 'cosa', 'problema']"
1799506687881003399,[]
1800283415704658358,"['ley', 'bases', 'manga']"
1800282234399969779,['sobrepeso']
1800281595137651125,"['merca', 'decisión']"
1800280278633459734,"['obesidad', '2005', 'k']"
1800271515386257854,"['jedi', 'vader']"
1800242968542040172,"['hdp', 'libro', 'juicio', 'plagio', 'mierda']"
1803401602641940496,"['tanke', 'pelado', 'favor', 'gordura', 'gordura', 'hinchazón', 'maldad']"
1803387025598361834,"['gente', 'cosas', 'respeto', 'persona', 'manera', 'careta']"
1803380690311844298,"['personas', 'vida', 'furia', 'bullying']"
1803379105955516762,"['obesidad', 'mierda', 'pandemia']"
1803376188712276459,"['talle', 'realidad', 'talle', 'obesos', 'mercado', 'ropa']"
1803296853737246842,"['obesidad', 'forma', 'pendejos', 'apuesta', 'pesos']"
1803288639339700401,"['amistad', 'gordura', 'seguidores', 'semana', 'tribuna', 'don', 'fama', 'pelada', 'risa']"
1803284140126581206,"['mierda', 'puto', 'cornuda', 'violín', 'moro', 'burger']"
1803276044465500294,"['marrones', 'dientes', 'risa', 'emoji', 'risa', ' ', 'risa', 'emoji', 'cosa', 'caracol', 'caracol']"
1803271047988269552,"['cabeza', 'mal', 'guita', 'préstamo']"
1803269030779732239,"['hija', 'puta', 'cementerio', 'calorías', 'colesterol', 'fandom', 'furia', 'huevos']"
1803268850303078845,['amiga']
1803263521821536754,"['días', 'vida', 'motor', 'dia', 'dia', 'inmundicia']"
1803257151281918341,"['error', 'edad', 'sobrepeso', 'trenza']"
1803224692821553574,"['sobrepeso', 'colesterol', 'nubes']"
1803222041652260896,"['liberación', 'liberación', 'papo', 'liberacion', 'violin', 'alperovich', 'concha', 'PELOTUDA']"
1803219793748644159,"['derechos', 'mujeres']"
1803219451141312672,['montón']
1803201938495779037,"['gordura', 'cuerpo', 'enfermedades', 'cuerpo', 'obesidad', 'consecuencias', 'pavadas']"
1803194027451281577,"['INADI', 'denuncia', 'discriminación', 'personas', 'enfermedad', 'obesidad', 'hombres', 'mujeres', 'celulitis', 'obesidad', 'pena']"
1803193125978120621,['chiste']
1803167947839455695,['deporte']
1803159508912578781,"['sobrepeso', 'juez']"
1803158397623431642,"['sobrepeso', 'gym']"
1803136889886769170,"['gente', 'sobrepeso', 'tribuna', 'pelada']"
1803132411728859460,"['gordura', 'celulitis', 'lolas', 'risa', 'emoji', 'MORBO', 'hermano']"
1803127054642081894,"['harinas', 'grasas', 'colesterol', 'obesidad', 'diabetes', 'malnutrición']"
1803112249575575869,"['diabetes', 'obesidad', 'mercado', 'compañías', 'alternativas', 'tratamientos', 'hashtag', 'diabetes', 'obesidad']"
1803109931614355734,"['mujer', 'vida']"
1803088246227816926,['país']
1803087233735422304,"['verdad', 'obesa', 'poco']"
1803086616824558004,['tetas']
1803080559171625447,"['compra', 'responsable', 'm', 'peso', 'deportista', 'm', 'tipo', 'piso']"
1803053751999099227,"['cm', 'bij@usuario']"
1802927882995425655,"['asco', 'partir', 'natatorio']"
1802913435266469901,['mierda']
1802903922018771318,"['cachivaches', 'tribuna', 'simios', 'sobrepeso', 'dientes']"
1802887530062426323,"['empanadas', 'obesidad', 'enfermedad']"
1802881947376435701,['obesidad']
1802859324370456747,[]
1802841747052978381,"['veces', 'vez', 'partidos', 'sobrepeso']"
1802813206840160365,"['okupa', 'fondo', 'puerta', 'pasillo', 'calle', 'emoji', 'cara', 'revés', 'emoji', 'calle', 'techos', 'lugar', 'casa']"
1802789354122973486,"['dientes', 'ironia']"
1802789012110774352,"['gordo', 'ex', 'años']"
1802776239331234180,"['coy', 'kilos', 'pan']"
1802739348925829556,"['genética', 'tanque']"
1802733343768715771,"['espejo', 'modelo', 'foto', 'mono', 'lentes']"
1802700577131921747,"['kirchnerismo', 'gordura', 'hinchazón', 'políticas', 'meses', 'gemelos', 'robos', 'subsidios', 'recesión', 'economía', 'paso']"
1802524050792525988,['vía']
1802503707944235102,"['sujeto', 'sobrepeso', 'estado']"
1802486307991515382,"['bauletti', 'habitante']"
1802480869933781287,"['sobrepeso', 'forma']"
1802473451699241338,"['chorros', 'centro', 'voluntad', 'emoji', 'cara', 'risa']"
1802462472172953906,"['papa', 'amigo', 'asientos', 'emoji', 'ojos', 'emoji', ' ', 'emoji', 'cara', 'frío', 'emoji']"
1802456142947262618,"['gente', 'plata', 'mierda', 'país', 'obesidad', 'escuela', 'primaria', 'nutricionistas', 'clases']"
1802447569915887983,"['donas', 'leche', 'churros', 'leche', 'atracón', 'dona', 'churros', 'gordura']"
1802438522659381606,"['foto', 'morbida']"
1802409672995181006,[]
1802384189423063073,['sobrepeso']
1802382209220841856,"['foto', 'película', 'cosas', 'dieta', 'dieta', 'gordura']"
1802380933883969801,"['grasa', 'obesidad']"
1802380334262063114,"['bicho', 'sobrepeso', 'grasa', 'enfermedad', 'contrario', 'esperanza', 'infartico', 'obsesión']"
1802377338262319328,"['papá', 'obesidad', 'medico', 'doc', 'hija']"
1802286336532963648,"['hombre', 'rostro', 'régimen', 'alfil', 'lawfare', 'judicialización', 'política', 'dorso', 'mano', 'índice']"
1802219746013634912,"['inflacion', 'falsificacion', 'papelitos', 'colores', 'nivel', 'colmo', 'ciudadano', 'vagos', 'estados']"
1802172194320970079,"['chiques', ' ', 'acto', 'provocación', 'trabajadores', 'sitio', 'invitados']"
1802168073027297306,"['problema', 'obesidad', 'conflictos', 'jóvenes', 'día']"
1802164616845291763,['SOBREPESO']
1802158621179994255,"['gente', 'chicas', 'tetas', 'tamaño', 'planetas', 'gente', 'sobrepeso', 'humanidad', 'decadencia']"
1802152094884897048,[]
1802142048553775504,"['control', 'miedo', 'efectos', 'ganas', 'sobrepeso']"
1802113400102592615,"['GRASA', 'país', 'obesidad', 'ratas', 'crotos', 'aceite', 'coco']"
1801673610324590708,"['pesos', 'kilo', 'grasa', 'gente', 'aceite', 'girasol', 'AÑOS', 'cuerpo', 'minutos', 'grasa', 'animal', 'humanidad', 'vida']"
1802111016479895893,"['gente', 'persona', 'cuerpo', 'vuelta', 'pie', 'estándar', 'salud']"
1802104444080792050,[]
1802054114504831006,"['razon', 'frituras', 'huevos', 'panqueques', 'carne', 'cancer', 'obesidad', 'vida', 'ejercicio', 'excesos']"
1802043819224920081,"['aspecto', 'campo', 'interior', 'voto', 'pauta', 'oficial', 'kk', 'lacra', 'guita']"
1802040591733154026,"['misoginia', 'hijaputez', 'minas', 'defectos', 'obesidad', 'pasto']"
1802030723550810535,['obesas']
1802026500247417069,"['obeso', 'kg', 'querés', 'meses', 'maratón', ' ', 'emoji', 'cerebro', 'emoji', ' ', 'emoji', 'mano', ' ', 'Dios']"
1802015958782849486,"['chances', 'años']"
1802010027168800966,"['opiniones', 'hombre', 'gordura', 'cigarrillo']"
1801992584241328411,[]
1801987852915376601,[]
1801953519953432995,"['salud', 'falta', 'respeto', 'gente', 'transplantes', 'conducta', 'imagen']"
1801947033277694105,"['emoji', 'risa', 'emoji', ' ', 'emoji', 'risa', 'emoji', ' ', 'emoji', 'cara', 'risa', 'emoji', ' ', 'emoji', 'es', 'inventes', 'el', 'esqueleto', 'existe', 'payaso']"
1801913526107123872,"['liberales', 'café', 'ideas', 'práctica', 'razón', 'lógica', 'maratón']"
1801862132322938986,"['años', 'meses', 'techo', 'crédito', 'casas', 'sindigarca']"
1801855458774319358,"['obesidad', 'salud', 'manga', 'pelotudes']"
1801802197644058779,"['\n', 'Medicina', 'INSCRIPCIÓN', 'uba', 'medicinainterna']"
1801798663011709012,"['inflación', 'peso', 'obesidad', 'kilos', 'huevo', 'referencia', 'gobierno', 'punto']"
1801792980925263895,"['historia', 'partido']"
1801789990004810235,"['hijo', 'puta', 'vez', 'mundo', 'dios']"
1801779435386876209,"['vez', 'presión', 'infraestructura', 'vueltos']"
1801770012786442285,['halago']
1801768763026448761,"['bostero', 'enfermedad', 'hermano', 'risa', 'emoji', 'risa', 'emoji', 'emoji', 'risa']"
1801755608405700778,"['espalda', 'sobrepeso', 'mierda', 'emoji', 'cara', 'ojos', 'emoji']"
1801750913733771446,"['experta', 'diabeticos', 'obesidad', 'medicinas', 'solución', 'obesidad', 'droga']"
1801748631990477085,"['persona', 'marca']"
1801718457421205592,"['gente', 'sobrepeso', 'comida', 'retrasos']"
1801711018395001054,"['flor', 'regidor']"
1801701762262237338,"['dieta', 'hambre', 'mes', 'panza', 'nada', 'tragos', 'día', 'persona', 'mundo']"
1801695377864708521,[]
1801681776399556959,"['moral', 'estigma', 'gente', 'hija', 'puta', 'razón', 'hinchazón', 'gordura', 'maldad']"
1801678058023203077,"['kilo', 'medio', 'día', 'sobrepeso', 'kg', 'kilo', 'mes', ' ', 'cara', 'mueca', 'emoji', ' ', 'cuestiondepeso']"
1801674706396893297,"['criterio', 'persona']"
1801669156405670051,"['nenes', 'escuelas', 'nenes', 'dietas', 'nenes', 'sobrepeso', 'nenes', 'hupersexualización', 'lugar', 'fetos', 'mayoria', 'veces']"
1801652843297787906,"['pasos', 'hip', 'hop', 'personas', 'bolas']"
1801649727379018140,[]
1801642833285169492,"['paciente', 'tipo', 'hombre']"
1801617583050743867,"['nivel', 'gordura', 'galletita', 'empujones']"
1801603458182656023,"['mucho', 'tiempo', 'dato', 'personas', 'horas', 'probabilidades', 'morir', 'dato', 'pasos', 'riesgo', 'mortalidad', 'infomail', 'hashtag', 'infowa', 'hashtag', 'infocast', 'hashtag', 'info', 'hashtag', 'obesidad', 'hashtag', 'cardio']"
1801600036930723988,"['tiempo', 'enfermedad']"
1801584630975349035,"['obesidad', 'punto']"
1801575346380140931,"['hashtag', 'obesidad', 'demanda', 'efectos', 'industrias', 'cañones', 'dirección']"
1801552228261511595,"['dólares', 'pesos', 'obesidad', 'médico', 'cabecera']"
1801508248098386079,"['dios', 'rollos', 'cuchara']"
1801499545563529541,"['batallas', 'videos']"
1801468126443249870,"['hocico', 'dientes', 'castor', 'sobrepeso']"
1801464024548155873,[]
1801448185451135280,"['logica', 'negocios', 'fruta', 'enemigo']"
1801443988676759611,"['tratamiento', 'obesidad', 'cirugía']"
1801439893035343887,"['dólares', 'pediatra', 'nutricionista', 'primos', 'obesidad', 'dieta']"
1801424984323330443,"['brisho', 'minas', 'mundo', 'sonrisas', 'noche', 'cultura', 'gordura', 'fealdad', 'cara', 'ojete', 'tiempo', 'años']"
1801423445592363312,"['opinión', 'personalidad', 'obesidad']"
1801416411526398071,[]
1801416113273639182,"['risas', 'estupideces', 'peronkk', 'línea', 'argumentos', 'ridículo']"
1801407319747522704,"['país', 'guisos']"
1801401552558563448,"['estudio', 'sal', 'sobrepeso', '12-08', 'estudio', 'atte']"
1801379536057126970,"['kg', 'pedo', 'obeso']"
1801362413482053986,"['chica', 'emoji', 'risa', 'emoji', ' ', 'emoji', 'risa', 'emoji']"
1801362315998081360,"['ejemplo', 'cantante', 'años', 'physique-du-rôle', 'veces', 'razones', 'historia']"
1801359894043574501,"['miedo', 'obesidad', 'familia']"
1801356999034019897,"['bypass', 'esposa', 'kilos']"
1801344063897223265,"['sobrepeso', 'semestre']"
1801342606812791089,"['partido', 'sobrepeso', '2', 'prestigio', 'club']"
1801338836485890256,"['olor', 'pliegues', 'diabetico']"
1801331310876889330,[]
1801323495571304465,"['programa', 'persona', 'persona', 'obesidad', 'dietas']"
1801322795135336648,"['minas', 'sobrepeso']"
1801294069316128954,"['gym', 'diseño', 'kierda', 'hijo', 'putas']"
1801292321356440030,"['pan', 'trabajo']"
1801286515533758494,"['tipo', 'palabras', 'señor', 'pelotudo']"
1801249407121109434,"['foto', 'foca', 'ojos']"
1801234564599148777,"['seguridad', 'medicamentos', 'diabetes', 'tipo', 'obesidad', '\n\n ']"
1805284675784483232,[]
1805277710505107533,"['gordura', 'himchazon']"
1805268637382557876,"['vergüenza', 'depósito', 'mierda', 'emoji', 'exclamación', 'interrogación', 'emoji', 'vergüenza', 'familia', 'aborto', 'fracaso', 'feto', 'gordura', 'problemas', 'cuerpo']"
1805263690931061098,"['exposición', 'OBETE', 'vez', 'obesidad', 'diabetes', 'dislexia']"
1805259901477732454,"['flor', 'telefe', 'cdp']"
1805232435627450864,"['veterinaria', 'gata', 'sobrepeso']"
1805203692594823399,['gordura']
1805162682426761375,"['hashtag', 'estados', 'concursos', 'días', 'hashtag', 'sara', 'centro', 'atención', 'país', 'hashtag', 'miss', 'albama2024', 'joven', 'años', 'sobrepeso']"
1805143952481308981,"['cara', 'obesidad', 'chantas', 'madre', 'fenotipo', 'funcionario', 'canche']"
1805054867292987765,['pija']
1805049761747083751,[]
1805032697816895724,"['razón', 'obesidad']"
1805032558427582946,"['Dios', 'bronca', 'gorda', 'porro', 'emoji', 'emoji']"
1805021038922891511,"['vez', 'bondi', 'meses', 'embarazo', 'lado', 'sr', 'asiento', 'doña']"
1805006303749607702,"['gustos', 'horno', 'horno']"
1804986693419753607,"['perros', 'perros', 'san', 'bernardo']"
1804986318859948422,"['tacos', 'picante']"
1804985067518783504,[]
1804970412935205172,"['dolor', 'ovarios', 'cara', 'orto', 'noviecito']"
1804961773902028983,"['marge', 'cerdo']"
1804960774542205341,"['perra', 'ojos', 'corazón']"
1804956926335156540,"['blda', 'tipo', 'dios', 'ridiculez']"
1804929606966718728,"['hacernos', 'ciegos', 'un', 'hombre', 'emoji', 'gafas', 'sol', 'emoji', 'emoji', 'risa', 'emoji', ' ', 'emoji', 'cara', 'risa', 'emoji', ' ', 'risa', 'emoji', '\n\n', 'emojis']"
1804926497745973500,"['sociedades', 'industria', '85%', 'población', 'sobrepeso', 'obesidad']"
1804920566715191706,"['sobrepeso', 'ley', 'obesidad', 'imc', '21', 'putos', 'mierda', 'meta', 'peso', 'vez']"
1804918187806372248,"['cabeza', 'cuerpo']"
1804881536270975120,"['desastre', 'curso', 'gordura', 'obesidad', 'nenes']"
1804877571986739570,"['calidad', 'comida', 'salud', 'comidas', 'súper', 'prevalencia', 'obesidad', 'diabetes']"
1804857121420316748,"['obesidad', 'través']"
1804847943582634392,"['enfermed', 'través']"
1804843570001572130,"['médico', 'especialista', 'tema', 'raíz', 'obesidad', 'experto', 'metabolismo']"
1804796595826810993,"['2007', 'tiempos']"
1804731946401947885,[]
1804728370455830982,"['obesidad', 'cuerpa']"
1804695715152535644,"['vez', 'médico', 'yanqui', 'obesidad', 'gordis', 'vez', 'cirugía', 'cirugías', 'colgajos', 'cirugía']"
1804678782613332405,['pelea']
1804642405993394186,"['gordura', 'hinchazón']"
1804641268644884543,['cuadra']
1804634251788493147,"['hamburguesas', 'CANELONES']"
1804626602342396318,"['traba', 'sobrepeso']"
1804626248481620003,"['supuesto', 'periodismo', 'medios', 'lado', 'notera', 'especie', 'sobrepeso']"
1804563387369578567,"['favor', 'sobrepeso', 'ensalada', 'gordito']"
1804548853309259888,"['recargo', 'sobrepeso', 'carga', 'costa', 'este']"
1804531742436401286,"['gordura', 'problema', 'peronismo', 'lados', 'saludo']"
1804524780126650449,"['peso', 'ideal', 'obesidad', 'cordura', 'gente']"
1804493256580858242,"['peso', 'obesidad']"
1804517475591094305,"['enfermedades', 'obesidad']"
1804504782360793297,"['imc', 'bengalí', 'neuronas']"
1804503950114099629,"['IMC', 'imc', 'OBESIDAD']"
1804503127351083057,"['razón', '%', 'obesidad']"
1804494244758823112,"['personas', 'personas']"
1804245048801857589,[]
1778449784736448635,['peso']
1804374432095289697,['compu']
1804332799547121910,"['gym', 'mujer', 'mujer', 'maravilla', 'catwoman']"
1804329171868381279,"['años', 'emoji']"
1804326441502285836,"['frente', 'panza', 'tobillos', 'obesidad', 'pelona']"
1804326074815271237,"['hate', 'troll', 'medio', 'culo']"
1804324875206525132,"['tw', 'vida', 'grasa', 'venas', 'oxígeno', 'cerebro', 'cuarto', 'humedad']"
1804316166099190184,"['foto', 'espanto', 'gordura', 'virgo', 'gordita', 'pelada', 'reality', 'vida', 'mierda', 'cuarto', 'humedad', 'cola']"
1804309425940762830,"['puta', 'persona', 'hermano', '\n\n', 'kilos', 'gordura', 'tenés', 'gente', 'leche']"
1804301598887129426,"['demanda', 'oferta', 'precio', 'productos', 'sustitutos', 'falsificaciones', 'ozempic', 'wegovy', 'salud', 'obesidad']"
1804300058830974981,['problema']
1804293668930568281,"['pandemia', 'cuerpos', 'obesidad', 'familia', 'terror', 'denuncia', 'nostalgia', 'esperanzas', 'hashtag', 'libros', 'hashtag', 'literatura', 'hashtag']"
1804273113686823389,"['revés', 'gaga']"
1804263139355300052,"['obesidad', '1,70', 'kilos', 'panza']"
1804262728548102416,"['razón', 'porcentaje', 'obesidad', 'aceite', 'manteca', 'arterias']"
1804246722375569438,"['ejemplo', 'obesidad', 'medios']"
1804224508598927793,"['problema', 'obesidad', 'cantidad', 'aceite', 'oliva', 'repasadita', 'manteca']"
1804215580041580582,[]
1804199186906140760,"['consumo', 'azúcar', 'ayuda', 'prevenir', 'obesidad', 'diabetes', 'tipo', 'caries', 'dentales', 'cambios', 'impacto', 'salud', 'emoji', 'bíceps', 'flexionado', 'emoji', ' ', 'emoji', 'chispas', 'emoji', ' ', 'hashtag', 'prevención', 'estilo', 'vida']"
1804190946554200262,"['persona', 'mierda']"
1804189723000263127,"['gente', 'cara', 'degenerado', 'zurdos', 'españoles', 'plus', 'psicologo', ' ', 'emoji', 'risa', 'emoji', ' ', 'emoji', 'cara', 'risa', 'emoji', ' ', 'emoji', 'cara', 'risa', 'emoji', 'especie', 'sobrepeso']"
1804186463971442704,"['Dónde', ' ', 'emoji', '  ', 'emoji', 'pensativa', 'emoji', '  ', 'emoji', 'emoji', '  ', 'emoji', '  ', 'emoji', 'emoji']"
1804182853250322740,"['campeón', 'mundo', 'tipos']"
1804181734335869181,"['tecnología', 'congelación', 'grasa', 'forma', 'adiposidad', 'zonas', 'abdomen', 'flancos']"
1804161393442144384,[]
1804096924829499420,"['videos', 'oponente', 'sobrepeso', 'fondo', 'cancha']"
1804024718757937501,[]
1804022444572709181,"['boluditas', 'personas', 'bronca', 'insulto', 'razón', 'razón']"
1803975297529704833,"['gato', 'cama', 'piernas', 'kilotes', 'circulación', 'mier']"
1803490637703987267,"['hombres', 'mujeres']"
1803970467537068066,['celso']
1803970052401586355,"['mujer', 'animales', 'obesidad', 'mujeres', 'cosas', 'juego', 'vale']"
1803969949158809657,"['sobrepeso', 'respeto']"
1803960428231315722,"['chicas', 'sobrepeso']"
1803958360611397834,"['ejército', 'impuestos']"
1803925094286127178,"['cobra', 'cositas', 'gordo', 'ronaldo', 'travas', 'gordura']"
1803899302554521682,"['sinónimos', 'verdad', 'chica', 'parámetros', 'respeto']"
1803884863759511779,[]
1803883412740051305,"['espejo', 'fede', 'puerro', 'miopía', 'alopecia', 'sobrepeso']"
1803882669715116174,[]
1803840862691938721,"['gallegos', 'barba', 'sobrepeso', 'fanáticos', 'fantasy']"
1803813636630003747,['obesidad']
1803764239200399785,"['\n', 'DIABETES', 'TIPO', 'OBESIDAD', '\n\n ', 'círculo', '\n ', ' ', 'Investigaciones', 'moléculas']"
1803693666411622538,"['yankees', 'asientos', 'atracciones', 'disney', 'cantidad', 'gente']"
1803637830826004736,"['mundo', 'cuerpo', 'personas', 'tetas', 'culo', 'cintura', 'cuerpo', 'cuerpo']"
1803625140611125405,"['puntos', 'culo', 'sutura', 'mierda']"
1803615222189494662,"['mierda', 'vida', 'entidad', 'país', 'pensión']"
1803601053763473591,"['cana', 'partido']"
1803596872516317575,['sobrepeso']
1803593065946349686,"['meses', 'KG', 'emoji', 'cabeza', 'emoji', 'sobrepeso', 'imc', 'kg', 'parámetros', 'peso', 'altura']"
1803545295625638378,"['déficit', 'estado', 'gestión', 'país', 'recursos']"
1803525308471189945,[]
1803500024246206715,"['razon', 'situacion', 'sobrepeso', 'ort', 'semanas', 'vez', 'ayuda', 'mano', 'cuestion', 'peso']"
1803479389478277156,"['experiencia', 'semana', 'kg', 'cosa', 'sobrepeso', '$', '30', 'kg']"
1803472018358018231,[]
1803467725274026043,['sobrepeso']
1803461639510847815,"['sobrepeso', 'equipaje', 'vuelo', 'vuelta']"
1803440974083006555,"['ciudad', 'mundo', 'tribuna']"
1803433926569963651,"['drogadicción', 'situación', 'manos', 'vez', 'tema', 'vez', 'problemática']"
1803426069623484874,"['experiencia', 'sobrepeso', 'maleta', 'mano', 'us', 'multa', 'valija', 'espacio', 'mano', 'turros']"
1803418480743452847,"['k', 'alimentación', 'cosa', 'cuerpo', 'sobrepeso', 'semana', 'meses', '10k']"
1806381944437145841,"['chino', 'barrio', 'día', 'obesidad']"
1806379461694136437,[]
1806366302950338787,"['mierda', 'interior', 'ajuste', 'alquiler']"
1806365240436650319,"['años', 'películas', 'melanina', 'piel', 'cromosomas', 'sobrepeso', 'coeficiente', 'espíritu', 'espacio', 'ternura']"
1806364143198364134,"['mexicanos', 'porcentaje', 'obesidad', 'realidad', 'comida', 'chatarra']"
1806361812176162846,"['alimentos', 'medicamentos', 'golpes', 'raspaduras', 'sol', 'frío', 'emoji', 'corazón']"
1806361319844598127,"['país', 'gente', 'hambre', 'comida', 'chatarra']"
1806331813482172507,"['obeso', 'propiedad', 'cosas']"
1806303156361421086,['mierdas']
1806296586172989742,"['cuota', 'hombre', 'obesidad', 'veces', 'chica', 'problemas', 'salud', 'emoji', 'cara', 'grogui', 'emoji']"
1806220129266487435,"['fútbol', 'payaso']"
1806193114488475650,"['madre', 'familia', 'hombre', 'conflicto', 'lastima', 'paz']"
1806177733791170749,"['niño', 'señora']"
1806169341802451088,['chico']
1806165635539317198,['sobrepeso']
1806154998616653859,['hecho']
1806153200606601524,"['creador', 'negros', 'sandía', 'pena']"
1806152992099307736,"['joda', 'gimnasio']"
1806117729864204790,"['peligro', 'gordura', 'hinchazón']"
1806097962033959000,"['cuerpo', 'deseo', 'hábitos', 'cuidados']"
1806095542859989088,['minitas']
1806086927495393674,"['minitas', 'emoji', 'botón', 'marca', 'verificación', 'palabra', 'emoji', 'botón', 'marca', 'verificación', 'emoji']"
1806082300519563475,"['entrada', 'carnes']"
1806081504755458438,"['culo', 'obesidad']"
1806080716813267443,['gorduras']
1806066631870677130,['argentino']
1806058317753553096,"['pizzería', 'pizza', 'corriente', 'glorificación', 'comida', 'tiktok', 'perro', 'autos', 'ruedas']"
1806046711602716845,"['51', 'nutricionista', 'centímetro', 'huesos', 'nivel', 'músculos']"
1806044894219112545,"['cambio', 'problemas', 'obesidad', 'lucha', 'días', 'dedo']"
1806035511175512206,"['amiga', 'personas', 'obesidad']"
1806029109639999549,[]
1806014592868336022,"['gordura', 'milanesa']"
1806009532893565335,"['día', 'sobrepeso']"
1806003750093389994,['murgas']
1806002456863649839,"['vino', 'ciudad', 'tasa', 'obesidad', 'carne', 'tierras', 'cultivo', 'oro', 'cultura', 'tuiteros']"
1806001485861507169,"['anuncio', 'arte', 'trade', 'mujeres', 'obesos', 'tipo', 'cuerpos', 'fobia']"
1806000297396875290,['trompadas']
1805994866519703819,"['gordura', 'tetas', 'culo', 'piernas', 'cadera', 'veces', 'gordura', 'tetas', 'panza', 'pito']"
1805986622816620600,"['momento', 'gato', 'lentes', 'sol']"
1805970602148184403,"['ltimos', 'años', 'vida', 'obesidad']"
1805963762395931093,"['mantenimiento', 'ascensor', 'esfuerzo', 'gente', 'sobrepeso']"
1805947456900788339,"['aparición', 'hashtag', 'artrosis', 'factores', 'sobrepeso', 'tabaquismo', 'alcohol', 'actividad', 'cartílago', 'articulación', 'dolor']"
1805917593179447407,"['persona', 'españoles', 'franceses', 'yankees', 'fútbol', 'norte']"
1805910644555735213,"['orto', 'concha', 'madre', 'pelotudeces', '\n\n', 'hashtag', 'gordencia', 'granhermano']"
1805823802611216594,[]
1805799599585583458,['hermano']
1805786270989467861,[]
1805783635607310628,['manga']
1805781366342053957,"['mano', 'mano', 'finales']"
1805763579821334930,"[' ', 'corazones']"
1805759456300380160,['obesidad']
1805755257625985251,"['favor', 'vida']"
1805754336531591530,"['catador', 'chotas']"
1805742107300446598,"['gordas', 'papo']"
1805719333101879543,"['señora', 'educación', 'creencias', 'pablalunar', 'color', 'tanga', 'leche', 'semana', 'papo']"
1805741399016460666,"['vez', 'pendejo', 'patria', 'potestad', 'club', 'bolas']"
1805739489001980040,"['obesidad', 'hallazgo', 'tratamiento']"
1805733789597155552,"['gatos', 'maltrato', 'animal', 'body', 'shaming']"
1805730953962123363,['bien']
1805729164357779847,"['interior', 'obesidad', 'porteños', 'años', 'luz']"
1805727087166144805,"['pala', 'mierda']"
1805723991971447172,"['mexicanas', 'argentinos', 'mexicano', 'voz', 'fin', 'país']"
1805721425900163191,[]
1805682364817063959,"['BIE', 'ritual', 'bicicleta', 'gente', 'problemas', 'sobrepeso']"
1805669974712701049,"['sobrepeso', 'dentadura', 'estatura', 'masa', 'muscular', 'tendencias', 'comportamiento', 'masas', 'sociedad', 'relacion', 'fisico', 'mujeres', 'mujer', 'ventaja']"
1805608968191947047,"['gordura', 'hinchazón']"
1805474906114547910,"['peso', 'foto']"
1805441481840173506,"['fotos', 'estilo', 'goles', 'amistosos', 'buzón', 'dineral']"
1805440534275666009,"['mentira', 'fisico', 'competencia', 'enano', 'años']"
1805438693353681062,"['asco', 'gordura', 'comediante']"
1805438448397865269,"['veces', 'muertos']"
1805425421074235867,"['reves', 'sobrepeso', 'apneas', 'sueño', 'calidad', 'duracion']"
1805414338909307301,"['FAVOR', 'Trae', 'enfermedades', 'hashtag', 'granhermano', 'hashtag', 'loan']"
1805403342543212774,"['sobrepeso', 'obesidad', 'sme', 'apnea', 'sueño']"
1805367710332657878,[]
1805367159750578454,"['vez', 'recuerdos', 'cejas', '2021', 'sobrepeso', 'r', 'orto', 'emoji', 'risa', 'emoji', 'risa', 'emoji', 'emoji', 'risa', 'emoji']"
1805366113892483358,"['latinoamerica', 'noción', 'obesidad', 'diabetes', 'besos']"
1805365107205029896,"[' ', 'emoji', 'cara', 'la', 'risa', 'emoji', ' ', 'emoji', 'cara', 'de', 'risa', 'emoji', ' \n', ' ', 'emoji', 'de', 'risa', 'emoji', ' ', 'emoji', 'cara', 'risa', 'emoji', 'emoji', 'de', 'la', 'risa', 'emoji', ' ', 'emoji', 'cara', 'risa', 'emoji', ' ', 'emoji', 'risa', 'emoji', ' ', 'emoji', 'risa', 'emoji']"
1805329684215087225,"['sugerencias', 'obesidad']"
1805319139872870678,"['macho', 'victorias', 'años', 'pelos', 'cabeza', 'persona', 'pelo', 'especie', 'sobrepeso']"
1805319081911779740,"['gente', 'obesidad', '30']"
1805316903142858954,['razón']
1805315564362985503,"['cosas', 'paciencia', 'cosas', 'desarrollo', 'ejemplo', 'persona', 'kg', 'sobrepeso', 'peso']"
1805302571252256963,[]
1807721699510505573,['leche']
1807618274512851074,['obesa']
1807600414465909017,[]
1807594150964957495,"['obesos', 'doble', 'ración', 'comida', 'mitad', 'peso', 'entrada']"
1807591535048798281,"['nivel', 'obesidad', 'ASCO']"
1807561332385775885,"['chilenos', 'mierda', 'basura', 'dias']"
1807556309782593660,"['persona', 'campo', 'filas', 'periodismo', 'ultranza', 'daño', 'libertad', 'prensa', 'faltas', 'gordura', 'parte', 'parte-']"
1807549085831795166,"['gordura', 'emoji', 'cara', 'payaso', 'emoji']"
1807525176449626472,"['presidente', 'golpes', 'estado', 'región', 'mundo', 'puño', 'hierro']"
1807523695340179709,"['gordura', 'hinchazón']"
1807520361975849395,"['persona', 'raza', 'plata', 'detalle', 'sobrepeso', 'cortinas', 'autor']"
1807513112494366731,['tía']
1807488081005621671,"['muchachito', 'brazo']"
1807474148895051876,"['nariz', 'mono', 'pasillo', 'meme']"
1807469634800500841,"['artículo', 'trastornos', 'promedio', 'meses', 'pacientes', 'vez', 'sobrepeso', 'obesidad', 'comparación', 'pacientes', 'sobrepeso', 'peso', 'forma']"
1807468883269300261,"['pancho', 'tapón', 'océano', 'mierda', 'termotanque', 'ñoquis', 'choripan']"
1807468664829903150,"['hijo', 'razón', 'problemas', 'tiroides', 'nutrición', 'alimentaria', 'padre', 'hijo']"
1807468319152255405,"['obesidad', 'hábitos', 'adolescente', 'niño', 'padres', 'hijos', 'puta']"
1807467826120188078,"['bullying', 'beneficios', 'razón', 'mujeres', 'artículo', 'mujeres', 'discriminación', 'ambito', 'ideación']"
1807448166758760658,"['vereda', 'miedo', 'tipo', 'movilidad', 'sobrepeso', 'gente', 'cosas', 'piso', 'frase', 'piso', 'casa', 'trabajo']"
1807436035766329794,"['gente', 'alimentación', 'ejercicio', 'bullying', 'caso', 'antónimo', 'aceptación', 'obesidad', 'mierda', 'sociedad', 'bullying']"
1807414532974780550,"['cara', 'mono', 'hamburguesas', 'día']"
1807406169524248853,"['salud', 'sobrepeso']"
1807401179732656367,"['nazis', 'caries', 'azúcar', 'obesidad']"
1807263517097000994,"['corrupcion', 'maratón', 'lucha', 'obesidad']"
1807235387913609691,"['epidemia', 'obesidad']"
1807230180596801583,[]
1807219819298623946,"['obesidad', 'enfermedad', 'participante', 'chistes', 'leucemia', 'día', 'diagnóstico', 'vara']"
1807218819141689379,"['cuerpo', 'tiempo', 'verdad', 'sobrepeso', 'obesidad', 'enfermedad', 'chiste']"
1807157063065174393,"['persona', 'personas', 'cara']"
1807126997090423071,"['caso', 'consecuencias', 'obesidad', 'salud', 'problema', 'nivel', 'mundial', 'video']"
1807115336065372564,"['doraba', 'sartén', 'puerta', 'obesidad', 'advertencia']"
1807064080982606132,['periodista']
1807060164392194557,"['mierda', 'panza', 'piña']"
1807022318675214542,"['matache', 'meses', 'diabetes', 'sobrepeso']"
1806975234982969692,"['gente', 'memoria', 'HIV', 'obesidad', 'insulto', 'vuelta']"
1806941656404365349,[]
1806901836714230247,"['emprendedor', 'chota', 'vida', 'gim', 'hernia', 'disco', 'sobrepeso', 'responsabilidad', 'milanesas', 'chill', 'pareja']"
1806871475992818038,"['pais', 'muro', 'sirvienta', 'gringo', 'auto', 'patroncito', 'películas', 'series', 'asco', 'potencia', 'emoji', 'mono', 'emoji', ' ', 'emoji', 'cara', 'mono', 'emoji', ' ', 'emoji', 'orangután']"
1806854554857754864,[]
1806845736744857814,"['tiktok', 'videos', 'yankees', 'razonnn', 'problemas', 'obesidad', 'comida', 'arterias']"
1806835041609158919,"['obesidad', 'grasa', 'verano']"
1806832349906129174,"['polémica', 'panchos', 'polémica', 'achumani', 'trolo']"
1806825050542317755,"['tema', 'razón', 'veces', 'problema', 'obesidad', 'mierda']"
1806787248312259067,"['cuello', 'color', 'tierra']"
1806761631604498863,"['emoji', 'cara', 'risa', 'emoji', 'risa', 'emoji', 'emoji', 'cara', 'risa', 'emoji', 'foca']"
1806758238710329468,['vía']
1806754375051710741,"['sueldo', 'sindicato', 'gremialistas', 'kg', 'sobrepeso', 'camionetas', 'choferes', 'costa', 'afiliados', 'empresas', 'dinero']"
1806752433667809516,[]
1806748842655613274,"['partido', 'trabajadores', 'derecho', 'necesidades', 'corrupción', 'vergüenza']"
1806740229207781383,"['día', 'hoy', 'mayonesa', 'cosas', 'comida', 'veces', 'cosas', 'mentalidad', 'minimidades', 'papá', 'problemas', 'obesidad', 'poco', 'genética', 'enseñanza']"
1806738334510887420,"['moderación', 'edad', 'marido', 'pubertad', 'adolescencia', 'padre', 'kiosko', 'problemas', 'gastritis', 'estómago', 'huesos']"
1806733334824841296,"['vida', 'persona', 'cosas']"
1806723333599146505,['hidratos']
1806720386387661076,"['emoji', 'caca', 'ojos', ' ', 'emoji', 'caca', 'ojos', ' ', 'emoji', 'caca', 'ojos']"
1806710595720282510,"['criterio', 'peds', 'sobrepeso', 'personajes', 'tipo', 'capacidad', 'píxeles']"
1806706161489469476,[]
1806703956392890732,"['cara', 'chisme']"
1806701805000151135,"['gordura', 'pensamientos']"
1806686079774261335,"['exportadores', 'obesidad', 'tiroteos']"
1806667554963726631,['payasa']
1806625380813459775,"['asco', 'meses', 'cheque', 'lechón', 'información', 'video']"
1806561305228153036,"['año', 'anorexia', 'gordura', 'cuernos', 'pareja', 'cortes', 'bulimia', 'pija', 'hetero', 'lesbiana', 'amiga', 'pija', '2022']"
1806554632174403908,"['escuincle', 'consumo', 'carne', 'apariencia', 'riesgo', 'obesidad', 'comida']"
1806550985981985141,"['pata', 'cuadril', ' ', 'turbos', 'caca', 'ojos']"
1806535419670024622,[]
1806514561626898432,"['argumento', 'país', 'personas', 'asesor', 'milagro']"
1806514166812799034,[]
1806512601032970556,"['minita', 'fútbol', 'domingos', 'putas']"
1806507136786018502,"['años', 'sobrepeso']"
1806481223411274006,"['libros', 'cosas', 'viaje', ' ', 'cara', 'ojos', 'corazón', 'emoji', 'sobrepeso', 'valija', 'cara', 'mueca', 'emoji']"
1806587568349131180,"['emoji', 'gato', 'risa', 'emoji', ' ', 'emoji', 'gato', 'risa', 'emoji', ' ', 'gato', 'risa', 'emoji']"
1806478078459224383,"['obesidad', 'tipo', 'gordura']"
1806465409450713358,"['mujer', 'provincia', 'CIUDAD', 'villas', 'país', 'privilegio', 'baldío', 'lado', 'presupuesto', 'parte']"
1806443688471519435,"['sobrepeso', 'caras', 'moneda', 'veces', 'puerta', 'boliche', 'veces', 'hombres', 'época', 'época', 'ropa']"
1806435835383832933,"['analfabetismo', 'colegio', 'internet', 'madre']"
1806434817778520298,"['comer', 'días', 'gordura', ' ', 'emoji', 'ojos', 'corazón', 'emoji', 'torta', 'emoji', 'ojos', 'corazón', 'emoji']"
1806430022523355578,"['observaciones', 'sociedades', 'guías', 'OMS', 'cuenta', 'medio', 'prevalencia', 'alergias', 'obesidad', 'población']"
1806409635710021813,"['marido', 'modelo', 'costura']"
1806409328393326865,"['tipo', 'físicos', 'cuerpo', 'fisicocilturista', 'mayoría', 'extremo', 'obesos']"
1806404250185953616,"['fin', 'tecnico', 'jovatos', 'sobrepeso']"
1806403547799441820,"['muchos', 'piso', 'gordura', 'emoji', 'corazón', 'emoji', ' ', 'emoji', 'rosa', 'emoji', ' ', 'emoji', 'corazón', 'emoji', ' ', 'emoji', 'cara', 'mano', 'boca', 'emoji']"
1806402588742480036,"['ejemplo', 'vida', 'dinero', 'tipo', '1,50', 'obesidad', 'culo', 'gana', 'mujeres', 'físico']"
1806401558940450837,"['sobrepeso', 'años', 'gente', 'problema', 'peso', 'doble', 'discriminación']"
1806397739611177148,[]
1806393270064271419,['chatarra']
1806391473161843113,"['obesidad', 'falta', 'voluntad', 'enfermedad', 'hijas', 'ciego', 'aguja', 'empatía', 'cuestiondepeso']"
1806390961800638748,"['déficit', 'kcal', 'años', 'kg', 'meses', 'persona', 'cambio', 'cosas']"
1806385923812458744,['ñoqui']
1806385677203828892,[]
1807843334016086462,"['TONELADAS', 'SOBREPESO', 'RUTAS', 'camión', 'emoji', 'cifra', 'toneladas', 'exceso', 'control', 'cargas', 'camión', 'caminos', 'inseguridad', 'vial']"
1807843171407167757,"['risa', 'grasa', 'portugués', 'GORDURA']"
1807842174132015296,"['2018', 'mamerto', 'gordura', 'hinchazón']"
1807834960654655792,"['celulitis', 'sobrepeso', 'autolesiones', 'espaldas', 'razon', 'juego', 'leucemica', 'cancerigena']"
1807812595748950497,"['razón', 'morza', 'obesidad']"
1807811275625320554,['pancita']
1807800681065005432,[]
1807788455172161828,"['caso', 'indígena', 'odio', 'interior']"
1810362550841753602,"['culo', 'salud', 'bosta', 'accidente', 'mamá', 'picada', 'obesidad', 'atención', 'hospital', 'acceso', 'calidad', 'sueño']"
1810325969414295642,[]
1810266773578485898,"['comentario', 'lugar', 'persona', 'sobrepeso']"
1810194875398197474,"['obesidad', 'comorbilidades', 'índices', 'efectos', 'muertes']"
1810154299491525044,"['lástima', 'niñas', 'cerebro', 'cosas', 'país', 'discriminación', 'personas', 'sobrepeso', 'hija']"
1810148017468592504,"['lástima', 'chicas', 'sobrepeso', 'enfermedad']"
1810133073234718721,"['bullying', 'verdad', 'hija', 'puta']"
1810116650676502573,"['kg', 'kg', 'jugador', 'sobrepeso', 'exigencia', 'jugador']"
1810106618589163618,"['boludeces', 'mujer', 'marroquíes', 'gallego']"
1810104533667676418,['DT']
1810096791859118484,"['cosas', 'pija', 'bola', 'relacion']"
1810082499868897307,"['excusa', 'horarios', 'trabajo', 'excusa', 'ganas', 'actividad']"
1810080657084756395,"['trastorno', 'atraco', 'obesidad', 'kilos']"
1810054135498326357,"['tiempo', 'ensalada', 'lugar', 'papas', 'trabajo', 'excusas', 'diabetes', 'hipertensión', 'infartos', 'tomógrafo']"
1810053486064587151,"['caso', 'médico', 'análisis', 'sangre', 'actividad', 'cosa']"
1810052928155324787,"['obesidad', 'familia', 'madre', 'decisiones', 'diagnóstico', 'médico', 'problema']"
1810052338146521380,"['obesidad', 'enfermedad', 'médicos', 'paciente', 'peso', 'actividad', 'medicación']"
1810049371083546625,"['gordura', 'amores']"
1810038920081748044,['GOL']
1810014498306048203,"['corazón', 'pintura', ' ', 'emoji', 'emoji', ' ', 'emoji', ' ', 'emoji', 'emoji']"
1810010720035062217,"['pecho', 'gordura', 'flan']"
1810002979606737258,[]
1809979093644984424,"['comer', 'dios', 'alma']"
1809970122552991908,"['mesa', 'candidata', 'tendencia', 'gordura']"
1809944444487278648,"['caso', 'señora', 'obesidad', 'enfermedad', 'comida', 'adicción', 'casos', 'ayuda', 'persona', 'elección', 'gusto']"
1809942230876209163,"['porción', 'cartera']"
1809840658443608290,"['minutos', 'fotos', 'mierda', 'asco', 'dios', 'rogel']"
1809928784750977158,[]
1809887456172380493,"['alimentación', 'microbiota', 'obesidad', 'enfermedades', 'sufrimiento']"
1809871882528620857,['GATO']
1809775719364309332,['gato']
1809767207724888539,['chabon']
1809729266948374726,"['amor', 'pañuelito', 'eternidades', 'amor', 'inodoro', 'eternidad', 'amor', 'merca', 'sobredosis', 'eternidad', 'amor', 'comida', 'eternidad']"
1809709259833172476,"['x', 'twitter', 'centroamericano', 'obesidad']"
1809694498210865176,"['obesidad', 'niño']"
1809690497503408600,"['negligencia', 'sobrepeso']"
1809681921242173565,"['obesos', 'caballito', 'tamaño', 'caballos', 'musculos', 'fuerza', 'promedio', 'caballito', 'patas', 'obesos', 'caballo']"
1809667713809137696,"['aires', 'tiempo', 'GUSANERA', 'venezolanos', 'embargo', 'bsas', 'grasa', 'cerebro']"
1809667370090172573,"['obesidad', 'problema', 'venezolanos', 'dictadura']"
1809659666437402822,"['cuenta', 'personas', 'deporte', 'obesidad', 'problema', 'salud', 'patología']"
1809659138319712642,"['problema', 'salud', 'obesidad', 'patologías', 'mano', 'problemas', 'salud']"
1809637266345664603,"['sobrepeso', 'anticonceptivos', 'depresión', 'autoestima', 'libido', 'líbido', 'cosas', 'subsuelos']"
1809593642023010690,"['valija', 'sobrepeso']"
1809585412521758940,"['años', 'obesidad', 'salud', 'cafe', 'cigarrillo', 'falta', 'ejercicio']"
1809583102336868652,"['ropa', 'talles']"
1809567527543955854,"['carne', 'grasa', 'obesas']"
1809537522264928599,"['desperdicio', 'órganos', 'órganos', 'gente', 'pena', 'fumador', 'cocainomano', 'órganos', 'gente', 'tipo', 'cocaina']"
1809470846538314237,"['cantidad', 'secretos', 'tumba', 'merquero', 'mercenario', 'decrepito', 'secretos']"
1809467459210211602,"['descubrimiento', 'tratamiento', 'obesidad']"
1809455969589489715,['espejo']
1809453528793895385,"['broma', 'años', 'radio', 'joda', 'tipo', 'mujer', 'personaje']"
1809416991041601928,[]
1809403809556303968,"['español', 'fútbol', 'vida']"
1809397043288281507,"['amp', 'co-chairs', 'speakers']"
1809378959970238565,"['pija', 'derecha']"
1809324217701138781,['sobrepeso']
1809319988848914666,['gente']
1809302343810445732,[]
1809017495803580468,"['diputado', 'proyecto', 'ley', 'matón', 'diputado', 'proyecto', 'ley', 'FIN']"
1809297857570017563,"['sobrepeso', 'órganos', 'huesos', 'estudios', 'respecto']"
1809285314068054094,"['verga', 'estados', 'policías']"
1809246635139961065,['carrito']
1809235358116118821,"['obesidad', 'dieta', 'kcal', 'día', 'extremidades']"
1809100056240234507,"['nutricionista', 'profesionales']"
1809069206043865112,"['chiste', 'seducción', 'mayoría', 'lado', 'sobrepeso']"
1809065196272365859,"['obesidad', 'prostituta', 'hotel', 'fe', 'agradecimientos', 'Dios', 'copia']"
1809063153210368461,['lista']
1809054261235286414,"['yo', '18', 'asco', 'emoji', 'cara', 'calor', 'emoji']"
1809052621681971283,['kilod']
1809051656727711764,"['razón', 'burro']"
1809043293272973753,"['español', '\n\n', 'bebidas', 'carga', 'enfermedad', 'impacto']"
1809043158799691984,"['Dios', 'virgen', 'años', 'sobrepeso', 'reencarnacion', 'ordenes', 'perro', 'años']"
1809031876360778173,"['futbolista', 'años']"
1809021684785070537,['forma']
1809008428590801329,"['OBESO', 'MIERDA', 'CONCHA', 'VIEJA']"
1808997948228882551,"['chiste', 'gordura', 'actitud', 'virgen', 'lol', 'kg', 'chistes', 'mierdas', 'personas']"
1808994825980518684,"['ausencia', 'sexo', 'niveles', 'obesidad', 'sexo', 'felicidad', 'adentró']"
1808982727560929287,"['pajarito', 'juguete', 'teclado', 'capítulo', 'home-office', 'obesidad', 'realidad', 'mouse', 'estado']"
1808982671244341634,"['obesidad', 'placer']"
1808971533936644139,"['pedazo', 'mina', 'paja', 'backyardigans', 'chisitos', 'paja']"
1808965364140945438,"['actividad', 'predisposición', 'juego', 'alerta', 'término', 'animales', 'vida', 'sentido', 'sentidos']"
1808952494111822126,"['obesidad', 'años', 'dieta', 'exito', 'paso', 'bariátrica']"
1808937808217977325,"['sistema', '10', 'julio', '\n']"
1808924021355938072,"['mierda', 'chanchos']"
1808918386774323373,"['obesidad', 'problema', 'cáncer', 'paper']"
1808907645178556827,"['vez', 'labrador', 'día', 'cardiopatía', 'obesidad', 'galgos', 'bicho', 'mundo', 'liebres']"
1808907111625101482,"['general', 'famosos', 'sobrepeso', 'golpe', 'atracos', 'lana', 'rey', 'mama', 'tcas', 'conductas', 'sorpresa']"
1808905881280475301,"['problema', 'gente', 'simio', 'sobrepeso', 'funciones']"
1808902588466651535,[]
1808901193491739063,"['oleada', 'pacientes', 'obesidad', 'tratamiento', 'liraglutida', 'precio', ' ', 'ojos', 'emoji', '$', 'cajita']"
1808899596694814945,"['hijos', 'manera', 'carácter', 'cosas', 'chicos', 'cosas', 'rutinas', 'momentos', 'comida']"
1808899461365616908,"['título', 'sobrepeso', 'enfermedad', 'gordofobia', ' ']"
1808895115169010130,"['años', 'adelgazamiento', 'distancia', 'gordura', 'hijo', 'años', 'abuso', 'menor', 'mujer', 'mujer', 'víctima']"
1808893301195522301,"['pug', 'asma', 'obesidad']"
1808889497007874185,"['ser', 'sombra', 'beneficio', 'dueño', 'obesidad', 'demases', 'horno', 'nene']"
1808887709622047161,[]
1808884441239986316,"['obesidad', 'personas']"
1808875020560597054,"['auto', 'policía', 'mina', 'chabón', 'mayoría', 'sobrepeso', 'compañero', 'situación', 'robo']"
1808870783906640068,"['carga', 'enfermedad', 'obesidad', 'consumo', 'bebidas', 'tendencia', 'español', '\n', 'english']"
1808870261329981716,"['consecuencias', 'sobrepeso']"
1808845038274638197,"['comida', 'obesidad', 'problema', 'shampoo']"
1808799133597069516,"['tipos', 'vida', 'personas', 'dieta', 'ejercicio', 'sociedad', 'estándares', 'belleza']"
1808718884909777074,"['troll', 'cama', 'vieja', 'módem', 'internet']"
1808708899643523479,"['m4rika', 'cama', 'gym']"
1808699564775403575,"['persona', 'operación', 'estómago', 'percicias', 'cambio', 'programa']"
1808694738490372183,"['brownie', 'caso', 'año']"
1808683938493124830,['través']
1808672120148197795,"['incidente', 'tonto', 'sobrepeso', 'hate', 'visita']"
1808667877366469081,"['estereotipos', 'personaje', 'gordura']"
1808662753164272079,[]
1808634322716430397,"['problema', 'vez', 'gordura', 'inseguridades', 'bolas']"
1808607935548834177,"['día', 'cuervada', 'presidente', 'bostero', 'resto', 'CD', 'parte', 'vida']"
1808598866083676493,[]
1808566829293453393,"['trans', 'obesidad', 'cabron']"
1808550319690756461,['sobrepeso']
1808540810805207332,"['obras', 'necesidades', 'afiliado', 'obesidad', ' ', 'hashtag', 'obesidad']"
1808539825890603026,"['personajes', 'estereotipos', '2011', 'actor', 'enanismo', 'personaje', '2024', 'actriz']"
1808536107845398762,"['riesgo', 'obesidad']"
1808535367236112428,"['carpincho', 'ravioles', 'milei']"
1808534778238358004,"['mingitorio', 'manos', 'pito', 'cm', 'gatos']"
1808531384299851897,"['años', 'fortunas', 'suplente']"
1808510507726598554,"['estadounidenses', 'datos', 'proporción', 'adultos', 'veces', 'porcentaje', 'encuesta', 'de']"
1808492136813199599,"['grupos', 'edades', '9', 'octubre', '2002', 'individuos', 'muestra', 'adultos', 'empanada', 'índice', '$']"
1808467336011063508,"['chico', 'padres', 'problemas', 'sobrepeso', 'ganas', 'hdp', 'descuido']"
1808366515290329557,"['resumen', 'salud', 'autorreferencia']"
1808354566984921421,['opi']
1808337897902178305,"['punto', 'anorexia']"
1808336946021745050,"['países', 'índice', 'obesidad', 'obesidad']"
1808316715870134358,"['sobrepeso', 'obesidad']"
1808307135731679603,['amiga']
1808300882414407932,"['asco', 'gente', 'obesidad', 'anorexia']"
1808291059501277383,"['TÍA', 'COSAS', 'emoji']"
1808289703453495516,"['obesidad', 'obesidad', 'dictadores', 'moda']"
1808289385558733024,"['hijo', 'IMC', 'grado', 'pibe', 'sueño', 'hombre', 'argentina', 'hambre']"
1808284586842952062,"['favor', 'gato', 'bruno', 'gordura', 'gato', 'vez']"
1808281868615197161,"['tetas', 'culo', 'minon']"
1808266447476457576,"['índice', 'masa', 'grado', 'obesidad']"
1808265851700715798,"['82/84', 'día', 'ambulancia', 'medico', 'domicilio', 'guardia', 'medico', 'fiebre', 'riesgo', 'obesidad', 'panza', 'risa', 'camillero']"
1807918104237990373,"['vdd', 'asco', 'gente', 'asco', 'emoji', 'emoji']"
1808257124331569378,"['sobrepeso', 'derrière']"
1808249484042031444,"['2012', 'goles', 'muchachito', 'favor', 'deporte']"
1808246955782689276,['obesidad']
1808246488507768965,"['imc', 'borde', 'obesidad', 'emoji', 'cara', 'emoji']"
1808244195276345542,"['chomba', 'sobrepeso']"
1808241523953111402,"['conocimientos', 'obesidad', 'cardiólogos', 'minutos']"
1808225603839004895,"['lulú', 'lulú', 'betty', 'betty', 'lulú', 'voz', 'señora']"
1808215544300028181,"['ideología', 'comportamientos', 'salas', 'hospitales', 'mariposas', 'adicciones', 'obesidad', 'adicción']"
1808210400737128584,"['metáfora', 'ajustes', 'divisas', 'recursos', 'país']"
1808209484764057668,[]
1808204012111409363,"['oferta', 'lesiones', 'sobrepeso', 'nivel', 'river', 'opciones']"
1808199475887735241,[]
1808196181723410501,"['fracaso', 'mierda', 'obesidad', 'dólar', 'acciones']"
1808180080486547690,"['avances', 'control', 'obesidad', 'cirugía']"
1808179139863892316,"['obesidad', 'salud', 'gilada']"
1808153702324174907,"['martes', 'am', 'liu']"
1808139650797564293,"['guita', 'sobrepeso', 'mina']"
1808135359336722551,"['círculo', 'rojo', 'historia', 'bullying', 'superación', 'cabeza', 'parlante', 'depresión', 'sobrepeso']"
1808129925255213248,"['imc', '16']"
1808111391229780021,"['cuerpo', 'gusto', 'problema', 'envidia']"
1808110344222441904,"['sobrepeso', 'hijos', 'puta', 'cana']"
1808110035756634148,"['puente', 'mujer', 'balde']"
1808092047301034317,"['nenes', 'mundo']"
1807968004694495669,"['historia', 'hamburguesa', 'manga']"
1807966725855404240,"['gente', 'tipo', 'gente', 'only', 'fans', 'modelo', 'gordura', 'gordura', 'diferencia', 'jabba', 'hutt', 'amazonas', 'futurama']"
1807961722319249537,[]
1807957909508108556,"['burpees', 'puta', 'fe', 'ex', 'dios', 'ex']"
1807956252791919074,"['sorete', 'carrera', 'oficial', 'sobrepeso', 'kg', 'momento', 'oficiales', 'voz']"
1808143740428525897,"['gato', 'emoji', 'cara', 'emoji', ' ']"
1807936030483353985,"['ig', 'kilazos']"
1807934315918958849,"['talle', 'perro']"
1807916359273402517,"['semana', 'gordura', 'milanesa', 'napolitana', 'puré']"
1807880853847970096,"['primaria', 'orangután']"
1807875988594086233,"['caderas', 'muslos', 'gordura', 'mujer']"
1807863279630668284,['personas']
1807861817516904522,['OBESO']
1812820739914956950,"['emoji', 'triángulo', 'inflamación', 'grado', 'enfermedades', 'hábitos', 'obesidad', 'diabetes', 'resistencia', 'insulínica', 'enfermedad', 'cáncer', 'enfermedades', 'noche', 'hilo', 'consejos', 'cabo', 'problemas', 'salud', 'futuro']"
1812753856675172432,"['mexicanos', 'mayoría', 'mexicanos', 'sobrepeso', 'cara', 'mono']"
1812750157340913746,"['cara', 'mono', 'sobrepeso']"
1812712807411884431,['gordura']
1812697932849717275,"['paredes', 'huevos']"
1812677883032166529,"['facha', 'cuenta', 'sortija', 'calesita', 'arma', 'mano', 'desastre', 'gente']"
1812674027854385348,"['luiz', 'dias', 'basura', 'tipo', 'hombre']"
1812667825175007276,"['pito', 'gordura', 'cara', 'ojos']"
1812656955183296973,"['video', 'persona', 'dismorfia']"
1812653635022528598,"['obesidad', 'carbohidratos']"
1812532069169242249,"['epidemia', 'obesidad', 'gente', 'límites', 'gente', 'paso', 'cara', 'teoría', 'intereses', 'mora', 'cara', 'miedo']"
1812635473224905180,"['Copa', 'emoji']"
1812634477287309697,[]
1812634303920034121,"['sobrepeso', 'problemas', 'caderas', 'manera']"
1812630667169006048,['día']
1812595949937770785,"['tiempo', 'cachorrita', 'crack', 'sobrepeso', 'par', 'semana']"
1812590055116206178,"['montón', 'ozempic', 'día', 'tratamiento', 'obesidad', 'comorbilidades', 'MÉDICO', 'pedo', 'twitter']"
1812517854270414909,"['crack', 'obesidad', 'hecho', 'vestido', 'partes', 'peso', '%', 'útero', 'órganos']"
1812499178796282028,"['ícono', 'lucha', 'sobrepeso', 'autor', 'superventas', 'plan', 'dieta', 'videos', 'ejercicios']"
1812486394113057045,"['peso', 'medicación', 'línea', 'obesidad', 'medica']"
1812324202147463412,"['adiposidad', 'cuerpo', 'zonas', 'cantidad', 'cuestiones', 'genéticas', 'órgano']"
1812314976884834685,[]
1812310853363855759,"['salvo', 'disparo', 'chaleco', 'adiposidad']"
1812294974299328730,"['gripe', 'gordura']"
1812283355540377746,"['ozempic', 'personas', 'sobrepeso', 'nivel', 'azúcar', 'sangre', 'consideración', 'peso', 'dieta', 'ejercicio', 'medicamento']"
1812280072528924702,['lado']
1812266624189419603,"['verdad', 'baja', 'policías', 'intento']"
1812261308839899509,"['adicción', 'población', 'sobrepeso', 'goce', 'señora', 'presidenta', 'moderación', 'época']"
1812257304827593008,"['solución', 'obesidad']"
1812229405730595240,['obesidad']
1812189000406347891,"['polenta', 'valorant', 'pa']"
1812185735409152105,['manteca']
1812167754545336398,"['pais', 'obesidad']"
1812127879724982561,"['contratos', 'sigla', 'estado', 'siglas', 'IMPUESTAS', 'combustibles', 'líquidos', 'IMPUESTO', 'gatillos']"
1812111423050264799,"['dia', 'fútbol', 'sillón', 'cosas', 'palo', 'escoba', 'amigazo']"
1812105810412965966,"['obesas', 'cosas', 'pavada', 'respeto', 'respeto']"
1812095433369321699,"['ocasión', 'elegancia', 'sobrepeso', 'ropa', 'batolas', 'varices', 'minifaldas', 'ropa', 'playa', 'atributos']"
1812035023219900761,"['pregunta', 'homero', 'amor', 'familia', 'día', 'intimidad', 'fuerza', 'trabajo', 'calvicie', 'obesidad']"
1811930648518525174,['vez']
1811915355947700381,"['genética', 'serie']"
1811873724062150922,"['catador', 'glandes', 'tren', 'pibe', 'mundo']"
1811860277324837077,['comida']
1811857562364436851,"['forma', 'sobrepeso', 'años', 'consumo', 'harinas', 'ejercicio', 'emoji', 'cara', 'risa', 'emoji']"
1811854528108507521,"['trabajos', 'obesidad', 'carne', 'alfajores']"
1811837213090439343,"['gato', 'mano']"
1811837046052565126,"['obesidad', 'enfermedad']"
1811835112826319293,"['gordura', 'hinchazón']"
1811828419174289444,"['gordura', 'hinchazón', ' ', 'emoji', 'cara', 'revés', 'emoji']"
1811824301307224531,"['blda', 'perdon', 'cornudas']"
1811818173206814793,"['paciente', 'riesgo', 'fumador', 'error']"
1811814263511519578,"['emoji', 'emoji', 'ptos', '\n ', 'teclas', 'emoji', ' ', 'emoji', 'luces', 'policía', 'emoji', '\n ', 'emoji', 'teclas', 'emoji', ' ', 'flecha', 'ingresos', '\n ', 'útero', 'mujer', 'emoji', 'emoji', 'emoji', 'escuela', 'políticas', 'salud', 'prevención', 'primordial']"
1811814260680343782,"['círculo', 'adiposidad', 'disfunción', 'remodelación', 'vasos', 'toxicidad', 'cardiomiocitos', 'favoreciendo', 'enfermedad', 'coronaria', 'aterosclerótica', 'emoji', 'coral', 'emoji', ' ', 'vasoespástica', 'arritmias', 'miocardiopatía', 'emoji', 'corazón', 'emoji', 'insuficiencia', 'cardíaca', 'gotas', 'sudor', 'emoji']"
1811814257949835405,"['emoji', 'adn', 'emoji', 'obesidad', 'ventaja', 'supervivencia', 'inanición', 'anorexia', 'enfermedades', 'gen', 'ahorrador', 'emoji', 'dorso', 'mano', 'índice', 'derecha', 'emoji', 'ausencia', 'selección', 'depredación', 'genes', 'almacenamiento', 'energía', 'obesidad', 'gen', 'deriva']"
1811814255554965814,"['corazón', 'emoji', 'obesidad', 'enfermedad', 'balance', 'interacciones', 'rtas', 'fcs', 'individuo', 'estado']"
1811786264900768012,"['sobrepeso', 'grasa', 'humor', 'tesis']"
1811775241141764522,"['tema', 'teléfono', 'mano', 'influencer', 'gente', 'mujer', 'hombre', 'clase', 'pelotudo', 'cosas', 'calle']"
1811731820888707538,['gordura']
1811715060072382617,"['emoji', 'triángulo', 'nutricionales', 'dieta', 'consumo', 'pescado', 'lácteos', 'vitamina', 'sobrepeso', 'pandemia', 'aumento', 'peso', 'personas', 'obesidad', 'niveles', 'vitamina', 'se', 'secuestra', 'almacena', 'tejido', 'adiposo', 'concentración', 'sangre', 'hashtag', ' ', 'emoji', 'dorso', 'mano', 'índice']"
1811690248696393941,"['complejo', 'yankee', 'semi-deportes', 'mierda', 'nenes', 'deficit', 'atencion', 'version', 'showcito']"
1811670549182939373,"['cuenta', 'médico', 'años', 'especialidades', 'obesidad']"
1811585818240147849,"['situaciones', 'mierda', 'par', 'edad', 'hombre', 'hoyo']"
1811584311386149261,"['embole', 'publinota', 'rebord', 'bolsa', 'pus', 'leleeta']"
1811546018401374430,"['mina', 'cuerpo', 'chica', 'obesidad']"
1811534860844171549,"['fijación', 'tema', 'gordura']"
1811532812937543777,"['espacio', 'fuentes', 'médico', 'especialista', 'obesidad']"
1811531436282802288,['niño']
1811514486513369486,"['niño', 'hate', 'campeón', 'mundo', 'pene']"
1811501222261616917,"['cara', 'daun', 'problema', 'caramelos']"
1811499281439764671,"['cocacola', 'vez', 'años', 'chica', 'cocacola', 'dia', 'coca', 'asco', 'amiga']"
1811485550626459923,[]
1811464704570556860,"['diabetes', 'tero', 'santiago', 'estero']"
1811457281143218465,"['cloaca', 'hijo', 'puta', 'obesito']"
1811456195884118273,"['mentira', 'definicion']"
1811453204833435895,"['tiktoks', 'perro', 'salchicha', 'tiempo', 'ezquiso', 'season']"
1811419940509130979,"['cuenta', 'sobrepeso', 'kilos']"
1811403874923634790,"['iol', '𝗮𝗰𝗰𝗶𝗼𝗻𝗲𝘀', 'preapertura', 'farmacéutico', 'desarrollo', 'fármaco', 'obesidad', 'mercado']"
1811399314624676203,"['pastilla', 'peso', 'inyectables', 'aprobación', 'alternativa', 'obesidad', 'salud', 'farmacéutica', 'obesidad']"
1811343737143841089,"['sorete', 'gordura', 'odio']"
1811336804550799537,"['transporte', 'público', 'obligación', 'peso', 'viaje', 'bolsa', 'triglicéridos']"
1811279349959586156,"['industria', 'azúcar', 'lobby', 'años', 'obesidad', 'grasas', 'pruebas', 'dudas', 'industria', 'petróleo', 'pedos', 'vacas', 'efecto', 'invernadero']"
1811259864854745105,"['entidad', 'sobrepeso']"
1811238183675343161,"['pinturas', 'importancia', 'existencia', 'sentencias', 'veces', 'oídos', 'flia', 'cabeza']"
1811235611820302374,"['vida', 'pinta', 'bullying', 'cabeza', 'horno']"
1811230874379133294,"['obesidad', 'cirugía', 'cinturon', 'gástrico', 'panza', 'pitó', 'ladrón']"
1811227384177127463,"['carne', 'popa']"
1811226683300569425,"['internet', 'gordura', 'interacciones']"
1811195551481843837,['medicamentos']
1811186966999793975,"['amigo', 'tumor']"
1811157504572670028,"['alfajores', 'azúcar', 'argentinos', 'hijos', 'desayuno', 'obesidad', 'etiquetas', 'carnicería', 'verdulería']"
1811157100623515770,"['alfajor', 'harina', 'azúcar', 'causa', 'muerte', 'mundo', 'través', 'enf', 'obesidad', 'verdad', 'humanos', 'nivel', 'mundial', 'alfajores', 'veneno', 'ratas', 'especialista', 'tema']"
1811127326673096994,"['emoji', 'hospital', 'equipo', 'cirujanos', 'director', 'Congreso', 'trabajo', 'sistema', 'hashtag', 'salud', 'lugar', 'familia']"
1811096509150052790,"['verdad', 'ejemplo', 'programa', 'obesidad']"
1811085000676163644,"['alerta', 'onda', 'fotos', 'cris', 'morena']"
1811066382252961936,"['frío', 'helado', 'OBESIDAD']"
1811016099267232122,"['identidad', 'realidad', 'mal', 'mal', 'vida', 'problema']"
1810900778422280627,"['novio', 'amigo', 'hamburguesa', 'partidos', 'amo', 'corazón', 'flecha']"
1810888153667973448,['ansiedad']
1810872118436937941,"['suerte', 'mundo', 'emoji', 'corazón', 'emoji']"
1810850741323497922,"['?', ' ', 'cara', 'emoji']"
1810793417083109699,"['reacción', 'pibes', 'autoestima', 'masculinidad', 'inferioridad', 'falta', 'masculinidad']"
1810790970377539949,"['bolas', 'milei', 'tuistes', 'mierda', 'mierdas', 'kirchos', 'meado', 'milei', 'verdad']"
1810771193458479296,"['k', 'ilos', 'sobrepeso', 'niña', 'niño', 'años.-']"
1810720247218909418,"['espejo', 'pelo', 'flequillo', 'traumas']"
1810718976864878668,[]
1810701305331232838,['buñuelo']
1810697872129572867,"['médicos', 'pediatras', 'documento', 'políticas', 'problemas', 'niños', 'sobrepeso', 'exceso', 'azúcar']"
1810696542698791296,"['cerebro', 'pelada', 'exceso', 'adiposidad']"
1810696049746497892,"['gente', 'obesidad', 'libertad', 'preferencias', 'estéticas', 'formas']"
1810689963547115598,"['hombre', 'kg', 'mierda', 'peso', 'obesidad']"
1810686944973602921,"['nivel', 'Dios', 'resentimiento', 'señora', 'pelo']"
1810686813406650520,"['kilos', 'sobrepeso', 'médicos', 'palabras', 'daño']"
1810676264488915052,"['sobrepeso', 'calidad', 'carácter', 'selección', 'jugadorcitos', 'cristal', 'lujo', 'gente']"
1810671929122062469,"['media', 'sobrepeso']"
1810659729670037960,"['episodio', 'podcast', 'obesidad', 'felina', 'gato', 'consecuencias', 'gato']"
1810587729836548178,"['borcegos', 'dictadura']"
1810587071318253986,"['hecho', 'credenciales', 'ciencias', 'políticas', 'inepto', 'propaganda', 'aversión', 'lectura']"
1810584722415796645,"['tipo', 'sentido', 'punto', 'elecciones', 'pasado', 'declive', 'presente', 'ELECCIÓN', 'GUERRA']"
1810506315875209356,"['kilos', 'kilos', 'doctora']"
1810480075889844360,['piel']
1810468309327818762,"['guerra', 'acción', 'movimiento', 'situaciones', 'pandemia', 'casa', 'emoji', 'cara']"
1810458742334411226,['sobrepeso']
1810456983121559932,"['domingo', 'madrugada', 'mama', 'oscar', 'video', 'perra', 'días', 'emoji', 'cara', 'mano', 'boca']"
1810439558053368033,['sobrepeso']
1810438158976516125,"['kilos', 'sobrepeso']"
1810425132306853937,"['doctora', 'kilos', 'sobrepeso', 'montón', 'cosas']"
1810417555225321546,"['foto', 'pedazo', 'puta', 'bigote', 'pedazo']"
1810407325527929147,[]
1810393472937111730,"['receptor', 'incidencia', 'tipos', 'cáncer', 'obesidad', 'pacientes', 'diabetes', 'tipo', '\n\n ']"
1813990692512829688,"['bocon', 'inútil', ' ', 'emoji', 'caca', 'ojos', ' ', 'obeso', 'patada', 'ort0', ' ', 'emoji', 'caca', 'ojos', 'emoji', ' ']"
1813986339471114583,"['emoji', 'luces', 'policía', 'emoji', 'falsificaciones', 'fármacos', 'peso', 'alarma', 'sustancias', 'junio', '\n\n', 'cc', '\n', 'salud', 'fraude']"
1813984722844062198,"['selección', 'nivel', 'deporte', 'etnia', 'raza', 'religión', 'criterio', 'país', 'jugadores']"
1813976036864057535,"['paz', 'gordura']"
1813974568400486561,"['raza', 'sobrepeso']"
1813940453693337940,"['emoji', 'índice', 'derecha', 'cuenta', 'animales', 'celo', 'sarna', 'peso', 'meses', 'gatos', 'meses', 'hembras', 'secreción', 'vulvar']"
1813906148707451141,['pavadas']
1813893010515800365,"['tortilla', 'chapa']"
1813771311996645726,"['hashtag', 'salud']"
1813770126468272292,"['survivor', 'telefe', 'persona', 'sobrepeso', 'transexual', 'paratleta', 'vegana', 'programa']"
1813769728491454889,"['centro', 'trabajo', 'cirugía', 'reconocimiento', 'cienc']"
1813765941383340396,"['favor', 'pibito', 'dios', 'ojos', 'corazón']"
1813759297177719046,"['emoji', 'fuego', 'emoji', 'desorden', 'responsables', 'inflamación', 'obesidad', 'patología', 'incidencia', 'aumento', 'nivel', 'tejido', 'tamaño', 'productor', 'moléculas', 'emoji', 'mano', 'índice']"
1813759275745132691,"['triángulo', 'rojo', 'emoji', 'CRÓNICA', 'GRADO', 'fuego', 'emoji', 'enfermedades', 'causa', 'cardio', 'hilo', 'leer', ' ', 'gafas']"
1813758535588798718,"['sobrepeso', 'sentido']"
1813756324422803634,"['fibra', 'diabetes', 'obesidad', 'enfermedades']"
1813753851343978722,[]
1813738475080019981,[]
1813725940381536531,['pito']
1813723285311611240,"['CIUDAD', 'CENTRO', 'OBESIDAD', 'MALVINAS', 'centro', 'trabajo', 'cirugía', 'reconocimiento', 'ciencias']"
1813719482063573376,"['embarazo', 'gordura']"
1813701016254296547,"['capital', 'paz']"
1813698453744283866,"['propuesta', 'público', 'sobrepeso', 'hipertensión', 'diabetes', 'colesterol', 'programa', 'nutrición', 'actividad', 'factores', 'riesgo']"
1813687682176053427,[]
1813678544599597489,"['parte', 'mujeres', 'clase', 'hambre', 'estado', 'clase', 'nido', 'corrupcion', 'droga', 'violencia', 'paisucho']"
1813678043291885902,[]
1813675422900772995,['casualidad']
1813665983095341167,"['chubut', 'propuesta', 'sobrepeso', 'hipertensión', 'diabetes', 'colesterol', 'ordenador', 'emoji', 'emoji', 'dorso', 'mano', 'índice', 'emoji']"
1813662702734397691,"['obesidad', 'nenas']"
1813657644248547432,"['fracaso', 'mano', 'índice', 'piel', 'títulos', 'Copa', 'goles', 'zapatos', 'DT', 'falopa', 'títulos', 'clubes', 'tema', 'cola', 'terapia', 'proyección']"
1813654908199137423,"['justiciero', 'pareja', 'accidente']"
1813652042084487656,"['error', 'sueldo', 'impuestos', 'realidad', 'numero', 'ideologia', '30%']"
1813651351286731248,"['10%', 'sobrepeso', 'chabon']"
1813638334134304866,"['verdad', 'pena', 'sociedad', 'camiseta', 'problemas', 'hipertensión', 'diabetes', 'elección', 'persona', 'físico', 'trabajadora', 'Dios']"
1813636220540551669,"['ojos', 'corazón']"
1813602303255130545,"['ciclo', 'apoyo', 'muestras', 'cariño', 'entusiasmo', 'prevención', 'control', 'obesidad', ' ', 'manos', 'oración', 'tono', 'piel', 'emoji', ' ', 'emoji', 'chispas', 'emoji']"
1813628296531251557,"['terror', 'alfabetización', 'obesidad', 'mamá', 'sopa', 'hombre', 'bolsa', 'escuela']"
1813613612440989724,"['problema', 'niño']"
1813591406553997513,"['drama', 'mayoría', 'obesos', 'diabéticos', 'veces', 'médico']"
1813585477816975858,"['cosas', 'yankees']"
1813574762578542841,"['condición', 'argentino', 'tabúes', 'raza', 'orientación', 'nacionalidad', 'obesidad', 'sanción']"
1813540848132579832,"['años', 'obesidad', 'tipo', 'años', 'dia', 'salud', 'diabetes', 'concha', 'rodillas', 'polainas']"
1813517159609635211,"['pibe', 'obesidad', 'hijo', 'tiempo', 'abuso', 'nena', 'calle', 'generación', 'mierda']"
1813466433889644736,"['manchas', 'producto', 'obesidad']"
1813447021748945286,"['tema', 'plazo', '%', 'obesidad', 'riesgo', 'diabetes', 'tipo', 'riesgo', 'personas', 'años', 'hábitos', 'tabaquismo', 'antec', 'fliares', 'riesgo']"
1813433539632730140,"['mongola', 'pais', 'mitad', 'jugadores', 'lol']"
1813417251300626782,"['ñoqui', 'ben', 'pesar', 'gordura', 'libro']"
1813401269312106679,"['pesar', 'consumo', 'azúcar', 'tasas', 'obesidad', 'promedio', 'región', '\n', 'dulzura', 'hashtag', 'amberes', 'asunción', 'paraguay', 'azúcar', 'belgas']"
1813399839733907801,"['gringos', 'tasa', 'obesidad', 'comida', 'mierda', 'hora']"
1813398313871249904,"['semana', 'edición', 'corazón', 'emoji', 'holgazanería', 'colesterol', 'streaming', 'fenómeno', 'urgencia', 'investigación', 'calzas']"
1813397794775830828,['porquerías']
1813393521170358605,"['casa', 'ácido', 'botox', 'arrugas', 'gordura', 'odontologicos']"
1813392359058448858,"['toneladas', 'carga', 'costa', 'provincia', 'cargo', 'ruta', 'vehículos', 'sobrepeso', 'preocupación']"
1813392109157613890,"['supermercado', 'tema', 'comida']"
1813387872923242607,"['gringos', 'obesidad', 'fruta', 'hamburguesa', 'yankis']"
1813387670497947657,[]
1813386519547134106,['yankis']
1813382182880030816,[]
1813380469561647232,"['nutrición', 'tasas', 'obesidad', 'mundo']"
1813379533967356290,"['país', 'índice', 'obesidad', 'alimentación', 'campeón', 'elite']"
1813378736642760850,"['gente', 'problemas', 'nivel', 'dios', 'comer', 'basura', 'risa', 'emoji', 'emoji', 'risa', 'emoji', 'emoji']"
1813374545413243003,"['yankees', 'comida', 'basura', 'indice', 'obesidad', 'mundo']"
1813370238408266133,"['yankis', 'comida', 'chatarra', 'países', 'obesidad', 'mundo', 'cara', 'risa']"
1813346161329410318,"['pelusitas', 'rollos']"
1813342554705801635,"['sobrepeso', 'hijos', 'put4']"
1813338092687982643,"['gordo', 'culo']"
1813328596120842350,"['envidia', 'vida', 'chimpancé']"
1813327175350890946,"['emoji', 'teclas', '3', 'emoji', ' ', 'emoji', 'teclas', '2', 'emoji', ' ', 'toneladas', 'carga', ' ', 'camión', '\n\n', 'operativo', 'Ruta', 'camiones', 'rutas', 'seguridad', 'evasión']"
1813323165986103319,[]
1813286734588756308,"['arena', 'agua', 'mujer', 'Dios', 'generación']"
1813284122682356037,"['cara', 'presidente', 'club', 'concha', 'madre']"
1813276468027531613,"['traumas', 'desequilibro', 'obesidad']"
1813263563655454854,"['chica', 'tatuajes', 'novia', 'imbécil', 'turno', 'novia']"
1813271567310463212,"['implementación', 'ley', 'casos', 'obesidad', 'equipo', 'departamento', 'proyecto']"
1813271561983447172,"['emoji', 'altavoz', 'emoji', 'paper', 'estudio', 'bebidas', 'carga', 'enfermedad', 'impacto', 'revista', 'Sociedad']"
1813257419289473287,"['país', 'calidad', 'vida', 'hambre', 'cuenta', 'mogoliqueada', 'datos', 'calidad', 'vida']"
1813256832716316882,"['medida', 'tiempo', 'obesidad', 'factura']"
1813250313211814281,"['ropa', 'rango', 'obesidad', 'verdad', 'obesidad', 'problema', 'salud']"
1813245704246002044,"['obesidad', 'enfermedad', 'problema', 'gordofobia', 'boludeces']"
1813208815304573112,['odio']
1813245571236323520,"['mapache', 'gracia']"
1813228981576999352,"['gato', 'panza']"
1813213262118281713,"['gente', 'gusto']"
1813180598854259131,"['problema', 'cuerpo', 'sobrepeso', 'lucha']"
1813042011378733524,"['gordura', 'hinchazón']"
1813031167664533992,['cv']
1813017618112258184,['obesidad']
1813011771000561913,"['heredero', 'fotos', 'bebé']"
1813011642365390961,"['dios', 'tendencia', 'obesidad', 'año', 'actividad', 'orto', 'cuerpos', 'cuadro', 'ansiedad']"
1813000599106933045,"['sobrepeso', 'detective', 'belga', 'poirot', 'protectores', 'camisas', 'cuello', 'alas', 'cuello']"
1812993373118341408,"['respecto', 'PEDAZOS', 'HIJOS', 'PUTA']"
1812987607019889136,"['dios', 'veces']"
1812967210857689356,['negra']
1812926814786101459,"['término', 'minas', 'momento', 'sobrepeso', 'mierda']"
1812918188419825788,"['nutri', 'hashtag', 'cuestiondepeso']"
1812909386102415710,['agosto']
1812908738853867632,['cuota']
1812889462168338694,"['argentinos', 'joda', 'xD']"
1812863155388747998,['bebé']
1815409059606016505,"['sobrepeso', 'diabetes']"
1815335809983131878,"['sobrepeso', 'goro', 'mortal', 'kombat', 'payaso']"
1815324748563284475,"['vacas', 'condición', 'grasa', 'canal', 'parto']"
1815207367287431625,"['perro', 'emoji', 'cara']"
1815205018263245305,['progres']
1815202386761441467,"['sobrepeso', 'gambas']"
1815193425387381161,['platos']
1815184235101028369,['foca']
1815178760045400564,['pendejo']
1815151823113580620,"['obesidad', 'bro', 'liga', 'necks', 'kilos']"
1815124583634100363,"['papudo', 'merca', 'sobrepeso', 'combinacion', 'vida', 'novia', 'sopa']"
1815108094583558610,"['manera', 'cara', 'poker', 'vida', 'hombre', 'derecho', 'personas', ' ', 'globo', 'australia']"
1815095732577443952,['edad']
1815031573118394546,"['mogolico', 'alimento', 'horario', 'hora', 'gato', 'riesgo', 'salud', 'sobrepeso']"
1815030571711553631,"['sobrepeso', 'obesidad', 'riesgo', 'salud', 'seguimiento', 'veterinario']"
1815024906855174614,['besos']
1814902527248232457,"['comechatarra', 'argentino']"
1814889373516681353,['bebé']
1814856907363856612,"['lema', 'amo', 'protagonismo', 'gordura', 'gordeley', 'cara']"
1814855542226993318,['día']
1814844441640726630,"['vida', 'gobierno', 'base', 'sobres', 'javo']"
1814843292896444438,"['realidad', 'obesidad', 'granos']"
1814839722755211673,['obeso']
1814817672552431874,"['perrita', 'amor']"
1814813721136447894,"['acaricia', 'alma', 'penas', 'amor', 'palabras', 'tiempo', 'tiempo']"
1814781461083660797,"['jugador', 'sobrepeso', 'equipos', 'torneo', 'ganas', 'DT']"
1814778791702544591,['bocha']
1814777697328861188,"['misandría', 'mutilación', 'niños', 'obesidad']"
1814777513354404298,"['cosa', 'guantes', 'cacho', 'carne', 'parrilla', 'piso', 'condiciones']"
1814749717009735747,"['mierda', 'ganas', 'offside']"
1814710148574687310,"['dios', 'catsuit', 'siglos']"
1814693861005955493,[]
1814687990335050124,"['pizza', 'milanesas', 'puré', 'panchos', 'gordura']"
1814728489209069619,"['desayuno', 'churros', 'bolitas', 'fraile', 'gordura', 'tiroides', ' ', 'nariz', 'cerdo', 'emoji']"
1814669751878136216,"['obesidad', 'base', 'masa', 'punto']"
1814636700783517988,['salud']
1814535729663385812,"['URNA', 'URNA']"
1814524695376507291,"['supuesto', 'guardias', 'sobrepeso']"
1814495953228911039,"['hermana', 'amigo', 'límites', 'educación', 'respeto', 'gordura']"
1814492674881204352,"['mcdonals', 'días', 'pedo', 'dieta', 'ejercicio', 'cromosomas', 'cria']"
1814480860319535181,"['factura', 'sobrepeso', 'físico', 'cabrera', 'años', 'dieta', '0carne', 'pescado', 'marisco', 'cuerpo', 'lesiones', 'carrera']"
1814469994677141816,"['bodyshaming', 'gatos', 'hadid', 'día']"
1814445096907223328,"['ausencia', 'sexo', 'niveles', 'obesidad', 'seres', 'piel', 'compañía', 'solteria', 'equilibrio']"
1814432802848334292,"['timbero', 'onanista', 'sobrepeso', 'falta', 'info', 'brechita']"
1814423530777293119,[]
1814423442143219951,"['negocio', 'pension', 'invalidez', 'dia', 'netflix', 'comida', 'chatarra', 'grasas', 'excusas', 'gente', 'lado']"
1814412133955744158,"['países', 'mundo', 'cartel', 'patio', 'payaso', 'torneo']"
1814407652304105687,"['gato', 'piso', 'comida', 'gritos', 'carajo', 'mimos', 'PLATO']"
1814407095581634758,['banco']
1814405401242198297,[]
1814400325438328931,"['cambio', 'falta', 'actividad', 'peso', 'obesidad', 'sedentarismo', 'excusa', 'zurdos', 'línea']"
1814381333055189291,['twitter']
1814360873567191521,"['emoji', 'píldora', 'emoji', ' ', 'mercado', 'medicamentos', 'obesidad', 'millones', 'compañías', 'acciones', '\n\n', 'salud', 'hashtag', 'obesidad', 'farmacéutica']"
1814359114081878204,['viajes']
1814355243049820347,"['porquería', 'países', 'habitantes', 'mayoría', 'hambrentina', 'neurona']"
1814316146692174233,"['noche', 'hilo', 'relación', 'higiene', 'sueño', 'sobrepeso', 'obesidad', 'enfermedades', 'tema', 'likes']"
1814293307322753195,"['sobrepeso', 'vagina']"
1814268881449443538,"['desafío', 'recorrido', 'temáticas', 'manos', 'celebrando', 'tono', 'piel', 'éxitos', 'gestión', ' ', 'tono', 'piel', 'medio']"
1814248481470533855,[]
1814173537160114356,"['país', 'obesidad', 'infarto']"
1814147986294730963,"['ignorancia', 'evidencia', 'escasea', 'comida', 'alimentación', 'arina', 'gaseosas', 'costo', 'grasas']"
1814129423936888906,['sobrepeso']
1814128825627812302,"['problema', 'gordura', 'inutilidad', 'fuerza', 'cosas', 'materiales', 'cosas', 'fuego', 'survivortelefe']"
1814113646919729203,[]
1814107693860401638,"['hambrentina', 'mexicano']"
1814089402483605705,"['amiga', 'idea', 'cerveza', 'birra']"
1814085729036751221,[]
1814059335648981283,"['perros', 'sobrepeso', 'línea', 'peso', 'grasas', 'proteínas', 'nutrientes', 'vida', '+54', '9', '11', '6399-2176']"
1814029960212029612,['poder']
1814027689436623258,"['sobrepeso', ' ', 'emoji', 'ojos', 'emoji', 'emoji', 'risa', 'emoji', ' ', 'emoji', 'cara', 'emoji']"
1814020399786533291,[]
1814019802253385905,"['medio', 'ambiente', 'cara', 'gordura']"
1814005087678943510,"['inclusión', 'obesidad', 'vida', 'roles', 'combate']"
1814004842123452546,[]
1816089169820557569,"['problema', 'tiroides', 'dieta', 'ejercicios', 'sobrepeso', 'exámenes', 'sangre']"
1816008661824586124,[]
1815959244396453972,"['de', 'nariz', 'obesidad', 'burla', ' ', 'emoji', 'cabreada', ' ', 'emoji', 'emoji', 'emoji']"
1815946305912312205,[]
1815945308574011665,"['gym', 'gordura']"
1815936676000137389,['gordura']
1815936297237709291,['linea']
1815928135289848069,"['carajo', 'calles']"
1815926704516276561,"['capuchino', 'muchacho', 'nombre', 'verbo', 'polenta']"
1815923220274434235,"['notas', 'datos', 'uso', 'casos', 'portales']"
1815891648276041742,"['veces', 'tipo', 'obesidad', 'año', 'agua', 'sopa', 'verduras', 'bien']"
1815890024740614594,['GORDURA']
1815887042649477443,"['idea', 'ingresos', 'trastadas', 'jugadores', 'sobrepeso', 'socio', 'idea']"
1815886617112109413,"['minutos', 'sobrecarga', 'partidos', 'CD', 'fútbol', 'jugador', 'sobrepeso', 'competencia']"
1815876529387082059,"['dientes', 'hijo', 'runfla']"
1815857958498312322,"['ave', 'avión', 'ave', 'licra', 'cielos', 'preguntas']"
1815802226259935642,"['paso', 'tesorería', 'obesos', 'mate', 'biscochitos', 'paja', 'hermano']"
1815785386934964236,"['verdad', 'hibiki', 'sf']"
1815779998239768603,"['gordura', 'jugador']"
1815776872208429434,"['apuestas', 'nivel', 'gordura', 'olor', 'chisito', 'manos']"
1815612298578600102,[]
1815608521007792549,"['novia', 'SIDE', 'inteligencia', 'marplatenses']"
1815599164568301874,"['gordura', 'quietud']"
1815593441910276101,[]
1815576493054984648,"['chica', 'hombre', 'vez', 'survivor']"
1815568180393410936,[]
1815568176283095444,"['emoji', 'luna', 'emoji', 'riesgo', 'enfermedades', 'hipertensión', 'sobrepeso', 'obesidad', 'enfermedad', 'trastornos', 'deterioro', 'edad', 'trastorno', 'ansiedad', 'causa', 'tiempo', 'déficit', 'sueño', 'síntomas', 'círculo', 'hashtag']"
1815568173275422939,"['emoji', 'persona', 'cama', 'emoji', '  ', 'emoji', 'luna', 'emoji', 'insomnio', 'falta', 'conciliación', 'sueño', 'problemas', 'prevalencia', 'épocas', 'estrés', 'sedentarismo', 'uso', 'pantallas', 'enfermedades', 'incidencia', 'manera', 'obesidad', 'causas', 'trastornos', 'sueño']"
1815559473513009227,"['sueldazo', 'sueño']"
1815534682437550292,"['cabeza', 'parlante', ' ', 's/', 'jugadores', 'vez', 'clubes', 'jugador', 'años', 'boca', 'años', 'futuro']"
1815557413287723386,"['sobrepeso', 'problema', 'mujeres', 'hombres']"
1815548121037848875,[]
1815546187342041534,"['ganas', 'madre', 'osito', 'gordura']"
1815535123552407906,[]
1815533332454596874,"['sudor', 'grasa', 'chorizo', '100%', 'obesidad']"
1815496073231876498,"['bola', 'grasa']"
1815485744972243352,"['mundo', 'dueño', 'realidad', 'computadora', 'mundo', 'madre', 'cara', 'mano', 'boca']"
1815468766102503576,['ojos']
1815453388479623457,"['paja', 'hombre', 'gato']"
1815445750748192779,"['aviso', 'mamá', 'cindor']"
1815434396448477617,"['Dios', 'referencia', 'foquita']"
1815415424588083273,"['emoji', 'píldora', 'emoji', '  ', 'resultados', 'píldora', 'obesidad', 'adquisición', 'éxito', 'entrada', 'carrera', 'medicamentos', 'obesidad', '\n', 'salud', 'hashtag', 'obesidad', 'hashtag', 'medicamentos']"
1817896132812431412,"['obesas', 'espacio', 'confianza', 'dedos', 'tono', 'piel', 'emoji', 'tipo', 'tren', 'vez', 'cartera']"
1817895643823706453,"['canelones', 'sociedad', 'culpa']"
1817893914046566451,"['gordura', 'característica', 'persona', 'condición', 'salud', 'enfermedad']"
1817883548356939809,"['culpa', 'obesidad', 'genética', 'años', 'obesos', 'abuelo', 'materia', 'nada', 'morfi', 'valentia', 'enfermedad']"
1817820151397413114,"['kilos', 'morrón', 'boliviano']"
1817801244301259248,"['secta', 'gente']"
1817780691913896209,"['gorra', 'tetones']"
1817771216700100758,"['mujer', 'mayores', 'tema', 'kilos', 'obesidad', 'tema']"
1817768950123425843,['chavistas']
1817766816355058067,"['libertarios', 'idea', 'prosperidad', 'índices', 'obesidad']"
1817760608340550127,"['kirchos', 'entidad']"
1817757889991168184,"['minorías', 'cuenta', 'wokismo', 'obesidad', 'enfermedad', 'cuestión', 'modelo']"
1817752324426588406,"['chica', 'acné', 'mujer', 'sobrepeso']"
1817752240817312207,"['pará', 'disciplina', 'olímpíca', 'monóculo', ' ', 'monóculo', ' ', 'cara', 'monóculo', 'emoji', 'risa', 'risa', 'risa']"
1817747111976313267,"['capitulo', 'south', 'park', 'fin', 'obesidad', 'muchacha']"
1817745833481113941,"['argentina', 'basura']"
1817743619618418903,"['drama', 'hombre', 'tetón', 'tetón', 'salidas', 'gordura', 'musculatura', 'punto', 'kilos', '90', 'tetón', 'tetón']"
1817738808407838777,"['vergüenza', '\n\n', 'años', 'obesidad', 'inodoro', 'culo']"
1817688883741474953,"['bronca', 'tiempo', 'historia', 'argentina', 'semifinal', 'natación', 'años', 'bronce', 'cordobesa']"
1817738144973779235,"['donalds', 'basura', 'cadenas', 'veces', 'comentario']"
1817737663455043669,"['mucho', ' ', 'emoji', 'emoji', 'emoji', 'risa', 'emoji', ' ', 'emoji', 'risa', 'emoji', 'señora', 'hija', 'hambre', 'que', 'emoji', 'emoji', 'emoji', 'emoji', 'emoji', 'risa']"
1817737650893132062,"['envidia', 'sobrepeso', 'risa']"
1817728137012068694,"['punta', 'pies', 'sintético', 'amigos', 'sobrepeso']"
1817720111769276789,"['obesidad', 'enfermedades', 'adicciones']"
1817718756379910163,"['hambre', 'olla', 'tiempo', 'sobrepeso']"
1817716831446077451,"['barbudo', 'mina', 'testiculo', 'lado', 'nena', 'espíritu']"
1817711337419710726,"['dieta', 'obesidad', 'emoji', 'cara', 'emoji']"
1817697716761158086,"['persona', 'obesidad', 'resultado', 'desorden', 'hábitos', 'modelo', 'cara']"
1817685004551594385,"['opción', 'lado', 'niños', 'gente', 'sobrepeso']"
1817682099224055876,"['tolerancia', 'lesbianas', 'putos', 'taco', 'uñas']"
1817672949966500075,"['epidemiología', 'etiología', 'fisiopatología', 'obesidad', 'diabetes']"
1817665619531059271,"['centro', 'story']"
1817655271382286580,"['corriente', 'runfla', 'gusto', 'progres']"
1817648223122551293,['mierda']
1817641528795238541,"['obesidad', 'enfermedad']"
1817635859312640250,"['gente', 'cosas', 'JJOO', 'drogadictos', 'cuadra', 'aire', 'dioss']"
1817631306462666852,"['centro', 'story', 'resto', 'travas', 'escena', 'cena']"
1817628993253933466,['pandemia']
1817628915822907451,"['centro', 'imagen', 'story']"
1817620919231119633,['SOBREPESO']
1817620026805100557,"['hostiazo', 'cejas', 'cerbatana', 'simia', 'orca']"
1817605026736402687,"['gimnasio', 'colesterol', 'nubes']"
1817600299403460715,"['latinos', 'habitacion', 'schoolshooters', 'años']"
1817596749827207500,['uruguayo']
1817595767399309468,"['taco', 'bell', 'emoji', 'risa', 'emoji']"
1817586770743333272,"['lechones', 'ostras']"
1817585945602043972,['lesbiana']
1817575559356154055,"['mword', 'obesidad']"
1817570037445861613,"['cara', 'papada', 'gente', 'mor', 'ejemplo', 'pega']"
1817569329334063124,"['obesidad', 'juegos']"
1817565781271437693,"['forma', 'modo', 'discriminación', 'lesbiana', 'hipocresía', 'publicación']"
1817565674988011858,"['riesgo', 'problemas', 'accidentes', 'adultos', 'sobrepeso', 'hashtag', 'salud', 'hashtag', 'cardiopatías', 'negocios']"
1817556147261374555,"['p', 'sobrepeso']"
1817552261012140125,[]
1817543499329265918,"['interpretación', 'testiculos', 'obesidad', 'exceso']"
1817517273063600305,"['DJ', 'francesa', 'falta', 'éxtasis', 'apertura', 'gente', 'mierda']"
1817511304094982561,"['apertura', 'JJOO', 'personas', 'mierda', 'racismo', 'misoginia', 'intolerancia', 'judaísmo', 'obesidad', 'orientacón', 'sexual', 'parte', 'agravio', 'mundo', 'vez']"
1817484533333139527,"['judía', 'lesbiana', 'queer', 'forma', 'ceremonia', '2024', 'viernes', 'patrocinadores', 'actuación', 'miles', 'cristianos']"
1817500969334403235,[]
1817476735438315677,['sobrepeso']
1817415461094436870,"['imaginación', 'Biblia', 'hombre', 'cristianismo', 'gula', 'pecado', 'apóstoles', 'homosexualidad', 'pecado']"
1817406862121189750,"['Dios', 'hijo', 'espíritu', 'persona', 'modos', 'ceremonia', 'clausura', 'travestis', 'caja', 'meca', 'emoji', 'símbolo', 'musulmanes']"
1817405807966769152,"['travesti', 'obesidad', 'cis']"
1817405548658135485,"['razón', 'travesti', 'parodia']"
1817396732319207504,"['actuación', 'video', 'talento', 'inauguración', 'foco', 'condición', 'talento', 'artistas']"
1817388159010754886,['obesidad']
1817385613823254835,[]
1817362919408934947,"['Enfermedad', 'obesidad']"
1817361203947098346,"['obesidad', 'moda', 'estado', 'mina']"
1817333355030921342,"['cantante', 'woke']"
1817331527916925291,"['juegos', 'sinónimos', 'deporte']"
1817330496768024835,[]
1817321683654500634,"['orden', 'plantillas', 'tipo', 'veces', 'pie', 'plano', 'sobrepeso', 'adulta', 'emoji', 'revés', 'emoji', '\n', 'receta', 'hdp']"
1817316503412441187,"['PERSONA', 'U']"
1817307209715376158,"['culpa', 'personas', 'problemas', 'obesidad', 'salud', 'obesidad']"
1817306057812701229,"['accidentes', 'tránsito', 'máxima', 'sobrepeso', 'forro', 'posta', 'exclusión', 'banco', 'hospitales']"
1817279972509167700,"['inauguración', 'señora', 'kilos', 'señor', 'colectividad', 'sobrepeso', 'identidad', 'cualidades', 'ofensas']"
1817278449989398896,"['romantización', ' ', 'obesidad', 'patologías', 'tema', 'emoji', 'mano']"
1817273439029231823,"['gordo', 'hijo', 'pita', 'cabeza', 'mierda', 'mamerto']"
1817257962710147392,"['menstruar', 'chicas', 'beso']"
1817253767009694071,"['diciembre', '10', 'hilo', 'definitiva', 'obesidad', 'persona']"
1817244063449407736,"['diversidad', 'señores', 'mujer', 'señoras', 'diablo', 'cosas', 'diversidad', 'fascismo', 'colonialismo', 'igualdad']"
1817377612462707016,"['foto', 'goal', 'ig']"
1817242925925048686,"['gente', 'rulos', 'sobrepeso']"
1817236939507896522,"['cuerpos', 'atuendos', 'tema', 'armas', 'granadas', 'civiles', 'olimpíadas', 'terrorismo']"
1817236719571275786,"['físico', 'brazos', 'piernas', 'gordura', 'persona']"
1817228268963045606,"['kilos', 'cara', 'risa', 'kilos', 'muertos', 'mono']"
1817220416974266481,"['traste', 'pruebas']"
1817216024707576121,"['fealdad', 'mierda', 'atletas']"
1817208193384325211,"['deporte', 'señora', 'sobrepeso', 'emoji', 'cara']"
1817205203948421273,"['bb', 'gustos', 'gustos', 'obesos', 'estandares', 'abdominales', 'boludez', 'tw']"
1817190520340271585,"['gente', 'gordura', 'empoderamiento', 'salud', 'jaja']"
1817180256588927047,"['homosesualidad', 'obesidad', 'plano', 'lado', 'talento', 'talento']"
1817157375796670514,"['92', 'cantantes', 'mujeres', 'sobrepeso', 'inauguración', 'atletas', 'VIH', 'deportistas', 'discapacidad', 'talento', 'condición', 'occidente', 'talento', 'condición']"
1817065243308143043,"['mayoría', 'personas', 'punto', 'diabetes']"
1817058600965050555,"['asco', 'verguenza', 'espiritu', 'antetesis', 'deportes', 'circo', 'especimes', 'deporte']"
1816955930673639521,"['puesta', 'escena', 'presentación', 'seres', 'representantes', 'deporte', 'salud', 'tipo', 'cuerpo', 'nivel', 'drogadicto']"
1817040665567506505,"['dios', 'veces', 'diabetes', 'nivel', 'danip3', '\n', 'hashtag', 'paletwt', 'hashtag']"
1817035654955515954,"['insultos', 'mundo', 'palabra', 'cringe', 'pleno', '2024', 'ataque', 'corazon', 'virgen', 'twitter', 'sotano', 'mama']"
1817034276220575935,"['obesidad', 'deporte', 'blasfemia', 'transexualidad', 'olympic', 'games', 'opening', 'ceremony']"
1817001643092639934,"['los', 'tanque', ' ', 'emoji', 'risa', 'emoji', ' ', 'emoji', 'risa', 'emoji', 'emoji', 'risa', ' ', 'emoji', 'bíceps', 'flexionado', 'emoji']"
1816993403080528307,"['BOSTA', 'inauguración', 'JJOO', 'travestis', 'gente', 'problemas', 'cara', 'cima', 'deporte', 'seres', 'deportivo']"
1816991372391452876,['cosos']
1816991316061921359,"['manga', 'hijos', 'puta', 'afrenta', 'basuras']"
1816987223759421652,"['país', 'compatriotas']"
1816977715913732128,[]
1816971782668063030,"['años', 'lumbalgia', 'sobrepeso', 'estrés', 'show', 'tv', 'días', 'horario', 'espacios', 'plata', 'mundo', 'estrés', 'compromisos']"
1816971236376776933,"['merendar', 'mano', 'índice', 'derecha', 'piel', 'mano', 'índice', 'izquierda', 'tono', 'piel']"
1816968864535863595,"['parodia', 'cena', 'inauguración', 'obesidad', 'trastornos', 'auto-ridiculización', 'izquierda', 'grieta', 'día', 'vereda']"
1816967442616234183,"['obesidad', 'práctica', 'diversidad', 'efecto']"
1816960429249212573,"['verguenza', 'historia', 'mugre', 'bichos', 'musulmanes', 'verguenza', 'recreacion', 'runfla', 'cena']"
1816944264250634530,"['años', 'fracaso', 'frustración', 'años', 'decadencia', 'meses', 'kg', 'meses']"
1816943044257538094,"['obesidad', 'enfermedad', 'niveles', 'genéticos']"
1816942863995011572,"['cuenta', 'chica', 'centro', 'niña', 'publicidades', 'productos', 'azucares', 'grasas', 'final', 'gordura', 'gente', 'enfermedad']"
1816941505501888823,['obesidad']
1816928971352662316,"['anormalidades', 'agenda', 'multiculturalismo', 'diversidad', 'obesidad']"
1816904380370637120,"['descendencia', 'apellido', 'rasgos', 'color', 'piel', 'tendencia', 'obesidad', 'genotipo']"
1816901540566741007,"['triglicéridos', 'envidia']"
1816891677438586960,"['forma', 'sobrepeso', 'punto']"
1816890832449917385,"['sobrepeso', 'kilos', 'obesidad', 'punto', 'vida', 'sudor', 'ropa', 'talla', 'problemas']"
1816889303185662434,"['sobrepeso', 'vacunas']"
1816881975988490682,"['humor', 'personas', 'sobrepeso', 'video', 'yarara']"
1816881566594855415,"['misterio', 'bulling']"
1816865740420772095,[]
1816832309158416492,"['sobrepeso', 'calzones', 'chocolatada', 'kids', 'rato', 'celular']"
1816831287337853023,"['alimento', 'personas', 'asesinato', 'justicia']"
1816830131874242875,"['iesste', ' ', 'hospital', ' ', 'charla', 'prevención', 'manejo', 'patologías', 'diabetes', 'hipotiroidismo', 'obesidad', 'bailoterapia', 'presentación', 'platos', ' ', 'ensalada|']"
1816820133014163510,"['hecho', 'satisfacción', '\n', 'cabeza', 'sobrepeso', 'torta']"
1816816422103785580,"['nivel', 'grasa', 'cuerpo', 'droga', 'obesidad', 'factor', 'riesgo', 'obesidad']"
1816797872555188652,['ratas']
1816704464486547627,"['coca', 'heladera', 'escondías']"
1816699025657155631,"['cobra', 'dismorfia', 'fotos', 'highlights', 'messi']"
1816694809823739955,"['grasa', 'adoptador', 'focas', 'lacra', 'hijo', 'pu', 'tta', 'ccra']"
1816687122817941816,['ganas']
1816661469385097590,"['papelón', 'bajas', 'COVID', 'jugador', 'sobrepeso', 'retiro', 'gol', 'visitante', 'empate', 'vuelta']"
1816599791511744787,"['noticia', 'german', 'alemán', 'sobrepeso', 'bokeh']"
1816585507415163130,[]
1816571821812072601,"['ignorancia', 'cara', 'payaso', 'futbol', 'guatemala', 'vez', 'tipo', 'veces', 'lastima']"
1816567982258290848,"['servicios', 'eeuu', 'caso', 'niña', 'mundo', 'madre']"
1816566000512274526,"['propaganda', 'estado', 'resistencia', 'contingencia', 'ventajas', 'contra', 'monstruos', 'deficiencias', 'vez']"
1816546219348623506,"['marrón', 'bolita', 'cara', 'redes']"
1816532549784715662,"['chico', 'ciclista', 'redes', '1:70', 'kg', 'cuerpo', 'mujer', 'kg', 'sobrepeso', 'japon', 'mujeres', '1:60', 'kg']"
1816514964301218181,"['vrga', 'dibujo', 'sobrepeso', 'paso']"
1816510614719598900,['obesidad']
1816500605151568329,[]
1816489899828384018,"['asco', 'espejo']"
1816488431280869847,"['mamá', 'comida', '30', 'dulces', 'comida', 'familias', 'ancla']"
1816488058121842899,"['gente', 'hambre', 'obesidad', 'argentina', 'pobreza', 'carbohidratos', 'coso']"
1816478800533676121,"['riesgo', 'problemas', 'accidentes', 'adultos', 'sobrepeso', 'hashtag', 'salud', 'hashtag', 'cardiopatías', 'negocios']"
1816477319017402480,"['feriante', 'mantecol', 'leche', 'gordura', 'asesino']"
1816473875015741860,"['sobrepeso', 'margen', 'obesidad', 'kilos', 'golpe', 'dieta', 'resto']"
1816457540957351940,"['comida', 'problemas', 'obesidad']"
1816446715794178090,"['9', 'vida', 'peso', 'nene', 'pie']"
1816443937050984746,"['obesidad', '\xa0\xa0', 'revisión', '\n\n ', '|']"
1816329335424389384,"['pasado', 'comida']"
1816321669331337591,['sobrepeso']
1816308737595838737,"['dolor', 'fútbol', 'hijos', 'pelota', 'panza', 'partido']"
1816292712301072635,['ojo']
1816291880717443426,"['visualizaciones', 'mexicanos', 'futbol', 'pantalla']"
1816289278378353087,"['CD', 'DT', 'cagadas', 'jugador', 'sobrepeso', 'm.', 'invento', '9', '9', 'lugar']"
1816282580334870631,"['BOA', 'CONSTRICTORA', 'SNAKE']"
1816279711116349945,"['exceso', 'gente', 'sobrepeso', 'lesbianas']"
1816262977193955575,['vez']
1816258546872262986,"['oración', 'manos', 'oración', 'emoji', 'ondas', 'hija', 'vesícula', 'urgencia', ' ', 'riesgo', 'obesidad', 'DIOS', 'BENDIGA', 'oración']"
1816251979209007258,"['anuncios', 'wtp', 'cama', 'compu', 'dios', 'morsa', 'cama', 'DIA', 'LLUVIA', 'hijos', 'puta']"
1816244066390036926,"['entidad', 'días']"
1816239012958580940,"['obesidad', 'base', 'masa', 'punto']"
1816212890619179309,"['muros', 'cuero', 'odio']"
1816208772588507622,"['camara', '40%']"
1816190928077603032,"['diferencia', 'obesidad', 'parte', 'vida', 'forma', 'conjeturas', 'par', 'fotos']"
1816189023699992688,"['simio', 'puto']"
1816168571262681117,"['sobrepeso', 'pretemporada', 'gallego', '20']"
1816158394354393479,"['vida', 'delegación', 'aberración', 'parte', 'papelon']"
1816157050759418314,"['estado', 'asco']"
1816149071553351761,"['tipo', 'idea', 'obesidad', 'enfermedad', 'peso', 'idioma', 'metabolismos']"
1816140333798842674,"['chile', 'país', 'desarrollo', 'izquierda', 'televisión', 'orda', ' ', 'voz', 'gatitas', 'extensiones']"
1816133547586941312,"['rugby', 'vez', 'años', 'rugby', 'locura']"
1816112087061438772,"['peso', 'asfalto', 'ruta', 'culpa', 'sobrepeso', 'camiones']"
1816109162972987568,"['obesidad', 'enfermedad', 'gobierno']"
1819221116700811751,"['periodistas', 'trlos', 'monopolio', 'comunicación', 'pautas', 'redes', 'credibilidad', 'pauta', 'mercado']"
1819197613452689714,"['derechos', 'ministerio', 'mujer', 'persona', 'sobrepeso', 'puto', 'gente', 'planes', 'infierno']"
1819175203030565006,"['padrino', 'obesidad', 'persona', 'grado', 'autismo']"
1819171336750592045,"['mujer', 'bestialidad', 'señora', 'patriarcado', 'mujeres', 'maricones', 'tacones']"
1819169048338342275,"['momento', 'señora', 'dragqueens', 'juegos', 'disciplina', 'esfuerzo', 'deportista']"
1819155854102614282,"['gata', 'alimento']"
1819135396699131979,"['manía', 'propaganda', 'colores', 'arco', 'iris', 'pañales', 'tela', 'color', 'agenda', 'niño']"
1819131942358638839,"['épocas', 'sobrepeso']"
1819131083658875148,"['momento', 'gato', ' ', 'emoji', 'corazones', ' ', 'cara', 'ojos', 'corazón', 'emoji', ' ', 'emoji', 'corazón', 'emoji', ' ', 'corazones', 'emoji', ' ', 'emoji', 'gato']"
1819124052889686163,"['biologia', 'huevo', 'peleitas', 'progres', 'conservas']"
1819097968475361382,"['monumento', 'gordura']"
1819067187237355644,"['pedo', 'obesidad']"
1819066763969286584,"['mina', 'sobrepeso', 'twittero', 'cielo', 'milagro']"
1818753880056062145,"['gorda', 'kilos', 'maquillaje', 'canon', 'belleza', 'prostitutas', 'tuberculosis']"
1819065303357063196,"['kg', 'obesidad', 'tipo', 'tipo', 'kg', 'estudios', 'candidata', 'manga', 'dieta', 'semanas']"
1819061734037918064,"['años', 'ida', 'shit', 'foto', 'foto', 'hipotiroidismo', 'resistencia', 'insulina', 'diabetes', 'obesidad']"
1819060364765810705,"['momento', 'discursos', 'gente', 'obesidad', 'error', 'persona']"
1819056036462186582,"['foto', 'viaje', 'promo', 'gimnasio', 'foto', 'años', 'meses', 'diferencia', 'sobrepeso']"
1819053971547308422,"['años', 'sobrepeso', 'épocas', 'presión', 'métodos', 'triple']"
1819050561095803075,"['sobrepeso', 'moda', ""00's"", 'tiro', 'delgadez', 'emprendimientos', 'talle', 'hilos', 'cuerpos', 'BAILAR', 'girliee']"
1819040787520250158,"['gordura', 'argumento', 'principio', 'cara', 'risa', 'emoji', 'emoji', 'cara', 'risa', 'emoji', 'risa', 'emoji']"
1819039667183837314,"['video', 'culpa', 'sociedad', 'salames', 'obesidad', 'boludeces']"
1819027172620718272,"['gomina', 'estructura', 'equilibrio', 'ser', 'obesidad', 'hijo']"
1819017656697028761,"['casting', 'discriminación']"
1819014813403566166,"['advertencia', 'emoji', 'fauna', 'zorro', 'alimentación', 'parte', 'humanos', 'fauna', 'enfermedades', 'diabetes', 'mono', 'emoji', 'ataque', 'animales', 'perros', 'personas']"
1818988768356905202,[]
1818979888021274806,"['sobrepeso-obesidad', 'enfermedades', 'comida', 'porciones']"
1818846424458580025,"['abuela', 'obesidad', 'nervios']"
1818827174259929462,"['flor', 'm', 'dijiste', 'gorda', 'mierda', 'morir', 'juju', 'emoji', 'carta', 'amor', 'emoji', 'emoji', 'carta', 'amor', 'emoji', '\n', 'juju', 'emoji', 'carta', 'amor', 'emoji', '\n', 'juju', 'emoji', 'carta', 'amor', 'emoji', '\n', 'juju', 'emoji', 'carta', 'amor', 'emoji', 'eobesidad', 'juju', 'emoji', 'carta', 'amor', 'emoji', 'emoji', 'carta', 'amor', 'emoji', 'obesodad', 'tipo', '2', 'hipertension']"
1818824051592253673,['colombiano']
1818807650622071037,"['nirvana', 'mierda']"
1818802763960402014,"['foto', 'esto', 'birra', 'picada', 'hamburguesas', 'caseras', '\n ', 'emoji', 'emoji', 'emoji', 'lágrima', 'emoji', ' ', 'emoji', 'lágrima', 'emoji', ' ', 'emoji', 'lágrima', 'emoji', 'lágrima', ' ']"
1818802745777750291,"['camara', 'diputados', 'delito', 'menores']"
1818801924973432993,"['forradas', 'gente', 'obesidad', 'comentarios', 'ganas']"
1818353508045013259,['mierda']
1818789967734186409,"['coreógrafo', 'peso', 'panelista', 'fakes', 'notas', 'sobrepeso']"
1818788386250825825,[]
1818787074801021185,"['sirenita', 'antojo', 'sushi', 'gordura', 'estratosfera']"
1818777659436052572,"['tema', 'ejercicio', 'sobrepeso', 'paciencia']"
1818777307307557371,"['gente', 'problemas', 'metabolismo', 'caso', 'victimizo', 'sobrepeso', 'obesidad', 'chica', 'problemas', 'salud', 'esperanza', 'vida']"
1818775922897736031,"['estadísticas', 'bmi', 'veces', 'sinónimo', 'banda', 'atletas', 'deportistas', 'números', 'sobrepeso', 'personas', 'mundo']"
1818771649636057117,['grasa']
1818768350488748358,"['conceptos', 'chica', 'problema', 'bandera', 'obesidad', 'pelotudeces']"
1818761295446802555,"['economia', 'gordura']"
1818753500139892839,[]
1818751526040748440,"['hijo', 'puta', 'tapia']"
1818749683554304285,"['hamburguesas', 'ambiente', 'personas', 'vida', 'cuerpo', 'obesidad', 'enfermedad']"
1818746092458328140,"['obesidad', 'causas', 'persona', 'persona', 'peso', 'voluntad']"
1818737408793280790,"['ropa', 'ropa', 'trampera', 'ropa', 'medio', 'trola']"
1818736274192450032,"['dientes', 'mate', 'obesidad', 'estepa', 'zona', 'país']"
1818725745235312820,"['obesidad', 'anorexia', 'bulimia', 'enfermedades', 'tratamiento', 'decisión', 'enfermo', 'voluntad']"
1818725151103762551,"['grasa', 'dogor', 'roce', 'gordura', 'asco']"
1818720175933493395,"['elecciones', 'tes', 'fútbol']"
1818716864542801975,"['alegria', 'persona', 'patología', 'arterias', 'huesos']"
1818714877571023218,"['contrario', 'razón', 'falta', 'voluntad', 'obesos', 'cargo', 'sobrepeso', 'soluciones', 'comentario', 'intención']"
1818712295620411450,"['problema', 'cuerpo', 'factura', 'gordura', 'enfermedad', 'vida', 'par', 'años']"
1818710972019970357,"['escasez', 'obesidad', 'responsabilidad', 'medicamentos', 'peso', 'droga', 'tratamiento', 'diabéticos', 'enfermos']"
1818710285751816520,"['marplatense', 'inversion', 'enano', 'mierda', 'POLITICOS', 'PESO', 'INVERSION']"
1818705893178925255,"['gente', 'años', 'gordura', 'arrugas', 'cara', 'tía', 'arrugas', 'vez']"
1818705366735372571,['persona']
1818705049486311832,"['realidad', 'transtorno', 'chica', 'abandono', 'abuso', 'hambre', 'emocion']"
1818703237618237518,"['simulaciones', 'ejemplo', 'señor', 'obesidad', 'piso', 'cara', 'salsa', 'tomate']"
1818702513421291802,"['obesidad', 'punto', 'cara', 'confusión', 'emoji']"
1818699219076526510,"['obesidad', 'enfermedad']"
1818699107718119763,"['enfermedad', 'obesidad']"
1818693965517930558,"['piel', 'peso', 'piel', 'tiempo', 'piel', 'rigidez', 'piel', 'cirugía']"
1818692170150220263,"['normalización', 'obesidad', 'mensaje', 'marcas', 'tiempo', 'cientos', 'problemas', 'salud', 'farmacéuticas']"
1818689102830768550,"['dios', 'emoji', 'cara', 'lágrimas', 'emoji', 'mates', 'chisme', 'gorduras']"
1818684117820543396,[]
1818683871971754446,"['nutricionista', 'cuestión', 'peso', 'salud', 'gordura']"
1818678185262772332,"['gente', 'acuerdo', 'mujer', 'problema', 'físico', 'ENFERMEDAD']"
1818355978540396687,"['vez', 'mundo', 'boca', 'culpa', 'marcas', 'talles', 'talles', 'peso']"
1818675375326519701,"['chica', 'gordura', 'gente']"
1818668154035359984,"['sobrepeso', 'día', 'pelotudeces', 'aliento', 'cloaca']"
1818666445108031630,"['ERRORES', 'DESVÍOS', 'subproductos', 'disposiciones', 'motivaciones', 'cartesianismo', 'obesidad', 'ansiedad', 'sesgos', 'FALLOS', 'creencia']"
1818665866067669266,"['hipo', 'hipertiroidismo', 'hígado', 'modos', 'obesidad']"
1818662710201962796,"['peso', 'víctima', 'kilitos', 'sobrepeso', 'obesidad', 'enfermedad']"
1818659744724164688,"['cosa', 'gordura', 'obesidad', 'caso', 'día', 'vida', 'salud', 'asientos', 'bondi']"
1818659618005881304,"['depresión', 'problemas', 'entorno', 'falta', 'contención', 'consejo', 'exceso', 'ende', 'obesidad']"
1818655045719626082,"['discurso', 'víctima', 'problema', 'solución', 'sociedad', 'gente', 'comprensión', 'tonterías', 'obesidad', 'enfermedad']"
1818653290688581639,"['obesidad', 'personas', 'cuerpo', 'resultado', 'cosas', 'cuerpo', 'cuerpo', 'vida']"
1818469542462460024,"['chica', 'culpa', 'resultado', 'cosas']"
1818644808065335619,"['paja', 'mundo', 'porcentaje', 'chico', 'obesidad', 'ayuda', 'cambio']"
1818623817473740959,"['video', 'chica', 'sobrepeso', 'comentarios', 'gente', 'enfermedad', 'chica', 'gramo', 'preocupación', 'salud']"
1818616384261107981,"['problemas', 'salud', 'grado', 'obesidad', 'dios']"
1818615757078450204,"['obesidad', 'bienestar', 'peso', 'enfermedades']"
1818614867818873243,['gordura']
1818613568947814897,"['culpa', 'factura', 'gordura']"
1818601998603726851,"['años', 'memoria', 'año', 'ritmo', 'vez', 'cantidad', 'abdominales', 'lagartijas', 'tiempo', 'trote', 'cantidad', 'pesas', 'bolsillo', 'salud']"
1818598022529368575,[]
1818549217104744929,"['definición', 'sobrepeso']"
1818527116725473685,"['dieta', 'ropa', 'asientos', 'victima', 'habitos', 'años', 'tratamiento', 'sobrepeso', 'culpa']"
1818496015088902270,['tetas']
1818484633375224232,"['casos', 'tipo', 'obesidad', 'hábito', 'mano', 'TCA', 'mano', 'diagnóstico']"
1818479125679477223,"['obesidad', 'enfermedad']"
1818475138532131046,"['obesidad', 'peso', 'peso', 'obesidad', 'chica', 'obesidad']"
1818451283470077997,"['90%', 'bullying', 'secundario', 'hijos']"
1818449217653764202,"['gorda', 'peso', 'ropa', 'talla', 'empoderamiento', 'obesidad', 'arterias', 'grasa', 'harinas']"
1818447392951132591,"['TCA', 'modelo', 'trastorno', 'culpa', 'cultura', 'mujeres', 'superioridad']"
1818441386091581674,"['dedos', 'odio', 'terapia', 'cara', 'bostezo']"
1818445668681171329,[]
1818445296516366353,"['mayoría', 'sobrepeso', 'chica', 'kg']"
1818441839969460242,"['forras', 'adolescencia', 'hijos', 'only', 'mangos']"
1818436298832544203,['tipo']
1818435445975552144,[]
1818422589351440882,"['elección', 'enfermedad', 'obesidad']"
1818420635682381966,"['problemas', 'salud', 'sobrepeso', 'chiste']"
1818420616690598252,[]
1818409594332364952,"['novia', 'persona', 'mundo']"
1818401291556835700,['cuento']
1818401146555306004,['enfermedad']
1818391412460667258,"['aviones', 'asientos', 'vez', 'tamaño', 'asientos', 'muerte', 'obispo']"
1818390587097465035,['vez']
1818390319630536784,"['mamita', 'tasa', 'mortalidad', 'obesidad', 'emoji', 'cara', 'emoji', 'borde', 'dólares', 'deberías']"
1818389983322857948,"['oda', 'conformismo', 'veces', 'personas', 'peligro', 'vida', 'ejemplo', 'obesidad', 'enfermedades']"
1818389196337275233,"['obesidad', 'enfermedad']"
1818388765984858508,"['trauma', 'trauma', 'profesional', 'peso', 'problemas', 'obesidad', 'enfermedades']"
1818384384048730139,"['sobrepeso', 'problema', 'ENFERMEDAD', 'consecuencias', 'controles', 'psicologo']"
1818384173838864424,"['culpa', 'problemas', 'obesidad', 'problema']"
1818384169447329856,"['obesidad', 'anorexia', 'chica', 'ruleta', 'instante', 'peso']"
1818383416074637507,[]
1818380085470412828,"['seres', 'revolver', 'cabeza', 'obesidad', 'moda']"
1818377284392300677,"['video', 'vista', 'agresiones', 'ciudadana', 'final', 'video', 'individuo', 'franela', 'sobrepeso']"
1818373855070523651,"['obesidad', 'enfermedad', 'traumas', 'gente', 'mayoría', 'depresiones', 'soretes', 'hermano']"
1818371562065871079,"['enfermedad', 'gym']"
1818370469890081029,"['obesidad', 'enfermedad', 'mayoría', 'casos', 'trauma', 'derecho', 'personas']"
1818366497947025884,"['gente', 'stock', 'talle']"
1818365609031213205,"['Dios', 'ganas', 'carbohidrato', 'invierno']"
1818365264721051729,"['robots', 'tetas', 'robots', 'fetiche', 'gordura', 'fetiche', 'fanfic', 'fetiches', 'pies', 'robots', 'dedos']"
1818359313913856442,"['primeras', 'obesidad', 'realidad', 'ENFERMEDAD']"
1818332470405632328,"['pizza', 'pizza', 'años', 'gordura']"
1818311662232801297,"['tipo', 'topo', 'kilos', 'sobrepeso']"
1818309274189062396,"['caso', 'gordura', 'síntoma', 'ayuda', 'profesional', 'vida', 'sociedad']"
1818302217557848453,"['extremo', 'anorexia', 'obesidad']"
1818241560800051648,"['errores', 'gordo', 'dirigencia', 'arqueros', 'paquetes', 'sobrepeso', 'vuelta', 'arquero', 'central', '1ra']"
1818223641739297203,"['perro', 'calle', 'papá', 'realidad', 'perra']"
1818213615310180831,"['problema', 'traumas', 'psicóloga', 'psiquiatra', 'médicos', 'ipo', 'hipotiroidismo', 'ovarios', 'cosas', 'talles']"
1818147974884561406,"['comentarios', 'manera', 'likes', 'mundo', 'emoji']"
1818105701639553155,['SOBREPESO']
1818105391143620758,"['kilos', 'block', 'casa', 'felicidad', 'gordura']"
1818104863722500417,"['calendario', ' ', 'proyector', 'cine', 'hs', 'microscopio', '\n', 'transcriptoma', 'macrófagos', 'tejido', 'obeso', 'estrategia', 'riesgo', 'docente', 'hombre', 'tono', 'piel', 'Prof.', '\n\n']"
1818094891097862619,"['anciano', 'paralisis', 'piernas', 'tipo', 'hombres', 'osos', 'gordofobia']"
1818087889009336423,"['asco', 'año', 'travestis', 'gusto', 'gente', 'show', 'esclavistas', 'mierda']"
1818084925188317592,"['supuesto', 'gente', 'sobrepeso', 'pantalones', 'brazos', 'lolas', 'top']"
1818067110842745117,"['anoxeria', 'foto', 'emoji', 'cara', 'payaso', 'emoji', ' ', 'emoji', 'cara', 'payaso', 'emoji', 'mortal', ' ', 'emoji', 'cara', 'lágrima', 'emoji']"
1818058687866352017,"['TRENESDELANTEROS', 'POZOS', 'LADOS', 'RUTAS', 'TIPO', 'MAR', 'CAMIONES', 'SOBREPESO', 'BSKANZSS', 'PATENTES', 'PLATA', 'IMPUESTO', 'IMPUESTO']"
1818051650130780351,"['18', 'pelo', 'estadio', 'pelo', 'contextura', 'imitador', 'wolverine', 'sobrepeso']"
1818035348854984793,['discapacidad']
1818030904406851804,"['hecho', 'humillación', 'che', 'percepción']"
1818025737208942643,[]
1818018150929363132,"['veedor', 'punta', 'pija', 'veedor', 'combinación']"
1818008970851738075,['gente']
1817994934974083517,"['mujeres', 'sobrepeso', 'MUJERES', 'interacciones', 'video', 'amor', 'personas']"
1817991078194130958,"['emoji', 'luces', 'policía', 'emoji', '  ', 'errores', 'composición', 'medicamentos', ' \n\n', 'errores', 'versiones', 'medicamentos', 'pérdida', 'peso', 'diabetes', 'hashtag', 'salud', 'hashtag', 'obesidad', 'hashtag', 'negocios', 'hashtag', 'diabetes']"
1817976063479205910,[]
1817972500653031433,"['respeto', 'gente', 'insulto', 'pedazo']"
1817964624257613967,"['veces', 'gato', 'mundo']"
1817964151219925337,"['harina', 'trigo', 'grasas', 'kuka']"
1817961566853013865,"['loko', 'pito']"
1817958407162499563,[]
1817956647714935252,['palos']
1817951627648655534,"['mujer', 'obesas', 'ejemplo', 'señora']"
1817947810655862851,"['kukardo', 'mierda', 'paises']"
1817946894737265036,"['peso', 'doc', 'obesidad']"
1817945082789589168,"['fecha', 'prueba', 'dia', 'clases', 'pedazo', 'gorda']"
1817942374338732202,"['ecuanimidad', 'puesta', 'escena', 'desequilibrio', 'discapacidad.una', 'pena', 'material', 'alcance', 'verdad']"
1817934048129425898,[]
1817925261805203946,"['ring', 'pueblo']"
1817920388086550840,['kg']
1817918911385342098,"['obesidad', 'enfermedad', 'tratamiento', 'bulimia', 'anorexia', 'tratamiento', 'bulimia', 'anorexia', 'obesidad']"
1817914448645861382,"['glow', 'up', 'morbida', 'mierda', 'mierda']"
1817911872433111423,"['fat', 'acceptance', 'movement', 'estragos', 'miles', 'jóvenes', 'obesidad', 'ENFERMEDAD']"
1817903263758324034,"['obesidad', 'salud', 'acción', 'salida']"
1817901682270917100,"['gente', 'peso', 'confianza', 'final', 'gente', 'peso', 'kilos', 'pedo']"
1817900382384697539,"['vida', 'deudas', 'ira', 'crisis', 'gordura', 'psiquiatría', 'cerebro']"
1817898981973729738,"['condición', 'característica', 'persona', 'aceptación', 'gordura', 'parte', 'problema']"
1820819706774708423,"['trumpista', 'imágen', 'tema', 'frases', 'cuenta', 'días', 'gobierno', 'cuenta']"
1820786447906934973,[]
1820783486313046051,"['estrategia', 'riesgo', 'metabólico', 'obesidad', 'globo', 'meridianos', 'charla', 'canal', ' ', 'emoji', '\n\n\n ', 'emoji', 'manos', 'corazón', 'emoji', 'emoji', 'corazón', 'calendario', 'emoji', 'lunes']"
1820662666689384928,['vida']
1820638148835016721,"['cantidad', 'mate', 'Dios', 'emoji', 'cara', 'grogui', 'emoji', ' ', 'emoji', 'cara']"
1820616741338108244,[]
1820603090023682471,"['10', 'casas', 'casas', 'chapa', 'gobiernos', 'niños', 'peronismo', '10', 'emoji', 'cara', 'ojos']"
1820588344713130186,"['perra', 'señora', 'bebe']"
1820582419835359676,"['gordura', 'hinchazón']"
1820575945755140603,['obesidad']
1820558311910977567,"['clase', 'personal', 'trainer', 'progenitor', 'años', 'sobrepeso', 'cambio', 'tiktok', 'canje', 'adidas']"
1820548378201137208,[]
1820543507159015740,"['negri', 'tema', 'gordura', 'ex', 'dale', 'mamá']"
1820539484381003892,['hora']
1820538220289102234,"['kukas', 'amigo']"
1820529979161190752,['devoxero']
1820529548209057819,['CUERPO']
1819784851064521016,"['moda', 'pantalones', 'coritos', 'kg', 'mina', 'foto', 'cuerpo', 'color', 'chispas']"
1820521987367993645,"['vez', 'emoji', 'emoji', 'evidencias', 'FCR', 'conocidos', ' ', 'emoji', 'cerebro', 'emoji', ' ', 'emoji', 'flecha', 'educación', 'audición', 'HTA', 'tabaquismo', 'obesidad', 'depresión', 'inactividad', ' ', 'emoji', 'persona', 'emoji', 'alcohol', 'lesión', 'cerebral', 'contaminación', 'aire', 'aislamiento', 'emoji', 'botón', 'emoji', 'pérdida', 'visión', 'ojos', 'emoji', 'flecha']"
1820517253349273953,"['gente', 'influencia', 'chicos', 'nico', 'años']"
1820498070469238990,"['olimpiadas', 'loma', 'chica', 'sobrepeso', 'alienígena']"
1820493133404406147,['nenas']
1820487031375753392,[]
1820472298589356332,"['mezcla', 'color', 'cara', 'ogro', 'obesidad']"
1820459408746275049,"['meses', 'calle', 'perro', 'años']"
1820434168238530813,"['cosa', 'obesidad', 'problemas', 'salud', 'pena']"
1820375672784650675,"['cavenaghi', 'sobrepeso', 'modos', 'muñeco', 'campeones', 'clases', 'baile', 'mexicanos', 'jugadores']"
1820322918120735073,"['cosas', 'diferencia', 'culo', 'silla', 'pantalla', 'twitter', 'mierda', 'baño', 'chimpance', 'pija']"
1820317214630711430,"['mente', 'dia']"
1820311880885244016,"['foto', 'granoso', 'obesidad']"
1820287438977122339,"['kilos', 'obesidad', 'enfermedad']"
1820287165328200052,"['cara', 'grogui', 'emoji', ' ', 'emoji', 'risa', 'emoji']"
1820273938426925366,"['rato', 'YO', 'alianza', 'elecciones', 'votos']"
1820272740051394767,['fondo']
1820251626461966448,"['cositas', 'vida', 'refuerzo', 'RITIS', 'posibilidad', 'titularidad', 'ritmo']"
1820231561255751866,"['don', 'satur']"
1820221873856053306,"['paraísos', 'igualdad', 'adictos']"
1820204626974490945,"['batalla', 'obesidad', 'vida', 'veces']"
1820185408803647561,"['gonorrea', 'mierda', 'piernas']"
1820151159396483093,"['imaginación', 'obesidad']"
1820130001964220419,"['obesidad', 'enfermedad', 'cuerpo', 'nenita', '10', 'años']"
1820121971780362578,"['apertura', 'papa', 'pitufe', 'ensalada', 'frutas', 'mesias', 'estomago', 'juegos', 'olimpicos']"
1820119618117075438,"['años', 'lugar', 'dentista', 'capa', 'país', 'ciudad', 'guerra', 'automóvil', 'políticos', 'chofer', 'multas']"
1820113678747804108,"['asientos', 'tamaño', 'standard', 'sociedad', 'cuerpos', 'sobrepeso']"
1820113331555807639,"['persona', 'hamburguesas', 'doble']"
1820101928912630076,"['helado', 'esqueleto', 'meretriz', 'cómplices', 'desastre']"
1820097109108081117,"['salvador', 'genocidio', 'gente', 'gente', 'explicacion', 'mierda', 'fotos', 'cara', 'gonorrea']"
1820095823184556316,[]
1820092463610282078,"['chica', 'izquierda', 'niveles']"
1820091142223913236,"['injección', 'obesidad', '\n ', 'emoji', 'persona', 'hombros', 'tono', 'piel', 'medio', 'emoji']"
1820084727790911520,"['violencia', 'género', 'comienzos', '2000', 'gente', 'sobrepeso']"
1820084661948665985,"['aviones', 'transporte', 'plazas', 'personas', 'obesidad', 'asientos', 'caso', 'plaza']"
1820010447065501773,"['condiciones', 'SOP', 'idola', 'boxeadora', 'sobrepeso', 'resistencia', 'insulina', 'consejo']"
1820004792120254541,"['culpa', 'sobrepeso', 'límites', 'burradas']"
1819959914627752081,"['flequillo', 'kuka', 'manual', ' ', 'emoji', 'libros', 'emoji']"
1819950394664952180,"['primaria', 'ojos', ' ', 'tono', 'piel']"
1819913530432184665,"['versión', '2020', 'hermitanio', 'sobrepeso', ' ', 'puerta']"
1819903197676265604,"['aviones', 'tickets', 'comodidades', 'baño']"
1819889245806608392,"['sobrepeso', 'trabajo', 'musculación', 'líquido', 'mes', 'vez', 'gente', 'sobrepeso', 'problemas', 'microbiota']"
1819882820409479251,[]
1819882795550003520,['pelota']
1819855922635723108,['sobrepeso']
1819826703448838297,"['condena', 'comentario', 'asientos', 'estructuras', 'sociedad', 'población', '30%', 'población', 'obesidad']"
1819822612580532427,"['asiento', 'medio', 'asientos', 'avión', 'duendes']"
1819820719666057298,"['persona', 'culpa', 'enfermedad']"
1819820184552554813,"['alfajores', 'borde', 'obesidad']"
1819814649350836642,[]
1819795142297165923,"['persona', 'culpa']"
1819787117049872616,"['espacio', 'peso']"
1819786596419252401,"['cagón', 'camillero', 'ataque', 'mulo', 'cagón']"
1819785114513187306,"['cagón', 'camillero', 'ataque', 'cagón']"
1819780034367766552,"['camillero', 'fanboy', 'tarado']"
1819773096628265384,"['carnet', 'obesidad']"
1819771249284763990,"['gente', 'impuestos']"
1819738498217251251,"['persona', 'asientos', 'transporte', 'boletos']"
1819766076261183520,"['plata', 'físico', 'navidad', 'rodillas', 'obesidad', 'calvicie', 'fatiga', 'persona', 'años', 'tristeza']"
1819761310046794033,"['hombres', 'mujeres', 'persona', 'enfermedad', 'obesidad']"
1819752240434880716,"['asientos', 'bondi', 'veces', 'gordura', 'enfermedad', 'dieta']"
1819739254374682720,['riesgo']
1819727418317279737,"['venezuela', 'dictadura', 'videos', 'venezolanos']"
1819712389303959910,"['beneficios', 'hashtag', 'lactancia', ' ', 'emoji', 'lactancia', 'materna', ' ', 'bebés', 'emoji', 'derecha', 'emoji', 'enfermedades', 'emoji', 'derecha', 'riesgo', 'tener', 'mordida', 'desalineada', 'emoji', 'flecha', 'derecha', 'riesgo', 'diabetes']"
1819711073638850710,"['generaciones', '\n', 'gordura', 'cuenta', 'cambio']"
1819663547359502419,"['obesidad', 'factor', 'riesgo', 'número', 'complicaciones', 'estudio', 'cohorte', 'síntesis', ' ', 'dorso', 'mano', 'índice', '  ', 'emoji', 'profesional', 'emoji', 'profesional', 'emoji']"
1819611250122248422,"['cosas', 'cara', 'travestí', 'kilos']"
1819568309840302491,"['gordura', 'panza', 'ozempic']"
1819548963382468884,"['cuadras', 'piernas']"
1819540388790538396,"['nivel', 'obesidad', 'cara', 'panza', '24X7', 'risa']"
1819498851235229748,[]
1819491096302338320,"['futbol', 'play', 'falta']"
1819481624884445557,"['bebe', 'comunica']"
1819472069643718776,[]
1819468147109646724,"['veces', 'ángulo', 'corchito', 'kg']"
1819463593752252730,"['arqueros', 'gatito', 'vergüenza', 'sobrepeso', 'egipcios', 'energía', 'ganas', 'nro', 'teléfono']"
1819450629414441119,"['fabricante', 'ropa', 'pais', 'prendas', 'MISA']"
1819441490793308588,"['veces', 'día', 'mexicanos', '%', 'obesidad', 'chatarra', 'platos', 'especias']"
1819431641309135266,"['cara', 'lágrima']"
1819407891859697767,"['emoji', 'cuaderno', 'notas', 'emoji', 'prevenir', 'sobrepeso', 'diabetes', 'tipo', 'leucemia', 'apego', 'vínculo', 'madre', 'hijo', 'salud', 'madres', 'riesgo', 'desarrollar', 'diabetes', 'tipo', 'cáncer', 'mama', 'cáncer', 'ovario']"
1819402603693736220,"['piña', 'puta', 'base', 'leche', 'pene', 'brasukas', 'madre', 'diario', 'cariño', 'obeso']"
1819398275839283629,[]
1819397301124903090,"['gordura', 'postura', 'vida']"
1819391963663073352,"['tío', 'ropa', 'amigazo']"
1819391925922701811,"['dios', 'argelina', 'oro', 'estado', 'camino', 'obesos']"
1819368160518136221,[]
1821898539703923027,"['códigos', 'bolsa', 'trigliceridos', 'taliban']"
1821866773777396018,"['duda', 'obesidad', 'prevención', 'manos']"
1821760104116428938,"['peluca', 'sobrepeso']"
1821754980702855315,[]
1821754528531702063,[]
1821731124957139260,"['gordito', 'sobrepeso', 'perfil']"
1821730874007736559,['polenta']
1821725369545761105,"['realidad', 'mujer']"
1821620525233565739,"['novios', 'culpa', 'casa', 'amigos', 'nicolas', 'dudas', 'culpa']"
1821724804212261112,"['multitap', 'vagos', 'colegio', 'obesidad', 'amigos', 'rockeritos', 'obesidad', 'amigos', 'tema', 'segundos']"
1821715265182220422,[]
1821711869184286923,"['años', 'problemas', 'obesidad', 'enfermedades', 'tw']"
1821704938168197215,"['Dios', 'trompadas', 'idiota']"
1821695203083714924,[]
1821692316416889062,"['platos', 'polenta']"
1821688758078419370,"['cuerpo', 'época', 'vacunas', 'hs', 'pantallas', 'población', 'sobrepeso', 'diabetes', 'hipertensión', 'culpa', 'gripes', 'cara', 'payaso']"
1821675754800701745,"['michis', 'comidita', ' ', 'emoji', 'cara', 'emoji', ' ', 'colmo']"
1821658161230835858,"['sistema', 'salud', 'años', 'urgencia', 'clinica', 'hipertension', 'hipercolesterolemia', 'diabetes', 'obesidad']"
1821654741358674003,"['persona', 'docente', 'idea', 'daño', 'uso', 'pantallas', 'niños', 'aumento', 'incidencia', 'TDAH', 'TEA', 'alternaciones', 'sueño', 'sobrepeso', 'obesidad', 'secuelas', 'educación', 'respeto', 'clase', 'aprendizaje', 'forma', 'título', 'burrada', 'tuit']"
1821651073993732448,[]
1821636170088116402,"['olimpiadas', 'salto', 'garrocha', 'obesidad', 'vez', 'récord', 'metros']"
1821352003768869180,"['juegos', 'impresión', 'atletismo', 'competición', 'cuasidesfile', 'modelos', 'martillo']"
1821609597016404011,"['estado', 'gobiernos', 'turno', 'circunstancias', 'ego', 'gordura', 'parte', 'tribunas', 'veces']"
1821605804325400689,"['mentes', 'capilla', 'señor']"
1821602379533299929,"['cara', 'autoridad', 'rebelión', 'nerds', 'vez', 'ejército', 'colegio']"
1821583795394662459,"['milanesas', 'platos', 'fideos', 'mediodía', 'noche']"
1821569871622332759,"['tema', 'consumo', 'alimentos']"
1821569154995896797,"['asco!,dejando', 'lado', 'tipo', 'pudor', 'asco', 'obesidad', 'víctimas']"
1821552844400468103,"['montón', 'falopa', 'calorías']"
1821531676679311508,"['forma', 'obesidad', 'alimentos', 'kcal', 'presentación', 'leche', 'grasa']"
1821525320693862758,"['parte', 'sobrepeso', 'panadería', 'parada', 'bondi', 'secundaria', 'perfume', 'harina']"
1821400756953428461,"['mente', 'bola', 'niños']"
1821391389839577528,"['compu', 'sobrepeso']"
1821380004497764802,"[' ', 'emoji', 'emoji', ' ', 'emoji']"
1821360955332174023,[]
1821350287157928100,"['foto', 'combinación']"
1821349880528281939,"['vez', 'barditos', 'gym']"
1821325598083387506,"['emoji', 'cara', 'ojos', 'emoji', ' ', 'veron', 'convocatoria', 'obesidad', 'casas', 'chicos', 'historias', 'hashtag', 'cuestiondepeso']"
1821322307144470909,['obesas']
1821304229421621437,"['obesidad', 'alcoholismo', 'infidelidad', 'esposas']"
1821290039801946352,['ganas']
1821288672756417019,"['asco', 'mierda', 'ancho', 'puerta', 'madre', 'compras', 'cacho', 'carne', 'vida']"
1821288286436127099,"['día', 'cosas', 'maldad', 'vecino', 'portero', 'lado', 'mierda', 'dólares', 'asco']"
1821265614008389702,"['habitación', 'pedo', 'juego']"
1821264463271698613,"['personas', 'obesidad', 'estado', 'postración', 'historia', 'mail', 'url', 'hashtag', 'cuestiondepeso']"
1821256337478574117,"['persona', 'pesar', 'obesidad', ' ', 'emoji', 'persona', 'voltereta', 'emoji', 'cuestiondepeso']"
1821238856479392068,"['amenzas', 'gentes', 'caso', 'protección', 'sras', 'gordura']"
1821238442765750500,"['asco', 'obesidad', 'ALFAJORES']"
1821233767689920722,['nazis']
1821228340734521637,"['problemas', 'rodilla', 'espalda', 'corazón', 'colesterol', 'diabetes', 'obesidad', 'problema', 'salud', 'emoji', 'cara', 'grogui', 'emoji']"
1821220193885897094,"['sobrepeso', 'encuesta', 'estilo']"
1821218235376882142,"['política', 'culpables', 'cristales', 'gordura', 'sobres', 'juzgador', 'sistema', 'finanzas', 'mercancías']"
1821205425867333943,"['monos', 'otaco', 'gonorrea', 'virgo', 'orto']"
1821203932409954548,"['país', 'final', 'amigo', 'país', 'paso', 'país', 'mundo', 'obesidad', 'consejo']"
1821199196457665011,"['emoji', 'cuchillo', 'tenedor', 'plato', ' ', 'SALUD', 'nutrición', 'sobrepeso', 'Cc']"
1821189803427172395,"['garcia', 'vez', 'cambio', 'dia', 'milf']"
1821171261608730921,"['cuenta', 'gente', 'mujeres', 'hombres', 'peluca', 'pasarelas', 'bolsillo']"
1821129580842750186,"['persona', 'hiperobesidad', 'obesidad', 'asistencia', 'centro', 'salud']"
1821062311970267155,"['condenas', 'INADI', 'cierre', 'cosas', 'tiempo', '2006', 'política', 'años', 'seat', 'cabotaje', 'personas']"
1821004754501120200,"['cuerpo', 'comida', 'cara']"
1820984345630310593,"['costo', 'pibe', 'defensa', 'sobrepeso', 'motivo', 'estadísticas']"
1820983043064049973,"['personas', 'compu', 'obesidad', 'irrelevancia', 'inacción']"
1820976048286150701,"['suplementos', 'hija', 'países', 'país', 'problemas', 'tasa', 'obesidad', 'palabras']"
1820975794480431279,"['actividad', 'pilares', 'estilo', 'vida', 'OMS', '80%', 'adolescentes', 'adultos', 'ejercicio', 'tasa', 'obesidad', 'vez']"
1820947556329034097,"['gordura', 'orden']"
1820939287463858312,['foto']
1820917043513655308,"['tapones', 'punta', 'persona', 'obesidad', 'enfermedad', 'mina', 'pija', 'hermano']"
1820909463290679675,"['varón', 'cabezón', 'bobi']"
1820909236928573789,[]
1820870896527016349,[]
1820860550592741583,"['inversiones', 'emoji', 'gafas', 'sol', 'emoji']"
1820858431806505280,"['médica', 'obesidad', 'salud', 'ejemplo']"
1820851410864652377,"['mente', 'kukas', 'agenda', '2030', 'spoiler', 'libertario']"
1824050217206890704,"['gente', 'hábitos', 'cardio', 'pesas', 'estilo', 'vida', 'alimentación']"
1824018467281949048,"['estudios', 'país', 'obesidad', 'orto', 'tipo', 'barbaries', 'daño', 'organismo', 'químicos', 'salchicha', 'plástico']"
1823917009135919259,"['análisis', 'modo', 'derecha', 'chingada']"
1823906271696769323,"['reina', 'lágrima']"
1823891445033431142,[]
1823890064117531102,['obesos']
1823878954719060167,['cripto']
1823864184515518727,"['tipo', 'cambio', 'pantalón', 'obesidad']"
1823853443527926152,['policia']
1823837167418048531,"['refuerzos', 'madre', 'kgs', 'sobrepeso', 'pretemporada', 'figura', 'equipo']"
1823832445940359232,"['cuestion', 'peso', ' ', 'emoji', 'campana', 'emoji', 'persona', 'hiperobesidad', 'obesidad', 'asistencia', 'centro', 'salud', 'url']"
1823825818956742997,"['diálogo', 'niño', 'niño', 'funciones', 'dificultades', 'enfermedades', 'cambios', 'patología', 'sobrepeso']"
1823811585162535224,"['deportista', 'plasta', 'creador', 'colectivos', 'cara', 'lado']"
1823807155520331815,"['pibes', 'fútbol', 'sobrepeso', '\n\n']"
1823800688171958633,"['fandomo', 'ninños', 'hombres', 'obesidad', 'nopor']"
1823797411367805195,"['vuelta', 'compa', 'laburo', 'gente', 'clienta', 'gloria', 'madagascar']"
1823773278051426751,[]
1823767681352302721,"['obesos', 'sida', 'conurbano', 'ratio', 'twitter']"
1823763394928996678,"['kilos', 'mayoría', 'tiempo', 'bicicletas', 'sesiones', 'suerte', 'cocina']"
1823762450304413830,"['tw', 'obesidad', 'neuronas', 'pitó', 'chico']"
1823760181819273422,"['municiones', 'cambio', 'cabras', 'malnutrición', 'coreanos', 'salud', 'líder', 'obesidad']"
1823758465640358053,"['obesidad', 'portador', 'hiv', 'ignorancia', 'púlpito', 'enfermedad', 'defecto']"
1823753639196025088,"['yankeelandia', '70%', 'población', 'cuello', 'culpa', 'dios', 'yankees', 'sucursal', 'comida']"
1823749209306157200,['cabida']
1823743472525857201,"['obesidad', 'crisis', 'salud', 'nivel', 'flecha', 'emoji', 'Nota', 'flecha', 'emoji']"
1823742460494839928,"['persona', 'obesidad', 'neuronas', 'sinapsis', 'momento', 'empatía', 'manera']"
1823742128050131136,"['molestia', 'personas', 'obesidad', 'cosas', 'personas', 'ansiedad', 'punto', 'vida']"
1823731725366910997,"['arbusto', 'futuro', 'liga', 'élite', 'fútbol', 'desperdizia', 'zu', 'carrera', 'emoji']"
1823729114010017899,['paso']
1823718423500841144,"['fans', 'sobrepeso', 'estupidez', 'coca', 'cola', 'desierto', 'cuenta', 'desierto', 'agua', 'mierda', 'coca', 'cola']"
1823717043696492905,"['cuestión', 'peso', 'ignorancia', 'estigmatizacion', 'obesidad', 'enfermedad', 'adicion', 'forros']"
1823696124013695014,"['obesidad', 'factores', 'riesgo', 'enfermedades', 'salud', 'niños', 'adolescentes', 'adultos', 'consejos', 'sobrepeso', 'obesidad']"
1823574886842880329,"['valores', 'inmoralidad', 'drogadicción', 'bufón', 'dictaduras', 'estafador', 'padre']"
1823552979993288814,"['fotos', 'videos', 'playa', '50/60', 'falla', 'vez', 'resto', 'estación', 'servicio', 'café', 'leche', 'medialunas', 'MIERDA']"
1823551653984829588,"['pettinato', ' ', 'perrita', 'comida', 'tarro', ' ', 'emoji', ' ', 'emoji', 'emoji', ' ', ' ', 'corazón']"
1823542674156052877,"['bondi', 'asiento', 'obesidad', 'hamburguesas', 'día', 'minutos', 'bidón', 'grasa', 'pija', 'bondiola']"
1823526931293163930,"['temita', 'espejos']"
1823524764373409854,"['cara', 'pelos', 'concha', ' ', 'emoji', 'risa', 'emoji', ' ', 'emoji', 'risa', 'emoji', ' ', 'emoji', 'risa', 'emoji']"
1823520559797346760,"['diabetes', 'crossfit']"
1823507141371568624,"['problemas', 'salud', 'personas', 'obesidad']"
1823497437446574476,[]
1823488699125969178,"['achaques', 'edad', 'alcohol', 'faso', 'sobrepeso']"
1823477458903138593,"['razón', 'mayoría']"
1823476870324924823,"['obesidad', 'enfermedad', 'parte', 'persona']"
1823462577126449656,"['niños', 'ayuno']"
1823460234959933467,"['alumna', 'años', 'palabra', 'besitos']"
1823446190949630039,"['obesidad', 'enfermedad', 'salud', 'cosa', 'cola', 'cara', 'beso']"
1823442393573810580,"['ropa', 'oso', 'espalda', 'condición', 'ropa', 'formato', 'talla', 'gente', 'obesidad', 'caso', 'tendencia', 'hombres', 'vez', 'ropa', 'supuesto', 'tendencias', 'siglo']"
1823437972546490518,"['hígado', 'obesidad', 'colesterol', 'triglicéridos']"
1823435350053732645,"['día', 'obesidad', 'enfermedad', 'elección']"
1823389156476645403,"['gordo', 'bondi', 'asiento', 'obesidad', 'hamburguesas', 'dia', 'minutos', 'bidon', 'grasa', 'pija']"
1823424524924412005,"['costa', 'perros', 'sobrepeso', 'carreras']"
1823418301151895981,"['gata', 'coca']"
1823413048562082101,"['cosas', 'persona', 'sobrepeso', 'acción', 'forma', 'futuro']"
1823411697761264008,"['teléfono', 'móvil', 'emoji', ' ', 'Fundación', 'tratamientos', 'sobrepeso', 'obesidad', 'tecnología', 'app', 'hábitos', 'salud', 'personas', 'enfermedades', 'hashtag', 'salud', 'tecnología', 'negocios']"
1823411340645474344,"['sobrepeso', 'motivación', 'salud']"
1823390482463899700,"['culo', 'silla', 'piernas', 'virgo', 'cuarta']"
1823386815837204876,['OBESIDAD']
1823385149574201622,"['obesidad', 'diferencia']"
1823384942484631660,"['palabras', 'salud', 'OBESIDAD']"
1823384752000287176,['OBESIDAD']
1823378551728390233,"['mierda', 'alma', 'verdad']"
1823372518570205509,"['empatía', 'OBESIDAD']"
1823369088124522943,"['OBESIDAD', 'atenuantes']"
1823366599140585934,"['sudor', ' ', 'anoréxica', 'verdad', 'cara', 'emoji', 'emoji', 'cara', 'risa']"
1823358746522943842,"['comida', 'mierda', 'colesterol', 'pibes', 'azúcar', 'mierda']"
1823353032463040631,['chistes']
1823352695844954432,"['obesidad', 'diabetes', '90%', 'poblacion', 'dientes', 'cheddar']"
1823347607252406677,"['salud', 'complejos', 'salud', 'forros']"
1823344785454682118,"['labor', 'periodística', 'años', 'palabras', 'elección', 'personas', 'discriminación', 'gordura', 'delgadez']"
1823237070728405168,"['decisión', 'pollo', 'carne', 'bebé', 'obesidad']"
1823229213974941995,"['remis', 'congourbanense', 'renault', '12', 'cuarenton', 'olor', 'culo', 'pais', 'culo', 'secundario']"
1823218788218667342,"['obesidad', 'veces', 'base', 'problema', 'glándulas', 'hipotiroidismo', 'ovarios', 'obesidad', 'problemas', 'salud', 'tiempo', 'tratamiento', 'conducta']"
1823183234080862523,"['derecho', 'club']"
1823181189663900126,"['gordura', 'kilos']"
1823152009974812801,"['mantenido', 'sobrepeso']"
1823148467394351494,"['chavon', 'obesidad', 'sociedad', 'pedo', 'patis', 'vida', 'día', 'día']"
1823126967324991865,"['CORREO', 'VTV', 'QUECROMPE', 'RUTAS', 'CAMIONES', 'SOBREPESO', 'BALANZAS', 'CANNON', 'AEROPUERTOS']"
1823113444154892438,"['país', 'spanglish', 'yankee', 'chicos', 'hinchas', 'obesidad', 'artista']"
1823112533474947336,"['gordura', 'reina', 'drama']"
1823101231016956317,[]
1823101173420916924,"['PUEROS', 'BURROS', 'INFLUENCER', 'DROGOS']"
1823088584251129954,"['dia', 'pedo', 'pena', 'voto', 'pinta', 'boleo', 'ogt']"
1823078460090138839,"['GENTE', 'SOBREPESO']"
1823066209853817090,"['años', 'amor', 'gordura', ' ', 'emoji', 'gato', 'ojos', 'corazón', 'emoji']"
1823059669629235572,"['peronistas', 'kichneristas', 'genes', 'delincuente']"
1823052895580729773,['adultos']
1823049651643138406,['bait']
1823041088103371151,['dieta']
1823023251880030345,"['camión', 'sobrepeso', 'rutas', 'evasión', 'controles', 'hashtag', 'provincia', 'seguridad', 'tranquilidad']"
1823018616645636554,"['metabolismo', 'kg', 'ensalada', 'kg', 'carne']"
1823014369308856701,['obesidad']
1823012772176703547,"['obesidad', 'expectativa', 'vida', 'enfermedad', 'estado', 'inflamación', 'grasa', 'órganos', 'tratamiento', 'cirugía', 'beneficios', 'plazo']"
1823002852119187568,"['desconcentración', 'gol', 'pelota']"
1822956274100707817,"['obesidad', 'consecuencia', 'enfermedades', 'causa', 'muerte', 'propuesta', 'salud', 'población', 'logos']"
1822816534223327526,"['estudio', 'procesado', 'adicción', 'obesidad', 'parte']"
1822779429245845625,"['gente', 'verduras']"
1822775854025335007,"['razón', 'psicópata', 'años', 'enfermedad', 'hijo', 'mi*rda', 'necesidad', 'cara', 'hereje', 'emoji', 'cara']"
1822759938709455086,['obesidad']
1822726969622135014,[]
1822706982811586812,"['enano', 'pito', 'dios', 'veces']"
1822705960072159397,"['aerolineas', 'kgs', 'sobrepeso', 'suerte', 'boulangers', 'paris']"
1822693596320895357,"['años', 'agonía', 'inútil', 'partido']"
1822669878630715729,"['gordura', 'negrada', 'dios']"
1822666432104063049,"['hospitales', 'fraude', 'ancianos', 'decrepitos', 'formas', 'resfrio', 'gente', 'habitos', 'vida', 'fumadores', 'jovenes', 'victimas', 'terrorismo']"
1822631946574287319,"['psicopolítica', 'izquierda', 'olvido', 'historia', 'hombre', 'manifestación', 'ataque', 'sobrepeso', 'problemas', 'diario', 'víctima', 'represión']"
1822624534706401743,"['personas', 'hecho', 'complicaciones', 'salud']"
1822506365551591911,"['liga', 'conference', 'league']"
1822463197519159709,"['obeso', 'bebidas', 'problema']"
1822430185460727951,"['cupo', 'indice', 'masa', 'termo', 'candidato']"
1822428523627266244,"['comida', 'comedores', 'fantasmas', 'ferias', 'pute', 'dibujito']"
1822413083735933055,"['consejo', 'hidratancion', 'gente', 'sobrepeso']"
1822412487956070871,"['like', 'sororas', 'empatía', 'mujeres']"
1822407374780678499,[]
1822402134823886943,"['teta', 'madre']"
1822374208816513531,"['pelotas', 'fortuna', 'plata', 'mes', 'embrollo', 'día']"
1822371591985967401,"['juegos', 'momento', 'g0rda', 'bolsa', 'pus', 'presentación', 'evento', 'envergadura']"
1822339403785670973,"['adicto', 'crack', 'aspecto', 'ropa', 'vagabundo', 'obesidad', 'habilidades', 'actividad', 'hijo', 'plata']"
1822337725363548175,[]
1822324959336644993,"['complejos', 'sobrepeso', 'anteojos', 'granos', 'mamá', 'años', 'tema']"
1822301975049900238,"['mensajes', 'parrafos', 'neurona', 'culo', 'silla', 'noticia', 'argentina', 'termotanque']"
1822296645591072854,"['veterinaria', 'perrito', 'emoji', 'cara']"
1822292806812971498,"['sobrepeso', 'cuenta']"
1822288263932952890,"['paja', 'ig', 'gato', 'final']"
1822145773800128763,"['perros', 'puta', 'cama']"
1822134290483646779,"['GORDURA', 'HINCHAZÓN', 'ASESINANA', 'LADRONA', 'PATRIA', 'GOBIERNO', 'MIERD', 'caca', 'ojos']"
1822122443537854707,['PESO']
1822106491274359184,"['posibilidad', 'años', 'derecha', 'pizzas', 'obesidad']"
1822085443124342950,['muelass']
1822084571573145674,"['cola', 'asiento', 'libervirgo', 'suerte', 'libervirgo']"
1822068296339886119,"['goce', 'p3', 'forma', 'gordura', 'juego', 'combate']"
1822027579601428520,"['diabetes', 'obesidad', 'cancer']"
1822024064028094904,"['excesos', 'CAUSA', 'sociedad', 'sobreconsumo', 'patologías', 'CONSECUENCIA', 'obesidad', 'respuesta', 'medio', 'ambiente']"
1822020994623795585,"['obesidad', 'anorexia']"
1822016694442676476,"['Dios', 'programa', 'gracia', 'gente', 'presión', 'peso']"
1821992173430305197,"['amor', 'Dios', 'grasa', 'vaca', 'carnean', 'años']"
1821976904817381772,"['ganas', 'entrega', 'semana', 'cliente', 'rompebolas', 'ventanas', 'gordura', 'fin', 'semana']"
1821973958264312295,"['PUTA', 'MADRE', 'chincheta']"
1821973839804563727,['sobrepeso']
1821969462935052398,"['gordura', 'nivel', 'delincuencia', 'ignorancia', 'mamotretos', 'pueblo']"
1821963636296003831,"['pasos', 'casa', 'yankis']"
1821951269784695034,"['burro', 'termotanque', 'canelones']"
1821930974696845375,"['derrota', 'obesos']"
1821927458351820887,"['gordura', 'poronga', 'final', 'hinchazón', 'culo', 'final']"
1821926126945468627,"['rosca', 'culeadas', 'partido']"
1821924605495280033,"['obesidad', 'mierda']"
1825560332699623799,"['cuerpo', 'estrías', 'arañitas', 'vida', 'mundo', 'estrías', 'tenés', 'gordura', 'emoji', ' ', 'emoji', 'emoji', ' ', 'emoji', 'cara']"
1825545776115888134,"['sobrepeso', 'arquero', 'capitán', 'partido', 'vuelta', 'octavos', 'altura', 'club']"
1825507417670438961,"['gatos', 'cuestion', ':3']"
1825503402190659706,[]
1825412630883737727,"['alerta', 'médico', 'sobrepeso', 'mochilas', 'escolares']"
1825356668315541784,[]
1825354540750700844,"['foto', 'mejores', 'ig', 'likes', 'minas', 'varones', 'sobrepeso']"
1825353412126351585,['semana']
1825349266170147193,"['general', 'sobrepeso', 'kilos', 'musculo', 'musculacion', 'grasa', 'musculatura', 'dieta', 'cardio', 'resultados']"
1825345716018934186,"['jijeadas', 'caniche', 'sobrepeso', 'emoji']"
1825334554535624862,"['cardio', 'cardio', 'musculacion', 'tiempo']"
1825326063989436745,"['pilcha', 'bolsa', 'peso', 'caso']"
1825323100830908588,"['partidos', 'años', 'audio', 'tiktok', 'cabeza', 'tacho', 'sobrepeso']"
1825311313150513284,"['vida', 'colesterol']"
1825294634626478526,[]
1825278335913431440,"['gato', 'cuadra', 'techo', 'mierda']"
1825235704030400641,"['mujeres', 'imagen', 'mamá']"
1825228205269135464,"['mundo', 'pandemia', 'sobrepeso', 'señor']"
1825221505539846507,"['obesidad', 'país', 'calorías', 'día', 'veces', 'carteles', 'obesidad', 'calle']"
1825190968582430818,['sobrepeso']
1825187055221043504,"['obesidad', 'respuesta', 'medio', 'ambiente', 'excesos', 'causa', 'sociedad', 'sobreconsumo', 'patologías', 'consecuencia', 'libro', ' ']"
1825169697760833945,"['señora', 'marulo', 'sombra', 'neurotransmisores', 'pavadas', 'ADN', 'odio']"
1825169601321119996,"['agenda', 'gordura', 'salud', 'empresas', 'consumo', 'alimentos', 'presente', 'remedios', 'futuro']"
1825050027783319598,"['obesidad', 'orto', 'harinas']"
1825045037316554813,['laburo']
1825002380544373038,"['amiguito', 'auto', 'critica', 'país', 'mierda', 'índice', 'pobreza', '40%', 'comparación', 'población', 'obesidad', 'niños', 'mexicanos', 'semana', 'argentinos', 'malvinas']"
1824992938306241011,"['autor', 'post', 'twitter', 'página']"
1824979127931187248,"['obesidad', 'enfermedad', 'diabetes', 'cura', 'cara']"
1824964649919353204,"['gato', 'veces']"
1824940190915555543,"['boca', 'de', 'esa', 'gordura', 'amor', 'preciosa', ' ', 'emoji', 'comida', ' ', 'comida', ' ', 'emoji']"
1824905474375889036,"['educación', 'fisica', 'gorda']"
1824899632935145829,['bolas']
1824895079439331467,['obesidad']
1824879109106766058,"['kg', 'lado', 'curl', 'bicep']"
1824869063383773440,"['cancha', 'sobrepeso', 'dientes']"
1824853008766603664,"['niños', 'pelotudez', 'litro', 'leche', 'gobierno', 'cuerpo', 'niños', 'país']"
1824845917272297767,"['pendeja', 'orto', 'hermana', 'semana', '\n', 'helado', 'obesidad', 'reina']"
1824840627072188652,"['fiscalía', 'fuga', 'presos', 'través', 'agujero', 'pared', 'casa', 'detenidos', 'boquete']"
1824840088301248673,"['proceso', 'el', '14', 'de', 'diciembre', 'kilos', 'sobrepeso', 'semana', 'meta', 'emoji', 'corazones', 'emoji', ' ', 'emoji', 'corazones', 'emoji', 'emoji', 'corazones', 'emoji']"
1824833158321168804,"['bofe', 'designio', 'kirchnerismo', 'cabeza', 'termo', 'torta', 'asco']"
1824827020682940694,"['ladrona', 'fondos', 'casa']"
1824820390973075730,"['tipos', 'vida', 'peso', 'jugador']"
1824802051936657637,"['curso', 'line', 'plataformas', 'contenido', 'profesor', 'imágenes', 'marketing', 'publcidades', 'gente']"
1824682097048486045,"['gatitos', 'OBESO', 'emoji', 'emoji', ' ']"
1824647206491525465,['sobrepeso']
1824641220330578288,['gordura']
1824635168314847695,"['hambre', 'monarca']"
1824621618582188433,['insulto']
1824621361324581037,"['pucha', 'sobrepeso', 'infancias']"
1824620726042742874,"['neumonóloga', 'apneas', 'problema', 'obesidad', 'causa', 'insomnio', 'mantenimiento', 'noche', 'sueño', 'neuro']"
1824615967038607715,[]
1824613323897262234,"['causas', 'fase', 'sueño', 'adolescentes', 'hora', 'sueño', 'adultos', 'obesidad', 'microdespertares', 'calidad', 'sueño', 'piernas']"
1824594924559368633,"['gente', 'percepción', 'gordura']"
1824584346595995669,"['concha', 'lora', 'pija', 'hija', 'putaaa']"
1824575272764707146,"['dan', 'alias', 'animal']"
1824525273863266638,['chorra']
1824499239193366946,"['twitter', 'gt', 'pago']"
1824490062425256175,"['persona', 'chistes', 'falta', 'respeto', 'sobrepeso']"
1824488737218129938,"['epidemia', 'obesidad']"
1824483782314873108,"['pelado', 'seña', 'dirección', 'CBU']"
1824476776203968558,"['precio', 'comida', 'sobrepeso']"
1824457603008573562,"['obeso', 'microclima', 'kukas']"
1824430330226356546,"['obesidad', 'programación']"
1824415944455651524,"['diabetes', 'papá', 'médico', 'consejos', 'actitud']"
1824401945458544856,"['nota', 'función', 'tratamiento', 'obesidad']"
1824328020858970161,"['peleas', 'gordofobia', 'morbida']"
1824326641717313989,"['morbo', 'momento', 'corazon', 'respirancion', 'obesidad']"
1824262721426088355,"['superchad', 'nada']"
1824227395001258069,[]
1824209025346539856,"['BOLA', 'MINAS', 'PROBLEMAS', 'OBESIDAD']"
1824204644073021943,['XXL']
1824199889963663643,"['cara', 'pedazo', 'banana', 'boludeces', 'carajo']"
1824188421343965248,"['mitad', 'chicos', 'adolescentes', 'obesidad', 'sobrepeso', 'mayoría', 'varones', 'estudio', 'profesionales', 'impactos', 'factores', 'estilo', 'vida', 'menores', 'ciudad']"
1824184083402068250,"['obesidad', 'educación', 'hábitos', 'puerta', 'trastornos']"
1824159791016550469,"['personas', 'obesidad']"
1824143081458823526,['mujeres']
1824143011405566214,"['artistas', 'concha', 'madre', 'tiempo', 'biombo', 'enano', 'tequila', 'pupo']"
1824139088770859265,['contrario']
1824118005644566934,"['hermano', 'oriundo', 'mujer', 'nivel', 'vida']"
1824116398789927312,"['tilde', 'pavadas', 'tucumano']"
1824090421569466438,"['mina', 'mundo', 'momento', 'foto', 'sketches']"
1824084823356416355,"['fondo', 'salud', 'depresión', 'obesidad', 'comorbilidades', 'vida', 'años', 'lucha', 'momento']"
1824084742100353368,"['medicamentos', '\n', 'hashtag', 'riesgo', 'hashtag', 'cardiovascular', 'hashtag', 'obesidad', '\n', 'hashtag', 'hábitos', '\n', 'hashtag', 'atencion', 'hashtag', 'medicina', '\n\n ', 'via']"
1824075229972279763,"['15', 'agosto', 'hashtag', 'diamundialdelarelajacion', 'vida', 'peligro', 'estresarse', 'enfermedades', 'salud', 'presión', 'problemas', 'obesidad', 'diabetes']"
1824071191155425341,"['mitad', 'chicos', 'adolescentes', 'obesidad', 'sobrepeso', 'mayoría', 'varones']"
1824065118231007611,"['obesidad', 'diabetes', 'tipo', 'causas', 'estrategias', 'desafíos', 'manejo', 'sobrepeso', 'obesidad', 'diabetes', 'tipo', '\n\n']"
1824057064143864216,[]
1824056863891107888,"['mujeres', 'pelo', 'vida']"
1826986593678205079,['sobrepeso']
1826966472595226724,"['bien', 'jubilados', 'comida', 'sobrepeso']"
1826960487784780010,"['monito', 'fruta']"
1826957504321871934,"['edad', 'sobrepeso', 'papa', 'edad', 'señoras']"
1826948892669210643,"['mujeres', 'obesidad', 'trauma']"
1826913741369160110,"['antimileísmo', 'EGO', 'APLAUDIDORES', 'CORTE', 'KASTA', 'FAMILIAR', 'GORDURA', 'DIA', 'CUENTA']"
1826911495407444081,"['dirigencia', 'capitan', 'bandera', 'tipo', 'sobrepeso']"
1826900644441059764,"['peso', 'desperdicio']"
1826830050731102616,"['morir', 'obesidad', 'risa']"
1826812378744258697,"['PATADAS', 'CABEZA', 'IDEAS', 'CULPA', 'DIRIGENCIA', 'MIERDA', 'PUTA', 'MIERDA']"
1826804795681935431,"['mujer', 'manicomio']"
1826804694104035499,"['kuka', 'foto']"
1826802320014999819,"['obesas', 'museum']"
1826801118082728112,"['gordo', 'equipo', 'gordura', 'ojos', 'equipo']"
1826789470646976942,"['minutos', 'paff', 'taquicardia']"
1826788621845987334,"['vivo', 'twitter', 'concha', 'madre']"
1826784478112731616,"['concha', 'puta', 'madre', 'hijo', 'puta']"
1826781180127055896,['obesidad']
1826773489602494489,"['problema', 'sobrepeso', 'déficit']"
1826759827579961543,"['niños', 'padres']"
1826754525149233657,"['escena', 'SATC', 'novio', 'CARRIE', 'PERRA', 'MOSQUITA', 'semana', 'temporada']"
1826750879879627201,"['drama', 'obesidad', 'america']"
1826750142772576744,"['maride', 'bolsas', 'carteras', 'shopping', 'horas', 'geisha', 'bar']"
1826748712707916185,"['fotos', 'caricaturas', 'morsa', 'obesidad', 'baño', 'fracasado', 'falta', 'comentarios', 'bautista']"
1826747097057820823,"['putaku', 'monas', 'anime', 'morsa', 'obesidad', 'papada', 'cara', 'putaku', 'mejimierda', 'dios', 'veces']"
1826746049886912534,"['ARCHIVO', 'PATA']"
1826743948997456085,"['emoji', 'triángulo', 'hilo', 'cuenta', 'incremento', 'enfermedades', 'obesidad', 'diabetes', 'enfermedad', 'cáncer', 'protección', 'propiedad', 'intelectual', 'área', 'inversiones', 'fin', 'investigaciones', 'desarrollo', 'fármacos', 'tratamientos', 'beneficio', 'salud', 'país']"
1826726912095650065,"['salas', 'espectáculos', 'asientos', 'personas', 'obesidad']"
1826713354813276673,[]
1826704005248286801,"['AIRES', 'emoji', 'asiento', 'transporte', 'emoji', ' ', 'salas', 'espectáculos', 'asientos', 'personas', 'obesidad']"
1826698463884837277,[]
1826695480874860993,"['30', 'años', 'día', 'twitter', 'fraca']"
1826687712931316076,"['programa', 'costumbre', 'emoji', 'emoji', ' ', 'emoji', 'serpiente', 'emoji']"
1826687678815109418,[]
1826684009155613075,"['enfermedad', 'obesidad', 'cuestiondepeso']"
1826670099954368553,['alimentación']
1826668918892585064,"['GORDURA', 'HINCHAZÓN', 'pavadas']"
1826664696851685423,"['sobrepeso', 'pelotudo', 'nacimiento', 'caso', 'boludo', 'foto']"
1826661600956481647,"['Dios', 'saxenda', 'obesidad', 'bestia']"
1826660602347225598,['gato']
1826636461569179685,"['camiseta', 'mistery', 'box', 'corner', 'store', 'joya', 'cuello', 'hecho', 'vida', 'cuellos', '2006']"
1826633726245412965,"['foto', 'meses']"
1826621508825088242,"['factor', 'elemento', 'conjunto', 'condiciones', 'efecto', 'elemento', 'sistema', 'CONTEXTO', 'expresión', 'factor', 'fenilcetonuria', 'disposición', 'ambiente']"
1826620017397694540,"['dirigentes', 'meses', 'gestión', 'tipo', 'credibilidad', 'récord', 'desgracia', 'tipo', 'arquero']"
1826705612706902122,"['alfajor', 'obesidad', ' ', 'emoji', 'nariz', 'cerdo', 'emoji']"
1826616954939150785,"['sueldos', 'realidad', 'acuerdo', 'ideología']"
1826603607384584363,"['problema', 'obesidad']"
1826481210849140862,"['hija', 'ramera', 'conducta', 'decisiones', 'impresión', 'carrera', 'política', 'peligro', 'errores', 'reputación']"
1826461482017849792,"['dientes', 'estado', 'barba', 'obesidad']"
1826419697413177609,"['tiago', 'ronpe', '99']"
1826417334103543903,"['arco', 'manco', 'obeso']"
1826373467698065412,[]
1826325644537471261,"['epidemia', 'obesidad', 'años']"
1826325514665287694,"['obesidad', 'abuela', 'cuestiondepeso']"
1826311265469563093,[]
1826305099591024673,"['obesos', 'PLP', 'n']"
1826276109555843140,"['locuras', 'obesidad', 'futuro']"
1826268672815481102,[]
1826260979698823488,"['jeans', 'exceso', 'tatuajes', 'dentadura', 'aliento', 'chances']"
1826257099778933151,"['emoji', 'altavoz', 'de', 'mano', 'emoji', ' ', 'emoji', 'banco', 'emoji', 'estadios', 'cines', 'teatros', 'butacas', 'personas', 'flecha', 'derecha', '\n', 'hashtag', 'obesidad']"
1826255470203715786,['obeso']
1826252527060255109,[]
1826249749491765681,"['montones', 'cara']"
1826248326997807358,"['emoji', 'cara', 'llorando', 'de', 'risa', 'emoji', ' ', 'emoji', 'risa', 'emoji', ' ', 'emoji', 'cara', 'llorando', 'de', 'risa', 'emoji', ' ', 'mido', 'm', 'lista', 'tengo', 'kilos', ' ', 'emoji', 'cara', 'llorando', 'de', 'risa', 'emoji', ' ', 'emoji', 'cara', 'de', 'risa', 'emoji', ' ', 'emoji', 'cara', 'de', 'risa', 'emoji', ' \n']"
1826245835677688096,"['CAMILLEGDO', 'OBESIDAD']"
1826235811597353121,[]
1826231135984361674,['idea']
1826133228295524430,['obesidad']
1826077384636084402,"['país', 'gente', 'sobrepeso', 'masa', 'muscular', 'TCA']"
1826070635501728222,"['amp', 'col', 'pacientes', 'incidencia', 'años', 'cáncer', 'consecuencia', 'obesidad', 'incidencia', 'tipo', 'cáncer', 'mortalidad', 'cáncer']"
1826064383094444393,"['gente', 'cachetes', 'niño']"
1825971959412257194,"['plata', 'dolares']"
1826058841747759388,[]
1826052642772234256,"['huevos', 'mierda']"
1826051591440597328,"['locura', 'sudamericana', 'partido', 'historia', 'minutos', 'colombiano', 'sobrepeso']"
1826001960300065134,"['chad', 'micah', 'año']"
1825995450773614881,"['SOCIALISMO', 'clu', 'homenaje', 'señor']"
1825985990051160506,['burro']
1825984872940257746,"['persona', 'psiquiatra', 'cuenta', 'progres', 'comentarios', 'gordura', 'mentira', 'verdad']"
1825981851938476415,"['casos', 'obesidad']"
1825975295444165040,['apellidos']
1825968284757336455,"['pedazo', 'lata']"
1825949933771395120,"['camiones', 'peaje', 'toneladas', 'sobrepeso']"
1825949759401767375,"['gord@usuario', 'perfil']"
1825946088647569519,['día']
1825921247303065705,"['ausencia', 'sexo', 'obesidad', 'sexo']"
1825921197281882252,"['día', 'novio']"
1825911161247728011,"['comprensión', 'lectora']"
1825882427656388721,"['sobrepeso', 'discapacidad']"
1825868778069983257,['adultos']
1825866457470673001,"['peso', 'obesidad']"
1825857087789740506,"['sobrepeso', 'obesidad', 'persona']"
1825780520384365053,"['camilla', 'fascista']"
1825745386033586178,[]
1825739221111365744,"['peso', 'orto', 'cara', 'cucatrap', 'postres']"
1825736243088388600,"['desinformación', 'mujer', 'obesidad', ' ', 'emoji', 'dedos', 'tono', 'piel', ' ', 'emoji', 'dedos', 'tono', 'piel', ' ', 'emoji', 'dedos', 'tono', 'piel', 'emoji']"
1825723936828510700,"['persona', 'problema', 'sobrepeso', 'pelotudez']"
1825712094827680172,"['asco', ' ', 'cara', 'náuseas']"
1825709775612485750,"['nene', 'problemitas', 'erre']"
1825693709230338529,['nombre']
1825689907492196705,"['odio', 'llanto', 'pasión', 'cloaca', 'cosa']"
1825693097394843923,"['aviso', 'sobrepeso', 'cantidad', 'grasa', 'piernas']"
1825689149749293271,['obesas']
1825685065122328771,"['minutos', 'compañeros']"
1825684572534677745,[]
1825678367691022762,"['obesidad', 'obesidad', 'problema', 'salud']"
1825653732618694853,"['tipo', 'sobrepeso', 'gramos', 'piedad', 'vaso', 'agua']"
1825648563172372940,"['ejercicio', 'gordura', 'cara', 'ojos', 'emoji']"
1825643993725805027,"['emoji', 'risa', 'emoji', 'emoji', 'risa', 'emoji', 'emoji', 'risa', 'emoji', 'escopetazos', 'paredes']"
1825638756160057594,['mabeles']
1825634436395970608,"['chila', 'bronca', 'arquerito']"
1825629886910005392,"['chad', 'obeso']"
1825603358679511219,['periodismo']
1825596514498167162,"['fantasmas', 'cuerpos', 'sobrepeso', '90%', 'cuentas', 'dni']"
1830576043830263985,"['teta', 'cuerno', 'orto', 'efecto', 'momento', 'obesidad', 'leche']"
1830576025874387109,"['causas', 'obesidad', 'gente', 'sobrepeso', 'caso', 'perdón', 'solución']"
1830576020040073389,"['punto', 'debate', 'obesidad', 'enfermedad', 'desencadenante', 'trastorno', 'médica', 'cosa', 'droga', 'tratamiento']"
1830576014272954736,"['droga', 'tratamiento', 'diabetes', 'tipo', '2', 'OBESIDAD', 'diabetes', 'obesidad', 'punto', 'debate', 'diabeticos']"
1830576002776416482,"['plan', 'mamá', 'opción', 'MÉDICO', 'farmacia', 'inyección', 'mamá', 'años', 'obesidad', 'expresión']"
1830571637944603077,[]
1830561909562564860,"['marca', 'cerveza', 'gente', 'culpa', 'alcoholismo', 'publicidades', 'gente', 'obesidad', 'hipertensión', 'ejemplo', 'pibes', 'padres', 'futbolista']"
1830471986083999770,"['idea', 'día', 'gordura', 'matona']"
1830454591936180250,"['ingredientes', 'agenda', 'política', 'cambio', 'climático', 'género', 'eutanasia', 'suicidio', 'drogas', 'degenerados', 'obesa', 'musulmana', 'lesbianas', 'bebé', 'morbo']"
1830452212562034750,"['complejos', 'gordura', 'cuerpo']"
1830431733176520734,"['chica', 'insuficiencia', 'consecuencia', 'obesidad']"
1830429114366329138,"['mamá', 'jubilación', 'pensión', 'papi', 'peso', 'obesidad', 'desarrollo', 'lógica', 'sentido', 'derredor']"
1830421982459900309,"['obesa', 'gimnasio', 'decisión', 'familia', 'amigos']"
1830389980042006821,"['cerebro', 'cielo', 'reina', 'años', 'sobrepeso']"
1830370007693312367,['COLOMBIANO']
1830344702677139886,['gordura']
1830340585967820850,"['formula', 'retraso', 'sobrepeso', 'virgen', 'años', 'padre']"
1830337326477643834,"['pito', 'lástima', 'pochola', 'descendencia', 'pena', 'mujeres', 'señora']"
1830327324673294601,"['obesidad', 'problema', 'ventaja']"
1830311005626200216,"['obeso', 'hambre', 'lechón']"
1830303673379110975,"['resistencia', 'insulina', 'hormona', 'montón', 'peso', 'problemas', 'tipo']"
1830301017323524273,"['consecuencias', 'kurt', 'cobein', 'sobrepeso']"
1830298735982629125,"['semaglutida', 'diabetes', 'obesidad']"
1830296769185694145,"['disciplina', 'parte', 'cuerpo', 'cuerpo', 'obesidad']"
1830292468564439162,"['foto', 'año', 'dios', 'banda', 'dios']"
1830278067513688198,['obesidad']
1830274676083314790,['orto']
1830264867858927848,"['ojos', 'factores', 'riesgo', 'estilo', 'vida', 'pacientes', '\n ', 'círculo', 'emoji', ' ', 'HTA', 'insuficiencia', 'cardíaca', 'SAOS', 'círculo', 'consumo', 'alcohol', 'hashtag', 'esccongress']"
1830261103886319822,"['ecosistemas', 'auto', 'esteroides', 'industria', 'auto', 'obesidad', 'estadounidenses', 'aviso']"
1830240281196904614,"['vida', 'comida', 'comida']"
1830237776467693952,"['bronca', 'minas', 'obesa']"
1830149553787396530,"['tía', 'streaper', 'definición', 'planta', 'izquierdas']"
1830074461380325555,['Dios']
1830040852837622027,"['base', 'comida', 'tipo', 'arroz', 'zanahoria', 'ropa', 'casa', 'camino', 'obesidad', 'angustia', 'panaderias', 'emoji', 'unicornio', 'emoji']"
1830037106992755184,"['gordura', 'regalito']"
1830029116738830583,"['pregunta', 'info', 'población', 'duda', 'población', 'riesgo', 'intervención', 'pacientes', 'obesidad', 'peso']"
1830027539504402790,"['OBESIDAD', 'asiento', 'transporte', 'salas', 'espectáculos', 'butacas', 'personas', 'obesidad']"
1830021412788031928,[]
1830009426641608894,"['obesidad', 'diabetes', 'enfermedades', 'mayoria', 'enfermedades', 'estilo', 'vida', 'parte', 'peso', 'sistema', 'salud', 'adicciones']"
1829999194163089804,"['señorita', 'problemas', 'sobrepeso', 'tw']"
1829986632600068156,['obesidad']
1829979603328442831,"['90', 'nota', 'adolescente', 'adultez', 'lomo', 'monstruosidad', 'apagón', 'letra', 'shock']"
1829972940475285557,['obesidad']
1829953555727319443,"['abuela', 'tana', 'gordura', 'belleza']"
1829950979757711518,"['yankees', 'mierda', 'tiroteo', 'obesidad', 'SALU2']"
1829942861330108614,"['tetas', 'exceso', 'photo', 'shop', 'exceso', 'gordura']"
1829926422497857574,"['genética', 'metabolismo', 'cuenta', 'estándares', 'belleza', 'nivel', 'obesidad', 'familia']"
1829920458382475464,"['capitulo', 'south', 'park', 'fin', 'obesidad']"
1829902946919989253,"['vaca', 'tobillera', 'milagro']"
1829895101860233405,"['obesidad', '\n', 'kg']"
1829886874535805443,"['círculo', 'pac', 'diabetes']"
1829863774993465544,['cola']
1829860442740834594,"['manera', 'máquina', 'boludeces', 'gente', 'ladrona', 'humo']"
1829859780867080641,"['iniciativa', 'obesidad', 'ojo', 'abordaje', 'método', 'prevención', 'cardiovascular', 'COI', 'guías', 'papers', 'líderes', 'opinión']"
1829842818644222211,"['gatos', 'muffins', 'arándanos', 'sobrepeso', 'geriátrico']"
1829827441486917949,"['sobrepeso', 'relleno', 'cosas']"
1829799901120622602,"['pavos', 'short', 'izquierdas', 'feminazzi', 'lástima', 'aborto', 'cojones']"
1829748657496678591,['gordura']
1829695393329766599,"['sobrepeso', 'salto']"
1829672905581740256,[]
1829656183680221389,"['gracia', 'temas', 'forma', 'éxitos']"
1829635666080067605,"['tasa', 'muertes', 'obesidad']"
1829626105491570996,"['sobrepeso', 'hombre', 'mujer', 'cara', 'mujer', 'foto', 'varones', 'mujeres']"
1829617272971018250,"['obesidad', 'hijos', 'edad']"
1829608550404178060,"['carril', 'sobrepeso', 'pelotudo']"
1829603127168991496,"['ojo', 'mujeres']"
1829602194943025444,"['foto', 'aborto', 'mono', 'papás', 'bola', 'amigos', 'facultad', 'colegio', 'obesidad', 'adicción', 'porno']"
1829594046572143021,"['pose', 'verdad', 'día', 'obesidad']"
1829592641928872068,[]
1829590686074905060,"['engrudo', 'indigena', 'concha', 'madre', 'caso', 'estudio', 'cantidad', 'wasca']"
1829581263604203911,"['votantes', 'incell']"
1829565701289316512,"['kg', 'sobrepeso', 'tongo']"
1829495357480288451,"['obesidad', 'CARDIOVASCULAR', '\n\n', ' ', 'esccongress']"
1829447252521185522,"['burger', 'serenito', 'sopa', 'problemas', 'ratito', 'culpa']"
1829403440075686182,"['freno', 'epidemia', 'factura']"
1829387717525828066,"['day', 'personas', 'estatura', 'bizcochos', 'sobrepeso', 'camara']"
1829358341224620142,"['feminazi', 'furia', 'conserva']"
1829345566196674880,"['hecho', 'espalda', '60', 'yanquees']"
1829316792822505955,"['final', 'hombre', 'jueves', 'máscara', 'domingo', 'jueves', 'ego', 'bien']"
1829266179829186717,['obesidad']
1829265304683483253,"['bolas', 'plata', 'tratamientos', 'entrenadores']"
1829265055789314544,"['sobrepeso', 'silencio', 'coalición', 'memoria', 'política', 'mierda']"
1829230203664519661,"['emoji', 'risa', 'emoji', 'risa', 'emoji']"
1829225965077033419,"['emoji', 'caramelo', 'emoji', 'edulcorantes', 'aumento', 'obesidad', 'vez', 'desconexión', 'sabor', 'percepción', 'energía']"
1829225962254569729,"['emoji', 'balanza', 'emoji', ' ', 'obesidad', 'cambios', 'vías', 'alimentación', 'placer', 'sensación', 'saciedad']"
1829225954347995360,"['emoji', 'cerebro', 'emoji', ' ', 'emoji', 'chispas', 'emoji', ' ', 'Integración', 'gusto', 'metabolismo', 'sentidos', 'influyen', 'alimentación', 'obesidad']"
1829218636659335216,[]
1829188178160562366,"['sobrepeso', 'neuronas']"
1829182508107477192,[]
1829177484257948062,['obesos']
1829153826194239594,"['perro', 'k', 'sobrepeso', 'bypass', 'cara', 'gafas', 'sol', 'emoji']"
1829114358581932263,['obesas']
1829105333421097210,"['orales', 'hito', 'batalla', 'obesidad', 'través']"
1829065124440633792,"['sitios', 'inglés', 'costo', 'estado', 'sitio', 'comidas', 'forma', 'obesidad']"
1829006151482032561,"['niño', 'años', 'lesbiana']"
1829002093178331415,"['halago', 'calculo', 'blender', 'degenerado']"
1828991681800048837,"['veces', 'hamburguesa', 'semana', 'pensamientos', 'arterias', 'petisuis', '30', 'obesidad', 'diabetes', 'colesterol']"
1828967446172098640,[]
1828963971891675591,"['kilos', 'obesidad', 'día']"
1828955493772992929,['gordura']
1828932598254444977,"['maneras', 'casos', 'sistema', 'escolarización', 'chicos', 'años', 'control', 'producción', 'alimentos']"
1828915614473150956,"['obesidad', 'sistemas', 'salud', 'millones', 'año']"
1828900607094075787,"['leyes', 'transito']"
1828900456774447419,"['humo', 'post', 'market', 'cierre', 'resultados', '%', 'vuelta', 'sumo', 'boca']"
1828896445472354327,[]
1828888601251156366,"['obesidad', 'sistemas', 'salud', 'millones', 'año']"
1828875144590426418,"['obesidad', 'sistemas', 'salud', 'millones', 'año', 'flecha']"
1828870917931356594,"['emoji', 'píldora', 'emoji', ' ', 'viales', 'monodosis', 'tirzepatida', 'acceso', 'adultos', 'obesidad', 'viales', 'través', 'canal', 'autopago', 'hashtag', 'salud', 'hashtag', 'innovacion', 'hashtag', 'negocios', 'hashtag']"
1828858927447994849,"['idea', 'bondi', 'horas', 'idea', 'maestro', 'ciruela', 'pibe', 'tto', 'consumo', 'hashtag', 'cuestion', 'peso']"
1828844676641894802,['obeso']
1828838792364732845,"['pibe', 'golosinas', 'hamburguesas', 'chizitos', 'boludeces', 'consecuencias', 'día', 'mes', 'años', 'diabetes', 'problemas', 'obesidad', 'culpa', 'médicos']"
1828829614074163430,"['gente', 'presa', 'doctores', 'minas', 'sobrepeso', 'trastorno', 'atraco']"
1828819458561101871,[]
1828816105462432069,"['argentino', 'gastronomía', 'ahre', 'almuerzo', 'obesidad', 'emoji', 'piel', 'emoji']"
1828797461391200419,"['porro', 'adiposidad']"
1828783820558229676,"['tema', 'ideología', 'género', 'porcentaje', 'colectivos', 'chicos', 'gente', 'diabéticos', 'pelotas']"
1828781633723633772,"['enfermo', 'obesidad']"
1828769409168793773,"['fealdad', 'obesidad']"
1828769177391513669,"['realidad', 'aborigenes', 'culpa', 'azúcar', 'alimentos', 'caso']"
1828761213376844277,"['sobrepeso', 'obesidad']"
1828756871521689710,"['cara', 'sindigarca', 'ministro']"
1828600309192458591,"['gordura', 'vejez', 'vibes']"
1828587854953664750,['sobrepeso']
1828550912576532760,"['obesidad', 'sobrepeso', 'obesidad', 'burra']"
1828544407253000566,"['kg', 'sobrepeso', 'kg', 'chocolate', 'pistacho', 'grupo']"
1828528143654887776,['sobrepeso']
1828515434259194087,[]
1828506761038377243,"['gorda', 'boludeces', 'tema']"
1828503920811090120,"['emoji', 'píldora', 'emoji', ' ', 'viales', 'monodosis', 'tirzepatida', 'acceso', 'adultos', 'obesidad', 'viales', 'través', 'canal', 'autopago', 'hashtag', 'salud', 'hashtag', 'innovacion', 'hashtag', 'negocios', 'hashtag']"
1828503162724196613,"['ego', ' ', 'manos', 'corazón', 'tono', 'piel', 'emoji']"
1828465062631350302,"['TALLER', 'día', 'viernes', '30', 'agosto', 'taller', 'niños', 'años', 'sobrepeso', 'familiares', 'inscripción', 'chincheta']"
1828460881149104569,"['tipo', 'gente', 'atención', 'grasa']"
1828446184932810859,['sobrepeso']
1828440723776995660,"['obesidad', 'harina', 'maiz', 'grasa']"
1828370849008652650,"['seras', 'gordura', 'tarjetas', 'post', ' ', 'emoji', 'dedos', 'tono', 'piel', 'emoji', ' ', 'emoji', 'dedos', 'tono', 'piel', 'medio', 'emoji', ' ', 'emoji', 'dedos', 'piel', 'emoji', ' ', 'emoji', 'dedos', 'tono', 'piel', 'medio', 'emoji', 'psiquiatra']"
1828264093339308220,"['mierda', 'camara', 'incel', 'cuestión', 'peso']"
1828237018427506806,"['30', 'kg', 'obesidad', '18', 'kg', 'peso']"
1828236511491297633,['ganas']
1828211084362178769,"['obesidad', 'factor', 'riesgo', 'sobrepeso', 'obesidad', 'sobrepeso', 'causa', 'factores']"
1828207721734152704,"['sobrepeso', 'trombosis']"
1828197769443488218,[]
1828186325360562629,"['respeto', 'manatíes', 'animales', 'tipazos', 'madrazas']"
1828183296351838308,"['minutos', 'oreja']"
1828181019700117889,"['scon', 'queso', 'culpa']"
1828166681039921324,"['rey', 'sobrepeso']"
1828163556807737560,"['SOBREPESO', 'ALIMENTACIÓN', 'JUBILADOS', 'DESALMADA', 'COMIDA', 'IMPUESTOS', 'GENTE']"
1828162941453262916,[]
1828161648311579044,"['problemas', 'diagnóstico', 'ansiedad', 'depresión', 'vida', 'gente', 'ganas', 'dieta', 'ejercicio']"
1828151595248361829,"['proyecto', 'obesidad', 'cañón', 'confeti', 'emoji', 'manos', 'éxito', 'final', 'torneo', 'nota']"
1828151270680756642,"['metabolismo', 'glucosa', 'consecuencia', 'sistema', 'metabolismo', 'adiposidad', 'magia']"
1828144602634952838,"['cuerpo', 'obesidad', 'enfermedad']"
1828129056988000383,"['juicio', 'balanza', 'gordura', 'cerebro', ' ', 'emoji', 'cerebro', 'emoji']"
1828128088636457015,"['sobrepeso', 'títulos']"
1828113142104125671,"['consumo', 'alcohol', 'índice', 'masa', 'sexo', 'aumento', 'gramos', 'alcohol', 'riesgo', 'obesidad', 'sobrepeso']"
1828113137091899569,"['relación', 'obesidad', 'consumo', 'alcohol', 'tema', 'interés', 'salud', 'bebidas', 'calorías', 'dieta', 'factor', 'riesgo', 'sobrepeso', 'asociación', 'ganancia']"
1828098557435396464,"['sobrepeso', 'enfermedad', 'dios']"
1828089457373065515,"['sobrepeso', 'problemas', 'salud', 'chances', 'problemas']"
1828088977511141611,"['gordofobia', 'personas', 'sobrepeso']"
1828073856256332103,"['sobrepeso', 'obesidad', 'enfermedad', 'derecho', 'carajo']"
1828066398804849025,"['cabeza', 'odiador', 'salud', 'sociedad']"
1828058837951111518,"['pibitos', 'corte', 'cabello', 'estilo', 'video', 'mishiadura']"
1828040365732946168,"['fin', 'obesidad', 'enfermedad', 'tendencia', 'muerte']"
1827983043593748489,"['42', 'sobrepeso', 'alcohol', 'tipo', 'persona', 'autora', 'tweet', 'gente', 'edad']"
1827941783164035398,"['grasa', 'panqueque', 'ballenas', 'petaca']"
1827929297304035455,"['obesidad', 'enfermedad', 'alcoholismo', 'dinero', 'abundancia', 'discriminación', 'sentido', 'entereza', 'vicios', 'psicologo']"
1827896640180535641,"['tilinga', 'fanart']"
1827792788458787206,"['evento', 'chico', 'años', 'persona', 'persona', 'años', 'sobrepeso', 'agua', 'floreros']"
1827896634887311603,"['orto', 'sarasero']"
1827890912476688531,"['técnica', 'estimulación', 'cerebral', 'apetito', 'obesidad']"
1827874893238538504,"['reina', 'sobrepeso', 'flor', 'pelotuda']"
1827864614794596497,[]
1827854119219966015,"['ganas', 'panqueque']"
1827853792739463200,"['gente', 'procesados', 'control']"
1827814026329657714,[]
1827765989943181581,['cupo']
1827762586319798569,"['manera', 'estupideces']"
1827757711863300426,"['presencia', 'pruebas']"
1827741746958066044,['gordura']
1827727205557743853,[]
1827718046804529154,"['gobiernos', 'defensa', 'dia', 'gusto', 'mascara', 'parte', 'fondo', 'criticas', 'borregos']"
1827710069988888814,"['círculo', 'emoji', 'corazón', 'tema', 'sobrepeso', ' ', 'círculo', 'emoji']"
1827683653586927888,"['método', 'consecuencia', 'emanación', 'envidia', 'circunferencia', 'poder', 'parte', 'poder', 'partidos', 'pruebas', 'vista']"
1827596896631660993,"['tiroteo', 'semana', 'bro', 'pantalones', 'rodilla', 'gente', 'fisura', 'nuca', 'fentanilo', 'mitad', 'población', 'chedar']"
1827523205902258266,[]
1827518932435058730,[]
1827470021850968554,"['verdad', 'guita', 'dólares', 'promo', 'súper']"
1827458374470135957,"['razon', 'superavit']"
1827435533838250374,"['obesidad', 'problema', 'era', 'alimentación']"
1827408502978925004,"['grasa', 'cerebro']"
1827381101863510254,"['obesidad', 'tiroteos']"
1827378663249097067,"['balanza', 'pedazo', 'gorda']"
1827365076220743849,[]
1827359385636474974,"['silla', 'ruedas', 'papa', 'problemas', 'artrosis', 'rodillas', 'gordura', 'edad']"
1827208042502410335,"['gracia', 'diseño', 'rectángulo', 'problemas', 'sobrepeso']"
1827176112453030249,"['azucar', 'comida', 'indice', 'glucemico', ' \n', '90%', 'problemas', 'obesidad', 'diabetes', 'FIN', 'taxpayer', 'millions', 'dollars']"
1827158063977021672,"['ser', 'impulsos', 'dinero', 'kilos', 'grasa', 'día', 'enfermedad', 'protagonismo', 'microfono', 'medio', 'emoji', 'mano', 'señal', 'victoria', ' ', 'mano', 'señal', 'victoria', 'emoji', ' ', 'emoji', 'mano', 'señal', 'victoria', 'emoji', ' ', 'emoji', 'mano', 'señal', 'victoria', 'emoji', 'mano', 'señal', 'victoria', 'emoji']"
1827149518636237186,"['gym', 'existencia', 'rato', 'kuka']"
1827142905489695004,"['gorda', 'papa', 'falta', 'trauma', 'ausentismo', 'mierda']"
1827142131498000709,"['ola', 'cuma', 'uñas', 'cejas', 'pestañas', 'venecas']"
1827131780446441878,[]
1827121908695146578,"['años', 'kg', 'sobrepeso', 'risa', 'emoji']"
1827119589026885844,"['ganas', 'mc']"
1827118684147740998,"['obesidad', 'ensayo']"
1827090865233277378,"['política', 'mal', 'resentimiento', 'traumas', 'autoridad', 'tiranía']"
1827105134460940480,"['mexicano', 'neta', 'pais', 'obesidad', 'tipo', 'pibes', 'comida', 'estado']"
1831679702513135931,"['gata', 'cara', 'trola']"
1831574797240738068,"['nación', 'porcentaje', 'obesidad', 'mundo']"
1831565182494994526,"['caricatura', 'infancia', 'diabetes', 'hipertension', 'obesidad', 'taquicardia', 'arritmia', 'cosas', 'aguae', 'cara', 'risa', 'emoji']"
1831506970404139163,"['persona', 'emoji']"
1831497666213376480,"['sobrepeso', 'progres', 'peligro', 'salud', 'discriminación']"
1831480788212445189,"['pantalla', 'persona', 'vodka']"
1831476439046332716,"['letras', 'gente', 'gordo', 'asado', 'parrilla']"
1831462560065106145,[]
1831429564456935577,"['pasos', 'gordura']"
1831426756009722225,"['SOBREPESO-OBESIDAD', 'INJURIA', 'CARDÍACA', 'corazón', 'emoji', ' ']"
1831425365606269414,"['perdon', 'sugerencia', 'hijos', 'pregunta', 'preservativos', 'perdón', 'vez', 'día', 'sobrepeso', 'verso']"
1831410735815307558,"['año', 'personas', 'sobrepeso', 'rebotes', 'toalla', 'mc']"
1831388175367065889,"['asma', 'gordura']"
1831379858305273929,"['gordura', 'mayoría', 'casos', 'vida', 'felicidad', 'risa', 'emoji']"
1831379467652026772,"['porciones', 'delivery', 'pizza', 'años', 'estado', 'obesidad', 'vez']"
1831375115764035801,"['horóscopo', 'gorda', 'cara', 'emoji']"
1831372787740725441,"['obesidad', 'resistencia', 'insulina', 'horrores', 'agua', 'chequeo', 'médico']"
1831362863333880052,"['chanchas', 'gordura', 'pedazo']"
1831354004921577672,"['top', '3']"
1831353101099372865,"['acné', 'dieta', 'carbohidratos']"
1831341624661856545,"['almond', 'mum', 'mamá', 'comidas', 'plato']"
1831305467164783103,"['jugadores', 'maltrato', 'lugar', 'trabajo', 'comentarios', 'inodoros', 'trabajos', 'cama', 'concubinas']"
1831302459282567295,"['día', 'alma']"
1831260856178413985,"['cenador', 'c', 'pagador', 'micro', 'pene']"
1831184445027565759,"['obesidad', 'plato', '100%', 'hidratos', 'carbono', 'proteínas', 'cabeza', 'termo']"
1831175781550051381,"['tio', 'mingo', 'capo', 'años']"
1831153508667494613,['torta']
1831143944144482714,['culo']
1831139023823176189,"['obesos', 'futuro', 'suerte', 'jubilados', 'piel', 'hueso']"
1831110916739412121,"['anglicismo', 'bulking', 'palabras', 'cosas']"
1831108473800863897,[]
1831101652465590408,"['ozempic', 'función', 'pérdida', 'peso', 'personas', 'obesidad', 'tcav', 'trastorno', 'alimentación', 'vagancia']"
1831094883395989714,['favor']
1831086754298003621,"['tipo', 'racismo', 'pelota', 'gente']"
1831083626852999367,"['Dios', 'momento', 'trastorno', 'vida']"
1831067015236436277,"['kilos', 'morbida', 'grasa', 'panza', 'kilos']"
1831065632617669042,"['carga', 'odio', 'personas', 'sobrepeso']"
1831049006602137668,"['manera', 'pija', 'tema', 'cuerpos', 'obesidad', 'cuerpa', 'pared', 'casa']"
1831044998227538241,['cm']
1831031243733106708,['hija']
1831030888630821120,"['envidia', 'chicas', 'hija', 'obesidad', 'cosas', 'mundo']"
1831019990868430924,"['kilos', 'kilos', 'kilos']"
1831015394569548154,"['salud', 'salud', 'merito', 'tetona', 'abdomen', 'stallone', 'risa']"
1831009078052589695,"['zurdo', 'derecha', 'derecha', 'cerdo', 'cerdo']"
1831000881149382990,"['perro', 'salchicha']"
1830966843210899503,"['problema', 'broma']"
1830966045647220927,"['gobierno', 'científicos', 'ojeras', 'gordura', 'pueblo', 'gatero']"
1833079424977187130,"['jardín', 'obesas']"
1833070637709136106,"['cuerpo', 'hashtag', 'obesidad', 'enfermedad']"
1832978368192487687,"['estadounidense', 'años', 'casa', 'hijo', 'verdad']"
1832976962047906148,"['\n', 'emoji', 'risa', 'emoji', ' ', 'risa', ' ', 'risa', 'cara', 'payaso', '\n', 'sobrepeso', '\n']"
1832970532393726178,['gordura']
1832516889219629352,"['ozempic', 'CURSOS', 'DESCENSO', 'PESO', 'profesionales']"
1832958322690929014,"['puta', 'gorda']"
1832957329991434442,"['boludeces', 'máquina', 'Dios', 'futuro', 'parte', 'gobierno']"
1832951816536957097,"['mogólico', 'persona', 'flor', 'bicho', 'lado', 'cata', 'tape']"
1832947356079153334,"['sobrepeso', 'problema', 'salud']"
1832947171873714528,"['letras', 'fritas', 'donas', 'parrilla', 'asado', 'bondiola', 'quesos', 'obeso', 'nuggets', 'cosas', 'cosas']"
1832946153362436602,['sobrepeso']
1832945618785857899,"['palabra', 'obesidad']"
1832942767531503847,"['años', 'sillón', 'brazo', 'gaseosa', 'obesidad']"
1832920598550360433,"['operación', 'constelaciones', 'gordura', 'emo']"
1832906995071938694,"['palabra', 'respeto', 'educación', 'pelotudo', 'tiempos', 'sobrepeso']"
1832878337225642365,"['comentario', 'visión', 'cepo', 'impuestos', 'día', 'maratón', 'matematica', 'vez', 'sumas', 'tensores']"
1832869173544067219,"['emoji', 'de', 'información', 'emoji']"
1832864011886473680,"['piñata', 'punche', 'escuincla']"
1832852583800623361,"['brazos', 'marino', 'buzarda', 'adiposidad', 'boludeces']"
1832844781489139776,"['concha', 'madre']"
1832843228405551590,"['ejercicio', 'medicina', 'delito', 'médico', 'sobrepeso', 'obesidad']"
1832843138299556199,"['comentario', 'bandera', 'gente', 'recursos', 'resto', 'acuerdo']"
1832426447975182661,"['gente', 'bandera', 'emoji', ' ', 'pasta', 'índice', 'obesidad', 'teorías', 'cara', 'creador', 'propietario', 'vídeo']"
1832834435177140608,[]
1832829494333149572,"['platos', 'ñoquis']"
1832821837408895103,"['medicamento', 'diabéticos', 'obesidad', 'personas', 'mujeres', 'farándula', 'peso', 'cambio']"
1832820823964414317,"['tipo', 'kg', 'gimnasio', 'IMC', '25', 'mogólica', 'definición', 'obesidad', 'médica', 'mujer', 'pedazo']"
1832816634504851961,"['salud', 'apología', 'enfermedad', 'obesidad', 'medio']"
1832814087568253030,"['hombres', 'obesidad', 'abrazo']"
1832497751726407708,"['cantidad', 'varones', 'rtas', 'dios', 'mujer', 'libro', 'cs', 'naturales', 'primaria']"
1832810031886021006,['poder']
1832802661248143693,"['OBESO', 'arma', 'esquina']"
1832793479115616553,"['obesidad', 'problema']"
1832792623930581362,"['piernas', 'gordura', 'bb', 'completo', 'emoji', 'cara', 'lágrima', 'emoji']"
1832790822435082708,[]
1832744477540094068,"['gordura', 'tos', 'naturalidad', 'k']"
1832741829772513638,"['chica', 'gordura', 'muerte']"
1832722848206512233,"['judio', 'campo', 'concentracion']"
1832665964011225209,"['mierda', 'año', 'hijo', 'puta', 'alfiler']"
1832632776568242347,"['obesidad', 'día', 'dieta', 'gimnasio', 'kilos', 'nivel', 'caradurismo']"
1832615210256826377,[]
1832609787474759949,"['mensaje', 'body', 'gordura', 'kg', 'tenes', 'cara', 'ojos', 'emoji', 'cara', 'ojos', 'emoji', 'cara', 'ojos', 'emoji']"
1832604937206845526,"['gente', 'enferma']"
1832601385168244817,[]
1832586078651347173,"['final', 'revés', 'dan']"
1832585229778743785,"['particularidad', 'tumor', 'pata', 'gordura', 'horarios', 'comida', 'comida', 'balanceado', 'calabaza', 'pollo', 'cosas']"
1832577390335422802,"['envidia', 'sobrepeso', 'cuernos']"
1832551108822052905,"['tiempo', 'video', 'discurso', 'experimento', 'pasos']"
1832547504602411445,"['BMI', 'dorso', 'mano', 'índice', 'indicador', 'cuerpo']"
1832539765360750756,"['abril', 'pibe', 'culo', 'meses']"
1832525960014430665,"['gente', 'oportunidad', 'turno', 'cara', 'emoji', 'casting', 'oportunidad', 'favoritismos', 'cdp', 'cuestiondepeso']"
1832506947829993751,"['football', 'mánager', 'obesidad', 'pais']"
1832502364718219342,['obesidad']
1832485017865323003,"['club', 'obesas', ' ', 'oración', 'piel', 'emoji']"
1832484452678680743,['gente']
1832475662457688301,[]
1832475195610693655,"['pibes', 'meses']"
1832449782427599097,"['población', 'porcentaje', 'sobrepeso', 'obesidad', 'ropa', 'talle']"
1832416822358110546,"['madre', 'escuela', 'zoe', 'sojero', 'años', 'sobrepeso']"
1832416139512795430,[]
1832379932925661508,"['chinos', 'CSR', 'salto', 'calidad', 'espacio', 'bolsos', 'cajas', 'población', 'china', 'punto', 'favor', 'aire', 'frenos']"
1832360529429516732,"['labios', 'códigos', 'cadenas', 'nubes', 'cielo', 'campo', 'labial', 'vendedoras', 'perfumerías', 'perfume', 'geranio', 'bellezas']"
1832313704718762007,['obesidad']
1832292887351996617,"['presos', 'delincuente', 'mérito', 'habilidad', 'crack', 'cancha', 'vida', 'delincuente']"
1832251590893265198,"['obesidad', 'video']"
1832250658189197469,['obesidad']
1832248231948120458,"['obesidad', 'animales', 'maltrato', 'gente']"
1832241960381280409,['antideporte']
1832238557152379066,"['gordura', 'grasa', 'hinchazon', 'carbohidratos', 'gatos', 'lengua', 'muerte', 'emoji', ' ', 'emoji', ' ']"
1832235335964651647,"['gordura', 'edad', 'floor']"
1832217202604294465,['obesidad']
1832212745887928472,[]
1832210325921243392,"['facto', 'mujer', 'obesidad', 'relleno']"
1832208473779531860,"['gordura', 'chiste', 'neuronas', 'gente']"
1832187858599473198,"['razón', 'cuerpos', 'discriminación', 'enfermedad', 'ejemplo', 'obesidad', 'anorexia', 'bulimia']"
1832186522918887465,"['deporte', 'chico', 'sobrepeso']"
1832175287976571015,['sobrepeso']
1832160245952524425,"['obesidad', 'genética', 'mentira', 'hijos', 'raciones', 'alimentos']"
1832148182496596390,"['joda', 'amigas', 'etapa', 'culpa', 'obesidad', 'mierda', 'tiempo', 'parte', 'juventud', 'enfermedad']"
1832141594474008853,['joda']
1832141477528347079,['psiquis']
1832130795080970758,"['víctima', 'gente', '2,Evelyn', 'adicción', 'drogas', 'enfermedad', 'obesidad']"
1832111582589104132,"['adulto', 'enfermedad', 'mórbida', 'lástima', 'envidia', 'emoji', 'manos', 'oración', 'emoji', ' ', 'emoji', 'manos', 'oración', 'emoji', ' ', 'emoji', 'manos', 'oración', 'emoji', 'días', 'rezas', 'muchas', 'vergüenza', 'cara', 'ojo', 'emoji', 'emoji', 'lengua', 'emoji']"
1832091700438897081,"['opete', 'discapacidades', 'cromosomas', 'retruco']"
1832157954319290800,"['tipo', 'redes', 'lado', 'petiso', 'ojos']"
1832064126316929515,"['futbol', 'liga', 'mundo', 'paises', 'liga', 'mundo']"
1832038776517890371,"['cosas', 'trailer', 'quejas', 'actores', 'sobrepeso']"
1831837238969430308,"['tráiler', 'película', 'creador', 'juego', 'pambiestafa', 'actores', 'sobrepeso', 'esfuerzo', 'albañiles', 'gordófobo']"
1832033169320624558,"['compañeros', 'problemas', 'mundo', 'líos', 'vez', 'culpa', 'sobrepeso', 'nivel']"
1832024124543099050,"['mambo', 'edad', 'gordura', 'país']"
1831991635468554344,['obesidad']
1831988566416629840,"['energía', 'niños', 'peso', 'pantalla']"
1831957667356799104,"['mentira', 'persona', 'foto', 'mesa', 'resto', 'invento']"
1831952770536239578,"['manera', 'temas', 'olor', 'culo', 'horas', 'cancha', 'grasa']"
1831908256262054375,"['peso', 'gusto', 'enfermedad', 'obesos']"
1831892926261293366,"['hijos', 'sobrepeso']"
1831891827852767602,"['estudios', 'asociación', 'incumplimiento', 'recomendaciones', 'actividad', 'obesidad', 'recomendaciones', 'actividad', 'probabilidad', 'obesidad', '\n\n', 'hashtag', ' ', 'emoji', 'dorso', 'mano', 'índice']"
1831877610860933182,['culo']
1831867618019753987,"['barman', 'margarita', 'tío', 'ombligo', 'primo']"
1831867311151837334,"[' ', 'dromedario', 'tipo', 'vista']"
1831866837614916085,"['animal', 'obeso-Monstruo', 'kg.a', 'animal', 'patas', 'peso', 'tipo-Monstruo', 'cara', 'emoji']"
1831862272572190810,"['persona', 'foto', 'cara', 'sueño', 'emoji']"
1831861683368939543,"['diferencia', 'caso', 'revés', 'diferencia', 'camino']"
1831861043443986577,"['momento', 'sorete']"
1831852552255656164,"['cirugía', 'fellows', 'experiencia', 'conocimientos', 'técnica', 'arte', 'paciente', 'obesidad', 'satisfacción']"
1831842947580752032,"['poronga', 'boca']"
1831814011270394225,"['bronca', 'parte', 'boca', 'pedoza']"
1831795078819688784,"['acuerdo', 'obesidad']"
1831763027252932785,"['adolescencia', 'mayoría', 'sobrepeso']"
1831756429855785462,"['gordura', 'comida', 'odio', 'DOLOR']"
1831750401751970016,"['natación', 'décadas', 'sobrepeso']"
1831748068448129181,"['espalda', 'ventilador']"
1831742038770950327,"['maltrato', 'crueldad', 'cuenta', 'sobrepeso', 'animal', 'esclavo', 'marrones', 'túnicas']"
1831698393879416889,"['obesidad', 'cerebro']"
1831697348784767400,"['obesidad', 'epidemia']"
1836011424738316497,[]
1836010331690164525,['enfermedad']
1836008864111526088,"['gordura', 'épocas']"
1836005005448434049,"['discriminación', 'siglos', 'obesos', 'enfermedad']"
1835987415170719937,[]
1835912439671529507,"['MUJER', 'HOMBRE', 'KUKARACHA', 'ESQUELETO', 'LADO', 'favor', 'país']"
1835881378161860942,[]
1835872355681185957,"['DESGOBIERNO', 'sobrepeso', 'efecto', 'rebote', 'anfetaminas']"
1835856891781464267,"['salud', 'importancia', 'abordaje', 'estrategias', 'enfermedad']"
1835856000487698566,"['Definición', 'obesidad']"
1835661873032687854,['maquina']
1835855927561302231,[]
1835854967787172023,"['personaje', 'vaca']"
1835852126846668943,"['gordo', 'grasa']"
1835851230700069058,"['gordura', 'hinchazón', ' ', 'emoji', 'mueca', 'emoji']"
1835841318959906945,"['carne', 'gimnasio', 'caballero', 'gordura']"
1835841152508944847,"['pan', 'reloj', 'gordura']"
1835831696039546962,['sobrepeso']
1835828695308587263,[]
1835820392189219198,"['cosas', 'arqueros', 'foto', 'perfil', 'ejemplo', 'asco']"
1835820073832907243,['girls']
1835810820799791385,"['aeropuertos', 'exceso', 'equipaje', 'convenio', 'pilotos', 'ravioles', 'estofado', 'ganas', 'injusticia', 'gobierno', 'inútil']"
1835805848599413087,"['amiga', 'facturitas', 'merendar', ' ', 'cara', 'corazones', 'emoji', '\n', 'mierda']"
1835800895079989504,[]
1835796804132040915,"['hashtag', 'mercado', 'tratamientos', 'informe', 'hashtag', 'morningstar', 'mercado', 'tratamientos', 'obesidad', 'podría', 'millones', 'dólares', 'hashtag', 'salud', 'hashtag', 'negocios', 'gobierno', 'hashtag', 'obesidad']"
1835787330579226918,"['mujer', 'problemas', 'sobrepeso', 'efecto', 'rebote', 'anfetaminas', 'cosa', 'apetito']"
1835786807750926571,"['bola', 'fraile', 'milagros', 'dios']"
1835786505324998794,"['forma', 'cuerpo', 'sobrepeso']"
1835783402131251248,"['cuatrero', 'sobrepeso']"
1835771593584455908,"['comunista', 'frabigol', 'oferta', 'demanda', 'fútbol', 'frabigol']"
1835769238914736422,"['cara', 'culo']"
1835766189760389167,"['bestia', 'sobrepeso', 'obesidad', 'PATOLOGIA', 'ENFERMEDAD']"
1835765179927134647,"['obesidad', 'sobrepeso']"
1835739752194269452,"['capitulazo', 'fin', 'obesidad', 'año', 'cosas', 'emoji', 'cara', 'emoji']"
1835736963921404212,"['nimu', 'vez', 'teton', 'azúcar']"
1835735007903523243,"['sobrepeso', 'ovarios', 'cuenta', 'identidad', 'estupideces', 'impunidad']"
1835729073231769750,"['complejos', 'gordura', 'pelada', 'ser', 'ego', 'mundo', 'habitantes', 'derechos']"
1835718035677786625,"['hashtag', ' ', 'dudas', 'seguridad', '\n\n', 'píldora', 'farmacéutica', 'roche', 'dudas', 'seguridad', 'pesar', 'datos', 'eficacia', '\n\n', 'hashtag', 'salud', 'hashtag', 'negocios', 'gobierno', 'hashtag', 'roche', 'empresas']"
1835707915396645184,"['amigo', 'boludo', '10', 'años', 'kilos', 'sobrepeso']"
1835686909613416516,"['salud', 'cambio', 'fisica', 'conclusion', 'salud']"
1835627108657226183,"['vergüenza', 'concha', 'espectadores', 'kilos', 'capacidad', 'barreras', 'espectadores', 'cerdos', 'ballenas']"
1835483635920564638,"['vergüenza', 'concha', 'estudiantes', 'barrera', 'espacio', 'tamaño', 'cetáceosno', 'progres']"
1835621868075725292,"['fármaco', 'eficacia', 'seguridad', 'tratamiento', 'obesidad', 'estudio', 'fármaco', 'hashtag', 'saxenda', ' ', 'índice', 'masa', 'niños', 'años', '\n\n', 'salud', 'negocios', 'gobierno', 'hashtag', 'farmacos', 'hashtag', 'empresas']"
1835565286172295650,[]
1835531935310811472,"['diputada', 'crota', 'sobrepeso', 'secundario', 'ley', 'bases', 'medico', 'docente', 'jubilado']"
1835504439970427111,['pelado']
1835488550147555832,"['gracia', 'personas', 'cosas', 'peso', 'apariencia', 'persona', 'sobrepeso', 'personas', 'redes', 'físico', 'persona']"
1835467676090528236,"['babosa', 'valores']"
1835464052656529823,"['futbolistas', 'muertos', 'mierda', 'sueldo', 'base', 'negocio', 'lugar', 'mundo']"
1835448473149227019,"['importación', 'obesidad', 'enfermedades', 'salud']"
1835444433329775045,"['emoji', 'emoji']"
1835422571145134336,['obesidad']
1835397714634256796,"['preocupación', 'temas', 'salud', 'ej.', 'epidemia', 'diabetes', 'producto', 'nutrición', 'mayoría', 'obesos', 'ritmo', 'generación', 'cristal']"
1835362842460987478,"['hongo', 'mierdas', 'cuba']"
1835349254782558361,"['emoji', ' ', 'emoji', 'cara']"
1835339739563467179,"['obesidad', 'alfajor', 'exceso', 'azúcar', 'quita', 'personajes', 'dulces', 'nenes', 'punto', 'producto']"
1835333518798238023,"['adultos', 'españoles', 'sobrepeso', 'obesidad', 'sexo']"
1835329344102674647,"['problema', 'gordura', 'hinchazón', 'jugador', 'ego']"
1835327114893033927,"['etiquetado', 'informe', 'curva', 'obesidad', 'diabetes', 'intolerancias']"
1835316579887628549,[]
1835301879326077295,['gato']
1835298304688832785,"['creencia', 'problema', 'gordura', 'arterias', 'higado', 'cerebro']"
1835265198652829765,"['hashtag', ' ', 'dudas', 'seguridad', '\n\n', 'píldora', 'farmacéutica', 'roche', 'dudas', 'seguridad', 'pesar', 'datos', 'eficacia', '\n\n', 'hashtag', 'salud', 'hashtag', 'negocios', 'gobierno', 'hashtag', 'roche', 'empresas']"
1835225892051685754,"['ipa', 'obesidad', 'pollito', 'alimento', 'vómitos', 'veces', 'alimento', 'pollito', 'HERMANO']"
1835190638523900157,"['fotos', 'manera', 'problemita', 'envidia', 'problema', 'sobrepeso']"
1835135359002227054,"['gringos', 'obesidad', 'tema', 'drogas', 'falta', 'comida']"
1835134462448865710,"['mujer', 'beso', 'cara', 'gafas', 'sol']"
1835127039206076436,"['emoji', 'náuseas']"
1835126740936515683,"['rodillas', 'sobrepeso']"
1835124771664560343,"['AUXILIAR', 'JUSTICIA', 'DELINCUENTES', 'JUICIO', 'tanto', 'palabras', 'función', 'solución', 'carceles']"
1835117452348326218,"['vergüenza', 'pasos', 'cel', 'ansiedad', 'gordura', 'bocho']"
1835116098204627351,"['MOMiA.', 'pelota', 'jerarquía', 'pedazos']"
1835106573930168805,[]
1835097949426377146,"['aumento', 'tasas', 'obesidad', 'desaceleración', 'búsqueda', 'alimentos', 'problema', 'salud', 'salud', 'hashtag', 'negocios', 'hashtag', 'gobierno', 'obesidad']"
1835085529357910074,"['habitantes', 'obesidad', 'pancho', 'arteria', 'pancho', 'paro']"
1835085511159075247,"['bandera', 'argentina']"
1835082094684319938,"['precio', 'hashtag', 'zepbound', '40%', 'venta', 'venta', 'viales', 'precios', 'salud', 'negocios', 'hashtag', 'gobierno', 'hashtag', 'obesidad', 'hashtag', 'marketing']"
1835077772491866422,['sobrepeso']
1835076196259807726,"['estudio', 'eficacia', 'iniciativas', 'obesidad', 'diabetes', 'CVD', 'intenciones', 'objetivo', 'costos', 'vida', 'emprendedores']"
1835072629574623723,"['hambre', 'porciones', 'chicas', 'ejercicio', 'obesos', 'diabéticos', 'años', 'medicación']"
1835072209745801634,"['facultades', 'camillero']"
1835046266570748048,"['aparato', 'gente', 'camilleros', 'costado', 'imagen']"
1835057130207899895,"['razón', 'calorías']"
1835045460865617939,['PIJA']
1835044762820526439,"['comentario', 'gente', 'naty', 'post', 'comida', 'problema', 'sobrepeso', 'orto', 'parrilla']"
1835034091315490938,['juegos']
1835026331542667738,['penal']
1835020562239737921,"['comentarios', 'hombres', 'mina', 'peso', 'mujeres', 'sobrepeso']"
1835020531055092200,"['gordura', 'insulto']"
1835013610504175839,['yankis']
1835010863293776372,"['lucas', 'camiseta']"
1835008416793645282,"['poblacion', 'problemas', 'obesidad']"
1834962253650485626,"['tiktoks', 'gente', 'sobrepeso', 'fotos', 'foto', 'perfil', 'g0rda', 'problemas']"
1834961830726287450,"['insulina', 'diabéticos', 'sobrepeso', 'obesidad', 'general', 'personas', 'pre-diabetes', 'diabetes', 'resistencia', 'insulina', 'páncreas', 'hígado', 'órganos']"
1834960577778663765,[]
1834956720751173790,"['sobrepeso/', 'obesidad', 'sentido']"
1834903443703521663,"['sobrepeso', 'gente', 'valores', 'ejercicio', 'dieta']"
1834890771343835621,"['cuerpo', 'sobrepeso', 'terapia', 'comentario', 'chicas', 'tca']"
1834889819173888477,"['experiencia', 'cuerpo', 'altura', 'factores', 'complexión', 'nutricionista', 'tema', 'sobrepeso', 'boludeces']"
1834882750085464204,"['nutrición', 'tema', 'piba', 'insistencia', 'coty', 'vista', 'cuerpo', 'sobrepeso']"
1834849698487607317,"['hipotiroidismo', 'minita', 'tiroides', 'kilos', 'médico', 'años', 'facultad-', 'sobrepeso', 'realidad', 'razón', 'cristal']"
1834849076044501167,"['kilos', 'altura', 'sobrepeso', 'verdad', 'facts', 'facts']"
1834829703749804111,"['Dios', 'obesidad']"
1834798034032394568,"['favor', 'asomo', 'sobrepeso', 'tarada', 'colegio']"
1834796229068300354,"['idiota', 'obesidad', 'once', 'plaza', 'pitbull', 'dueños', 'miedo', 'lugar', 'canil', 'lechon', 'perra', 'idiotas', 'turno', 'plaza']"
1834780763130114124,['amigas']
1834779914366570955,"['droopy', 'pliegue', 'pómulo', 'pera', 'gordura', 'botox', 'maldad']"
1834763268394565706,"['hecho', 'médico', 'sobrepeso']"
1834687795941544119,['mujerón']
1834762352157192363,"['helado', 'esqueleto']"
1834759289379881388,"['pelada', 'morrudito', 'coti', 'verdad']"
1834758610301128779,"['obesidad', 'ozempic(?']"
1834757970996977807,"['nutrición', 'sobrepeso', 'ciencia', 'concepto', 'ciencia']"
1834740144563536298,"['dios', 'éxito', 'sabrina', 'carpenter', 'marina', 'vena']"
1834737949042196580,['obesidad']
1834736090332180484,['flow']
1834731664657842513,"['verga', 'obesidad', 'mama', 'tetas', 'señora', '70', 'años']"
1834717945366245537,"['fármaco', 'hashtag', 'obesidad', 'enfermedades', 'renales', 'medicamento', 'obesidad', 'mari', 'tide', '\n\n', 'salud', 'hashtag', 'negocios', 'gobierno', 'innovación']"
1834714842097238295,"['gine', 'vez', 'medica', 'medicina']"
1834705673285726576,"['obesidad', 'yankies', 'anorexia', 'bulimia']"
1834703328430686493,"['kilos', 'altura', 'sobrepeso', 'ciencia']"
1834702349971210752,"['rata', 'delincuentes', 'tipo', 'personeria', 'gremios']"
1834700603903074604,[]
1834689385746342392,"['efecto', 'rebote', 'dieta', 'consecuencias', 'cáncer', 'alteraciones', 'daños', 'páncreas', 'riñones', 'gente', 'gente']"
1834670908419485766,"['gordura', 'fuerza', 'core', 'kg']"
1834665673315991681,['cana']
1834660103511064715,"['camino', 'mina', 'años', 'veces', 'resistencia', 'insulina', 'factor', 'obesidad', 'tratamiento', 'diabetes', 'tipo', 'gente', 'peso']"
1834652425828831455,[]
1834622237774663793,['hologramas']
1834620759114703197,[]
1834434016063127594,"['cuenta', 'gente', 'cabeza', 'tcas', 'tipo', 'cuerpo', 'cara', 'mujer', 'cabeza']"
1834613829793198403,"['mina', 'marco', 'puerta']"
1834607636286763393,"['orto', 'subnormal', 'sobrepeso', 'alergia', 'cbc']"
1834599261062726086,"['receta', 'obesidad']"
1834597079886245965,"['caso', 'gente', 'tratamiento', 'resto', 'sol']"
1834577362203115714,"['kilos', 'sobrepeso', 'kilos', 'equipaje']"
1834571304604754164,['gordofóbico']
1834558688272506948,"['hashtag', 'mercado', 'tratamientos', 'informe', 'hashtag', 'morningstar', 'mercado', 'tratamientos', 'obesidad', 'podría', 'millones', 'dólares', 'hashtag', 'salud', 'hashtag', 'negocios', 'gobierno', 'hashtag', 'obesidad']"
1834548289191944346,"['relación', 'obesidad', 'enfermedad', 'diabetes', 'ciencia', 'vínculos']"
1834459228494250237,"['seguro', 'kilos', 'peso']"
1834445396841488449,"['amigo', 'obesidad', 'cuestión', 'peso']"
1834443880147698036,"['falta', 'ballena', 'vodka', 'premio']"
1834396738456600893,"['ataques', 'de', 'pánico', 'emoji', 'señal', 'de', 'victoria', 'tono', 'piel', 'emoji']"
1834373189310337350,"['gordura', 'himchazon']"
1834355235159970082,"['orto', 'inodoro', 'boca', 'trabajo', 'soreta']"
1834336044298408158,"['gordw', 'postres', 'obesidad']"
1834335312878993572,"['rinoceronte', 'levjon', 'putx', 'contextura']"
1834320951263011295,"['virgo', 'fotos', 'instagram']"
1834289009389891861,"['porro', 'sobrepeso']"
1834276280348385609,[]
1834274476248174794,"['años', 'sobrepeso', 'ansiedad', 'cbc']"
1834272022307946927,"['caso', 'mario', 'santos', 'troll', 'sobrepeso', 'virgen', 'cuil', 'papas', 'chocolatada', 'cama']"
1834257731609305315,"['amigos', 'milanesas', 'dia', 'ritmp', 'pelados', 'gordito']"
1834252191214793005,"['calle', ' ', 'gato', 'risa', 'emoji', ' ', 'gato', 'risa', 'emoji']"
1834245433352237297,"['razón', 'precio', 'obeso']"
1834223865553109157,"['enfermedad', 'disciplina', 'tiempo', 'kilos', 'vergüenza', 'cuerpo']"
1834136002190823581,"['gente', 'cosas', 'persona', 'sobrepeso', 'ocasion']"
1834096474675724672,"['cara', 'piel']"
1834076231135875278,"['tenencia', 'madre', 'nena', 'escudo', 'sindicalistas']"
1834071629397098516,['gorda']
1834034933020422373,"['riesgos', 'obesidad']"
1834009051308409214,"['$', 'mes']"
1834001602275147895,['gordura']
1833999164394402186,[]
1833997474882617621,"['jabalí', 'gordura']"
1833994256353993179,"['cara', 'pekines']"
1833983901619884526,"['deseo', 'colchones', 'piso']"
1833983443950010725,"['poblaciones', 'mundo', 'nutricionista', 'plaza']"
1833963973227561084,"['gente', 'gimnasio']"
1833953659509698901,"['cara', 'miedo', 'emoji', 'negocio', 'pérdida', 'peso', 'dorso', 'mano', 'índice', 'derecha', 'tono', 'piel', 'emoji', 'luz', 'escraches', 'taller', 'modelo', '\n\n', '(', 'bomba', 'emoji', ' ']"
1833951921461178430,"['años', 'sobrepeso', 'minutos', 'politica', 'rey', 'mundo']"
1833942733935051200,"['obesidad', 'gente', 'lugares', 'profesiones', 'marica', 'panelista', 'amante']"
1833940082434113908,"['país', 'obesidad']"
1833925676648603718,"['país', 'obesidad', 'razón', 'cocina', 'yankis']"
1833921516150350148,"['cordura', 'lengua']"
1833918799122497701,"['cosas', 'tazas', 'obesidad', 'diabetes']"
1833916514531246377,"['tuit', 'mierda', 'lugar', 'tuit', 'lástima', 'médico', 'mujer']"
1833901184144609317,"['persona', 'sobrepeso', 'cuerpo', 'dieta', 'ejercicio', 'vida', 'dieta', 'dieta', 'lugar', 'privilegio']"
1833887499891954029,"['fármaco', 'hashtag', 'obesidad', 'enfermedades', 'renales', 'medicamento', 'obesidad', 'mari', 'tide', '\n\n', 'salud', 'hashtag', 'negocios', 'gobierno', 'innovación']"
1833885712036331797,"['lado', 'indices', 'obesidad', 'ganas', 'amor', 'comida', 'mina', 'yanquis']"
1833883715191050456,"['gordura', 'grandeza', 'emoji', 'risa', 'emoji', 'el', 'días', 'emoji', ' ', 'emoji', 'rosa', 'emoji', ' ', 'emoji', 'cara', 'beso', 'emoji']"
1833869501298876804,"['video', 'forma', 'razón', 'grasa', 'sal', 'queso', 'desastre']"
1833863779760623997,"['población', 'olas', 'europa', 'persona', 'tierras', 'pueblos', 'weon']"
1833862222574964909,"['obesidad', 'amiga']"
1833858324237885877,[]
1833852148875972981,"['verdad', 'gente', 'sobrepeso', 'mierda', 'UBER', 'mañana', 'mina', 'coca', 'cola', 'mierdas', 'calidad']"
1833846160026452281,"['niños', 'años', 'obesidad', 'ensayo', '\n\n ']"
1833842780466000357,"['hecho', 'obesidad']"
1833840144849281077,"['razón', 'sobrepeso']"
1833834967484215785,"['asco', 'yanquis']"
1833830029936967689,"['sobrepeso', 'personas', 'silencio', 'boca', 'cuerpo', 'rechazo']"
1833829464502898794,"['persona', 'cuestión', 'gente', 'dolor', 'momento', 'boca', 'comida', 'crudeza', 'aversión', 'obesos', 'personas']"
1833755358185062902,"['físico', 'edad', 'escote', 'acuerdo', 'cuerpo', 'favor', 'gordura', 'exceso', 'peso', 'problemas', 'salud', 'enfermedad', 'hipocresía']"
1833732556837003587,"['fútbol', 'piedra']"
1833730200082739576,[]
1833726819490566575,"['panza', 'enano']"
1833721874083123711,"['kilos', 'sobrepeso']"
1833223465693847578,"['peso', 'tristeza', 'cosas']"
1833716472595591508,"['bronca', 'padres', 'mierda', 'obesidad', 'dios', 'pena', 'muerte']"
1833704182508892638,"['pelotudos', 'gordura', 'manual']"
1833694219082551613,[]
1833686257181839419,"['americanos', 'siglo', 'comidas', 'comidas', 'food', 'alimentos', 'sociedad', 'obesidad', 'mundo']"
1833674857088770146,[]
1833671371353727420,[]
1833667506046665057,"['riber', 'deudapendiente', 'dios', 'veces', 'buto', 'casaca']"
1833663217270182340,"['mostradores', 'negocios', 'pedazo', 'mesa', 'bar', 'retiro', 'grasa']"
1833656610784260173,"['términos', 'bolita', 'boliviano', 'gordura', 'nacionalidad', 'acciones', 'físico']"
1833645217033121990,"['cuenta', 'evasora', 'BANK', 'AMERICA']"
1833634296596250951,"['adultos', 'huevo', 'nenes', 'gente', 'hijos']"
1833614668432056470,"['cubierta', 'cámara', 'pinchazo', 'cubierta', 'sobrepeso']"
1833609113013465124,['efecto']
1833606001888526453,"['amiga', 'entrenadora', 'música', '10/9', 'abril', 'ñengo', 'flow', 'sentadillas']"
1833605584005878041,"['médico', 'publico', 'mujer', 'mamita', 'fin']"
1833599762777731414,['vehículos']
1833589009916002422,[]
1833588596617658396,"['che', 'consejo', 'bici', 'llanta', 'rebarba', 'sobrepeso', 'compu', 'consejo', 'cámara']"
1833565277025345616,"['gordura', 'hinchazón']"
1833557496046174483,"['deudas', 'control', 'mentiras', 'chsrarra', 'obesidad', 'tipo', 'enfermedades', 'farmaceuticas', 'propaganda', 'democracias', 'pais', 'libertad']"
1833556144754655291,"['manuk', 'sobrepeso']"
1833553174973538645,"['mierda', 'psicópata', 'obsesión', 'ex']"
1833549009085977041,"['partido', 'hermano', 'favor', 'silla', 'ruedas', 'partido']"
1833542699032682947,"['obstetra', 'bebé', 'bebe', ' ', 'cara', 'emoji', 'bondiola']"
1833533859931296081,"['colgajos', 'piel', 'nivel', 'obesidad']"
1833528597837189393,[]
1833527102131605593,"['golpe', 'piel', 'cuerpo', 'cirugías']"
1833478847108448620,"['politico', 'arreglos', 'convenios']"
1833462819758469341,['requisito']
1833397726899277903,"['inteligencia', 'obesidad']"
1833359345796452827,"['personas', 'gente', 'cosa', 'punto', 'huesos', 'modelos']"
1833326646704705957,"['movida', 'especies', 'matanza', 'especies', 'administración', 'gatos', 'razón', 'maltrato', 'animal']"
1833313933886702013,"['HOMENAJE', 'PERSONA', 'RESPONSABLES', 'COSAS', 'DELGADEZ', 'REALIDAD', 'OBESIDAD', 'SER', 'hashtag', 'martin', 'fierro', '\n', 'hashtag', 'martin', 'fierro2024']"
1833293720323809342,['top']
1833291625361015164,"['panza', 'gordura', 'pose', 'panza', 'embarazadas', 'cara']"
1833288834294952007,"['entidad', 'cerdita']"
1833279692243407049,['mascotas']
1833266958336135307,"['sobrepeso', 'anorexica', 'pelotas']"
1833258745922507053,[]
1833255663453061137,['pito']
1833245040019481070,"['tipo', 'hippie', 'estándares']"
1833238343938936837,"['envidia', '\n', 'cuernos', 'sobrepeso', 'decisión', 'cosas']"
1833234557543612762,"['obesidad', 'enfermedad', 'dieta']"
1833224625448210743,[]
1833222243372999047,"['capítulo', 'vida', 'obesidad', ' ', 'hashtag', 'obesidad', 'hashtag', 'obesidad', 'hashtag', 'perez', 'arguelles']"
1833191218102112613,"['levante', 'cara', 'hijo', 'suar', 'sobrepeso']"
1833178747505090857,[]
1833175583833960472,[]
1833135662976864484,"['pedo', 'pies']"
1838909589401510150,"['perspectiva', 'años', '\n\n ']"
1838907109703888918,"['obesidad', 'consecuencias', 'consideración', 'rey', 'reina']"
1838859734973051191,"['sobrepeso', 'atención']"
1838778073107271827,"['tipo', 'personas', 'sobrepeso', 'pileta']"
1838762672969441641,"['obesidad', 'engaño', 'alimentacion', 'trastorno', 'alimentación', 'tca', 'clínicas', 'nutricionista', 'calle', 'historial']"
1838759336660578619,"['puta', 'mierda']"
1838740323607924890,"['obesidad', 'factores', 'ej', 'paquete', 'fideos', 'kg', 'carne', 'ingesta', 'medicamento', 'depresión', 'salud', 'problemas', 'obeso']"
1838739551038152719,"['bicho', 'psiquis', 'comportamiento', 'síntoma']"
1838738347927191868,"['estadísticas', 'chicas', 'TCA', 'obesidad']"
1838719894017204574,"['fonoaudiólogo', 'nutricionista']"
1838710636265513356,"['pediatra', 'chicos', 'diabetes', 'padres', 'obesidad', 'pandemia', 'OMS', 'chocolate', 'azúcar']"
1838658066650132481,"['géneros', 'facto', 'resentimiento', 'chistes', 'gordura', 'verdad', 'paso', 'chistes']"
1838657130750153100,"['sobrepeso', 'rato']"
1838655842062663880,"['comentarios', 'mierda', 'gente', 'gravedad', 'asunto', 'obsesidad', 'tca', 'anoréxicas', 'ayuda', 'persona', 'obesidad']"
1838634299945341260,"['mundo', 'medicamento', 'defensora', 'obesidad', 'cursos', 'rollos', 'tiktok']"
1838626928086897020,"['carisma', 'bola']"
1838624122881863722,"['sobrepeso', 'años', 'minecraft', 'contrato']"
1838605384044495284,['obesos']
1838602208536875174,"['miedo', 'peso', 'importancia', 'percepción', 'peso', 'persona', 'sobrepeso', 'partes', 'cuerpo']"
1838591359046865355,"['sistema', 'salud', 'obesos']"
1838574106356138162,"['obesidad', 'nene', 'años', 'kg', 'ternura', 'cachetes', 'tratamiento']"
1838559487700967616,"['realidad', 'vida', 'fantasía']"
1838549318745079944,"['peso', 'inicio', 'medicamentos', 'obesidad', 'gota', 'personas', 'sobrepeso', 'obesidad']"
1838510050798719193,"['paciente', 'tratamiento', 'cirugía']"
1838504406372782454,"['generación', 'medicamentos', 'obesidad', 'diabetes', 'revolución']"
1838422639120896015,"['hope', 'master', 'DERIAL', 'DIBUJITOS', 'PINXE', 'GATO']"
1838414830383882295,"['útero', 'pastillas', 'orto', 'morbida']"
1838404063823646833,"['gente', 'sobrepeso', 'derecho']"
1838393598053638534,"['ganas', 'empacho', 'hora', 'gordura', 'vida', 'TEMA', 'EMPACHO', 'DOLOR', 'PANZA', 'HERMANA']"
1838390639542640929,['sobrepeso']
1838387092012826812,['montón']
1838372988002963718,['gordura']
1838369495544443028,"['bronca', 'peso', 'tetas', 'brazos']"
1838369404926533988,"['infierno', 'morbida']"
1838359024175034410,"['rodillas', 'sobrepeso', 'magia', '9', 'tiempos']"
1838341624465625419,[]
1838329313147404657,"['sobrepeso', 'pierna', 'veces', 'iralita']"
1838293851968061613,"['estomago', 'mambos', 'comida']"
1838293016534028354,"['all', 'sense', 'chamaquito', 'poc', 'conocimiento', 'rants', 'gordura', 'risa', 'emoji', 'emoji', 'risa', 'emoji']"
1838291235892613456,['orto']
1838289911092326406,"['sobrepeso', 'participantes', 'programa']"
1838283629556043807,"['argentina', 'achura', 'asado']"
1838281861996466331,"['vida', 'pesos', 'mortandad', 'niños', 'desnutrición', 'deshidratación', 'coimas', 'congresistas', 'reformas', 'acuerdo']"
1838263001041809489,"['paciente', 'tareas', 'tratamiento', 'internacion', 'cirugía']"
1838246162773553651,['obeso']
1838230077730963725,['argentina']
1838211137025810469,"['obesidad', 'tratamientos']"
1838207711000867200,"['harinas', 'cumpleaños']"
1838200921114710114,"['vida', 'peso']"
1838198264228638902,"['choto', 'ingresos', 'choto', 'pedo', 'gordura', 'ropa']"
1838192125042639158,"['joda', 'sobrepeso', 'platazo']"
1838155790961570291,"['muletas', 'kilos', 'sobrepeso']"
1838061406387581334,"['años', 'verdad', 'problemas', 'salud', 'sobrepeso', 'autopsia', 'hashtag']"
1838060847932793042,['obesidad']
1838040980081004767,"['gordito', 'sumo', 'pena', 'lástima', 'palabras', 'casa', 'terapia', 'traumas', 'obesidad', 'falta', 'movilidad']"
1838018913726087193,"['pollo', 'sobrepeso']"
1837991128609538411,"['nenes', 'burro', 'asno', 'chorro']"
1837976272237994432,['pepitoCFK123']
1837965399612076346,['pijon']
1837929498290876627,"['dorso', 'de', 'mano', 'piel']"
1837917553491890656,['bolas']
1837899968226513085,"['gordura', 'anorexia', 'cosas', 'médico']"
1837874358775099608,['gorda']
1837899751968174342,"['acuerdo', 'accionar', 'niño']"
1837881396917883087,"['sobrepeso', 'favor', 'mediocridad', 'hincha']"
1837817653030703271,"['emoji', 'bandera', 'estados', 'emoji']"
1837698918114558169,"['25%', 'sobrepeso', 'pepas', 'terepin']"
1837681880600129702,"['cantante', 'culo']"
1837674940889235872,"['sobrepeso', 'pezzella']"
1837658100725149740,"['mierda', 'persona', 'red', 'social']"
1837650060110168173,"['problemas', 'sobrepeso', 'murga']"
1837631971226165485,['sobrepeso']
1837620341746675748,['lipo']
1837613285073359267,"['coreanas', 'kg', 'dale', 'obesidad']"
1837602167407951883,"['gordo', 'pija', 'silencio', 'hijo', 'put']"
1837592395762094136,"['dios', 'perra', 'lenteja', 'mierda', 'TIA', 'HAMBRE', 'razon', 'gorda']"
1837571618937491630,"['medicamentos', 'efectos', 'sobrepeso']"
1837555481381945692,"['vez', 'ascensor', 'uade', 'alarma', 'sobrepeso', 'chiste']"
1837554762373648738,"['sobrepeso', 'pija']"
1837504670668898774,"['comunista', 'quilombos', 'carteles', 'familiar', 'bolsas']"
1837157319165325641,"['coreana', 'peso', 'altura', '160cm-120=', 'cm', 'kg', 'coreanas']"
1837478588582383739,"['sobrepeso', 'años', 'opciones', 'pareja', 'chica', 'amiga', 'diferencia', 'plan', 'cuerpazo']"
1837180436318925284,"['belleza', 'mujer', 'hombres']"
1837449238210330920,"['asco', 'kirchnerista']"
1837447905088618724,"['dios', 'cantidad', 'plata', 'entrada', 'amp', 'testículos', 'zacky', 'basofia', 'pibe']"
1837397626506850356,"['asco', 'gente', 'obesidad']"
1837371230137020504,"['sobrepeso', 'verdad', 'mall', 'chicas', 'cuerpo', 'coti']"
1837314260969345267,"['sillón', 'coty', 'punto', 'morsa', 'depresión']"
1837298222303252601,"['gato', 'selfie', 'gente']"
1837274303059972111,"['bronca', 'olor', 'verdura', 'dios', 'brazo', 'obesidad', 'hija', 'puta']"
1837246255266943375,"['containers', 'mollejas', 'cosa', 'devalueta', 'país', 'dolar', 'forro']"
1837209096702902498,"['ropa', 'marzo']"
1837204129829028191,"['colegio', 'cuerpo', ' ', 'emoji', 'calavera', 'emoji']"
1837171258053537945,['día']
1837167335653675452,"['madre', 'pensamientos', 'personas']"
1837141676579524803,[]
1837118663612043277,"['emoji', 'corazón', 'emoji', '30', '\n\n', 'fuerza', 'aguante', 'resistencia', 'sobrepeso']"
1837095316459250162,"[' ', 'emoji', 'gusano', 'emoji', ' ', 'obesidad']"
1836957828348588191,"['medalla', 'nabo']"
1836933391360348566,[]
1836933290260836689,"['científicxs', 'camino', 'drogas', 'obesidad', 'mano', 'índice']"
1836921860878942402,[]
1836896683097214989,"['restricciones', 'j2', 'dólares']"
1836875159908798805,"['fármaco', 'eficacia', 'seguridad', 'tratamiento', 'obesidad', 'estudio', 'fármaco', 'hashtag', 'saxenda', ' ', 'índice', 'masa', 'niños', 'años', '\n\n', 'salud', 'negocios', 'gobierno', 'hashtag', 'farmacos', 'hashtag', 'empresas']"
1836875016744345663,"['bolsa', 'tipos', 'indigena', 'afa', 'paso', 'vicepresidentes', 'river', 'dedo']"
1836872802793669037,"['personas', 'cama', 'miedo']"
1836860168241308060,['fútbol']
1836858897186894276,[]
1836839906452082983,"['hombre', 'jijos']"
1836829762398081332,['tortafritas']
1836822886587171189,[]
1836821007664836941,"['gordura', 'hinchazón', 'foto', 'carteles', 'puerta', 'k', 'libertarios']"
1836818251864584397,"['persona', 'vez', 'país']"
1836809169032073250,['pity']
1836757185721667891,"['amiga', 'cara', 'sobrepeso', 'tussy', 'nutricionista', 'risa']"
1836755372561907878,"['silla', 'adiposidad', 'lugar', 'cansancio', 'cuerpito']"
1836748470109020250,['obesidad']
1836722336629686326,"['ejército', 'organización']"
1836647146600157678,"['plataforma', 'médico', 'tratante', 'obesidad', 'hogar']"
1836593315858260235,['gordura']
1836567629235913214,"['nombre', 'años', 'plan']"
1836565700372021318,['coreano']
1836552290695545189,"['cosa', 'obesidad', 'kpopera']"
1836500272866107532,"['poder', 'negación', 'obesidad']"
1836476848408002810,"['espalda', 'boxeador', 'gel', 'peinado', 'cebolla']"
1836474592195432777,['sobrepeso']
1836457427211792722,['trabajo']
1836423857974002029,"['dios', 'espejo', 'gordura']"
1836418771658887170,"['conducta', 'cuerpo']"
1836397552389775614,"['circunstancias', 'desvío', 'variable', 'valor', 'referencia', 'ERROR', 'modo', 'ERROR', 'setpoint', 'contexto', 'sobrecarga', 'alostática', 'obesidad', 'diabetes', 'II']"
1836395969002254555,"['obesidad', 'oso']"
1836375982820770131,"['cuerpos', 'sobrepeso', 'cara', 'ojos', 'dedos', 'dedos']"
1836372173579076000,"['sobrepeso', 'días']"
1836370258124288254,[]
1836243394802090099,[]
1836241090472522074,"['dragon', 'ball', 'z', 'mierda']"
1836232194089508981,"['jugador', 'mercenario', 'abuelo']"
1836232012941693099,['pija']
1836228973262463460,"['bronca', 'obesidad', 'likes', 'fama', 'cosas']"
1836225157020406022,[]
1836219612658053516,"['amiga', 'sidney', 'sweeney', 'borde', 'plano', 'astral']"
1836212453018947872,"['perdón', 'gordura', 'estómago', 'veces', 'mente']"
1836192343218630945,"['hija', 'Dios', 'veces']"
1836181716119007268,"['guita', 'obesidad', 'gente', 'Dios', 'cara', 'lágrimas', 'emoji']"
1836175650522103993,"['manos', 'emoji']"
1836155352385216846,"['npm', 'problemas', 'sobrepeso']"
1836146179782119621,['semen']
1836143000763928687,"['gordura', 'maldad', 'bolsito', 'depto', 'puerto']"
1836141969153691748,"['combate', 'obesidad', 'turbina']"
1836138111991967955,"['veces', 'nafta', 'año', 'veces', 'transporte', 'año', 'tarifazos', 'veces', 'presupuesto', 'side', 'obesos', 'tuiter', 'universidades', 'concha']"
1836126237787591051,"['punto', 'debate', 'canas', 'perros', 'rato']"
1836114774544822482,"['vez', 'cole', 'ENFERMEDAD', 'obesidad', 'cancer', 'pulmón', 'pucho', 'hombre']"
1836107969634640352,"['obesidad', 'fin', 'saludoss']"
1836092916227260817,"['derecho', 'opinión', 'hilo', 'obesidad', 'enfermedad', 'vez', 'flacos', 'tratamiento']"
1835824365021073424,"['opinion', 'huevo', 'ozempic', 'persona', 'AUTORIDAD', 'tema', 'obesidad', 'opinion']"
1836086820427247985,"['olor', 'guiso', 'ramones', 'banda', 'crío', 'neuronas', 'marcha']"
1836080580246540470,"['adelgazamiento', 'terapia', 'psiquiatra', 'obesos', 'cabeza', 'mierda']"
1836067228443181441,"['pelotas', 'cucaracha', 'obesidad']"
1836052256132633072,"['gordura', 'persona', 'trabajo', 'persona']"
1836046916427104608,"['sobrepeso', 'médica']"
1836023237890765032,"['años', 'sobrepeso', 'comentarios', 'papo']"
1836019704097300548,"['zanja', 'pasado', 'pajas']"
1839264137475493995,"['persona', 'mierda', 'FIERA']"
1839227826358100358,"['sobreuso', 'pantallas', 'reducción', 'tiempo', 'actividades', 'interacciones', 'ejercicio', 'sueño', 'riesgo', 'obesidad', 'somnolencia', 'de']"
1839134565266288983,"['gordura', 'chaleco']"
1839130163377733925,"['semana', 'semana', 'mierda', 'sentimiento', 'exigencia', 'pedazo']"
1839120100432957476,"['desmayos', 'pasarelas', 'modelos', 'días', 'trajes', 'desfile', 'click', 'ignorancia', 'extremos']"
1839119836196041008,"['modelos', '90/60/90', 'tupper', 'problema', 'resto', 'festival', 'favor', 'tipo', 'modelo', 'delgadez', 'desfiles', '90']"
1839119662774132886,"['médico', 'montón', 'chicas', 'atentis', 'HERBALIFE']"
1839115478314230227,"['vida', 'charlas', 'obesidad', 'programas', 'peso', 'problema', 'anorexia', 'paciente', 'modelo', 'cuerpo', '90/60/90', 'tipo']"
1839113381447418295,"['video', 'humor', 'cuerpo', 'obesidad', 'autoestima']"
1839111708129800599,"['100%', 'sobrepeso', '100%', 'físico']"
1839111137939361960,"['sangre', 'cabeza']"
1839108736394166636,"['temas', 'salud', 'vida', 'upa', 'cosa']"
1839108262697881697,"['mujeres', 'tema', 'peso', 'mujer', 'hecho', 'peso', 'manera', 'sobrepeso']"
1839103989285106149,"['twit', 'obesidad', 'diabetes', 'hora']"
1839103296314700094,"['padre', 'decisión', 'condicion', 'problema', 'fotos']"
1839101976442814817,"['AÑO', 'CUADRA']"
1839100843162829043,"['portada', 'medio', 'gordura']"
1839099844197007799,"['comida', 'ropa', 'upa', 'gente', 'ropa', 'gente', 'problema']"
1839095212297138354,"['verano', 'birra', 'pizza', 'asados']"
1839089711110820012,"['literatura', 'hombres']"
1839073647283069225,"['caca', 'ojos', 'gordura']"
1839064232769573077,[' ']
1839056908038066237,"['mcrae', 'estándar', 'chama', 'huesos']"
1839039478033166827,"['revista', 'publicidad', 'obesidad', 'Publicidad', 'tabaco', 'alcohol', 'personas', 'obesidad', 'grito', 'modelos', 'marcas', 'kg']"
1839038999941312968,"['pija', 'gobierno', 'siquiátrico', 'segundo', 'mierda']"
1839036661788770564,"['desnutrición', 'anorexia', 'obesidad', 'trastorno', 'alimentación', 'acompañamiento', 'nutricionista']"
1839036352853324155,"['percepción', 'publicidad', 'talles', 'tipo', 'cuerpos', '90-60-90', 'promedio', 'peso', 'tipo', 'obesidad']"
1839024228403749235,"['obesidad', 'chabón', 'mujeres', 'bola']"
1839018111653056781,"['drogas', 'obesidad', 'efectos', 'cuadros', 'emoji', 'mano', 'índice']"
1839016411793949074,"['comida', 'todo', 'gaseosa', 'vez', 'snacks', 'opinión', 'experiencia', 'hijos', 'elección']"
1838996959585095870,"['pensamiento', 'onda', 'altura', 'vida', 'gustos', 'sobrepeso', 'enefermedades', 'colores', 'disfrute']"
1838974631119642981,['norte']
1838973202778718526,"['emoji', 'megáfono', 'emoji', 'animales', 'celo', 'sarna', 'peso', 'meses', 'gatos', 'meses', 'hembras', 'secreción', 'vulvar']"
1838955861856690354,"['anorexia', 'obesidad', 'condición', 'enfermedad']"
1838955166881726601,"['persona', 'peso', 'ideal', 'ideal', 'estética', 'armonía', 'cuerpo', 'contextura', 'obesidad', 'forma']"
1838954593184629234,"['gustito', 'vez']"
1838953353147027657,"['capitan', 'bandera', 'club', 'tiempo']"
1838950816029331529,"[' ', ' ', 'emoji', 'cara', 'llorando', 'risa', 'emoji', ' ', 'cara', 'risa', 'emoji', ' ', 'risa', 'emoji', ' ', 'muppet']"
1838924986951581934,"['sobrepeso', 'casos', 'obesidad', 'morbida', 'sobrepeso', 'masa', 'muscular', 'peso', 'cuerpo', 'casos']"
1840734914393571397,"['tema', 'gordura', 'garcas', 'amoralidad', 'garcas']"
1840734484544582094,"['general', 'vida', 'cara', 'ogt', 'reflejo', 'interior', 'gordura', 'exterior']"
1840724718938194273,['papá']
1840703191698071931,"['guita', 'brainer', 'ozempic']"
1840700629737488638,['obesos']
1840693778127995345,"['señor', 'desagrado', 'ser', 'lado', ' ', 'cara', 'grogui', 'emoji']"
1840691128087031912,"['nabo', '2015', 'gobiernos', 'salario', 'meses', 'estupidez']"
1840633283945603411,"['matambre', 'foto', 'gordura', 'cara']"
1840600361725276397,['grasa']
1840584723342479506,"['ciudad', 'mundo', 'demanda', 'fabrica', 'azúcar', 'azúcar', 'ciudad', 'contrabando']"
1840582044977344849,"['TCA', 'percepción', 'realidad']"
1840579310094094410,"['BOLAS', 'DELGADEZ', 'GORDURA', 'GENTE']"
1840568331893403802,"['GORDURA', '90']"
1840568070076555608,"['sobrepeso', 'etiqueta']"
1840562622292222095,"['capítulo', 'scooter', 'obesos']"
1840557746761895959,"['dios', 'vida', 'tierra', 'karma', 'justicia']"
1840551505436250331,"['olor', 'culo', 'vista', 'quiebra', 'favor', 'obesas']"
1840550382218432752,"['gordura', 'respeto']"
1840548297276366919,[]
1840531128811462874,"['recesión', 'recesión', 'obesidad', 'obesidad', 'chantas', 'gente', 'generación', 'hijos']"
1840525815953478104,"['decadas', 'cuerpo', 'medico', 'fisico', 'dias']"
1840519448194613260,"['gordura', 'leche', 'prole']"
1840500382256017702,"['gracias', 'misil', 'división', 'poderes', 'KK', 'esqueleto']"
1840498605238689874,"['partido', 'premier']"
1840479160042668370,"['delincuente', 'compañeros', 'penal', 'bolsa', 'triglicéridos']"
1840455674330841537,"['espejo', 'necesidad']"
1840443119017267327,"['pija', 'bici', 'sillín']"
1840433015878549894,"['karma', 'vida', 'caso', 'medico', 'responsabilidad']"
1840427204427067673,"['viernes', 'kilos', 'pandemia', 'kilos', 'kilos']"
1840425399035052403,"['no', 'comer', 'harinas', 'pizzetas', 'ayuda', 'calor', 'emoji', ' ', 'emoji', 'cara']"
1840424717754241485,"['sobrepeso', 'cafe']"
1840421668692361626,"['cirugía', 'respuesta', 'exceso', 'peso', 'pacientes', 'obesidad']"
1840408907040133176,"['parque', 'cantidad', 'gente']"
1840407488434237682,"['normalidad', 'término', 'sobrepeso', 'obesidad', 'obesidad', 'concepto']"
1840403947435012431,"['hijo', 'puta', 'mierda']"
1840401780707864765,"['mujer', 'billete', 'hijas', 'sobrepeso', 'enfermedades']"
1840401396299870407,['día']
1840400506759282920,"['obesidad', 'dudas']"
1840397929170829802,"['presidente', 'friula', 'capilla']"
1840395587985854781,"['sentido', 'momentos', 'sobrepeso', 'rango']"
1840392403607278009,['dios']
1840390344963133515,['gente']
1840369324986445824,"['emoji', 'emoji', ' ', 'frutas', 'verduras', 'día', 'emoji', 'rombo', 'emoji', ' ', 'de', '\n ', 'emoji', 'rombo', 'emoji', ' ', '\n ', 'emoji', 'rombo', 'emoji', ' ', 'actividad', 'emoji', 'emoji', ' ', 'alcohol', '\n\n', '\n', 'publicaciones', 'iecs', 'hashtag', 'salud', 'cardiovascular']"
1840315583901978891,"['emoji', 'ensayo', ' ', 'bebida', 'emoji', 'estudio', 'hashtag', 'pan', 'café', 'grasa', 'obesidad', 'síndrome', 'investigación', 'cabo', 'habitantes', 'Nota']"
1840253984793055399,"['gremio', 'mayoría', 'sobrepeso', 'gorra']"
1840232226572624229,"['familia', 'sobrino', 'tía', 'síndrome', 'obesidad', 'verdad']"
1840219560844148981,"['obesidad', 'factor', 'riesgo', 'enfermedades']"
1840207272548470914,"['verdad', 'sobrepeso', 'obesidad']"
1840198259073007995,['bajada']
1840173759287656627,"['lugar', 'chicas', 'sobrepeso', 'cambio', 'chicas', 'peso', 'peso', 'sufrimiento']"
1840170526855114764,"['cava', 'foca']"
1840162783284842763,['gordura']
1840149637908292076,[]
1840142309578682659,[]
1840140443335471144,"['factores', 'riesgo', 'edad', 'antecedentes', 'tabaquismo', 'niveles', 'colesterol', 'sangre', 'sedentarismo', 'diabetes', 'sobrepeso', 'obesidad']"
1840134297661124757,"['apuestas', 'vida', 'arbusto']"
1840119169058062546,"['piña', 'realidad', 'charlatán']"
1840102441691557920,[]
1840090817031016463,"['fafiña', 'atados', 'puchos', 'obesidad']"
1840048356040601965,"['cosas', 'waterdrop', 'hecho', 'mayoría', 'conter', 'bandera', 'emoji', 'cigarrillo', 'emoji', 'emoji', 'dedos', 'emoji']"
1840042659345322361,"['merca', 'pucho', 'obesidad', 'karma', 'jefa', 'reina', 'país', 'calle']"
1840039482298343501,"['gordura', 'antiguedad', 'gente', 'simbolo', 'status']"
1840026863059493270,"['karma', 'camionero']"
1840019253493211176,[]
1840014573044179131,['obesidad']
1840001793134125541,['vía']
1840001435720651164,"['edad', 'obesidad']"
1839905958559965488,"['QUÍMICOS', 'ALIMENTACIÓN', 'OBESIDAD', 'CÁNCER', 'salud', 'través']"
1839884558218436888,"['jj', 'personalidad']"
1839878190853931328,"['daniela', 'panqueques', 'punto', 'gordura', 'amor', 'momento']"
1839845406911398236,"['bichos', 'gato', 'panza']"
1839842304586100815,"['chongo', 'latas', 'estrellas', 'cosas', 'estilo', 'película', 'crepúsculo', 'vaso', 'vino', 'viuda', 'años']"
1839815904030228636,"['prueba', 'seguridad', 'orangutan', 'obesidad', 'medio']"
1839813371375263783,"['culto', 'obesidad']"
1839798514710392961,"['twt', 'momento', 'parte', 'cultura', 'inteligencia', 'años']"
1839793167400407334,"['obeso', 'años', 'obeso']"
1839765183063044237,[]
1839762527636381899,"['salud', 'bienestar', 'mardel', 'plata', 'desnutrición', 'pandemia']"
1839757386103345527,['cruz']
1839743804926251084,['familia']
1839700886701879759,"['periodista', 'hombre', 'egocentrismo', 'órgano', 'kiwi', 'cigarrillo', 'sobrepeso', 'putañar']"
1839674249943859271,[]
1839651695241920968,"['favor', 'chavon', 'pelota']"
1839544628007096336,"['sobrepeso', 'cirugía', 'cicatrices', 'peso', 'problema']"
1839534249742877091,['asco']
1839522333498749102,[]
1839509216978972885,"['panza', 'besos']"
1839497227565178961,"['señor', 'sobrepeso', 'ende', 'atados', 'día', 'días', 'dedos']"
1839485440132350231,"['abogada', 'inteligencia', 'tipo', 'obesidad', 'pierna', 'mierda', 'diabetes']"
1839453113595695579,"['sobrepeso', 'vida', 'historia']"
1839442310616232307,"['gato', 'dieta']"
1839433790331961537,['meses']
1839417700054925454,"['muchacho', 'gol', 'contra', 'final', 'libertadores', 'momentos', 'figura', 'burro']"
1839394264780071049,"['final', 'operador']"
1839379045974446524,['termotanque']
1839367783823692175,"['manatí', 'obesidad']"
1839365178242310649,"['inteligencia', 'habilidad', 'ignorancia', 'enfermedades', 'sobrepeso', 'veces', 'tw']"
1839350214353952896,['obesas']
1839329699727839366,['papada']
1839327291589144579,"['figura', 'patria', 'complices', 'dictadura', 'vida']"
1839323898833502290,"[' ', 'gordura', 'realidad']"
1839323659225415908,[]
1839319102055395840,"['karma', 'puchos', 'obesidad', 'chupelupe']"
1839311608394428447,"['15', 'piernas', 'gimnasio']"
1853429514627379663,"['hincha', 'general', 'años', 'déficit']"
1853424778192761214,['obesos']
1853381839714492776,"['bodegón', '10.000', 'fritas', 'personas', 'morlacos', 'panqueques', 'manzana', 'nivel', 'dios', 'mangos']"
1853316713938403408,"['programa', 'cuestión', 'peso', 'cielo']"
1853299226656084246,"['película', 'razón']"
1853287684996804883,"['lit', 'lado', 'obesidad']"
1853269533986849204,"['cuestión', 'peso']"
1853259825322373282,['cirugías']
1853244958066540603,"['salud', 'sobrepeso', 'futuro']"
1853240312035963054,"['zopi', 'sobrepeso']"
1853236817618776513,"['soretes', 'dirigencia', 'jugadores', 'lujo', 'sobrepeso', 'AÑO', 'punto', 'mierda']"
1853233756624298402,"['bullyng', 'secundaria', 'gente', 'grupos', 'amigos']"
1853233079277502599,"['Tetas', 'travesti', 'tetas']"
1853219005785616765,"['asco', 'hombre', 'pena', 'ser', 'humano', 'persona', 'sobrepeso', 'nivel', 'salud', 'tiempo']"
1853217955833639200,"['bulimia', 'anorexia', 'desórdenes', 'kilos']"
1853189595531223098,"['2024', 'obesos', 'cuarto', 'dron']"
1853155493293723666,"['años', 'sobrepeso', 'cara', 'miedo', ' ', 'centro', 'falta']"
1853151989217313189,"['SOBREPESO', '\n', 'hábitos', 'educación', 'origen', 'apoyos', 'energía', 'actividades', '\n', 'flexibilidad', 'ritmos', 'modorra', 'displacer']"
1853127972967895469,"['primaria', 'posibilidad', 'orto', 'años', 'compañeros', 'sobrepeso', 'animé']"
1853117062735950271,"['enfermedades', 'obesidad', 'kirchnerismo']"
1853110942453633528,"['gordura', 'camión', 'carga', 'ballena']"
1853106052440772894,"['lugar', 'ánimo', 'cuenta', 'obesidad', 'enfermedad', 'necesidad']"
1853085936998903888,"['espíritu', 'tortilla', 'avena', 'sanguchito', 'salame', 'queso']"
1853070116868468996,"['mentales', 'exhibicionismo', 'uso', 'obesidad', 'foto', 'años', 'groncha', 'exceso', 'trigliceridos', 'colesterol', 'cuerpo', 'PROGRESISMO']"
1853057544559747418,"['aspiradora', 'pauta', 'provincia', 'dinero', 'seguridad', 'salud']"
1853043992838988185,['hijos']
1853018683456516240,['obesos']
1852938029997924601,"['bajón', 'gatos', 'perros', 'emoji', 'revés', 'emoji']"
1852914513760100669,"['gordura', 'cara', 'desaprobación']"
1852893051900846417,"['cuerpo', 'persona', 'cabeza']"
1852881450648957051,['abrazo']
1852880848581726444,"['pelotas', 'forros', 'años', 'huevo', 'DTs', 'dirigentes']"
1852870520410357918,"['momentos', 'peso', 'llegada', 'kilos']"
1852880276130607273,"['obesidad', 'demencia']"
1852852887447105949,"['HABIA', 'emoji', 'risa', 'emoji', ' ', 'emoji', 'risa', 'emoji', ' ', 'risa', 'emoji', 'falta', 'morbida', 'cuadriplejica']"
1852852318913409327,[]
1852848788823810291,"['oposición', 'amigas', 'amigos']"
1852848363210772785,"['mierda', 'mierda', 'gente', 'cara', 'meses', 'zángano']"
1852824261443944509,"['kilos', 'gordura', 'obesidad', 'agua']"
1852817312216461366,"['película', 'flaco', 'mujer']"
1852797574228406725,"['sueño', 'mina', 'banda', 'cosas', 'gordo']"
1852795370285285810,[]
1852766636509372596,"['puta', 'pollo', 'plancha', 'enfermedades', 'sobrepeso', 'guita']"
1852756917652701425,"['obesidad', 'enfermedad']"
1852742182656184401,"['obesidad', 'sunga']"
1852709414282625180,"['amigas', 'diabetes', 'sobrepeso', 'médicos', 'verdad', 'matrícula']"
1852698366716612948,['sexualidad']
1852697423988060523,"['general', 'vagancia', 'obesidad', 'caso', 'risa', 'lengua']"
1852660641103822864,"['análogos', 'péptido', 'glucagón', 'semaglutida', 'tirzepatida', 'cirugía', '\n\n']"
1852635876121100445,"['radical', 'gordura', 'hinchazón', 'posición', 'respeto', 'forma']"
1852530604941726032,"['razón', 'sobrepeso', 'plato']"
1852483041240961488,"['fantasía', 'kuka']"
1852478728971899206,"['estetica', 'cara', 'peregil']"
1852440159553241550,"['amigo', 'chicas', 'obesidad', 'tipo', 'mujer', 'novia', 'cuerpos']"
1852437002932625866,[]
1852432808108527685,[]
1852391873484099868,"['semana', 'palito']"
1852387888928796731,"['gym', 'gordura', 'emoji', 'cara', 'emoji', ' ', 'emoji', 'cara', 'cansada', 'emoji']"
1852373968348455040,"['jugadores', 'años', 'fútbol', 'huevos', 'fortuna', 'gusto', 'sobrepeso', 'cuota', 'socio', 'vez']"
1852372279553818982,"['kuka', 'sobre', 'año', 'cambio', 'gobierno']"
1852369639344365615,"['tipo', 'sobrepeso', 'fortuna', 'palco']"
1852356707780891016,"['gato', 'brazos', 'bebe', 'espalda']"
1852354392982233163,"['tema', 'meme', 'ciclo', 'reencarnación', '42', 'sobrepeso']"
1852349784901710219,['dios']
1851997040735056149,"['separacion', 'chad', 'cumple', 'bebe', 'olvido', 'perdon']"
1852339543694889348,['pochoclo']
1856015039473271054,"['temporada', 'sobrepeso']"
1856012755410555267,['psiquiatra']
1856012214437880029,"['nword', 'versión', 'inclusión']"
1856002721079271580,"['obesidad', 'vida']"
1855981992195600581,[]
1855981765015302437,"['gente', 'aura']"
1855972551253533187,"['kilos', 'mayoría', 'comentarios']"
1855964894027292896,"['chica', 'color', 'iniciativa', 'grupo', 'rubia', 'chica', 'sobrepeso', 'cara', 'medio', 'descarte', 'fondo', 'vuelta', 'tortilla', 'hombres', 'emoji', 'gato', 'risa', 'emoji', 'emoji', 'gato', 'risa']"
1855963143534419996,"['lesbiana', 'sobrepeso', 'pija']"
1855959274452553768,"['hilo', 'MASCOTA', 'inteligencia', 'problemas', 'ira', 'vez', 'TIEMPO']"
1855724135017812368,"['MASCOTA', 'vaca', 'ron', 'inteligencia', 'boludon', 'enanos', 'vez', 'nene', 'piedras', 'bronca', 'emoji', 'roncito', 'pichi']"
1855912478862954806,"['capitulo', 'viernes', 'tipo', 'mujer', 'by', 'pass', 'notas', 'morbo', 'obesidad']"
1855826209403236605,['obesidad']
1855817039815807413,"['obesidad', 'coso', 'masterplan']"
1855816060844314881,"['sobrepeso', 'marrano']"
1855802584738435248,"['emociones', 'sobrepeso', 'autoestima', 'lugar', 'kilos']"
1855798941519917339,"['sexismo', 'música', 'mujeres', 'escarbadientes', 'tetas', 'cara', 'tipos', 'dientes', 'sobrepeso', 'trajes', 'XL', 'tanga']"
1855797848291377597,"['problema', 'gordura']"
1855769304194580679,"['calidad', 'sobrepeso']"
1855766540638974364,"['arquero', 'altura', 'club', 'colombiano', 'falta', 'respeto']"
1855739339189236129,"['OBESOS', 'emoji', 'cara', 'cansada', 'emoji', ' ', 'emoji', 'cara', 'cansada', 'emoji']"
1855713802236391589,"['obesidad', 'país', 'obesidad', 'forma', 'liposucción', 'mensaje', 'salida', 'salida', 'gimnasio', 'influencers']"
1855667656793153663,['cara']
1855657449954443525,"['chica', 'clima', 'mamita', 'cosas', 'papelones']"
1855649993517846528,"['ruido', 'chino', 'silla', 'ruedas', 'anciano', 'puntos', 'cupo']"
1855572346192421155,"['problemas', ' ', 'obesidad']"
1855483426444324962,"['ropa', 'emoji', 'emoji']"
1855446642121445586,[]
1855445124131471871,"['adiposidad', 'maldad', 'peso', 'superioridad']"
1855383273091854580,"['arquero', 'atajadon', 'arquero', 'vergüenza']"
1855374619823542356,"['infierno', 'regreso', 'bullying', 'gente', 'demasía', 'caso', 'joda', 'vida']"
1855333528294089175,"['hermano', 'parte', 'alma', 'cuerpo', 'vida', 'momento', 'gato', 'caso']"
1855333002374771012,['repente']
1855328736000012509,"['hijos', 'feminazi']"
1855320203699126653,"['boxeador', 'compromiso', 'entrenamiento', 'labor', 'categoría', 'sobrepeso', 'culpa', 'equipo', 'futuro']"
1855281885032685906,"['hospital', 'obesidad', 'flexionado']"
1855280461565603976,"['moto', 'gordura', 'gente', 'moto', 'uber', 'moto', 'delivery', 'paquete', 'kg', 'km', 'vez', 'encomienda']"
1855230403109364159,"['ganas', 'lomito', 'papas', 'dios', 'gordura']"
1855207924383076607,"['cuenta', 'tiempo', 'carpita', 'valija', 'mano', 'lados', 'bolsillo']"
1855133460999913505,"['fetiche', 'paja', 'puta', 'favor', 'baño', 'uñas', 'indigente']"
1855087227820257590,['idea']
1855080063030464969,"['persona', 'vida']"
1855070251693883640,"['cagón', 'lesbiana', 'sobrepeso', 'gente']"
1855024482999538080,"['Dios', 'vida', 'cambio', 'lástima', 'instintos', 'semana', 'coca']"
1855014306347118749,"['mitad', 'población', 'mujer', 'problemas', 'sobrepeso', 'dentadura', 'educación', 'pueblo', 'fin']"
1855002232938258919,"['yankee', 'grasa', 'cabeza']"
1855000520861110674,"['obesidad', 'problema', 'complejo', 'postres', 'problema', 'complejo']"
1854977937570922720,[]
1854977106100244922,"['meses', 'embarazo', 'cuenta', 'gordura', 'familia', 'piba', 'bebé', 'teta', 'favor', 'horror']"
1854967223565087046,"['16/11', 'gimnasiosargentina', 'hashtag', 'mercado', 'fitness', 'hashtag', 'emprendedorfitness', 'entrenamientopersonalizado', 'hashtag', 'entrenadorpersonal', 'hashtag', 'personaltrainer', 'hashtag', 'entrenadorespersonales']"
1854956515280457780,"['cuestiondepeso', 'frase', 'influencers', 'profesionales', 'obesidad', 'cara', 'ojo']"
1854954723704815852,"['videos', 'verdad', 'obesidad', 'jugo', 'limón', 'mañana', 'hashtag', 'cuestiónde', 'peso']"
1854938542855578074,['GATITOS']
1854927233871163506,"['sobrepeso', 'moto', 'forro', 'didi', 'persona', 'grúa', 'gordofobia']"
1854908333058072629,"['forma', 'gordura']"
1854908233019777059,"['sindicalista', 'delikadeza', 'corpiño']"
1854888022799483391,"['persona', 'dificultad', 'culo', 'cuenta', 'diferencia']"
1854886969500660020,"['gente', 'dificultades', 'cuenta', 'países', 'bidet', 'fotos', 'verano', 'culo']"
1854876651932311732,"['mc', 'casa', 'hdp']"
1854869414165827937,"['años', 'obra', 'teatro', 'colonia']"
1854853531053809845,"['kg', 'cuadra', 'manera', 'caso', 'sobrepeso', 'moto']"
1854846753238917629,"['cosas', 'rechazo', 'incomodidad', 'obesidad']"
1854843267742937446,"['majinbuu', 'tipo', 'razón', 'protocolo', 'lógica', 'peso', 'moto', 'tipa', 'grasa', 'sobrepeso', 'enfermedad']"
1854832727012339771,['gordura']
1854818500881043899,"['puestos', 'trabajo', 'sables', 'carne']"
1854717465890087223,"['grasa', 'trabajo', 'tiempo', 'mundo', 'desayuno', 'cuadras', 'servicio', 'grua', 'greenpeace', 'lechon']"
1854707155552600276,"['desastre', 'sobrepeso', 'puesto']"
1854703999095623863,"['sobrepeso', 'kg', 'hadid', 'uber']"
1854686676171321593,"['chabón', 'persona', 'sobrepeso', 'moto', 'herramienta', 'trabajo', 'peso', 'carga', 'motos', 'chicas', '250cc', 'peso', 'carga', 'kg', 'modelo']"
1854699620859015270,"['músculos', 'gente', 'mierda']"
1854696579996729522,"['comentario', 'parte', 'evidencia', 'hiena', 'sobrepeso']"
1854691323716288926,"['gordura', 'ejercicio', 'motivos']"
1854686488841130322,"['motivo', 'callejón', 'vida', 'portador', 'apellido']"
1854684726113579243,[]
1854666709090660394,"['amiga', 'arterias']"
1854655569946116268,"['niños', 'chaco', 'obesidad']"
1854635733148926182,"['nombre', 'sexos', 'novio', 'trolazo', 'culo', 'ano']"
1854633919779315837,"['nene', 'murra', 'libertario', 'verdad', 'gordura', 'hinchazon']"
1854632933002461614,[]
1854625685098443199,"['asco', 'videos', 'pais', 'obesidad', 'mundo']"
1854622851405402147,"['gordura', 'fruto', 'estilo', 'vida', 'momento', 'ozempic', 'efecto', 'rebote']"
1854622646165475479,"['ozempic', 'páncreas', 'puré', 'ingredientes', 'veneno', 'serpiente', 'importancia', 'gracia', 'dato']"
1854621962036711580,"['meses', 'piel', 'ojeras', 'zombie', 'efectos', 'ozempic', 'ozempic']"
1854617445115609479,[]
1854590406937448552,"['redes', 'calle', 'mocos', 'manga', 'orto', 'silla', 'tetones', 'bondi', 'olor', 'culo', 'jabón']"
1854589065988911518,['virgen']
1854573239483212017,"['amortiguadores', 'pinchazos', 'sobrepeso']"
1854570232406331553,"['colesterol', 'presión']"
1854567585104224276,"['opinión', 'noticia', 'dolor', 'país', 'mierda', 'complejo']"
1854563639782502453,"['tratamiento', 'obesidad', 'diabetes', 'ingrediente', 'agonista', 'receptor', 'amilina', 'calcitonina']"
1854548850997928227,"['tipo', 'obesidad', 'cuerpo', 'sociedad', 'cuerpo', 'sobrepeso']"
1854532343588925533,"['forma', 'firmeza']"
1854531071968174495,['sobrepeso']
1854514215186305347,"['práctica', 'prevención', 'diagnóstico', 'tratamiento', 'obesidad', '2024', 'español']"
1854506367379226836,"['lleno', 'leche', 'yanki', 'jajasjskaja', 'corbatitas', 'mentales', 'emoji', 'símbolo', 'silla', 'ruedas', 'emoji', 'emoji', 'símbolo', 'silla', 'ruedas', 'emoji', ' ', 'emoji', 'símbolo', 'silla', 'ruedas', 'emoji', 'símbolo', 'silla', 'ruedas', 'símbolo', 'silla', 'ruedas', 'emoji', ' ', 'emoji', 'símbolo', 'silla', 'ruedas', 'emoji']"
1854505543978598889,"['fat', 'acceptance', 'aumento', 'cantidad', 'mujeres', 'sobrepeso', 'cantidad', 'hombres', 'mujeres', 'bait', 'dato', 'respuesta', 'pregunta']"
1854485561160978489,"['años', 'empresa', 'candidatas', 'puesto', 'señora']"
1854475088038387875,"['confección', 'ropa', 'carabineros', 'video', 'obesidad', 'pie', 'verguenza']"
1854459834491425041,"['rollitos', 'conurbano', 'playa']"
1854451846821081557,"['año', 'vacaciones', 'concha', 'costa', 'hambre', 'clase', 'pata', 'manual!Muerta', 'hambre', 'delirios', 'pto', 'madero', 'bondi']"
1854451155683713133,"['dia', 'concha', 'menopausica', 'bizcochos', 'trauma', 'hambre', 'villera', 'hambre']"
1854448548823142572,"['orto', 'hiena', 'sobrepeso']"
1854427750733410328,['asco']
1854427481630998537,"['marra', 'persona', 'estilo', 'colmillot']"
1854421099766829070,"['gustos', 'opiniones', 'futbol']"
1854360559946219636,[]
1854339451956125954,"['SEMAGLUTIDE', 'OBESIDAD', 'dudas', 'estrategia', 'MARKETING', 'video', 'emoji', 'mano']"
1854321780128698499,"['HIENA', 'SOBREPESO']"
1854155715859943897,"['auto', 'león', 'hiena', 'sobrepeso']"
1854313625327944112,"['peso', 'pasos', 'tratamiento', 'obesidad']"
1854313083591651752,"['prohibiciones', 'población', 'consumo', 'comida', 'estudios', 'lugares', 'productos', 'moderación']"
1854308149290836363,"['molécula', 'prevención', 'obesidad']"
1854303266542170321,"['medialunas', 'manteca', 'sobrepeso']"
1854291317972738458,"['autoridades', 'sobrepeso']"
1854290813796188344,"['borde', 'obesidad', 'jean', 'talle', 'matambre', 'rollos']"
1854287532919505378,"['solución', 'osos', 'mascotas']"
1854282766734758374,"['olor', 'grasa']"
1854282250659012821,"['cagaso', 'obeso']"
1854281914267615680,"['empresa', 'olor', 'chipa']"
1854280888231551028,"['don', 'emoji', 'marca', 'beso', 'emoji']"
1854280734015390028,"['olor', 'grasa', 'vergüenza', 'estadio', 'hinchas']"
1854279164712366426,"['pruebas', 'dudas', 'casting', 'mujeres', 'loveisblindargentina', 'sobrepeso', 'momento']"
1854279076489445660,"['olor', 'estadio']"
1854278381535449302,['olor']
1854268684413624413,"[' ', 'olor', 'grasa']"
1854266968678822091,"['olor', 'chipa', 'club', 'gente', 'estadio', 'grasa']"
1854266198369911188,"['tarado', 'progres', 'obesidad']"
1854265952667406847,"['olor', 'chipa', 'grasa', 'club']"
1854262877273591972,[]
1854262282152300894,"['virus', 'centro', 'humanidad', 'incinerador', 'm@usuario']"
1854245112655630531,"['HIENA', 'SOBREPESO', ' ', 'emoji', 'risa', 'emoji']"
1854237903146119178,"['opinion', 'gente', 'sobrepeso', 'sobrepeso', 'cuore', 'arterias', 'columna', 'cuerpo']"
1854216164450169009,"['pelotudo', 'favor', 'intereses', 'persona', 'mundo', 'estado', 'impuestos', 'derecho', 'propiedad', 'libertad', 'estados']"
1854189793577492675,"['ardilla', 'atención', 'vida', 'región']"
1854183738969620942,"['peso', 'altura', 'edad', 'contextura', 'número', 'balanza', 'composición', 'gente', 'grasa', 'músculo', 'gente', 'número', 'balanza']"
1854177828566167728,"['sobrepeso', 'obesidad']"
1854175087785640392,"['ex', 'mirada', 'cuerpo', 'nive', 'salud', 'inconsciencia', 'falta', 'respeto']"
1854164240187224507,"['emoji', 'hierba', 'emoji', 'carrera', 'nutrición', 'profesional', 'hombre', 'áreas', 'obesidad', 'diabetes', 'alimentación', 'cáncer', 'ritmo', 'acceso', 'meses', 'Coordinado', 'Universidad', 'Inscríbete', 'emoji', 'mano', 'índice', 'derecha', ' ']"
1854148287713914910,"['trump', 'sobrepeso']"
1854145422001873022,"['emoji', 'gota', 'sangre', 'emoji', 'DIABETES', '\n ', 'emoji', 'diente', 'emoji', 'CARIES', 'emoji', 'balanza', 'emoji', 'OBESIDAD', '\n ', 'emoji', 'gallina', 'emoji', 'HORMONAS']"
1854173713278591264,"['opinión', 'persona', 'sobrepeso', 'pelotas', 'gente', 'panza', 'cuerpo']"
1854143707554914755,"['forma', 'vida', 'obesidad', 'drogadicción', 'pereza', 'celibato', 'genes']"
1854143027075235918,"['ejemplo', 'obesidad']"
1854123481018909117,"['obeso', 'nutricionista', 'balanza', 'kilos']"
1854106353771360430,['obesidad']
1854007635680661998,"['tuiteros', 'traje', 'vivo', 'casta', 'caja', 'sillon', 'mesa', 'cables', 'hamburguesas', 'mcdonalds']"
1854004496642257121,"['papelón', 'años', 'resultado']"
1853978689467548141,"['gente', 'apetito', 'cabeza']"
1853957644479857011,['vida']
1853948027687387358,"['cositas', 'estándares', 'belleza', 'mano', 'capitalismo', 'tanto', 'trato', 'mujer', 'sobrepeso', 'hombre']"
1853942261098140022,"['amor', 'obesidad']"
1853935243121885549,"['criollitos', 'grasa', 'keto', 'palos', 'fan', 'gordura']"
1853923688007012436,"[' ', 'fuego', 'emoji', ' ', 'bandera', '\n\n', 'sobrepeso', 'GP', 'maniobra', 'mes', 'octubre', 'F1']"
1853922814627139599,"['sobrepeso', 'preferencias', 'petrolero', 'peronista', 'prepo', 'lista']"
1853917050072072265,"['profesor', 'facultad']"
1853910772356981140,[]
1853901410271981802,"['nutricionista', 'antojo', 'boludeces', 'videos', 'gente']"
1853866339137438162,['leche']
1853863285960912985,"['sobrepeso', 'casos', 'peso']"
1853855977306488918,"['estadlunidenses', 'guerra', 'emoji', 'emoji', ' ', 'emoji', 'emoji', 'jsjfjask', 'hija', 'pu']"
1853841425659470268,"['gordura', 'cambio']"
1853834680371429452,"['madre', 'culo', 'MUFA']"
1853829623034925406,"['emoji', 'luces', 'policía', 'emoji', 'Campaña', 'emoji', 'luces', 'policía', 'emoji', '\n ', 'emoji', 'hamburguesa', ' ', 'Campaña', 'Orgullo', ' ', 'emoji', 'cerdo', 'emoji', ' ', 'emoji', 'corazón', 'creciente', 'emoji']"
1853817305731387607,"['campaña', 'orgullo', 'oportunidad', 'hamburguesas', 'manera', 'amigo', 'twitter', 'báculo']"
1853779156305121588,"['ramen', 'gato', 'lado', 'mier']"
1853749987097628931,"['problemas', 'obesidad', 'final', 'moral']"
1853727339777048688,"['décadas', 'populismo', 'obesidad']"
1853627982662807765,"['chance', 'años', 'vida', 'obesidad', 'peronismo', 'poder', 'lapicera']"
1853610822347698305,"['gordura', 'día']"
1853606709924630594,"['tiempo', 'jovenes', 'palabra', 'obesidad', 'insulto', 'tiempos']"
1853605536488628603,[]
1853603547851485338,"['dorso', 'de', 'mano', 'piel', 'emoji']"
1853600724883484833,['gordura']
1853581949581115432,"['médico', 'obesidad', 'enfermedad']"
1853574223903457379,"['gata', 'diagnostiqué', 'vete', 'estudios', 'droguis', 'sangre']"
1853574219566653792,"['gata', 'vez', 'siamesa', 'negro', 'gatos', 'flia', 'peso', 'pérdida', ' ', 'emoji', 'cara', 'gato', 'miedo', 'mes', 'emoji', 'manos', 'corazón']"
1853553790386848142,['sobrepeso']
1853553148599693586,"['sobrepeso', 'par', 'caramelos', 'frasco', 'pies', 'coma', 'tweet', 'afán', 'atención', 'risa']"
1853540354361811025,"['programa', 'día', 'micrófono', 'estudio', 'visita', 'doctora', 'médica', 'especialista', 'nutrición', 'diabetes', 'obesidad', 'auricular', 'teléfono', 'charla', 'empleada']"
1853540204482822637,"['animal', 'animal', 'sensacionalismos', 'vez', 'santuario', 'tráfico', 'vida', 'cara', 'payaso']"
1853538466346549250,"['cosas', 'bienestar', 'animal', 'veterinario', 'animales', 'alimentos', 'ardilla', 'comida', 'waffles', 'humanos', 'perro', 'indignación']"
1853524398650818746,"['tema', 'gata', 'comida', 'noche']"
1853521991115973046,"['cucharada', 'pote', 'cheddar', 'estadounidense']"
1853521911260869090,"['espejo', 'días', 'secreto']"
1853519560718131333,"['médico', 'idiota', 'humor', 'tiempo', 'obesidad', 'dieta', 'ejercicios', 'rato', 'cara', 'ojos', 'edad', 'persona', 'mano', 'frente']"
1853514877068796214,"['hincha', 'años', 'sobrepeso', 'veces', 'guita', 'final', 'daño', '2018', 'equipos']"
1853480638621294805,"['animal', 'waffles', 'maltrato', 'animal', 'bicho']"
1853477099476001153,"['chicos', 'refugio', 'vida', 'normas', 'fauna', 'integridad', 'animales', 'animal']"
1853466485135487026,"['concha', 'hija', 'canaleta']"
1853465692957224970,"['animal', 'situación', 'obesidad', 'maltrato', 'animal', 'animal', 'sentido', 'bienestar', 'animal']"
1853458649319940388,"['obesidad', 'animal', 'animales', 'forma', 'cuidado', 'ambiente', 'círculos', 'ambiente']"
1853457526995529844,"['dudas', 'ambientalista', 'animalista', 'veces', 'ambiente', 'dinar', 'vidas', 'animales', 'vegetales', 'ejemplo']"
1853445291573117432,"['frase', 'día', 'mujer', 'sobrepeso', 'idea', 'cabeza']"
1853441788033269904,"['animal', 'humanización', 'maltrato', 'promoción', 'contenido', 'animal', 'condiciones', 'ejemplo', 'cosas', 'eutanasia', 'caso', 'círculos']"
1857084371045433448,"['chabón', 'liga', 'mundo', 'sobrepeso', 'fulbo']"
1857078017001939199,"['años', 'alcohol', 'cocaina', 'veces']"
1857075529129545984,"['cirugía', 'opción', 'tratamiento', 'obesidad', 'paciente', 'años', 'operada', 'día', 'diabetes']"
1857066894743757164,['jueves']
1857062204236767484,"['taurina', 'nivel', 'obesidad', 'nene', 'padre']"
1857046143705755660,"['obesidad', 'inactividad', 'factores', 'riesgo', 'diabetes', 'tipo', 'lugar', 'mundo', 'hashtag', 'día', 'diabetes', 'enfermedad', 'dorso', 'mano', 'índice']"
1857028912770904391,"['tratamiento', 'obesidad', 'prevención', 'diabetes', '\n\n ']"
1856915749870211381,"['chico', 'aire', '16', 'AMOR', 'GANAS']"
1856890649313788385,"['twitter', 'borja', 'nacho', 'obesos']"
1856880632032346218,['Dios']
1856860654197514356,[]
1856857777035206733,"['mina', 'bici']"
1856847502038725065,"['grasa', 'gordura', 'idioma', 'historia', 'duda']"
1856846881546002755,"['fútbol', 'sobrepeso', 'silencio', 'hombre', 'cavernas']"
1856830983409918016,"['chorra', 'cantidad', 'prueba']"
1856818498460164461,"['aprobación', 'horda', 'fans']"
1856816995528020395,"['horda', 'fans']"
1856772877191672166,"['obesidad', 'pandemia', 'muerte']"
1856766174547095809,"['acuerdo', 'piedra', 'especie', 'peronismo', 'esqueleto', 'helado', 'política']"
1856757921767395632,"['mente', 'pija', 'hija', 'puta', 'pizza', 'vez', 'pan', 'momento', 'gordura', 'mogolica', 'mente', 'gente', 'muerte', 'mogolicos', 'hijos', 'puta']"
1856751958956048420,"['cosas', 'casos', 'palabra', 'obesidad', 'mental', 'problema']"
1856748610135720332,[]
1856742491980271981,"['sobrepeso', 'manera']"
1856738726296039519,"['fans', 'cantantes', 'país', 'foto', 'emilia', 'operaciones', 'horda', 'obesas', 'años', 'fan', 'gente', 'fanatismo']"
1856724381021434280,"['tarta', 'acelga', 'manjar', 'paladar', 'nene', 'años']"
1856719160866111507,"['olor', 'pitulin', 'perro', 'tarta', 'acelga', 'papila', 'cgt', 'hijos', 'puta']"
1856685405501804723,['nene']
1856658102008877193,[]
1856635794338840897,"['peronchos', 'sobrepeso', 'peso']"
1856542812134670391,"['meme', 'emoji', 'manos', 'corazón', 'tono', 'piel', 'medio', 'emoji', ' ']"
1856537524509794543,[]
1856533003578524013,"['persona', 'condición', 'cara']"
1856530992883732520,"['actividad', 'semana', 'complejos']"
1856498330278211872,"['gobierno', 'años', 'paciente', 'kilos', 'sobrepeso']"
1856489723990069514,"['alimentación', 'índices', 'obesidad']"
1856481831308382224,"['fotitos', 'sapo', 'pedazo']"
1856473302635540572,['obesas']
1856456967759217083,"['alimentacion', 'cara', 'lágrima', 'emoji', ' ', 'emoji', 'cara', 'emoji']"
1856438591322570785,"['emoji', 'manos', 'oración']"
1856424557567246409,"['salud', 'bienestar', 'mardel', 'plata', 'papel', 'industria', 'hábitos']"
1856423243780899154,"['salud', 'aires', 'ensamble']"
1856416769948237888,"['lucha', 'obesidad', 'vida']"
1856407652810772710,['miedo']
1856407446236909686,"['tipo', 'rasgo', 'personalidad', 'miedo', 'casa']"
1856405124605706313,"['SOLUCIONES', 'gente', 'gente', 'camino', 'luchacontralaobesidad', 'hashtag', 'obesidad']"
1856379348288192517,"['fijap', 'sobrepeso']"
1856379119920914769,"['hijos', 'sobrepeso']"
1856367606749438196,['obesidad']
1856358337668919579,"['epidemia', 'obesidad', 'duda', 'eeuu', 'farmers', 'markets', 'gente', 'verdura', 'fruta', 'argentina', 'epidemia', 'epidemia', 'fin', 'obesidad']"
1856353725813526548,"['papá', 'jabalí', 'mamá', 'jabalí', 'orto']"
1856344832051912903,"['OBRA', 'OBESIDAD', 'ENFERMEDAD', 'MENTE', 'ALTURA', 'ENFERMEDAD', 'OBESIDAD', 'ALTURA']"
1856343220432605534,"['emoji', 'botón', 'marca', 'verificación', 'emoji', ' ', 'Educación', '\n ', 'emoji', 'botón', 'marca', 'verificación', 'emoji', ' ', '\n ', 'emoji', 'botón', 'marca', 'verificación', 'emoji', ' ', 'experiencias', '\n ', 'emoji', 'botón', 'marca', 'verificación', 'emoji', ' ', 'Información', 'factores', 'riesgo', 'emoji', 'reloj', 'despertador', 'emoji', 'miércoles', 'emoji', 'emoji', ' ', 'calle', 'e/', '15', '\n\n', 'berazategui']"
1856326870905610270,"['hashtag', 'salud', 'prevenir', 'obesidad', 'enfermedades', 'reducción', 'calidad', 'vida', 'adopción', 'hábitos', 'alimentación', 'estrés', 'factores', 'obesidad', 'HOY']"
1856324764760948986,"['laboratorio', 'sobrepeso', 'factor', 'riesgo', 'chantas', 'fila', 'minutos', 'paciente', 'kiosko', ' ', 'caramelo']"
1856324196034281960,"['lucha', 'obesidad', 'prevención', 'diagnóstico', 'tratamiento', 'obesidad', 'enfermedad', 'información', 'prevención', 'diagnóstico']"
1856321301645771258,"['verdad', 'promedio', 'altura', 'kg', 'altura', 'promedio', 'peso']"
1856314770674094277,"['apología', 'obesidad', 'apología', 'extremos', 'apología', 'agüita', 'emoji', 'chispas']"
1856305952191811618,"['lucha', 'obesidad', 'día', 'obesidad', 'hábitos', 'peso', 'tiempo', 'ayuda', 'hashtag', 'psi', 'pro']"
1856299210129248600,"['emoji', 'mano', 'índice', 'derecha', 'emoji', 'noviembre', 'estrella', 'puntas', 'obesidad', 'epidemia', 'nivel', 'décadas', 'emoji', 'rombo', 'emoji', 'consumo', 'alimentos', 'grasa', 'sal', 'azúcares', 'vitaminas', 'minerales']"
1856284375744184383,"['\n', '\n', '\n', '\n', 'caudillo', 'riojano', '\n', 'médico', 'legislador']"
1856172921909059706,"['noviembre', 'disposición', 'causa', 'muerte', 'niños', 'años']"
1856168427565531165,"['nutricionistas', 'sobrepeso', 'gente', 'indicadores', 'gordura', 'colesterol', 'hipertensión', 'glucemia']"
1856166658387173477,"['serio', 'obesidad', 'ánimos', 'discriminación']"
1856154618964668836,[]
1856139924917104964,"['doc', 'duda', 'medicación', 'caso', 'obesidad', 'cambio', 'hábitos', 'dieta', 'dieta', 'momento']"
1856137838540026192,"['cantidad', 'chicas', 'extremos', 'obesidad', 'problema']"
1856133470600224954,"['mexicana', 'tweet', 'foto', 'perfil', 'bronceado', 'cuenta', 'estupidez', 'mueca']"
1856120052308742200,[]
1856291115650978156,"['calendario', 'espiral', ' ', '12de', 'noviembre', 'obesidad', 'coseguro', 'febos', 'riesgos', 'condición', 'discriminación', 'estigmatización']"
1856115997725356383,"['hermano', 'menor', 'bronca', 'día', 'hermanito', 'sobrepeso', 'palo', 'rodillas', 'espalda', 'juegos']"
1856113595961970738,[]
1856111610609250549,[]
1856091887486042512,"['terapia', 'problemas', 'colesterol', 'obesidad', 'cosas', 'pedo']"
1856076445765751093,[]
1856061653965541742,"['vegetariano', 'sobrepeso', 'marrano', 'hijueputa']"
1856058841374306354,"['colectivo', 'ascensor', 'salas', 'espera', 'hecho', 'vez', 'posteo', 'gracia', 'cara', 'viaje', 'sobrepeso']"
1856044767521444258,"['gordura', 'hinchazón']"
1856036184750764512,"['adicción', 'comida', 'gente', 'sobrepeso']"
1856035611410411923,"['cuestiondepeso', 'noviazgo']"
1856020966205173762,"['moto', 'sobrepeso', 'monton', 'veces', 'llanta', 'goma', 'piso', 'pasajero']"
1858888562420154399,"['tiempo', 'manera', 'personas', 'castigo', 'tetona', 'fiera']"
1858888109871570946,"['patria', 'gente', 'vez', 'productos', 'alimentacion', 'gente']"
1858882485859279005,"['cara', 'tendencia', 'gordura', 'años', 'panza']"
1858873129361088960,[]
1858872865019621716,"['memoria', 'obesidad', 'células', 'explicación', 'efecto', 'yo-yo', 'dietas']"
1858816021143965854,"['dueño', 'empresas', 'amigo']"
1858801197211156968,[]
1858755583739834744,"['gorda', 'puta', 'señora', 'obesidad']"
1858725122170847297,[]
1858562840535134539,"['flor', 'c', 'cuerpo', 'luchadora', 'postre']"
1858721551790534882,"['pechera', 'obeso']"
1858706481069031848,['chicas']
1858693599443013745,"['nenes', 'años', 'obesidad']"
1858692376069287990,['nenazo']
1858672008722346490,"['lugares', 'mundo', 'mujeres', 'vista']"
1858671891017355728,"['lástima', 'discurso', 'acto', 'empresarios', 'cara', 'ojos', 'corazón', 'emoji', ' ', 'lúmpenes', 'acto', 'mierda', 'versión', 'emoji', 'cara', 'lágrimas', 'emoji', ' ', 'cara', 'lágrimas', 'emoji', 'verdad', 'lava']"
1858664824500003108,"['\xa0', 'obesidad', 'enfermedad', 'elección', 'serie', 'factores', 'control', 'falta', 'saciedad', 'aumento', 'apetito', 'cambios', 'metabolismo', 'resistencia', 'pérdida', 'peso', 'peso', 'hashtag', 'estigma', 'emoji']"
1858608219632869564,"['ballena', 'realidad', 'persona', 'obesidad', 'diferencia', 'protagonista', 'ganas']"
1858658485027667971,"['efectos', 'pérdida', 'peso', 'prediabetes', ' ', 'hashtag', 'diabetes', 'hashtag', 'obesidad', 'excesodepeso']"
1858652671588081832,"['mierda', 'mina', 'rabia']"
1858651671619854656,['sobrepeso']
1858646229762089215,"['version', 'audio', 'animal']"
1858642996624801908,"['obesidad', 'memoria', 'estudio', 'mecanismo', 'efecto', 'rebote', 'peso', 'través']"
1858631269061644701,"['hambre', 'obesos', 'dictadura', 'gente', 'capital']"
1858629173234860523,"['grosor', 'gente', 'gorduras', 'dato', 'retraso']"
1858620712967119347,['hambruna']
1858615085650133110,"['orangután', 'hombre', 'estercolero', 'país', 'obesidad']"
1858612096025719218,"['guerra', 'obesidad', 'jarabe', 'maíz', 'endulzante', 'bebida']"
1858605548704248317,[]
1858598039176319166,"['basura', 'dios']"
1858593993996857747,"['foto', 'persona', 'universo']"
1858593398070124891,"['emoji', 'persona', 'mano', 'emoji', 'estudio', 'células', 'grasa', 'memoria', 'obesidad', 'alimentos', 'años', 'emoji', 'dorso', 'mano', 'índice']"
1858593009333358765,"['necesidad', 'obesidad']"
1858579370132000918,"['romanticismo', 'circunstancias', 'gente', 'vida', 'día', 'día', 'quejas']"
1858578998659608935,"['nivel', 'cosificacion', 'miedo', 'sobrepeso']"
1858576206884467179,"['giro', 'relación', 'atracción', 'parte', 'tipo', 'fetiche', 'minas', 'obesidad']"
1858569303731417117,"['pareja', 'medico', 'cosa']"
1858563012711346654,"['chabones', 'gymbros', 'vergüenza', 'cambio', 'anoréxico', 'ansiedad', 'amigos']"
1858334126324973871,"['perdón', 'mitad', 'tipos', 'gymbros']"
1858556908157718978,"['huesos', 'posición', 'foto', 'chica', 'gym', 'enfermedades', 'obesidad', 'decepción']"
1858556566431019115,"['TCA', 'peli', 'enfermedades', 'obesidad']"
1858546533043445879,"[' ', 'corazones', 'emoji', ' ', 'ojos', 'corazón']"
1858545023022703008,"['CHONGOS', 'necesidad', 'PEPONAS', 'ELFOS']"
1858544309017911716,"['hecho', 'chica', 'apología', 'obesidad', 'problema']"
1858535929553522690,"['sobrepeso', 'problema', 'reina']"
1858530183004754049,"['estigmatización', 'corporalidades', 'idea', 'peso', 'factor', 'salud', 'idea', 'foco', 'persona', 'obesidad']"
1858529261679698215,"['violencia', 'cuerpos', 'fragmentación', 'individualismo', 'capitalismo', 'gente', 'obesidad', 'perspectiva', 'cuerpo']"
1858269070262759735,"['video', 'ruso', 'horas', 'edificio', 'estación', 'tren', 'limpieza', 'gente', 'graffiti', 'ciudad', 'marrón', 'olor', 'culo']"
1858527185230827959,"['trola', 'streamer', 'drogón', 'Palabra']"
1858525057691091127,['tipo']
1858515996832616614,"['propuesta', 'gordura']"
1858511352693682456,"['inflación', 'alimentos', 'agenda', 'inflación', 'masas', 'proteínas', 'animales', 'cereales', 'granos', 'legumbres', 'tasas', 'obesidad', 'tiempo', 'problemas', 'farmacéuticas', 'pastillas', 'tratamientos', 'medicamentos', 'obesidad', 'soluciones', 'diabetes']"
1858510346652115143,['obesos']
1858487353372704853,['plata']
1858483942652772716,['gente']
1858478756534395013,"['tema', 'gente', 'tema', 'obesidad', 'cuestión', 'salud', 'figuras', 'consecuencia', 'salud']"
1858460789562048980,"['obesos', 'líder', 'dictadura', 'mts']"
1858433621679325627,"['traumitas', 'liberalista', 'votante', 'edad', 'chabon', 'mayoría', 'ganas']"
1858431457997345130,"['choto', 'abdominales', 'estreñimiento', 'mijo', 'tipo']"
1858369185731973341,"['10', 'tetas', 'dia', 'perro', 'cara']"
1858368556938727917,['chica']
1858158697513390450,"['chica', 'gym']"
1858357735181471996,"['carreros', 'carrito', 'medida']"
1858349971889639636,"['gym', 'deporte', 'alma']"
1858327547513065513,"['anorgasmia', 'falta', 'oportunidad', 'enfermedad', 'dientes', 'láser', 'náuseas', 'emoji', ' ', 'cara']"
1858320060537823646,"['gym', 'gordura', 'incogibilidad']"
1858315729331724639,[]
1858305028844642683,[]
1858299030008205523,"['chad', 'video', 'forma', 'cosa', 'mina']"
1858298127985614865,"['trastorno', 'obesidad']"
1858289660050456896,[]
1858288432373444649,"['entrada', 'cine', 'balde', 'pochoclos']"
1858281857562882246,"['mentira', 'hembra', 'problemas', 'post', 'lugar', 'dinero', 'fantasía', 'enfermo']"
1858275837516165242,"['DT', 'arquero', 'partido', 'perritolovers', 'presente', 'lorenzo']"
1858275651574260126,"['DT', 'arquero', 'partido', 'perritolovers', 'presente', 'lorenzo']"
1858345182422352327,['gordo']
1858270626974515705,"['felicidad', 'gente', 'gesto', 'PJ']"
1858269167667048607,"['record', 'obesidad', 'obesidad', 'diabetes', 'consumidores', 'refrescos', 'cara', 'ceño', 'emoji']"
1858258103634211190,"['chad', 'birra', 'panes', 'gordo']"
1858255087199506807,['chabon']
1858249592849981638,"['chica', 'gym', 'plata']"
1858247431546089718,"['gente', 'momentos', 'peso', 'necesidad']"
1858242805925335219,"[' ', 'emoji', 'huevo', 'opinión', 'panqueque', 'partido', 'elecciones', 'nafta']"
1858242466622882281,"['veces', 'obesidad', 'enfermedad', 'momento', 'vez', 'desvío']"
1858242074723672383,"['momento', 'obesidad', 'idea']"
1858241855319679139,['miamor']
1858021466236735645,"['físico', 'problema', 'obesidad', 'enfermadad']"
1858240928902680579,"['obesidad', 'chicos', 'falacias', 'equivalencia']"
1858240126872351172,"['tweet', 'obesidad', 'razón', 'novia']"
1858239817441513696,"['argumentación', 'gente', 'diferencia', 'obesidad', 'afección']"
1858239564655009917,"['momento', 'obesidad', 'afección', 'razón', 'punto', 'contraria', 'argumento', 'discurso', 'tipo', 'falacias', 'equivalencia', 'opinión']"
1858234661954040016,"['tweet', 'obesidad']"
1858229756384391544,"['guita', 'auto']"
1858190176054284607,"['kg', 'obesidad']"
1857474041310744660,"['chabones', 'kilos']"
1858183625948197214,"['lado', 'obesidad', 'mujeres', 'gente', 'hombre', 'publicidad', 'mkt', 'mujeres']"
1858173581693264213,"['idiota', 'gravellone', 'razon', 'facundito', 'dia', 'leche', 'dictador']"
1858173093664927973,"['asco', 'favor', 'papelitos', '$', '$', 'colores', 'nación']"
1858168520745333036,"['tasas', 'obesidad', 'lugares', 'concentración', 'locales', 'comida']"
1858150281608839434,"['obeso', 'kangoo']"
1858144840774537690,"['globo', 'amiga', 'fotos', 'semana']"
1858134739640602951,[]
1858128887219204542,"['estadista', 'obesos', 'grasa', 'poros', 'hijo', 'puta', 'libro', 'hijo', 'puta', 'mamu', 'tiempo']"
1858128642385010972,"['hombres', 'kg']"
1858095637272650217,"['vez', 'vestido', 'permiso', 'vez', '\n', 'gordura', 'video', 'baño']"
1858064006843339061,"['vídeo', 'chica', 'obesidad', 'ejercicio', 'calidad', 'vida', 'pelotudez']"
1858063233006837869,"['evidencia', 'medicina', 'peso', 'valores', 'glucosa', 'colesterol', 'oxigenación', 'obesidad']"
1858040585241653714,"['Dios', 'gordura']"
1858039360391610696,"['falacia', 'equivalencia', 'peso', 'factor', 'riesgo', 'afección', 'sobrepeso', 'probabilidad', 'factor', 'comorbilidades']"
1858026941158158794,"['obesidad', 'perse', 'factor', 'riesgo', 'condiciones', 'obesidad', 'detrimento', 'calidad', 'sentido']"
1857979269357473911,"['drogas', 'vínculo', 'dopamina', 'prevalencia', 'tabaquismo', 'mundo', 'verdad', 'tema', 'ej', 'obesidad', 'dopamina', 'mundo']"
1857946322365448264,"['imbécil', 'lugares', 'equipos', 'claustrofobia', 'hermano', 'sobrepeso', 'resonancia']"
1857941589588316288,"['obesidad', 'problema', 'video', 'fumador', 'salud']"
1857816975004610738,"['obesidad', 'cantidad', 'problemas', 'salud', 'PROBLEMA']"
1857927254807887951,"['economía', 'mundo', 'proteccionismo', 'país', 'kg', 'postre', 'efecto']"
1857915954627309808,"['mujer', 'labios', 'hombre', 'años', 'gordura', 'perro']"
1857903753489510650,"['cerebro', 'avión', 'salud', 'sobrepeso', 'internacionales', 'empresa', 'costo', '14', 'hs', 'viaje', 'luna', 'tanto']"
1857894349654343736,"['personas', 'obesidad']"
1857871497076846876,['grasa']
1857858726352265305,['persona']
1857831118407434244,"['villera', 'sobrepeso']"
1857828635182260501,[]
1857821427375767902,"['ojos', 'persona', 'gordura']"
1857818036889059496,"['BALLENA', 'm', 'profesor', 'inglés', 'obesidad', 'hija', 'adolescente', 'oportunidad', 'búsqueda', 'perdón']"
1857810682042867896,"['alivio', 'tristeza', 'gordura', 'jaja']"
1857800077185790334,"['meme', 'muerte', 'mierda', 'emoji', 'dedos']"
1857770082845212779,"['chota', 'papada', 'deforme']"
1857731849658789999,"['palabra', 'problema', 'personas']"
1857680347640610888,"['pavadas', 'delincuente', 'cuatrero', 'referente']"
1857631788757057682,"['sobrepeso', 'meritocracia']"
1857616572094792105,"['asthetics', 'ropa', 'obesos']"
1857603298028638511,"['pollitoo', 'morsa', 'señor', 'fernando']"
1857602212471648769,"['países', 'ej.', 'obesidad', 'enfermedad', 'mano', 'índice', 'derecha', 'sobrepeso', 'obesidad', '2050', 'tendencia']"
1857595855299068143,"['manga', 'virgos']"
1857588934643007792,"['estrella', 'grupo', 'tw', 'palo']"
1857578638016749939,"['salud', 'problema', 'adicciones', 'obesidad']"
1857517928628805710,"['subsidio', 'obesos', 'discapacidad', 'contraprestación', 'plata', 'crucero', 'PLANEROS']"
1857494786489594326,"['problema', 'sobrepeso']"
1857458421093597255,"['mensaje', 'hombres', 'orda', 'cornudas', 'sobrepeso', 'mentiras']"
1857434492316663816,"['milei', 'patillas', 'GORDURA', 'CARA']"
1857431522032210151,"['lesbiana', 'sobrepeso', 'hombres', 'culpa', 'sociedad', 'pelo', 'tipo', 'casquito', 'cara', 'podcast', 'problemas', 'patriarcado']"
1857374662000304459,['versión']
1857272412099756288,"['ser', 'mundo', 'rato', 'diosa']"
1857263432338190631,['obesidad']
1857238254661013899,"['infidelidad', 'obesidad']"
1857192075378217001,"['piernas', 'gordura']"
1857186517740884008,"['gordura', 'parche', 'voces', 'japones']"
1857135910426693741,"['vergüenza', 'cloacas', 'luz', 'madre', 'jubilada', 'cifras', 'luz']"
1857125720297705803,"['opción', 'pacientes', 'sobrepeso', 'obesidad']"
1857122437953094095,"['pija', 'opinión', 'kukas', 'obesidad']"
1857109849680515270,"['obesidad', 'harinas', 'calidad', 'gente', 'ejercicio']"
1857093192694333706,"['movilidad', 'jugadores', 'hijo', 'puta', 'gatti', 'metros', 'tierra']"
1861067607526260854,"['caso', 'obesidad', 'diabetes', 'palo']"
1861067353728905230,"['orto', 'tucumano', 'color', 'lenteja', 'obesidad', 'morbida']"
1861063858766455050,"['hashtag', 'emoji', 'de', 'mano', 'índice', 'derecha', 'emoji', 'Dra.', 'frase', 'frecuencia', 'obesidad', 'niños', 'niñas', 'adolescentes', '\n\n', 'hashtag', 'fm', 'rock', 'pop', 'hashtag', 'rock']"
1861061984701075948,"['onda', 'pibes', 'plata', 'pedo']"
1861060282358878485,"['impacto', 'formas', 'plan', 'plazo', 'obesidad', 'diabetes', 'ejemplo', 'tiempo']"
1861028634523247048,"['práctica', 'prevención', 'diagnóstico', 'tratamiento', 'obesidad']"
1860954752965542186,"['país', 'niños', 'hambre', 'país', 'obesidad']"
1860873707813556386,"['banda', 'vez', 'día', 'periodo', 'antojos']"
1860867171242414095,"['cementerio', 'canelones', 'termotanque', 'ñoquis', 'mundo', 'mina']"
1860856879066354028,['macho']
1860843945980215386,"['vez', 'ciliaca', 'mina']"
1860839894593015872,"['epoca', 'año', 'boca', 'boludeces', 'marcelito']"
1860831503560614036,"['diabeticos', 'obesidad']"
1860822212636250256,"['degenerada', 'q', 'se', 'cara', ' ', 'emoji', 'cara', ' ', 'caca', 'ojos', ' ', 'caca', 'ojos', ' ', 'rata', ' ', 'rata', ' ', 'papelera', ' ', 'emoji', 'papelera', ' ', 'emoji', 'cara', 'payaso', 'emoji', ' ', 'emoji', 'cara', 'de', 'payaso', 'emoji', ' ', 'emoji', 'cara', 'boca', 'emoji', ' ']"
1860787588694524371,"['cagada', 'mierda', 'ciudad', 'bots', 'gracia', 'guerra', 'distancia']"
1860776640114004268,"['gordura', 'genero']"
1860773965024632868,"['teton', 'EMPRESAS', 'PYMES', 'meses', 'obeso', 'cargo']"
1860750888962347216,"['OBESOS', 'SENOS']"
1860744331226730548,['sodomita']
1860742599352451132,"['gordito', 'lesbiana', 'senos']"
1860694264486707315,"['DÍA', 'OBESOS', 'HORAS', 'RATO', 'SOL', ' ', 'emoji', 'cara', 'emoji']"
1860692316136112604,"['shortcitos', 'falditas', 'panzotas', 'top', 'bares', 'manadas', 'tipo', 'AM']"
1860670575208784343,[]
1860650568240210204,"['profe', 'musica', 'costa', 'canciones', 'problema', 'personas', 'sobrepeso']"
1860648231647990103,"['TETONES', 'protector', 'inflación']"
1860643979684933666,"['ombligo', 'cráter', 'volcán', 'indicación', 'gordura', 'madre']"
1860638867822436530,"['virgen', 'día']"
1860611266164752631,"['hipertensos', 'alimentos', 'sodio', 'sobrepeso', 'grasas', 'azúcar', 'motivos', 'prepagas', 'fortunas', 'enfermedad', 'prensa']"
1860536326870667686,"['días', 'body', 'amor', 'kilos']"
1860531285946405150,"['kg', 'cúspide', 'obesidad']"
1792019415904424337,"['récord', 'peso', 'kg', 'milei']"
1860528659662004516,[]
1860513656053657940,['obesidad']
1860507645255299181,"['sobrepeso', 'dolares']"
1860505433376477318,[]
1860497243863699596,"['medel', 'protagonismo', 'banco', 'minutos', 'cancha', 'bulldog', 'asma']"
1860496651632140335,"['favor', 'boca', 'pelotudo', 'mierda']"
1860490416837083595,"['gordura', 'hinchazon', 'espacio', 'frivolidad', 'presidente', 'pilas', 'afectos', 'idoneidad', 'cargo', 'seguridad', 'elecciones', 'voto', 'LIJO']"
1860474654751678962,"['obesos', 'pucherito', 'realidad']"
1860469055670321482,"['CUENTO', 'GRONE', 'PROTECTOR', 'ASPIRANTE', 'chupa', 'kola', 'ESTADO', 'TETAS', 'TEÑITE']"
1860458788311937511,"['TIRO', 'PIE', 'propósito', 'banda', 'izquierda', 'mierda', 'vergüenza']"
1860448705066705238,"['sobrepeso', 'emoji', 'emoji', ' ', 'emoji', 'cara', ' ', 'revés', 'emoji']"
1860431626456440881,"['rappi', 'comentarios', 'años', 'hamburguesas', 'obesos']"
1860408779117879313,"['podcast', 'hombres', 'vaselina', 'partes', 'verano', 'atención', 'ropa', 'falta', 'roce', 'verano']"
1860379818073698520,"['carrera', 'vida', 'gimnasio', 'comida', 'amor']"
1860358052064436279,"['calorías', 'minuto', 'dato', 'velocidad', 'obesidad', 'intersección', 'parábola', 'pareto', 'bastiadt']"
1860352576987762885,"['ley', 'pandemia', 'obesidad', 'oposición', 'país', 'miseria', 'hambre']"
1860347879480602925,"['casa', 'gato', 'cama', 'mimos']"
1860342566366978497,"['gordura', 'gimnasios', 'broma', 'forma', 'pos', 'aceptación']"
1860337759606439989,"['marron', 'trola', 'idioteces', 'capo']"
1860335702065447416,"['joven', 'barron', 'trump', 'rotoplas', 'izquierda', 'obesidad', 'enfermedad']"
1860329532386873572,"['enana', 'bebé', 'chorizo', 'negro', 'padre']"
1860320686348075361,"['gente', 'lado', 'gym', 'comida', 'calle', 'años', 'promedio', 'gente']"
1860320038030323945,"['pandemia', 'obesidad', 'educación', 'actividad', 'calidad', 'escuelas', 'políticos', 'educación', 'calidad']"
1860319215145619704,"['jeta', 'rato', 'enfermedad']"
1859994673999437838,"['hashtag', 'leyde', 'etiquetado', 'consenso', 'pandemia', 'obesidad', 'población', 'respuesta', 'problema', 'liviandad-', 'espalda', 'salud', 'población', 'emoji', 'hilo']"
1860303191016870196,"['obesidad', 'octógonos']"
1860302395797815437,"['índices', 'obesidad']"
1860301944671080908,"['datos', 'obesidad']"
1860251907240902911,"['complicaciones', 'obesidad', 'enfermedad', 'problemas', 'enfermedad', 'piel', 'músculo', 'articulaciones', 'hígado', 'diabetes', 'alteraciones']"
1860251901914222823,"['importancia', 'origen', 'obesidad', 'bases', 'genética', 'ambiente', 'ingesta', 'de']"
1860211673820463481,"['PANDEMIA', 'OBESIDAD', 'niños']"
1860190136316961066,"['engendro', 'tipo', 'recurso', 'obesidad']"
1860167990521803217,"['ley', 'mierda']"
1860166880587034724,[]
1860143481509019901,"['obesidad', 'rombo', 'exceso', 'azúcar', 'alfajor']"
1860132682476454298,"['foto', 'cara']"
1860131001412067541,"['ficha', 'exceso', 'corrupción', 'obesidad', 'paso', 'leyes']"
1860126477825774055,"['obesidad', 'nutricion', '60%', 'dieta', 'carbohidratos', 'etiquetado', 'mercados', 'exportaciones', 'alimentos']"
1860121102250635676,"['dedos', 'emoji', 'obesidad', 'salud', 'cherry', 'sustento', 'problemática', 'aplicación', 'ley']"
1860115572119470092,"['pibes', 'comidas', 'día', 'obesidad', 'hdp', 'pedo', 'cosas']"
1860112801592934880,"['mierda', 'vida', 'relacion', 'gordura', 'salud', 'mogolica']"
1860111155609653639,"['10%', 'chicos', 'hambre', 'pandemia', 'obesidad', 'octogonos', 'pediatra']"
1860103920921776542,"['problemas', 'obesidad']"
1860101921505443921,"['obesidad', 'pija', 'mentira']"
1860101821559373965,"['obesidad', 'octógonos']"
1860100702124802257,"['obesos', 'enfermedades']"
1860097101541384227,"['respuesta', 'rectángulo', 'paquete', 'obesidad', 'pensamiento', 'banco', 'coreografía', 'femicidios', 'realidad']"
1860083562315424250,"['plata', 'radikuka']"
1860080392000487444,['sobrepeso']
1860076654380613994,"['años', 'estudio', 'población', 'LEY', 'TALLES', 'línea']"
1860071507881525369,"['porcentaje', 'población', 'estadísticas']"
1860065492880490844,"['obesidad', 'enfermedad', 'mutuales', 'prepagas', 'octógonos', 'alfajor', ' ', 'emoji', 'dedos']"
1860041697180504139,"['tetas', 'poronga', 'mujer']"
1860014573316899232,['sobrepeso']
1860006487411818689,"['adiposidad', 'cerebro']"
1860003244900319539,['camino']
1860000198468206892,"['ejemplo', 'politica', 'corte', 'etiquetado', 'obesidad']"
1859988698504528117,[]
1859966966464999598,"['comida', 'teléfono']"
1859962020369719406,"['años', 'pibes', 'hecho', 'foto', 'excusa', 'redes']"
1859939261925204407,[]
1859938877383016898,"['limites', 'propangandas', 'cervezas', 'bebida', 'estupideza', 'jovenes', 'obesidad', 'quioscos', 'veredas', 'limites']"
1859927490795598323,"['tema', 'gordura', 'quicio']"
1859914566953787568,"['aguilar', 'secuaces', 'gilada', 'empresario', 'obras', 'choreo', 'equipo', 'respeto', 'hincha']"
1859832896821002347,"['bronca', 'fotos', 'años', 'momento', 'adolescencia', 'enemiga', 'chica']"
1859804749656359218,"['año', 'jefe', 'ataque', 'corazón', 'años', 'oficina', 'carne', 'consecuencias', 'sedentarismo', 'home', 'office']"
1859792830056804463,[]
1859786259847315509,"['plantel', 'central', 'yategate', 'puntos', 'pretemporada']"
1859783003435827614,[]
1859782995852525960,['mierda']
1859781117668151562,"['opinión', 'tema', 'hombres', 'mujeres', 'gordura', 'conflicto', 'vida', 'crítica', 'balanza', 'mina', 'corticoides', 'mierda', 'sobrepeso', 'pelotas', 'boludeces']"
1859778563056205960,['manija']
1859767059082772561,"['liga', 'secundaria', 'cosas']"
1859755960715313510,"['clavícula', 'gordura']"
1859747736737939866,[]
1859742799782084831,['obeso']
1859731795903905847,"['bola', 'pelos', 'obesidad', 'lateral', 'sánguche', 'esquina', 'trolo']"
1859729656930566225,"['herramienta', 'sentidos', 'amigos', 'copa', 'viaje', 'dramas', 'problemas', 'sobrepeso', 'linea', 'risa']"
1859700329199423951,"['equipo', 'lugar', 'propuesta', 'ley', 'obesidad', 'establecimientos']"
1859665246379704462,"['trabajo', 'excusa', 'casos', 'obesidad', 'ayuda']"
1859656708932677731,"['futuro', 'obesidad', 'mitad']"
1859656440119763088,"['obesidad', 'hamburguesas', 'bien', 'arterias']"
1859653318760595723,"['inflación', 'obesos', 'góndola', 'góndola', 'precios', 'resultados']"
1859651217905144052,"['calor', 'cosas', ' ', 'emoji', 'emoji', ' ', 'puño', 'izquierda', 'emoji']"
1859641691344707918,"['vez', 'sobrepeso', 'rendimiento', 'falta', 'compromiso', 'club', 'muchachos']"
1859633773907714342,"['mujeres', 'patria', 'vida', 'incels', 'ojos', 'ofertas', 'steam']"
1859615190775390210,"['grupo', 'médicos', 'proyecto', 'ley', 'prevención', 'tratamiento', 'control', 'obesidad', 'médicos']"
1859611094265770476,"['poroto', 'panza']"
1859599691559690394,"['cosa', 'dipu', 'casta']"
1859593997150241113,"['hashtag', 'ezeiza', 'reposo', 'leonino', 'encierro']"
1859583150193602832,"['reducción', 'peso', 'tirzepatida', 'calidad', 'vida', 'adultos', 'obesidad', 'resultados', 'estudio', '\n\n ']"
1859573447514272034,"['punto', 'mierda', 'amigo', 'ceballos', 'obesidad']"
1859561516279669219,"['inyectable', 'enrealidad', 'diabéticos', 'gente', 'sobrepeso']"
1859558569412071598,"['años', 'sobrepeso']"
1859553298820345921,"['médicos', 'proyecto', 'control', 'obesidad', 'través']"
1859535207977607633,"[' ', 'lágrimas', 'cara', 'lágrimas', 'emoji', ' ', 'casa', 'emoji']"
1859481559717298525,['años']
1859416909864702393,"['pata', 'año', ' ', 'uñas', 'tono', 'piel', ' ', 'chispas']"
1859391957044183333,"['proyecto', 'tratamiento', 'obesidad', 'obesidad', 'hashtag', 'senado', 'tratamiento']"
1859386991365791844,"['obesidad', 'diabetes', 'estudio', 'hábitos']"
1859373355205317010,"['hijas', 'estado', 'hijas', 'relación', 'conflictos', 'madre', 'relaciones', 'función']"
1859369425985548458,"['1,60', 'peso', 'obesidad']"
1859362564892770447,"['youtube', 'premium', 'variedad', 'zzzpotify']"
1859362063237398714,"['falta', 'peso']"
1859356867664687484,"['cuenta', 'video', 'persona', 'sobrepeso', 'interacciones', 'plata', 'persona', 'centavos', 'dólar', 'publicidad', 'video']"
1859346529288585224,"['presencia', 'debate', 'proyecto', 'obesidad']"
1859345948431753696,"['imbécil', 'PESO', 'CASITA', 'cachalote', 'cirugía', 'veces', 'hijas', 'OBESIDAD', 'HIJAS', 'HUEVO']"
1859329053490127220,"['emoji', 'banco', 'médicos', 'proyecto', 'control', 'obesidad', ' ', 'flecha']"
1859404086195487033,"['cantante', 'obesos']"
1859328323199041769,['hijas']
1859321748543381700,"['sobrepeso', 'huevos', 'pelotudo']"
1859310086663045140,"[' ', 'ley', 'obesidad', 'caradura', 'tratamiento', 'joda', 'cuestion', 'peso']"
1859297735696056755,"['chancho', 'filtro', 'moda', 'ropa', 'marca', 'lujo']"
1859296650000466353,"['estatura', 'gordura', 'peso', 'diferencia']"
1859293525625442444,"['munipas', 'mate', 'bizcochos']"
1859293458147705199,"['memecoins', 'siesta']"
1859287610272698712,"['filtro', 'maquillaje', 'deformidad', 'grasa']"
1859284477656301855,"['pelo', 'torta', 'entrada']"
1859282141512700216,[]
1859276086594404792,"['pavada', 'argumento', 'nota', 'fungible', 'fiebre', 'gordura']"
1859275259217678372,"['senado', 'obesidad']"
1859259831489626301,"['agradecimiento', 'comisión', 'espacio', 'temática', 'obesidad', 'invitados', 'conjunto', 'presentación']"
1859256878825402616,"['personas', 'forma', 'exceso', 'peso', 'personas', 'kilos', 'sobrepeso', 'enfermedad', 'desinformación']"
1859253795206705266,"['obesidad', 'enfermedad', 'interés', 'médicos', 'modo', 'discriminación', 'acceso']"
1859251526646055088,"['epidemia', 'obesidad', 'bola', 'manteca', 'conservantes', 'abascay', 'kilo', 'semana', 'heladera']"
1859249840909148412,"['participación', 'persona', 'salud', 'enfermedad', 'obesidad', 'prevención', 'tratamiento', 'control', 'seguimiento', 'salud', 'costos', 'calidad', 'vida']"
1859246504340238506,"['objetivo', 'paciente', 'equipo', 'salud', 'obesidad', 'enfermedad', 'salud', 'país']"
1859245386721907127,"['emoji', 'eslabón', 'emoji', 'proyecto', 'ley', 'régimen', 'prevención', 'tratamiento', 'control', 'obesidad', 'través', 'link', 'flecha', 'derecha']"
1859240060626833585,"['VERDAD', 'TEXTO', 'PESO', 'PIES']"
1859237876363383259,"['champs', 'genshin', 'impact', 'acné', 'obesidad']"
1859227696879837465,"['terapia', 'vida', 'sobrepeso', 'catalina']"
1859220919907996034,"['lunes', 'informe', 'años', 'obesidad', 'mundo', 'legisladores']"
1859203287590846843,"['pacientes', 'payasada', 'catedratica', 'obesidad', 'ejercicio', 'supremacia', 'coco', 'campeones', 'deporte', 'mayoria']"
1859198886847402189,"['vida', 'sobrepeso', '34', 'hilo', 'paso', 'paso', 'kilos', 'proceso', 'cross']"
1859179548866154546,"['emoji', 'círculo', 'emoji', 'acompañamiento', 'postparto', 'modos', 'recuperación', 'proyecto', 'régimen', 'prevención', 'tratamiento', 'control', 'obesidad']"
1859174330204057958,"['tipo', 'vida', 'rangos', 'bibliografía']"
1859095936602915023,"['obesos', 'país']"
1859086048740950312,"['felicitaciones', 'ministro', 'propaganda']"
1859081277514678476,"['logro', 'emoji', 'corazón', ' ', 'emoji', 'corazón', 'emoji', ' ', 'obeso']"
1859062297362125286,"['hijo', 'gualicho']"
1859027358386417763,"['Dios', 'cabeza', 'bebé']"
1859245842978197764,"['pelotas', 'nenas', 'sobrepeso', 'escuela', 'bullying', 'mujeres', 'sobrepeso', 'enano', 'hombres']"
1859046523230683622,['cosa']
1859038070542319762,['vida']
1859021749343711454,"['emoji', 'cara', 'ojos', 'emoji', ' ', 'emoji', 'cara', 'ojos', 'emoji', ' ', 'cara', 'ojos']"
1859010987321696535,"['fotos', 'década', 'gente', 'playa', 'década', '70', 'pelotas', 'mierda', 'dieta', 'bolas']"
1859007018377638021,"['MUNDO', 'epidemias', 'obesidad', 'desnutrición', 'razones', 'exceso', 'consumo', 'alimentos', 'información', 'conductas']"
1859001270876729788,"['círculo', 'disnea', 'obesidad', 'sedentarismo', 'consejo', 'descenso', 'peso', 'justificación', 'emoji', 'revés']"
1858999699363213364,"['ejemplo', 'políticas', 'obesidad', 'etiqueta', 'usuario', 'experto', 'umbrales']"
1858997225252417893,"['epidemias', 'obesidad', 'desnutrición', 'vez', 'Alimentos', 'mundo', 'razón', 'información', 'conductas']"
1858982416360317123,"['boludos', 'obesidad', 'peli', 'cabeza']"
1858981043694686552,"['etiquetas', 'cantidad']"
1858969048316604610,"['90%', 'veces', 'cartel', 'aplicación', 'cartel', 'consumidores', 'TCA', 'obesidad', 'problema', 'reincidencias']"
1858951184641368418,"['índice', 'obesidad', 'causa', 'consumo', 'alimentos', 'niveles', 'azúcar', 'grasas', 'sal', 'acceso', 'asequibilidad', 'productos']"
1858942516310995062,"['argumentos', ' ', 'emoji', 'manos', 'oración', 'favor', 'estados', 'entornos', 'epidemia', 'obesidad', 'ley', 'HERMANO']"
1858942486388883764,"['obesidad', 'problema', 'salud', 'humanidad', 'consejos', 'marqueting', 'empresas', 'problema']"
1858938437572948002,"['situación', 'drama', 'fanbase', 'minas', 'sobrepeso']"
1858930150269685832,"['obesidad', 'genetica', 'gente', 'esfuerzos', 'flacura', 'desarreglo', 'gordura', 'estado']"
1863658658468417688,"['país', 'cara', 'granos', 'vida']"
1863643287908663433,[]
1863601339781026121,"['gordura', 'ojo', 'estrés']"
1863599092892320144,"['foto', 'pollera', 'foto']"
1863574072048660565,"['mistic', 'cucas', 'años']"
1863543983718219945,['sobrepeso']
1863523035497509327,"['PICADITA', 'comida', 'recorridos', 'distancia', 'comida', 'energia', 'peso', 'estado', 'obesidad', 'sobrepeso', 'cara', 'lágrimas']"
1863419716645040132,"['almuerzo', 'merienda', 'cena']"
1863378283871506893,['físico']
1863361245459460394,['obeso']
1863317785952075988,['colegiado']
1863316511646949535,"['gordura', 'útero']"
1863299937225589045,"['obesidad', 'oro', 'pecados', 'persona']"
1863290861053739317,['justicia']
1863279187445866769,"['pija', 'opinion', 'enanos', 'mogolicos', 'sobrepeso']"
1863257498469142918,"['envidia', 'jugadoras', 'físicos', 'disciplina', 'femiorkas', 'sobrepeso']"
1863230764550132073,"['grupo', 'expertos', 'ley', 'tratamiento', 'obesidad']"
1863196525381218530,"['años', 'gordura', 'camino', 'gente', 'pueblo', 'hambre', 'pueblo']"
1863040622371696761,"['dios', 'momento']"
1863038539119669443,"['fruta', 'economía', 'gorila', 'matemáticas']"
1863016102877384759,"['nalgas', 'cosmica']"
1862969069541966291,['mierda']
1862949961748353151,"['razon', 'mapa', 'cultura', 'escuelas', 'tiros', 'cochecitos']"
1862933996650348762,"['kpa', 'obesidad', 'pedo']"
1862922736722489709,"['kilos', 'sobrepeso', 'pie', 'plano']"
1862922460657537373,"['tierra', 'mundo', 'hermano', 'kg', 'sobrepeso']"
1862870228897521886,"['drogas', 'cosas', 'razón', 'precio', 'controles', 'personas', 'loquis', 'piel', 'hueso']"
1862869695839269164,"['casos', 'peso', 'profesionales', 'verdad', 'personas', 'obesidad', 'kilos', 'pelotudeces']"
1862849467092742173,"['verdad', 'plantel', 'remplazo', 'pelo', 'arquero', 'arco']"
1862821370570080282,['mujer']
1862818136086434280,"['ser', 'envidia', 'catarata', 'boludeces']"
1862817840211902513,['perros']
1862713112891134442,"['intención', 'voto']"
1862694474205257778,[]
1862685493831315728,"['obesidad', 'venta']"
1862673394946265382,"['gato', 'kg', 'helado', 'luccianos']"
1862670455137542532,"['anciano', 'obesidad', 'límite', 'esperanza', 'vida', 'precio', 'bitcoin', 'manera', 'promesas', 'vida', 'puño', 'tono', 'piel']"
1862664226113786103,"['marido', 'plato', 'pierna', 'cantidad', 'problemas', 'traslado', 'estudios', 'miedos', 'médicos', 'paciente']"
1862649143727935957,[]
1862638963040645609,"['estigma', 'personas', 'obesidad', 'idea', 'hashtag', 'obesidad', 'problema', 'falta', 'voluntad', 'vagancia', 'desequilibrio', 'dieta', 'ejercicio', 'error', 'estigma', 'cuestiondepeso']"
1862632370249023972,"['razón', 'arquero', 'veces', 'opción', 'depresión', 'sobrepeso']"
1862629805847445790,['obesidad']
1862601552688501155,"['derecha', 'obesidad', 'enfermedad', 'insulto']"
1862574769301811438,[]
1862571667672773050,"['diferencia', 'terminator', 'sobrepeso', 'policias', 'acción', 'camisetas', 'ladri']"
1862561866083356866,"['medicamento', 'obesidad', 'cosa']"
1862555457644101670,"['caso', 'lado', 'banquito', 'minion', 'conch4', 'madre']"
1862553839506711023,"['FICHA', 'CULO', 'AÑOS', 'SUELDOS', 'sexo', 'años', 'sueldo', 'jubilados', 'meses', 'BONO', 'CULO', 'VOTOS', 'VIDA']"
1862546291189793063,"['mujer', 'marido', 'caricias', 'vuelta', 'cama']"
1862516400788582739,"['nariz', 'caída', 'años', 'tabique', 'lado', 'sobrepeso', 'cuerpo']"
1862513904410108318,"['posicion', '20', 'auto', 'sobrepeso', 'adherencia']"
1862511595374489793,"['minas', 'camionero', 'paro']"
1862508191797448871,"['gordura', 'emoji', 'ojos', 'corazón', 'emoji']"
1862507403079524719,['sobrepeso']
1862503682689962473,"['verano', 'emoji', 'hombre', 'piel', 'hdp']"
1862486946385215715,"['FURIA', 'BROS']"
1862485459131117943,"['jeans', 'realidad', 'empatia', 'gordura']"
1862479043033018408,"['monstruo', 'sudor', 'droga', 'miedo']"
1862465466880463064,"['tratamiento', 'obesidad', 'marcas', 'uso', 'izquierda', 'supervision', 'fármacos']"
1862460490288386472,"['diabetes', 'obesidad', 'tratamiento', 'medicamento', 'discusión', 'compra']"
1862364885620789451,"['chiste', 'gorda']"
1862321564034686985,"['falta', 'desinformación', 'ozempic', 'pelotas', 'antidiabetico', 'obesidad', 'sobrepeso', 'obesidad', 'factor', 'riesgo', 'montón', 'enfermedades']"
1862309455959863393,['foto']
1862278847820894612,"['gordura', 'gomitas', 'cara', 'lágrimas']"
1862241593337544808,"['efecto', 'complicaciones', 'obesidad']"
1862214595894476908,"['hambre', 'ballena', 'mierda', 'emoji', 'risa']"
1862214550612811968,"['droga', 'farmaco', 'obesidad', 'mundo', 'efectos']"
1862115653802393967,"['disciplina', 'solución', 'esfuerzo', 'VIDA', 'discurso']"
1862206593409913220,"['cuestiondepeso', 'enfermedad', 'obesidad', 'recaídas']"
1862197619419672620,"['diputada', 'foto']"
1862194191985455200,['sobrepeso']
1862189556197474523,"['fe', 'gordura', 'sinónimo', 'estatus', 'capitalismo', 'libro', 'arte', 'emoji', 'dedo', 'índice', 'piel', 'medio', 'emoji', ' ', 'cara']"
1862183297108836407,"['falta', 'novio', 'gordura']"
1862181629885661543,"['mayoria', 'obesidad', 'punto', 'centro', 'gravedad']"
1862160913593168088,[]
1862157619227467855,"['poronga', 'panza', 'mono', 'cementerio', 'canelones']"
1862154830216638720,"['wild', 'rift', 'arcane', 'maestro', 'top', '10', ' ', 'gordura', 'expresión']"
1862151048627908754,"['chad', 'veterinaria', 'infección', 'dieta', ' ', 'emoji', 'emoji']"
1862141803467587634,"['laje', 'remojo', 'ridiculo']"
1862118067964194954,['tano']
1862112592371630433,"['decisiones', 'logica', 'jugadores', 'expulsiones', 'ventaja', 'sobrepeso', 'plantel']"
1862110670050750725,"['dieta', 'efecto', 'rebote', 'obesidad', 'adicción', 'comida', 'adicto', 'recaídas', 'efectos', 'órganos', 'droga', 'cosa']"
1862110216919060481,"['realidad', 'insulina', 'insulina', 'ansiedad', 'valores', 'sangre', 'colesterol', 'continuidad', 'costo']"
1862100457335726584,"[' ', 'emoji', 'flecha', 'emoji', 'masa', 'predisposición', ' ', 'emoji', 'flecha', 'peso', 'patologías', 'implicancias', 'sistema', 'funcionamiento', 'insulina', 'procesos', 'enf', 'cv', 'masa', 'función', 'muscular']"
1862099779825586231,['silencio']
1862092354326335735,"['hashtag', 'dengue', 'factores', 'riesgo', 'dengue', 'embarazo', 'edad', 'año', 'pacientes', 'coexistencias', 'diabetes', 'obesidad', 'asma', 'coagulopatía', 'enfermedad', 'enfermedad']"
1862139547036909580,"['mujer', 'respeto', 'mujer', 'obesidad', 'persona', 'suerte', 'antípodas', 'caretaje']"
1862030171097715082,"['apetito', 'clínico', 'anorexigenos', 'experiencia', 'peso', 'sobrepeso']"
1862003008243998855,"['gordura', 'posibilidad', 'personas', 'pesar', 'pack', 'marido', 'años', 'ej.']"
1861993477204058552,"['opinión', 'sociedad', 'favor', 'gays', 'lado', 'discapacidades']"
1861983776319983667,"['obesidad', 'calvicie', 'cara', 'risa', 'emoji', 'excusa', 'cara', 'lengua', 'ojo']"
1861969756460306808,"['casos', 'obesidad', 'peso', 'forma', 'meses', 'condición', 'cargas', 'ejercicios', 'fuerza', 'meses']"
1861953028527370377,"['página', 'medicamento', 'pacientes', 'diabéticos', 'tipo', 'pacientes', 'enfermedades', 'riesgo', 'objetivo', 'disminución', 'peso', 'anfetas']"
1861952578445046083,"['obesidad', 'consecuencias', 'enfermedad', 'sistemas', 'organismo', 'casos', 'beneficio', 'medicación', 'seguimiento', 'riesgos']"
1861951749499564264,"['nada', 'panza', 'febrero', 'marzo', 'emoji']"
1861950068934205591,['obesidad']
1861948642992574693,"['obesidad', 'tipo', 'tiempo', 'vida', 'actividades']"
1861948485223710728,"['wacho', 'bronca', 'gordura', 'tasty', 'pedidos', 'pedido', 'pedido', 'chabon', 'hamburguesita', 'queso', 'concha', 'pato', 'emoji', 'cara', 'símbolos', 'boca', 'emoji']"
1861946246539120677,[]
1861943800576311692,"['enfermedad', 'derecha', 'desbalance', 'neurotrasmisores', 'dopamina', 'serotonina', 'medicina', 'psicología', 'cambio', 'estilo', 'vida', 'obesidad', 'ejemplo']"
1861943519910224039,"['fabra', 'sobrepeso', 'ganas', 'peruano', 'hambre']"
1861941203509367037,"['gword', 'peso', 'amigo', 'obesidad', 'body', 'poronga']"
1861938798403240303,"['obesidad', 'riesgo', 'cáncer', 'endometrio', '\n   ']"
1861936089583243449,"['compresión', 'diabetes', 'OBESIDAD', 'ENFERMEDAD']"
1861931204909334838,[]
1861927083514925436,"['sobrepeso', 'alimentación', 'mano']"
1861926063376318822,"['obesidad', 'adiccion', 'cigarrillo', 'problemas', 'flujo']"
1861926014852436306,"['fallo', 'juezas', 'acusado', 'abuso', 'víctima']"
1861922122873933829,"['mufa', 'persona', 'acumulador', 'ravioles']"
1861917958521364618,"['Dios', 'almendras', 'mamá', 'gordura']"
1861903218394964470,"['twittero', 'país']"
1861889020868907439,"['problema', 'sobrepeso', 'diabetica', 'derivado']"
1861886340129779851,"['amigo', 'déficit', 'tortura', 'comentario', 'gente', 'gordura']"
1861884905933684848,"['obesidad', 'adicción', 'mierda', 'merca', 'órganos']"
1861605865284891039,"['meses', 'ola', 'ozempic', 'veces', 'hate', 'envidia', 'descenso', 'rebote', 'ciencia', 'sobrepeso']"
1861876460719329742,"['cobra', 'semana', 'hambruna', 'obesidad']"
1861876005742284802,"['novio', 'metabolismo', 'punto', 'cuerpo']"
1861865276783915350,"['obesidad', 'cosa']"
1861861862133977497,['abrazo']
1861847766491648459,"['felicidad', 'sobrepeso', 'cuerpo', 'fórmula']"
1861845570244993392,"['AÑOS', 'JEFA', 'MUJERES', 'cara', 'lágrimas', 'cara', 'ojo']"
1861841696016789863,"['medialunitas', 'café', 'leche']"
1861831707936121309,"['información', 'acompañamiento', 'bypass', 'gente', 'obesidad', 'enfermedad', 'cuerpo']"
1861825513574076676,"['asados', 'salud']"
1861815067781521630,"['gente', 'obesidad', 'problema', 'gente']"
1861811200549364115,"['moda', 'bebés', 'instagram']"
1861809231650861255,"['foto', 'costado', 'gordura']"
1861809200935891073,"['mamá', 'sobrepeso', 'peso']"
1861803303320826035,"['alternativa', 'peso', 'respuesta', 'médico', 'especialista', 'obesidad']"
1861802640734113915,"['diabetes', 'sentido', 'beneficio', 'riesgos', 'salud', 'diabético', '\n\n', 'diabéticas', 'sobrepeso', 'locura', 'efectos', 'plazo', 'riñones', 'temas', 'páncreas']"
1861802627798888948,"['fármacos', 'obesidad', 'sobrepeso', 'polvos', 'tipo', 'estafa', 'tiempos', 'huevos']"
1861801246392307953,"['medicamento', 'diabetes', 'efecto', 'pérdida', 'apetito', 'obesidad']"
1861791230180417903,"['luchas', 'peso', 'concepto', 'salud', 'prejuicio', 'obesidad']"
1861790953079447917,"['desafío', 'cambio', 'obesidad']"
1861786369473020240,"['verdad', 'sobrepeso', 'emociones', 'patrones', 'dieta']"
1861778553596973152,"['obesidad', 'problema', 'salud', 'TCA', 'minoría', 'obesidad', 'TCA', 'mayoría', 'semaglutida', 'resto', 'fármacos', 'revolución', 'trat', 'cirugía']"
1861776581191962991,"['conceptos', 'cosa', 'observación', 'momento', 'persona', 'medida', 'peso', 'vida', 'prejuicio', 'obesidad', 'prejuicio']"
1861772902028259466,"['vez', 'sobrepeso', 'nutrición', 'ejemplo', 'harinas', 'proteínas']"
1861770789344751796,"['gente', 'obesidad', 'atrevimiento', 'preconceptos', 'mundo', 'día', 'mochila', 'kg', 'cuestas', 'señora', 'madre']"
1861767241626218708,"['niveles', 'azúcar', 'insulina', 'peso', 'emoji', 'cara', 'lágrima', ' ', 'frustración', 'persona', 'fim']"
1861767042547802569,"['efecto', 'camino', 'obesidad', 'enfermedad']"
1861764802172821870,"['liraglutida', 'medicamento', 'diabéticos', 'hambre', 'ansiedad', 'insulino', 'sobrepeso', 'peso', 'ayuda', 'estilo', 'metformina']"
1861764378606903299,"['gente', 'ozempic', 'hilo', 'venta', 'tratamiento', 'obesidad', 'burradas', 'gente']"
1830575997378232383,"['VIEJA', 'OZEMPIC', 'PESO', 'budaaa', 'médico', 'nutricionista', 'centro', 'halitus', 'medical']"
1861762664977830142,"['peso', 'peso', 'excusa', 'estado', 'ley', 'obesidad', 'bypass']"
1861758278457335865,"['medicamento', 'tratamientos', 'casos', 'obesidad', 'diabetes', 'obesidad', 'enfermedad', 'médico']"
1861754947559153953,"['medio', 'quoque', 'argumento', 'gente', 'argumentos', 'salto', 'fé', 'problema', 'obesidad', 'octogonos', 'favor', 'etiquetado']"
1861744796336845061,"['perspectiva', 'defensora', 'duda', 'abuso', 'mujer']"
1861742431709880679,"['estados', 'medicamento', 'obesidad', 'seguimiento', 'controles', 'problemas', 'chau', 'páncreas', 'riñones', 'vista', 'tiroides']"
1861737845808865734,"['droga', 'diabéticos', 'tipo', 'cuadro', 'estados', 'personas', 'obesidad', 'problemas', 'complicaciones', 'peso']"
1861737503964745776,"['medicación', 'pacientes', 'diabetes', 'obesidad', 'síndrome', 'exceso', 'tejido', 'resistencia', 'insulina', 'secreción', 'insulina', 'cerebro', 'centros', 'apetito']"
1861732901643039006,"['duda', 'abuso', 'mujer', 'vía']"
1861693049778139297,"['mierda', 'mina', 'mundo', 'euphoria', 'mitad', 'gordura', 'cuerpo']"
1861616346338844717,['fotos']
1861614756211085670,"['inhibidor', 'apetito', 'obesos', 'diabeticos', 'diabético', 'hambre', 'tiempo', 'problema', 'hábito']"
1861613385919386061,"['salud', 'estética', 'envoltorio', 'barreta', 'juicios', 'valor', 'gente', 'gente', 'salud', 'momento', 'obesidad', 'bolas']"
1861611569982873757,"['forro', 'conceptos', 'carajo', 'biología', 'opinión', 'época', 'gordura', 'nobleza', 'arte', 'favor', 'giladas']"
1861607524073357567,"['principio', 'problema', 'grasa', 'obesidad', 'conversación', 'tema', 'juicio', 'personas', 'base', 'cuerpos', 'profesionales']"
1861600564351566250,"['días', 'base', 'hamburguesa', 'fernet', 'cardona', 'sobrepeso']"
1861587647069647014,"['pacientes', 'apetito', 'efectos', 'cuerpo', 'ejercicios', 'estado', 'antimateria', '\n', 'ozempic', 'años', 'meses']"
1861585715571593662,"['inicio', 'BP', 'problema', 'personas', 'condición', 'cuerpo', 'persona', 'obesidad', 'problemas', 'salud', 'plazo', 'error']"
1861584292599476392,"[' ', 'cara', 'mano', 'boca', 'televisión', ' ', 'ojo', ' ', 'puntos', 'ANOREXICAS', '\n   ', 'you', ' ', 'corazones']"
1861579381627376109,[]
1861578331570774265,[]
1861576595120570702,['peso']
1861576097361453460,"['peso', 'diabetes', 'diabetica', 'obesidad']"
1861580587435237581,"['medicamentos', 'obesidad', 'plan', 'cambio', 'vía']"
1861572019302592527,"['parte', 'vista', 'chicas', 'final', 'ideas', 'obesidad', 'enfermedad', 'body']"
1861569408881111089,"['body', 'muerte', 'cuerpo', 'base', 'cirujanos', 'farmacéuticos']"
1861563675670139119,"['waffles', 'french', 'toast', 'futuro', 'obesidad', 'hipopótamo', 'conflicto']"
1861560680400261388,['dios']
1861557587184889878,"['detalle', 'gente', 'obesidad', 'solucion', 'balance', 'riesgo-beneficio', 'expectativa', 'vida', 'ejemplo', 'tipo', 'ozempic', 'sobrepeso', 'balance']"
1861546443674173737,['gata']
1861546121090183430,"['apología', 'gordura', 'tipos']"
1861537523337482352,"['obesidad', 'empoderamiento', 'coso', 'pregunta']"
1861533089853309180,"['obesidad', 'enfermedad', 'gente', 'persona']"
1861530316264927312,"['sueldo', 'estado']"
1861520746985537661,"['obesidad', 'efectos', 'burradas']"
1861511175780909201,"['bandera', 'argentina', 'estrella', 'estrella', 'estrella', 'cara', 'de']"
1861499213936283748,"['calidad', 'bebe', 'argentina', 'pelusitas', 'rollos']"
1861471623305461782,"['principio', '99%', 'veces', 'jerarquía', 'vestuario', 'liderazgo', 'llegada', 'retirado', 'años', 'sobrepeso']"
1861463538557960552,"['chistes', 'obesidad', 'nena', 'emoji', 'emoji', ' ', 'emoji', ' ', 'girl']"
1861453252362985550,['KILOS']
1861445926583222497,"['kg', 'maneras', 'comidas', 'kg', 'proteínas', 'masa', 'hambre']"
1861449316595823019,"['años', 'joven', 'pares', 'bully', 'tiempo', 'obesidad', 'destino', 'body+', 'estado', 'vida']"
1861433638597841141,['sobrepeso']
1861433258375786943,"['fallo', 'violación', 'mujer', '90.7']"
1861428714841481224,['obesas']
1861428314998509978,"['cosas', 'famdon', 'veces', 'DIENTES']"
1861424595036684670,"['tíos', 'enfrentamiento', 'tías', 'concreto', 'sexo', 'roma']"
1861423121393160493,"['gorda', 'mierda', 'grasa', 'travesti', 'puta', 'NOTA', 'HIJA', 'PUTA']"
1861410004730818854,"['famdon', 'fan', 'enano', 'OBESIDAD', 'altura', 'tema', 'tema', 'salud', 'gente', 'opinión', 'manos', 'corazón', 'piel', 'emoji']"
1861404848945586482,"['revolución', 'muchacho', 'sobrepeso', 'mañana', 'queso', 'tofu']"
1861392608603279658,"['fallo', 'violación', 'mujer']"
1861373341552009222,"['caso', '2016', 'víctima', 'expareja', 'abuso', 'acceso', 'causa', 'juicio', '2018', 'tribunal', 'imputado', 'beneficio', 'duda', 'víctima']"
1861280258940391591,[]
1861273227328118973,"['derechas', 'orden', 'factores', 'producto', 'nazismo']"
1861271799968727543,"['gente', 'cara', 'payaso', 'emoji', 'globo', 'emoji']"
1861176650991288588,['ego']
1861165542893137980,[]
1861146734652444762,"['obesidad', 'simbolo', 'status', 'poder', 'cuestion', 'vida', 'excesos']"
1861125375515869236,"['diferencia', 'huevo', 'asiento', 'medio']"
1861101270632714298,"['Dios', 'calor', 'culo', 'micro', 'scz']"
1861097278926156283,"['primaria', 'cosas', 'grasa']"
1861083460388987046,"['futuro', 'punto', 'pibe', 'mandíbula', 'cara', 'mentón', 'cuello', 'papada']"
1864365792227164356,[]
1864365329826058293,[]
1864332370783899915,"['fútbol', 'calvario', 'primera']"
1864316184029466846,"['leche', 'glándulas', 'hombres', 'hombres', 'playas', 'senos', 'reducción', 'hombres']"
1864314965751927213,"['desarrollo', 'glándulas', 'hormonas', 'niveles', 'prolactina', 'obesidad', 'estrógenos', 'tumores', 'hipófisis', 'prolactina']"
1864274293091103103,"['razones', 'palabra', 'sobrepeso', 'obesidad', 'patología', 'impacto', 'división', 'sobrepeso', 'estado', 'obesidad']"
1864230222305849571,"['Tratamiento', 'obesidad']"
1864169753675215293,"['amante', 'pareja', 'parásito', 'juicio', 'cornuda', 'leucemia', 'sobrepeso', 'vida', 'plata']"
1864168064255684661,['obesidad']
1864132056231424193,"['sobrepeso', 'clase', '-trabajadora-']"
1864129222400172337,"['vínculo', 'comida', 'gente', 'cabida']"
1864123050578346084,['CARRIO']
1864108202301747399,[]
1864095171085730063,"['control', 'control', 'precios', 'control', 'comercio', 'tratados', 'comercio', 'retención', 'importaciones', 'libertad', 'forma']"
1864087827819970640,"['alimentos', 'palo', 'zarnacho']"
1864083688545231301,"['sobrepeso', 'hueso', 'cadera', 'crisis']"
1864074571713790002,"['dia', 'marisa', 'ruletita', 'sobrepeso']"
1864056772614381940,"['embarazo', 'gordura']"
1864040806551630186,"['idea', 'concepto', 'obesidad', 'enfermedad', 'enfermedad', 'obesidad']"
1864023012829176314,"['cuestiondepeso', 'personalidad', 'obesidad', 'cuenta']"
1864014440913326289,"['hijo', 'puta', 'obeso']"
1863989886950187076,"['catinga', 'entradas', 'pdp', 'panza']"
1863954920136740885,"['amor', 'gordura', 'emoji', 'ojos', 'corazón', 'emoji']"
1863874327772287464,"['mujeres', 'hombres', 'valor', 'gordura', 'sexo']"
1863220770404520044,"['cuestión', 'grasa', 'salud', 'vida', 'emoji', 'hilo', 'dorso', 'mano', 'índice']"
1863871529844404692,"['grupo', 'expertos', 'ley', 'tratamiento', 'obesidad']"
1863840200738140442,"['cornuda', 'sida']"
1863820433679691944,"['panza', 'gato', 'rollos']"
1863811822719041684,"['nivel', 'leche', 'cinismo', 'hermano', 'novio', 'mogolica', 'suegra', 'segundos', 'perra', 'cachorro']"
1863792059053744623,['celos']
1863780978839232626,['años']
1863779820515065944,"['grone', 'africa', 'relojes', 'turra', 'mechera', 'gasista', 'pane']"
1863779619142357439,"['peruano', 'mujer']"
1863774139556729070,"['hermano', 'lesbiana', 'calvo']"
1863765043189252344,"['negros', 'enanos', 'enano', 'mujeres']"
1863758290569552103,"['obesidad', 'grado', 'enfermedad', 'ejemplo', 'tipo', 'motivo', 'orgullo', 'castigo', 'enfermedad', 'forma', 'psicólogos', 'kinesiólogos', 'profesores', 'educación']"
1863734458844610662,"['asco', 'cara']"
1863728603231351234,"['estadounidenses', 'sobrepeso', 'estudio', 'poblaciones', 'tasas', 'obesidad', 'poblaciones']"
1863728044604621146,"['fin', 'cordura', 'falta', 'partidos', 'descensos']"
1863695729748750340,"['gordura', 'hinchazón']"
1863691226681102710,['gordura']
1863689711321039234,['novios']
1863676667773755589,"['puta', 'derecho', 'obesidad', 'hija', 'puta', 'concepto', 'gorda']"
1866200075149430929,"['pedidos', 'salame', 'silobolsa', 'grasas']"
1866184426067009672,['gordura']
1866174772670828810,"['argentinos', 'COSA', 'infartos', 'obesidad', 'pelotudeces', 'tuits', 'miel']"
1866165251068084483,"['conocido', 'martillero', 'chabon', 'ojos', 'pinta', 'clase', 'pareja', 'hijo', 'mina', 'orca', 'calza', 'coche']"
1866154792386502788,"['empanadas', 'chessburguer']"
1866140207478698352,"['trauma', 'gordura']"
1866134040119787571,"['chamoy', 'veterinario', 'diagnostico']"
1866121638535741473,"['traficante', 'ravioles', 'sobrepeso', 'wall-e']"
1866115976762216573,"['año', 'temporada', 'problemas', 'amor', 'desamor', 'obesidad', 'guita', 'ETS', 'hermosura']"
1866099313073328480,"['j-putas', 'emoji', 'risa', 'emoji', 'emoji', 'risa', 'emoji', ' ', 'emoji', 'risa', 'emoji']"
1866083258246779017,"['cosa', 'obesidad']"
1866017170616119622,"['emoji', 'bandera']"
1865970572229820651,[]
1865966993905516970,"['redes', 'vídeo', 'gata', 'emoji', 'cara', 'lágrimas', 'corazón']"
1865965019902673157,"['vergüenza', 'necesidad', 'villero', 'cuenta', 'banco', 'secundario', 'marronada', 'plata', 'publicación', 'obesidad']"
1865927930301305323,"['nieta', 'años', 'año', 'escuela', 'años', 'chicos', 'meses', 'maltrato', 'amenazas', 'redes', 'precedente']"
1865888510311551459,['murga']
1865884286772986181,"['comida', 'yankees', 'sellos', 'región', 'obesidad', 'mundo']"
1865825535148048472,['pais']
1865823395742392708,"['vez', 'pelota', 'lado', 'nene', 'baby', 'fútbol', 'obesidad']"
1865804072504234250,['obesos']
1865800501058519425,"['verdad', 'yankees', 'obesidad', 'mierda']"
1865795671887909110,"['/día', 'salud', 'flecha', 'colesterol', 'riesgo', 'enfermedades', 'obesidad', 'twin-driven', 'analysis', 'aging', 'biomarkers', 'associations', 'sitting-time', 'ac']"
1865775375172751748,"['décadas', 'guerra', 'dedos', 'piel']"
1865761765700903341,"['escopetas', 'capita', 'país', 'fotos', 'fb', 'tiros', 'verga']"
1865684807516344741,['obesidad']
1865658398433501468,['premio']
1865644949401678216,"['alimentación', 'hijos', 'ejercicio']"
1865607006364537243,"['giga', '64']"
1865585608590061761,['guita']
1865578121019142397,"['tema', 'sobrepeso']"
1865562306500825263,"['moción', 'veterinaria', 'dieta']"
1865544562690662831,"['razon', 'obesidad']"
1865468097013977221,"['erección', 'cardio', 'erección', 'chabon']"
1865450851529007197,"['gringos', 'población', 'diabetes', 'ignorancia']"
1865448454983442799,"['portador', 'acné', 'granos', 'cara', 'antro', 'china', 'zuadez']"
1865408659922002115,"['anticoncepción', 'tema', 'hombres', 'cabeza', 'cancer', 'obesidad', 'investigaciones']"
1865396544133865932,"['hashtag', 'vida', 'hashtag', 'sedentaria', 'falta', 'hashtag', 'actividad', '65%', 'hashtag', 'argentinos', 'causa', 'hashtag', 'diario', 'parque', 'hashtag', 'deportes', 'escaleras', 'gym', 'fitness', 'salud']"
1865383708125016105,"['punto', 'caramelo', 'acb']"
1865362176023601629,"['discusión', 'sobrepeso', 'faltas']"
1865352212597092670,"['gordura', 'músculo', 'veterinarios', 'emoji', 'risa', 'emoji']"
1865274325227434044,"['vez', 'cara', 'piso']"
1865247824259993986,"['ganas', 'panchitos']"
1865236312854335762,"['número', '2025', 'tipo', 'sobrepeso', 'kilos', 'joda']"
1865198243627368711,"['formato', 'medio', 'comunicación', 'espacio', 'copa']"
1865222643504316574,[]
1865217129265434894,"['guías', 'tratamiento', 'obesidad']"
1865198151658819838,"['perro', 'bs', 'trap']"
1865169403530109363,"['yankee', 'comida', 'basura', 'obesidad']"
1865157077364093217,"['favor', 'árbitros']"
1865143086273159264,"['guita', 'hijo', 'puta']"
1865140335933817202,"['partes', 'video', 'profesión', 'periodista', 'sobrepeso', 'consumo', 'tiroides']"
1865128545229385775,['sobrepeso']
1865114824683688385,"['gata', 'alimento', 'gatos', 'recipiente', 'galletas', 'arroz']"
1865114702516191521,"['poronga', 'ampliacion', 'parrilas', 'quinchos', 'club', 'hincha', 'bombonera', 'grandeza', 'club', 'parte', 'sobrepeso']"
1865106088628015346,"['señora', 'gente', 'suerte']"
1864493944077267260,"['kilos', 'vez', 'día', 'countries', 'planchadora', 'pesos', 'remedios', 'manera', 'gobierno']"
1865104587574706639,"['amigo', 'sobrepeso', 'oportunidad', 'cuestiondepeso']"
1865099820181889398,"['segundos', 'mujer', 'senos']"
1865092121000063280,"['OPTIMISMO', 'problema', 'causas', 'cultura', 'obesidad', 'depresión', 'adicción', 'personas', 'lenguaje', 'solución']"
1865080160631877949,"['país', 'etiqueta']"
1865079912677199976,"['practicas', 'transmisión', 'vivo', 'año', 'pedacito', 'centro', 'formación', 'profesora', 'sobrepeso', 'hipotenusa']"
1865065337990926521,"['lado', 'toxicidad', 'GRASA', 'AZÚCAR', 'SODIO', '\n ', 'piel', 'obesidad', 'emoji', 'piel', 'emoji', 'países', 'diabetes', 'tipo', 'piel', 'emoji', 'hipertensión']"
1865063131786936698,"['gente', 'cara', 'cachete', 'cuerpo']"
1865048002995409406,"['médicos', 'lobos']"
1865042500466950628,"['perrito', 'sobrepeso']"
1865042139710734374,"['sobrepeso', 'boludeces', 'zurda']"
1865026461918183638,"['bienestar', '75%', 'adultos', 'estadounidenses', 'sobrepeso']"
1865024913276330242,"['emporio', 'obesidad', 'tocino', 'DIAAA']"
1865023879338467603,"['yankees', 'niveles', 'obesidad', 'reyes', 'alimentación', 'alma', 'cipayos', 'favor']"
1865020679445188850,"['manera', 'pueblo', 'tasa', 'obesidad', 'pavadas', 'sudacas']"
1865020200527011891,['MISTERIO']
1865019043154935891,['sobrepeso']
1865018678619545990,"['octogonos', 'alfajores']"
1865017917634449918,"['pitbull', 'contextura', 'kilos', 'comida', 'balanceado']"
1865014451549749650,"['yankees', 'oreos', 'país', 'obesidad', 'cultura', 'comida', 'cartelito', 'cristalitos']"
1865012278887596246,"['retrasado', 'obesos', 'yankees', 'alimentación']"
1865010023501320394,"['yankees', 'país', 'pandemia', 'diabetes', 'post', 'carteles', 'risa', 'emoji', 'risa']"
1864995348982178056,"['país', 'tasa', 'obesidad', 'diabetes']"
1864993591002529828,"['mañana', 'pelotudo', 'pedo', 'cámara', 'obesidad', 'alcohol']"
1864983829598896316,"['obesidad', '2024', '40%', 'adultos']"
1864955228228899154,[]
1864918337156751786,"['final', 'día', 'gato', ' ', 'gato', 'gato', 'ojos', 'corazón', 'emoji']"
1864891513357950977,"['ternura', 'obesidad']"
1864862072938414589,"['poemas', 'colombiano']"
1864861117106839803,"['gordura', 'hermosura', 'emoji', 'mono', 'ojos']"
1864858122315055465,"['pelo', 'huevo']"
1864852993725640741,['gordura']
1864846211959726096,"['altura', 'peso', 'obesidad', 'locura']"
1864832803642237110,"['vida', 'mierda', 'sobrepeso', 'comidas']"
1864815627174576145,['kg']
1864809976411127897,"['cara', 'varón', 'corazón']"
1864803692051857566,"['veterinario', 'pinchazos']"
1864802343272780148,"['olor', 'chivo', 'chico', 'bola']"
1864781858971505021,"['este', 'gobierno', '  ', '\n ', 'emoji', 'bocadillo', 'enfado', 'derecha', 'emoji', 'obeso', 'enfado', 'derecha', 'emoji', 'pelado', 'botón', '\n ', 'bocadillo', 'enfado', 'derecha', 'emoji', 'señora', 'comida', 'pobres', '\n ', 'bocadillo', 'enfado', 'derecha', 'emoji', 'legislador', ' ', 'traidor', 'clase', 'dineros', '\n', 'hashtag', 'kueider', 'es', 'milei', '\n', 'presidente', 'historia']"
1864764951337787807,"['soberbia', 'delincuente', 'lados', 'señor', 'espejo']"
1864748591434064251,"['dios', 'ayuda']"
1864748165062090921,"['extremos', 'mitad']"
1864745796043706612,"['edad', 'estatura', 'peso']"
1864740211462148272,"['madre', 'patio']"
1864735185356370254,['caca']
1864727437570941301,"['gente', 'sobrepeso', 'comida']"
1864722555501682828,"['gentes', 'dientes', 'sobrepeso', 'estudios', 'profesionales', 'emoji', 'bíceps', 'flexionado', 'tono', 'piel', ' ', 'manos', 'celebrando', 'tono', 'piel', ' ', 'manos', 'corazón', 'tono', 'piel', ' ', 'loto']"
1864707745904984453,"['enano', 'trans']"
1864705818156728808,"['hospital', 'emoji', ' ', 'cirugías', 'bariátricas', 'ezeiza', '\n\n ', 'información', ' ', 'actualidad', 'operaciones', 'consultas', '\n', 'emoji', 'dorso', 'mano', 'índice']"
1864697823809147040,"['equipo', 'manera', 'profesionales', 'campo', 'cirugía', 'tratamiento']"
1864678061574066300,"['tema', 'pasillo', 'vez', 'asiento', 'pasillo', 'vecino', 'asiento', 'baño', 'tickets']"
1864670936064004349,['mierda']
1864606490616529146,"['educación', 'gente', 'población']"
1864525041548804516,"['chiste', 'obesos', 'quería', 'memoria', 'vida', 'emoji', 'desanimada', 'emoji', ' ', 'emoji', 'cara', 'desanimada', 'emoji']"
1864508017732993535,"['problema', 'corbatas', 'gusto', 'cinturón', 'munipa']"
1864499155772612812,"['posibilidades', 'alimentos', 'tipo', 'asquerosidad', 'obesidad', 'estómago']"
1864491545275113799,"['vacío', 'pecho', 'aire', 'obesidad']"
1864487989335716318,['mierda']
1864486136803938549,"['gente', 'sobrepeso']"
1864476389098807672,[]
1864475653250121743,"['empanadas', 'verdura', 'fernet', 'mierda']"
1864466733689442746,"['goles', 'findes', '2012']"
1864465851946054066,"['razon', 'chef', 'yankees', 'razon', 'obesidad']"
1864454754631344421,"['pescado', 'morsa']"
1864433012039143448,['kg']
1864432609943584847,"['VENTILADOR', '\n\n', 'PERSONAJE', 'VOLTAJE', 'ENERGÍA', 'IRRADIA', 'AFECTO', 'APRECIO', 'ENTORNO', 'CARAS', 'VOCES', 'PERSONALIDAD', 'OBESIDAD', 'GRADO', 'psiquiatra']"
1864396430997172268,"['ejército', 'obesos']"
1864394233769041987,"['enfermedad', 'ligereza', 'problema', 'obesidad']"
1864387389939994725,"['grasa', 'adiposidad']"
1864386614387990893,"['gordura', 'horror', 'grasienta', 'glamour', 'mujer', 'aceite']"
1868711257291043124,"['programa', 'habilidades', 'abordaje', 'obesidad', 'entorno', 'crecimiento', 'participantes', 'trabajo']"
1868711250525626744,"['  ', 'emoji', '  ', 'emoji', ' \n', '  ', ' \n', 'interesada', 'información', 'actividad', 'datos', 'formulario', ' ', 'índice']"
1868708637478379729,"['treintona', 'memes', 'mierda', 'descuido', 'cuerpo', 'gordura', 'grasa', 'musculo', 'amiga', 'dia', 'cambio']"
1868704691422740646,['amigo']
1868703820848812036,[]
1868700387303465256,"['índice', 'derecha', 'emoji', ' ', 'emoji', 'cara', 'desanimada', '\n ', 'emoji', 'dorso', 'mano', 'índice', 'derecha', 'emoji', '\n ', 'verificación', ' ', 'grasa', 'parte', 'cuerpo', 'marca', 'verificación', ' ', 'depósito', 'grasa', ' ']"
1868700297041936883,"['hombres', 'mujeres', 'obesidad']"
1868680654864712164,"['bicibandidos', 'gordura']"
1868646790381355132,"['lista', 'temas', 'misa', 'nivel', 'pajeros', 'periodistas', 'investigación']"
1868622500810379715,['nepobaby']
1868618507212210261,"['gordura', 'manteca', 'azucar', 'pan']"
1868608757028319737,"['caso', 'mambo', 'modo', 'parte', 'razón', 'años', 'forma', 'mujer', 'idea', 'chip', 'cabeza', 'ej', 'padre', 'cosas', 'sobrepeso', 'años']"
1868566011269779525,['jordito']
1868510405628133704,['abrazo']
1868478686984540196,"['90%', 'mujeres', 'gordura', 'ropa', 'años', 'mujer', 'hombres', 'peste']"
1868462302434886059,[]
1868449864209834206,"['orto', 'dedo', 'evento', 'peso', 'impuestos']"
1868438119780938035,"['miedo', 'pelotazos']"
1868421715069390980,"['playa', 'mujeres', 'playa', 'inseguridades', 'pedo', 'día', 'familia', 'personas', 'playa', 'huesos', 'carne', 'modelos']"
1868413372296999389,"['hilo', 'trabajo']"
1868412935061585926,"['manada', 'parte', 'manada', 'kuka', 'vez']"
1868402665186898332,[]
1868400512980410618,"['dias', 'momento', 'contra', 'moreno', 'cdmx']"
1868378672128053607,"['peso', 'piernas', 'dolor', 'atención', 'pulgar', ' ']"
1868371698615246977,['colgajos']
1868364645230412138,"['ciudades', 'personas', 'tomógrafos', 'bandeja', 'peso', 'persona', 'obesidad']"
1868351762975047830,"['persona', 'jóvenes', 'estilo', 'vida', 'persona', 'obesidad']"
1868331716282319148,"['emoji', 'cara', 'risa', 'emoji', ' ', 'emoji', 'risa', 'emoji', 'emoji', 'cara', 'risa', 'emoji', '\n\n', 'comparación', 'tarado', 'forma', 'piercing', 'mundo', 'videojuegos', 'Además', 'hombres', 'tetas', 'grasa', 'gordura', 'mujeres', 'mujeres', 'travestis', 'pene']"
1868324518738919710,"['streaming', 'obesidad', 'barba', 'trolo', 'iglesia', 'freno', 'manga']"
1868319957647286289,"['sobrepeso', 'kg', 'kg']"
1868314730420740293,"['salud', 'obesidad', 'hashtag', 'excesodepeso', 'fiestas', 'promoción', 'ejercicio', 'emoji', 'cara', 'ojo', 'emoji', ' ', 'emoji', 'bíceps', 'flexionado', 'emoji', ' ', 'través']"
1868313811809083834,['talento']
1868304243586965665,"['OBESO', 'objetivos']"
1868296123242217885,"['diabetes', 'tipo', 'sobrepeso', 'enfermedad', 'ricos']"
1868293099186999334,"['vida', 'gente', 'problemas', 'amor', 'desamor', 'guita', 'sobrepeso', 'embargo', 'forma', 'actividades', 'iglesia', 'siglo', 'vida']"
1868286329068630452,"['enfermedad', 'gordura', 'inicio']"
1868279710700155294,"['mardel', 'plata', 'kilos', 'anorexia', 'libro', 'historia']"
1868256583802822704,"['publicación', 'cuenta', 'peso', 'riesgo', 'necesidad', 'obesidad', 'IMC', '25']"
1868146921577308193,"['gordo', 'twitter', 'estudiante', 'hdp']"
1868122085937356809,"['paja', 'sobrepeso', 'año', 'pity', 'pesos', 'bareiro', '9']"
1868111472980787225,"['rubio', 'morocha', 'enfermedades', 'gordura']"
1868096101959827556,['gordura']
1868094690266157137,"[' ', 'cara', 'mano', 'boca', 'emoji']"
1868088050846203929,"['dolor', 'psique', 'aberración', 'video']"
1868087016572834266,"['asco', 'gorda']"
1868081328216027378,"['épocas', 'garca', 'beneficio']"
1868081091640471862,"['comunista', 'monumento', 'evasión', 'situación', 'figura', 'imagen', 'pajero']"
1868079744702632284,"['avalancha', 'obesos']"
1868069101748564078,"['hallazgo', 'resguardo', 'señora', 'cadáver', 'estado', 'descomposición', 'modo', 'persona', 'obesidad', 'desafío']"
1868063327517368575,"['mundo', 'culo', 'tetas', 'culo', 'corpiño']"
1868060681028661753,"['tío', 'vacas', 'leche', 'gordura', 'manteca', 'leche', 'leche', 'vaca', 'cocina', 'inventos', 'cosas', 'empresas']"
1868038665194405963,"['sobri', 'banda', 'mapapis', 'sobrepeso']"
1868010784888086809,"[' ', 'risa', 'emoji']"
1868003991734657244,"['tratamientos', 'enfermedades', 'sobrepeso', 'tema', 'nivel', 'educación', 'pobreza', 'números']"
1868001854124441603,"['lado', 'medicina', 'tecnología', 'gente', 'cáncer', 'trabajos', 'esperanza', 'vida', '30a', 'fuentes', 'sobrepeso', 'argentina']"
1867995019006918782,"['amigo', 'años', 'gente', 'sobrepeso', 'fulbo', 'gente', 'gimnasios', 'bibliotecas', 'problema']"
1867992585886994852,"['rumbo', 'decisiones', 'evasor', 'kukarachas']"
1867834821168513421,"['razón', 'pinta']"
1867805375271252224,"['coordinacion', 'actividades', 'desarrollo', 'persona', 'pelota', 'deporte', 'eti', 'ejemplo', 'messi']"
1867797941018407413,"['caso', 'gordura', 'hinchazón', 'señor', 'conductor', 'programa', 'personas', 'modo', 'dibujito']"
1867775043058745517,"['escudo', 'sobrepeso', 'doping', '4', 'copas', 'aires', 'grandeza', 'clubsito', 'emoji']"
1867769911063589134,"['pibe', 'hijo', 'enano', 'hdp']"
1867766711740772652,"['tipo', 'inutilidad', 'gordura']"
1867749868678394026,"['gente', 'gordura', 'deliverys', 'paquete', 'puchos', 'alfajor', 'combo', 'king', 'cuadra', 'kiosco', 'hijo', 'putah', 'nivel', 'emoji', 'emoji']"
1867748464861339845,"['manera', 'defensa', '5', '9']"
1867706928933036041,"['obesidad', 'compu']"
1867704346768814434,"['sobrepeso', 'boludeces']"
1867664415916499013,"['alimentos', 'lacras']"
1867657000555044903,"['empresas', 'gordura', 'hora', 'fábrica', 'sindicatos']"
1867642833873797379,"['relación', 'hijo', 'sobrepeso', 'atención', 'cantidad']"
1867640578948976986,"['tca', 'país', 'siglos', 'viejx', 'comentarios', 'mierda', 'gordura']"
1867640352770814246,"['partido', 'sudamericana', 'linea', 'rak', 'asquito', 'luquitas', 'h', 'sobrepeso']"
1867637611105595782,"['h', 'nombre', 'perfil', 'pedazo']"
1867631840980598833,"['ex', 'porno', 'sangre', 'viejos', 'carajo']"
1867625971982991806,"['bestialidad', 'gordura', 'precio', 'calidad']"
1867625708895220016,"['galletitas', 'mesada', 'vez', 'perra', 'plato', 'gordura', 'emoji', 'cara']"
1867624466131333363,"['mañana', 'góndola', 'señora', 'gordura', 'hinchazón', 'cáncer']"
1867618811723006055,"['mediciones', 'sobrepeso', 'unisono', 'músculo', 'cara', 'gafas', 'sol']"
1867614294122066182,"['menopausia', 'cuerpo', 'sobrepeso']"
1867612336845942809,"['días', 'calor']"
1867602744124600387,"['vida', 'umbral', 'obesidad', 'exceso', 'peso', 'orto', 'cuerpo']"
1867595173506515342,"['obesidad', 'diversidad', 'afirmación']"
1867589681681977525,"['lloro', 'persona', 'obesidad', 'persona', 'revés', 'datos']"
1867589486366142589,"['imagen', 'izquierda', 'derecha', 'era', 'obesidad']"
1867582251220807835,"['gordura', 'músculos', 'peli', 'boxeadora']"
1867561796997198274,"['hashtag', 'dato', '\n\n ', 'emoji', ' ', 'Universidad', ' ', 'bandera', 'modelo', 'Inteligencia', 'alteraciones', 'niños', 'niñas', '\n\n ', 'modelo', 'datos', 'marcadores', 'genéticos']"
1867555638878109721,"['psicólogo', 'problema']"
1867551579022254482,"['sobrepeso', 'obesidad', 'adolescentes', 'tema', 'salud', 'futuro', 'diabéticos', 'puerta']"
1867539259626078470,"['profesoras', 'educación', 'colegios', 'sobrepeso', 'gimnasia', 'vida']"
1867538849502515466,"['fotos', 'poblaciones', 'años', 'peso', 'epidemia', 'sobrepeso', 'hábitos', 'comida', 'body', 'positivity', 'sobrepeso', 'sedentarismo', 'gente', 'día', 'celu']"
1867534850452075035,"['insistencia', 'tipo', 'proteína', 'animal', 'forma', 'proteína', 'saciedad', 'obesidad', 'sarcopenia', 'agenda', 'salud']"
1867533300149186731,"['abuela', 'razón', 'fotografías', 'años', 'excepción', 'gente', 'trigliceridos', 'anciano']"
1867511952454648289,"['frase', 'gente', 'sobrepeso']"
1867499029397221872,['apartado']
1867416061366481136,"['vez', 'sobrepeso', 'cantidad', 'gente', 'cuerpos']"
1867403773787701577,"['litros', 'birra', 'DIA', 'alcohol', 'litro', 'dias', 'veces', 'suerte', 'metabolismo']"
1867401167787241977,"['fotos', 'asco']"
1867400708380594611,"['gente', 'cara', 'orto', 'gordura', 'hinchazón']"
1867353726467408317,"['video', 'meses']"
1867337846643900889,"['época', 'pies', 'madera', 'panza', 'horror']"
1867329178871218342,"['naces', 'gordura', 'ataques', 'ojo']"
1867309881440809149,"['obligacion', 'micropene', 'obesa', 'obesa', 'micropene', 'man']"
1867278113337749530,"['problema', 'de', 'jien', ' ', 'emoji', 'corazón', ' ', 'oración', 'emoji', ' ', 'emoji', ' ', 'emoji', 'índice', 'mano', 'índice', 'emoji', 'dorso', 'mano', 'índice', ' ', 'emoji', 'cara', 'de', 'emoji', ' ', 'emoji', 'cara', 'emoji', ' ', 'emoji', 'cara', 'de', 'emoji']"
1867277615582916669,"['cuedtionde', 'peso', '\n', ' ', 'emoji', 'de', 'la', 'mano', 'emoji', ' ', 'programa', 'esta', 'gente!!!gracias', '!', 'emoji', ' ', 'emoji', ' ', 'emoji', 'emoji', ' ', 'emoji', 'corazón', 'emoji', 'emoji', 'emoji', ' ', ' ', 'manos', ' ', 'emoji', 'emoji', ' ']"
1867270523635323053,"['compañeras', 'laburo', 'sobrepeso', 'parte', 'minas']"
1867247744609386694,"['cuenta', 'mierda', 'obesidad', 'trajes', 'oversize']"
1867222876535112002,"['chicas', 'sobrepeso', 'aceptación', 'cuerpo', 'peligros', 'obesidad']"
1867196912144634095,"['chelo', 'obesidad']"
1867191644170395820,"[' ', 'ojo', ' ', 'salud', 'medicamento', 'moda', 'daños', 'visión', '\n', 'uso', 'remedio', 'diabetes', 'tipo', 'retinopatía', 'neuropatía']"
1867184831463072246,"['mierd4', 'yankees', 'mogolik0s']"
1867142870760644863,"['chica', 'habito']"
1867135763302760452,"['devoción', 'razón', 'obesidad', 'cuerpo']"
1867133156949970952,"['cantidad', 'chica', 'sobrepeso']"
1867123749230944753,['pijo']
1867094010034102731,"['palito', 'ratita', 'hijos', 'pieza', 'noche', 'cama', 'rata', 'lado', 'cara']"
1867038347899834562,['PAPA']
1867006966649745802,"['problemita', 'sobrepeso']"
1867004071049122051,[]
1866967888302837879,"['cfk', 'hambre']"
1866959559958389187,"['obesos', 'espacio', 'transporte', 'relevancia', 'amigo']"
1866958985972031553,"['gente', 'pana', 'mundo', 'masa']"
1866952971898036346,"['cristalito', 'pendejo', 'años', 'puto', 'fisura', 'contexto', 'mocos', 'campeón', 'barrio', 'callejero']"
1866923599434748358,"['progresión', 'punto', 'médico', 'sobrepeso', 'años']"
1866915772586430794,"['sobrepeso', 'pasado', 'merca']"
1866914638602108947,"['obesos', 'sistemas', 'pc', 'pais']"
1866897311458078765,"['diseño', 'obesidad', 'ozempic']"
1866892218360905956,"['problema', 'obesidad', 'ciencia', 'precio', 'suerte', 'amigo']"
1866888727827714387,"['aliento', 'aliento', 'km', 'metros', 'gordura']"
1866844729050079408,"['país', 'tca', 'lectura', 'crónica', 'cura', 'obesidad', 'sal']"
1866828106298007824,"['erra', 'gente', 'chanta', 'sobrepeso']"
1866826102150402218,"['risa', 'gente', 'tca', 'persona', 'problema', 'indicios', 'sobrepeso', 'dieta']"
1866821290176520292,"['momento', 'sobrepeso', 'cosas', 'probabilidad', 'chica', 'peso', 'estética', 'salud']"
1866820347645006335,"['chica', 'obesidad', 'cantidad', 'paso', 'sobrepeso', 'gana', 'cuerpo', 'comida', 'basura']"
1866779904429212122,"['FRACASO', 'chica']"
1866696141871714390,['gorda']
1866693792499167608,"['peso', 'nena']"
1866620400219693066,"['principio', 'ecosistemas', 'calidad', 'ambiente', 'ardilla', 'fauna']"
1866603318526541916,['palabras']
1866575056358326755,"['salud', 'peso', 'ejemplo']"
1866556692281901340,[]
1866528551970935209,"['campeón', 'país', 'nombre', 'pimiento', 'pasillo', 'obesidad', 'silencio', 'poco']"
1866526103633899802,"['gatos', 'rayo', 'sol', 'dientes', 'obesidad', 'torta', 'autos', 'balde']"
1866517441569824838,"['alcohol', 'cigarrillos', 'chocolates', 'obesidad', 'cosas', 'oniomania', 'dietas', 'gimnasios', 'estereotipos', 'moda', 'trastornos', 'alimentacion']"
1866509458295124141,"['perro', 'gato']"
1866499665119658439,"['problemas', '75%', 'obesidad']"
1866451494855147795,"['lt;CUANDO', 'GORDURA', 'HINCHAZON']"
1866385013870338063,"['obesidad', 'desequilibrios']"
1866331431250661589,['dedos']
1866321596618518701,"['par', 'humanos', 'pap', 'días', 'sobrepeso', 'diabetes', 'hijos']"
1866291575946363062,"['fotos', 'telefono', 'mayoria', 'roman']"
1866257868413923478,"['realidad', 'medicación', 'diabetes', 'requisito']"
1866256785285292460,"['datos', 'datos', 'entes', 'profesionales', 'gobiernos', 'sobrepeso', 'alimentación']"
1866246777600364824,"['reina', 'médico', 'obesidad', 'depresión', 'stress', 'hipertensión', 'cortisol', 'posgrado', 'manos', 'oración', 'piel', 'medio']"
1866245490557194497,"['cafetería', 'cafetería']"
1866238735425102182,"['hombres', 'sobrepeso', 'chica']"
1866238614188728745,"['agencia', 'noticas', 'seguidores']"
1870045511706620107,"['hecho', 'problema', 'obesidad']"
1870035244843254113,"[' ', 'emoji', 'dedo', 'índice', 'tono', 'piel']"
1869986778297368931,"['formas', 'obesidad', 'experto']"
1869936828247105677,"['momento', 'obesos']"
1869926153374576759,"['guita', 'bolsillos', 'foca', 'alquitrán']"
1869925746443202676,[]
1869914182046585208,"['cuenta', 'ropa', 'lentes', 'sol', 'acontecimientos', 'ubicación', 'año', 'onda', 'foto']"
1869911405337399299,"['factor', 'enfermedad', 'complejidad', 'obesidad', 'sobrepeso', 'enfermedad', 'serio', 'emoji']"
1869901923572215827,"['papá', 'gordura', 'fin']"
1869895269212402045,"['talles', 'lados', '55', 'MUERTE', 'país', 'tca']"
1869895210177835242,"['pelota', 'yoga']"
1869892367244820598,[]
1869839238679933228,[]
1869830987926122676,"['razón', 'simulador', 'casos', 'EGO', 'presiones', '2']"
1869820228399706463,"['obesidad', 'boludos', 'panes', 'paja', 'mujer', 'vida']"
1869804401164202213,"['gente', 'foto', 'redes', 'sociales', 'playa', 'obesidad', 'casas', 'peso']"
1869748786136031740,"['pass', 'gástricos', 'historia', 'felicidad', 'guita', 'años', 'peronismo', 'megros', 'emoji', 'cara', 'símbolos', 'boca', 'emoji']"
1869735181319586303,['obesidad']
1869734502312108400,"['recuerdo', 'soga', 'nubes', 'verano', 'lluvias']"
1869718352077500656,"['estupidez', 'ignorancia', 'bola', 'mierda', 'kilombo', 'comunista', 'kukaracha']"
1869711968069943676,"['obesidad', 'enfermedades', 'comida', 'bebida', 'chatarra', 'productos', 'ideología']"
1869602972029882450,"['tetas', 'china', 'boludes', 'goma', 'gordura']"
1869601374851522843,"['fic', 'pollo', 'fetiche', 'persona', 'cantidades', 'comida', 'nuggets', 'fábrica', 'casa', 'casa']"
1869578976622194757,"['vida', 'gordura']"
1869564334281769346,"['mayoría', 'tetones', 'exacerbación', 'gordura', 'característica']"
1869552771952984389,"['lástima', 'gente', 'sobrepeso', 'gente', 'club']"
1869551955309465885,"['masa', 'curva', 'obesidad']"
1869544070554714129,"['definición', 'gordura']"
1869539820600713223,"['comida', 'dinero', 'comida', 'dinero', 'obesidad']"
1869539396762132767,"['qua', 'caso', 'sobrepeso', 'peso', 'pérdida', 'meses', 'ritmo', 'kg', 'semana', 'pérdida', 'peso', 'condición', 'hígado']"
1869539393645560298,"['patologías', 'insulinorresistencia', 'inflamación', 'acumulación', 'triglicéridos', '\n\n', 'hipotiroidismo', 'sindrome', 'ovario', 'SOP', 'obesidad', 'sedentarismo', 'obesidad', 'hashtag']"
1869534827831267710,['dios']
1869534677469725089,"['padres', 'obesidad', 'peso', 'hábitos', 'consumo']"
1869529775632699688,['antisemitismo']
1869518686954119413,['obesos']
1869499747637375448,"['obesos', 'mierda', 'rueda', 'auto']"
1869499603911090418,"['jugador', 'epoca']"
1869492587364794511,"['delgadez', 'obesidad']"
1869485866084962639,"['día', 'maldición', 'capitán', 'equipo', 'soccer', 'perra', 'peso']"
1869478263380447343,"['sra', 'clme']"
1869447502996570284,"['amiga', 'panza', 'rollos', 'cuerpo', 'gordura']"
1869437734483612053,"['discriminación', 'personas', 'obesidad', 'personas']"
1869435444951474669,"['serio', 'definición', 'gordura', 'panza', 'drama', 'kilos', 'camisas', 'talle']"
1869435040440193081,"['cabeza', 'mina', 'panza', 'borde', 'obesidad', 'hadid']"
1869432594670202989,"['mujeres', 'carne', 'cosa', 'salud']"
1869431697156255768,"['mina', 'obesidad']"
1869409485745496459,"['globo', 'meridianos', 'emoji', ' ', 'motosierra', 'adiposidad', 'estado', '\n\n', 'javier', 'pipones', 'motosierra']"
1869374649546756598,['sobrepeso']
1869371373409427598,"['parte', 'cuenta', 'falta']"
1869349858974593409,"['ig', 'lechona']"
1869348697433309359,"['gordura', 'orientación', 'neuronas', 'falta', 'respeto', 'fe', 'padres']"
1868980208537067701,"['CAMBIO', 'ÉPOCA', 'normalidad', 'fe', 'trolo', 'torta', 'vara', 'manos']"
1869339516504543473,"['nutricionista', 'términos', 'salud', 'sobrepeso', 'tanto', 'tema']"
1869328461850108166,"['gordura', 'traumas']"
1869287196387373234,"['crítica', 'sorete']"
1868791182886866960,"['mina', 'costillas', 'argentina', 'dieta', 'país', 'TCA', 'persona', 'hombros', 'mina']"
1869228416660382154,['panza']
1869223097209065622,"['suerte', 'inseguridades', '14', 'tiro', 'comentarios', 'cuerpo', 'kg', 'manera', 'cabeza']"
1869212544604541374,['acompañante']
1869205199988170826,"['payaso', 'años', 'política', 'gobernador', 'años', 'emperador', 'provincia', '%', 'pobres', 'chiste', 'espacio', 'delincuentes', 'cfk']"
1869200605270646973,"['inmigración', 'belleza', 'mujer', 'estilo', 'mazza', 'pelo', 'olor']"
1869199735409795399,['obesidad']
1869192712207180050,"['criterio', 'fumador', 'hospital', 'hiv', 'ets', 'salitas', 'cirugias', 'tratamiento', 'obesidad', 'drogadictos', 'presos+']"
1869186607217308014,"['sorullo', 'brahman', ' ', 'emoji', 'cara', 'risa', 'emoji', 'emoji', 'cara', 'risa', 'emoji', ' ', 'emoji', 'cara']"
1869185778850648554,"['mina', 'persona', 'gym', 'días', 'pensamiento']"
1869179430255665353,['comentarios']
1868552888739676172,"['perdón', 'cabeza', 'cris', 'morena', 'familia', 'tca', 'fanáticos', 'ateo', 'vez']"
1869175731387047966,"['amor', 'familia', 'domingos', 'bebé', 'manos', 'corazón', 'tono', 'piel', 'emoji']"
1869168654858011108,"['grasa', 'ropa', 'indicador', 'pedidos', 'falta', 'foto', 'gente', 'tema', 'tipo', 'conocimiento']"
1869164719258710078,"['argumento', 'ejercicio', 'hombre', 'verdad']"
1869160782627590296,[]
1869159098304106753,[]
1869157803597918621,"['cara', 'trolo', 'foto', 'piba', 'carne', 'popa', 'risa', 'emoji', 'risa']"
1869155532130660648,"['cara', 'foto', 'piba', 'cara']"
1869151239235395934,"['connotación', 'característica']"
1869150740952055915,"['cosa', 'mina']"
1869148580260495550,"['kilos', 'mierda']"
1869145943230308791,[]
1869139957497094458,"['falta', 'costillas']"
1869137575379914773,"['obesidad', 'caída', 'cabello', 'atención', 'universo', 'atención']"
1869136313116766634,"['gente', 'sobrepeso', 'obesidad', 'asunto', 'body']"
1869131546470515076,"['verdad', 'obesidad', 'salud', 'ansiedad', 'palabra']"
1869129210415268056,"['maxi', 'efecto', 'amigo', 'versión', 'gordura']"
1869127853847298522,"['sobrepeso', 'costillas']"
1869122812755218520,"['rata', 'queso', 'hijos']"
1869110825824452653,"['lourdes', 'ex', 'bronca', 'gente', 'peso', 'papas', 'obesidad']"
1868451128972554648,"['EX', 'mundo', 'emoji', 'cerdo', 'emoji']"
1869103581804257627,"['cabecita', 'problema', 'sobrepeso']"
1869102444502045025,[]
1869101660112613536,['sobrepeso']
1869098008673165455,['monóculo']
1869090640476401862,"['mayoría', 'gays', 'mayoría', 'feministas', 'respeto', 'voz', 'respeto', 'gordura', 'feura', 'desvío', 'respeto', 'discurso']"
1869088285664178509,"['palabra', 'mujeres', 'tipo', 'cuerpo', 'size', 'crimen']"
1869082640273617159,['sobrepeso']
1869081192819273823,"['sección', 'participantes', 'días', 'quejas', 'peleas', 'hábitos', 'sobrepeso', 'problemas', 'salud', 'kg', 'cuestiondepeso']"
1869080714916053452,"['peso', 'culpa', 'cuerpo', 'participantes', 'señoras', 'sobrepeso', 'cuestiondepeso']"
1869070734313791820,"['costillas', 'obesidad', 'foto', 'sobrepeso', 'kilos', 'cabo']"
1869067353067286537,"['historia', 'desayuno', 'LECHE', 'FIAMBRE', 'sánguche', 'termotanque', 'cromosomas']"
1869063325176451485,"['nutricionista', 'peso', 'punto']"
1869056027435597935,"['onda', 'tops', 'baby', 'tees', 'chicas', 'tetas', 'ropa', 'torso', 'remeras', '\n ', 'top', 'bolas', 'oversice']"
1869053905046528129,['falla']
1869053653858038153,"['litro', 'azúcar', 'cáncer', 'watra']"
1869050719124566352,"['progres', 'gordura', 'cuerpo']"
1869050229653430607,"['gato', 'mundo', 'kilos']"
1869043737441325389,[]
1869026388784959967,['peso']
1869025785644023913,"['grasa', 'sobrepeso']"
1869012850867634453,"['espera', 'pediatría', 'adolescentes', 'niños', 'pediatra', 'puerta', 'lado', 'nutricionista', 'obesidad', 'body']"
1869006879206392113,"['problema', 'obesidad', 'complicaciones', 'salud', 'medico', 'pesos', 'persona', 'hombros', 'emoji']"
1868979712829407589,"['chicos', 'Navidad', 'talento', 'risa', 'plata']"
1868979074343006678,"['libros', 'cuerpo', 'distribución', 'grasa', 'mayoría', 'torso', 'cosa']"
1868972704566849916,"['sobrepeso', 'vista', 'peso']"
1868942507935252859,"['orto', 'foto', 'tca', 'cerebro', 'población', 'argentina', 'pedal']"
1868917645606871544,['panza']
1868888796378677618,['realidad']
1868877925845742033,"['gente', 'obesidad']"
1868873764207051034,"['cuerpo', 'gordura', 'sobrepeso', 'cuerpo', 'salud']"
1868855774979801235,"['olga', 'depresión', 'ansiedad', 'problemas', 'pensamientos', 'autoestima', 'autismo', 'obesidad', 'cancer', 'puto']"
1868853222599016642,"['arranque', 'sobrepeso']"
1868847158482616453,"['vez', 'gordofobia', 'vida', 'gordura']"
1868841623641293209,"['gente', 'concepto', 'gordura', 'chica', 'peso', 'foto', 'demencia']"
1868835795706290376,"['mina', 'pedo']"
1868810130529321204,"['onda', 'chica']"
1868809765222334881,"['peso', 'peso', 'peso', 'obesidad', 'obesidad']"
1868806718173724808,"['temita', 'obesidad']"
1868803590263034299,[]
1868803455470780825,"['cuestión', 'peso', 'persona', 'connotación', 'mierda', 'INSULTO']"
1868803004109066726,"['mierda', 'kg', 'obesidad', 'kg', 'buche', 'salu2']"
1868799957924561285,"['hermano', 'gordura', 'gente', 'vida', 'importancia', 'muchacha']"
1868786557341278217,"['asquerosidad', 'hamburguesas', 'cheddar', 'guantes', 'gente', 'cultura', 'exageración']"
1868783993761706066,['obesidad']
1868779029652029489,['impuestos']
1868767329288630592,"['GRASA', 'problema']"
1868765327229960212,"['huevo', 'pan', 'salame', 'queso', 'posta']"
1868761699991667200,[]
1868747084482200016,"['novio', 'bones', 'día', ' ', 'emoji', 'cara', 'emoji', ' ']"
1868741959432782335,"['persona', 'tejido', 'portante', 'sobrepeso', 'boludeces']"
